UserID,CourseID,CourseName,CourseCategory,CourseLevel,CourseRating,TransactionDate,Amount
U00001,CR00034,Data Encryption,Cybersecurity,Intermediate,1.35,2025-11-02,394.26
U00002,CR00004,Advanced Python,Programming,Beginner,2.88,2025-07-15,0.0
U00003,CR00018,Social Media Marketing,Marketing,Advanced,2.01,2025-11-16,0.0
U00003,CR00046,AI for Beginners,Artificial Intelligence,Beginner,1.2,2025-11-04,248.1
U00003,CR00016,Digital Marketing,Marketing,Intermediate,4.72,2025-10-25,0.0
U00003,CR00042,Investment Strategies,Finance,Intermediate,4.1,2025-08-24,0.0
U00003,CR00040,Leadership in Projects,Project Management,Beginner,1.51,2025-05-07,327.99
U00003,CR00005,Full Stack Development,Programming,Beginner,1.28,2025-04-14,0.0
U00003,CR00019,Content Marketing,Marketing,Advanced,2.98,2025-03-28,0.0
U00003,CR00051,HTML & CSS,Web Development,Advanced,1.3,2025-03-20,37.89
U00003,CR00017,SEO Mastery,Marketing,Advanced,4.79,2025-03-05,0.0
U00003,CR00058,Social Media Strategy,Digital Marketing,Beginner,4.44,2025-03-02,0.0
U00003,CR00037,Scrum Essentials,Project Management,Intermediate,3.45,2025-01-13,0.0
U00004,CR00056,Google Ads Mastery,Digital Marketing,Advanced,3.15,2025-11-23,212.39
U00004,CR00042,Investment Strategies,Finance,Intermediate,4.1,2025-10-30,0.0
U00004,CR00030,Reinforcement Learning,Machine Learning,Intermediate,1.73,2025-09-21,0.0
U00004,CR00038,Risk Management,Project Management,Intermediate,4.84,2025-08-21,342.61
U00004,CR00060,Content Creation,Digital Marketing,Beginner,2.14,2025-08-10,0.0
U00004,CR00021,Data Analysis with Python,Data Science,Intermediate,3.6,2025-08-06,0.0
U00004,CR00048,AI Ethics,Artificial Intelligence,Beginner,3.64,2025-06-02,0.0
U00004,CR00016,Digital Marketing,Marketing,Intermediate,4.72,2025-05-12,0.0
U00004,CR00017,SEO Mastery,Marketing,Advanced,4.79,2025-05-09,0.0
U00004,CR00025,Statistical Analysis,Data Science,Beginner,3.74,2025-05-07,299.57
U00004,CR00051,HTML & CSS,Web Development,Advanced,1.3,2025-02-17,37.89
U00004,CR00058,Social Media Strategy,Digital Marketing,Beginner,4.44,2025-01-07,0.0
U00004,CR00047,Natural Language Processing,Artificial Intelligence,Intermediate,2.68,2025-01-06,89.59
U00005,CR00004,Advanced Python,Programming,Beginner,2.88,2025-12-03,0.0
U00005,CR00039,Project Planning,Project Management,Advanced,1.23,2025-09-11,346.71
U00006,CR00028,Deep Learning,Machine Learning,Advanced,3.89,2025-11-19,0.78
U00007,CR00031,Network Security,Cybersecurity,Intermediate,1.91,2025-03-08,0.0
U00008,CR00042,Investment Strategies,Finance,Intermediate,4.1,2025-07-30,0.0
U00009,CR00006,Graphic Design Basics,Design,Advanced,2.72,2025-06-19,276.37
U00010,CR00011,Entrepreneurship 101,Business,Intermediate,2.69,2025-10-01,326.02
U00010,CR00048,AI Ethics,Artificial Intelligence,Beginner,3.64,2025-08-02,0.0
U00011,CR00025,Statistical Analysis,Data Science,Beginner,3.74,2025-09-24,299.57
U00011,CR00053,React for Beginners,Web Development,Advanced,2.67,2025-03-28,0.0
U00012,CR00040,Leadership in Projects,Project Management,Beginner,1.51,2025-09-14,327.99
U00012,CR00008,Photoshop Mastery,Design,Advanced,1.52,2025-09-08,0.0
U00013,CR00021,Data Analysis with Python,Data Science,Intermediate,3.6,2025-12-22,0.0
U00013,CR00060,Content Creation,Digital Marketing,Beginner,2.14,2025-11-26,0.0
U00013,CR00039,Project Planning,Project Management,Advanced,1.23,2025-11-08,346.71
U00013,CR00012,Business Strategy,Business,Advanced,3.64,2025-10-29,487.92
U00013,CR00003,C++ for Beginners,Programming,Beginner,3.85,2025-10-05,0.0
U00013,CR00032,Ethical Hacking,Cybersecurity,Advanced,2.38,2025-09-29,0.0
U00013,CR00056,Google Ads Mastery,Digital Marketing,Advanced,3.15,2025-08-28,212.39
U00013,CR00023,Machine Learning Fundamentals,Data Science,Intermediate,3.02,2025-06-28,0.0
U00013,CR00029,Natural Language Processing,Machine Learning,Beginner,1.13,2025-06-24,0.0
U00013,CR00026,Intro to Machine Learning,Machine Learning,Intermediate,4.73,2025-06-13,0.0
U00013,CR00054,Backend Development with Node.js,Web Development,Beginner,3.32,2025-06-03,0.0
U00013,CR00055,Full-Stack Web Development,Web Development,Advanced,4.74,2025-04-07,57.32
U00013,CR00040,Leadership in Projects,Project Management,Beginner,1.51,2025-03-26,327.99
U00013,CR00030,Reinforcement Learning,Machine Learning,Intermediate,1.73,2025-01-20,0.0
U00014,CR00027,Neural Networks,Machine Learning,Advanced,1.81,2025-04-11,0.0
U00015,CR00040,Leadership in Projects,Project Management,Beginner,1.51,2025-12-22,327.99
U00015,CR00050,Computer Vision,Artificial Intelligence,Beginner,4.55,2025-12-02,490.9
U00015,CR00038,Risk Management,Project Management,Intermediate,4.84,2025-11-22,342.61
U00015,CR00034,Data Encryption,Cybersecurity,Intermediate,1.35,2025-11-20,394.26
U00015,CR00041,Financial Accounting,Finance,Beginner,2.47,2025-10-29,53.86
U00015,CR00019,Content Marketing,Marketing,Advanced,2.98,2025-07-14,0.0
U00015,CR00045,Financial Modeling,Finance,Advanced,1.59,2025-04-27,0.0
U00015,CR00023,Machine Learning Fundamentals,Data Science,Intermediate,3.02,2025-02-20,0.0
U00015,CR00046,AI for Beginners,Artificial Intelligence,Beginner,1.2,2025-02-19,248.1
U00015,CR00058,Social Media Strategy,Digital Marketing,Beginner,4.44,2025-02-09,0.0
U00015,CR00030,Reinforcement Learning,Machine Learning,Intermediate,1.73,2025-02-02,0.0
U00015,CR00052,JavaScript Mastery,Web Development,Beginner,2.2,2025-01-30,0.0
U00015,CR00004,Advanced Python,Programming,Beginner,2.88,2025-01-26,0.0
U00015,CR00057,SEO for E-commerce,Digital Marketing,Advanced,3.89,2025-01-16,177.34
U00016,CR00017,SEO Mastery,Marketing,Advanced,4.79,2025-09-27,0.0
U00017,CR00059,Affiliate Marketing,Digital Marketing,Intermediate,4.66,2025-11-26,0.0
U00017,CR00001,Python Basics,Programming,Beginner,4.74,2025-05-19,472.28
U00017,CR00050,Computer Vision,Artificial Intelligence,Beginner,4.55,2025-02-02,490.9
U00018,CR00040,Leadership in Projects,Project Management,Beginner,1.51,2025-12-13,327.99
U00018,CR00021,Data Analysis with Python,Data Science,Intermediate,3.6,2025-12-10,0.0
U00018,CR00026,Intro to Machine Learning,Machine Learning,Intermediate,4.73,2025-11-22,0.0
U00018,CR00043,Corporate Finance,Finance,Beginner,4.14,2025-10-29,0.0
U00018,CR00010,3D Modeling,Design,Advanced,4.45,2025-09-28,0.0
U00018,CR00035,Cyber Threat Intelligence,Cybersecurity,Beginner,4.94,2025-09-26,0.0
U00018,CR00033,Cybersecurity Fundamentals,Cybersecurity,Intermediate,3.93,2025-08-15,0.0
U00018,CR00056,Google Ads Mastery,Digital Marketing,Advanced,3.15,2025-07-27,212.39
U00018,CR00048,AI Ethics,Artificial Intelligence,Beginner,3.64,2025-06-27,0.0
U00018,CR00030,Reinforcement Learning,Machine Learning,Intermediate,1.73,2025-06-10,0.0
U00018,CR00046,AI for Beginners,Artificial Intelligence,Beginner,1.2,2025-05-22,248.1
U00018,CR00047,Natural Language Processing,Artificial Intelligence,Intermediate,2.68,2025-04-21,89.59
U00018,CR00001,Python Basics,Programming,Beginner,4.74,2025-03-24,472.28
U00018,CR00024,Big Data Analytics,Data Science,Advanced,2.57,2025-01-25,117.68
U00018,CR00029,Natural Language Processing,Machine Learning,Beginner,1.13,2025-01-20,0.0
U00018,CR00045,Financial Modeling,Finance,Advanced,1.59,2025-01-12,0.0
U00019,CR00009,Web Design Fundamentals,Design,Beginner,4.51,2025-11-10,0.0
U00020,CR00004,Advanced Python,Programming,Beginner,2.88,2025-07-17,0.0
U00021,CR00032,Ethical Hacking,Cybersecurity,Advanced,2.38,2025-05-08,0.0
U00021,CR00057,SEO for E-commerce,Digital Marketing,Advanced,3.89,2025-04-08,177.34
U00022,CR00036,Agile Project Management,Project Management,Beginner,4.68,2025-05-20,0.0
U00023,CR00009,Web Design Fundamentals,Design,Beginner,4.51,2025-06-14,0.0
U00024,CR00033,Cybersecurity Fundamentals,Cybersecurity,Intermediate,3.93,2025-09-27,0.0
U00025,CR00044,Personal Finance,Finance,Intermediate,2.75,2025-08-18,119.04
U00025,CR00019,Content Marketing,Marketing,Advanced,2.98,2025-06-03,0.0
U00025,CR00004,Advanced Python,Programming,Beginner,2.88,2025-03-26,0.0
U00025,CR00027,Neural Networks,Machine Learning,Advanced,1.81,2025-01-04,0.0
U00026,CR00040,Leadership in Projects,Project Management,Beginner,1.51,2025-11-06,327.99
U00027,CR00032,Ethical Hacking,Cybersecurity,Advanced,2.38,2025-10-08,0.0
U00027,CR00037,Scrum Essentials,Project Management,Intermediate,3.45,2025-07-25,0.0
U00028,CR00003,C++ for Beginners,Programming,Beginner,3.85,2025-10-23,0.0
U00028,CR00010,3D Modeling,Design,Advanced,4.45,2025-08-12,0.0
U00028,CR00042,Investment Strategies,Finance,Intermediate,4.1,2025-06-30,0.0
U00028,CR00043,Corporate Finance,Finance,Beginner,4.14,2025-06-17,0.0
U00028,CR00045,Financial Modeling,Finance,Advanced,1.59,2025-06-15,0.0
U00028,CR00001,Python Basics,Programming,Beginner,4.74,2025-06-11,472.28
U00028,CR00018,Social Media Marketing,Marketing,Advanced,2.01,2025-05-09,0.0
U00028,CR00040,Leadership in Projects,Project Management,Beginner,1.51,2025-05-06,327.99
U00028,CR00031,Network Security,Cybersecurity,Intermediate,1.91,2025-04-20,0.0
U00028,CR00021,Data Analysis with Python,Data Science,Intermediate,3.6,2025-04-17,0.0
U00028,CR00056,Google Ads Mastery,Digital Marketing,Advanced,3.15,2025-03-04,212.39
U00028,CR00029,Natural Language Processing,Machine Learning,Beginner,1.13,2025-01-11,0.0
U00029,CR00011,Entrepreneurship 101,Business,Intermediate,2.69,2025-07-09,326.02
U00030,CR00037,Scrum Essentials,Project Management,Intermediate,3.45,2025-11-15,0.0
U00031,CR00052,JavaScript Mastery,Web Development,Beginner,2.2,2025-10-21,0.0
U00032,CR00015,Leadership Essentials,Business,Beginner,1.96,2025-04-10,285.05
U00033,CR00006,Graphic Design Basics,Design,Advanced,2.72,2025-02-02,276.37
U00034,CR00043,Corporate Finance,Finance,Beginner,4.14,2025-07-02,0.0
U00034,CR00046,AI for Beginners,Artificial Intelligence,Beginner,1.2,2025-04-20,248.1
U00035,CR00028,Deep Learning,Machine Learning,Advanced,3.89,2025-05-17,0.78
U00036,CR00003,C++ for Beginners,Programming,Beginner,3.85,2025-11-01,0.0
U00037,CR00045,Financial Modeling,Finance,Advanced,1.59,2025-11-12,0.0
U00037,CR00032,Ethical Hacking,Cybersecurity,Advanced,2.38,2025-02-28,0.0
U00038,CR00033,Cybersecurity Fundamentals,Cybersecurity,Intermediate,3.93,2025-08-24,0.0
U00039,CR00039,Project Planning,Project Management,Advanced,1.23,2025-03-01,346.71
U00040,CR00003,C++ for Beginners,Programming,Beginner,3.85,2025-05-13,0.0
U00041,CR00058,Social Media Strategy,Digital Marketing,Beginner,4.44,2025-06-10,0.0
U00041,CR00011,Entrepreneurship 101,Business,Intermediate,2.69,2025-05-28,326.02
U00042,CR00047,Natural Language Processing,Artificial Intelligence,Intermediate,2.68,2025-10-27,89.59
U00043,CR00040,Leadership in Projects,Project Management,Beginner,1.51,2025-08-29,327.99
U00044,CR00025,Statistical Analysis,Data Science,Beginner,3.74,2025-05-19,299.57
U00045,CR00056,Google Ads Mastery,Digital Marketing,Advanced,3.15,2025-12-06,212.39
U00045,CR00020,Email Marketing,Marketing,Intermediate,4.11,2025-09-29,0.0
U00045,CR00028,Deep Learning,Machine Learning,Advanced,3.89,2025-09-27,0.78
U00045,CR00030,Reinforcement Learning,Machine Learning,Intermediate,1.73,2025-09-18,0.0
U00045,CR00035,Cyber Threat Intelligence,Cybersecurity,Beginner,4.94,2025-07-27,0.0
U00045,CR00004,Advanced Python,Programming,Beginner,2.88,2025-07-20,0.0
U00045,CR00045,Financial Modeling,Finance,Advanced,1.59,2025-07-10,0.0
U00045,CR00043,Corporate Finance,Finance,Beginner,4.14,2025-05-06,0.0
U00045,CR00036,Agile Project Management,Project Management,Beginner,4.68,2025-04-28,0.0
U00045,CR00038,Risk Management,Project Management,Intermediate,4.84,2025-04-14,342.61
U00045,CR00037,Scrum Essentials,Project Management,Intermediate,3.45,2025-04-13,0.0
U00045,CR00040,Leadership in Projects,Project Management,Beginner,1.51,2025-03-07,327.99
U00045,CR00022,Data Visualization,Data Science,Beginner,3.65,2025-03-02,0.0
U00045,CR00011,Entrepreneurship 101,Business,Intermediate,2.69,2025-01-05,326.02
U00046,CR00008,Photoshop Mastery,Design,Advanced,1.52,2025-11-25,0.0
U00046,CR00029,Natural Language Processing,Machine Learning,Beginner,1.13,2025-05-22,0.0
U00047,CR00021,Data Analysis with Python,Data Science,Intermediate,3.6,2025-09-05,0.0
U00048,CR00022,Data Visualization,Data Science,Beginner,3.65,2025-11-19,0.0
U00048,CR00010,3D Modeling,Design,Advanced,4.45,2025-11-01,0.0
U00048,CR00032,Ethical Hacking,Cybersecurity,Advanced,2.38,2025-10-11,0.0
U00048,CR00031,Network Security,Cybersecurity,Intermediate,1.91,2025-09-18,0.0
U00048,CR00009,Web Design Fundamentals,Design,Beginner,4.51,2025-09-17,0.0
U00048,CR00003,C++ for Beginners,Programming,Beginner,3.85,2025-08-25,0.0
U00048,CR00055,Full-Stack Web Development,Web Development,Advanced,4.74,2025-08-18,57.32
U00048,CR00029,Natural Language Processing,Machine Learning,Beginner,1.13,2025-06-27,0.0
U00048,CR00060,Content Creation,Digital Marketing,Beginner,2.14,2025-06-15,0.0
U00048,CR00037,Scrum Essentials,Project Management,Intermediate,3.45,2025-05-25,0.0
U00048,CR00025,Statistical Analysis,Data Science,Beginner,3.74,2025-05-08,299.57
U00048,CR00016,Digital Marketing,Marketing,Intermediate,4.72,2025-03-21,0.0
U00048,CR00007,UI/UX Design,Design,Advanced,2.61,2025-01-17,0.0
U00049,CR00037,Scrum Essentials,Project Management,Intermediate,3.45,2025-04-29,0.0
U00050,CR00007,UI/UX Design,Design,Advanced,2.61,2025-08-14,0.0
U00051,CR00009,Web Design Fundamentals,Design,Beginner,4.51,2025-07-25,0.0
U00052,CR00028,Deep Learning,Machine Learning,Advanced,3.89,2025-09-15,0.78
U00053,CR00041,Financial Accounting,Finance,Beginner,2.47,2025-12-18,53.86
U00054,CR00050,Computer Vision,Artificial Intelligence,Beginner,4.55,2025-03-12,490.9
U00055,CR00006,Graphic Design Basics,Design,Advanced,2.72,2025-12-16,276.37
U00055,CR00050,Computer Vision,Artificial Intelligence,Beginner,4.55,2025-11-05,490.9
U00055,CR00014,Sales Mastery,Business,Advanced,3.15,2025-09-21,0.0
U00055,CR00051,HTML & CSS,Web Development,Advanced,1.3,2025-09-14,37.89
U00055,CR00039,Project Planning,Project Management,Advanced,1.23,2025-08-03,346.71
U00055,CR00048,AI Ethics,Artificial Intelligence,Beginner,3.64,2025-07-06,0.0
U00055,CR00018,Social Media Marketing,Marketing,Advanced,2.01,2025-07-03,0.0
U00055,CR00016,Digital Marketing,Marketing,Intermediate,4.72,2025-06-02,0.0
U00055,CR00008,Photoshop Mastery,Design,Advanced,1.52,2025-05-20,0.0
U00055,CR00057,SEO for E-commerce,Digital Marketing,Advanced,3.89,2025-05-17,177.34
U00055,CR00044,Personal Finance,Finance,Intermediate,2.75,2025-05-13,119.04
U00055,CR00058,Social Media Strategy,Digital Marketing,Beginner,4.44,2025-04-29,0.0
U00055,CR00033,Cybersecurity Fundamentals,Cybersecurity,Intermediate,3.93,2025-04-13,0.0
U00055,CR00007,UI/UX Design,Design,Advanced,2.61,2025-04-11,0.0
U00055,CR00037,Scrum Essentials,Project Management,Intermediate,3.45,2025-02-18,0.0
U00055,CR00019,Content Marketing,Marketing,Advanced,2.98,2025-01-09,0.0
U00056,CR00007,UI/UX Design,Design,Advanced,2.61,2025-08-09,0.0
U00056,CR00004,Advanced Python,Programming,Beginner,2.88,2025-06-08,0.0
U00057,CR00012,Business Strategy,Business,Advanced,3.64,2025-06-10,487.92
U00058,CR00024,Big Data Analytics,Data Science,Advanced,2.57,2025-04-10,117.68
U00059,CR00009,Web Design Fundamentals,Design,Beginner,4.51,2025-08-21,0.0
U00060,CR00003,C++ for Beginners,Programming,Beginner,3.85,2025-12-01,0.0
U00060,CR00048,AI Ethics,Artificial Intelligence,Beginner,3.64,2025-11-10,0.0
U00060,CR00041,Financial Accounting,Finance,Beginner,2.47,2025-08-25,53.86
U00060,CR00042,Investment Strategies,Finance,Intermediate,4.1,2025-08-13,0.0
U00061,CR00031,Network Security,Cybersecurity,Intermediate,1.91,2025-05-05,0.0
U00062,CR00003,C++ for Beginners,Programming,Beginner,3.85,2025-11-26,0.0
U00063,CR00025,Statistical Analysis,Data Science,Beginner,3.74,2025-02-03,299.57
U00063,CR00004,Advanced Python,Programming,Beginner,2.88,2025-01-22,0.0
U00064,CR00006,Graphic Design Basics,Design,Advanced,2.72,2025-09-08,276.37
U00065,CR00053,React for Beginners,Web Development,Advanced,2.67,2025-01-15,0.0
U00066,CR00040,Leadership in Projects,Project Management,Beginner,1.51,2025-04-12,327.99
U00067,CR00044,Personal Finance,Finance,Intermediate,2.75,2025-11-06,119.04
U00068,CR00037,Scrum Essentials,Project Management,Intermediate,3.45,2025-03-29,0.0
U00069,CR00007,UI/UX Design,Design,Advanced,2.61,2025-08-24,0.0
U00069,CR00026,Intro to Machine Learning,Machine Learning,Intermediate,4.73,2025-02-16,0.0
U00070,CR00016,Digital Marketing,Marketing,Intermediate,4.72,2025-10-12,0.0
U00070,CR00059,Affiliate Marketing,Digital Marketing,Intermediate,4.66,2025-05-11,0.0
U00071,CR00027,Neural Networks,Machine Learning,Advanced,1.81,2025-11-16,0.0
U00071,CR00018,Social Media Marketing,Marketing,Advanced,2.01,2025-11-04,0.0
U00071,CR00015,Leadership Essentials,Business,Beginner,1.96,2025-10-16,285.05
U00071,CR00052,JavaScript Mastery,Web Development,Beginner,2.2,2025-08-05,0.0
U00071,CR00002,Java Programming,Programming,Intermediate,2.43,2025-06-09,0.0
U00071,CR00031,Network Security,Cybersecurity,Intermediate,1.91,2025-06-07,0.0
U00071,CR00019,Content Marketing,Marketing,Advanced,2.98,2025-05-19,0.0
U00071,CR00005,Full Stack Development,Programming,Beginner,1.28,2025-03-28,0.0
U00071,CR00023,Machine Learning Fundamentals,Data Science,Intermediate,3.02,2025-03-23,0.0
U00071,CR00048,AI Ethics,Artificial Intelligence,Beginner,3.64,2025-03-18,0.0
U00071,CR00025,Statistical Analysis,Data Science,Beginner,3.74,2025-03-02,299.57
U00071,CR00054,Backend Development with Node.js,Web Development,Beginner,3.32,2025-02-26,0.0
U00071,CR00055,Full-Stack Web Development,Web Development,Advanced,4.74,2025-01-27,57.32
U00071,CR00003,C++ for Beginners,Programming,Beginner,3.85,2025-01-19,0.0
U00072,CR00011,Entrepreneurship 101,Business,Intermediate,2.69,2025-04-16,326.02
U00073,CR00028,Deep Learning,Machine Learning,Advanced,3.89,2025-06-23,0.78
U00074,CR00050,Computer Vision,Artificial Intelligence,Beginner,4.55,2025-11-13,490.9
U00074,CR00005,Full Stack Development,Programming,Beginner,1.28,2025-11-02,0.0
U00074,CR00001,Python Basics,Programming,Beginner,4.74,2025-06-04,472.28
U00075,CR00010,3D Modeling,Design,Advanced,4.45,2025-11-12,0.0
U00076,CR00029,Natural Language Processing,Machine Learning,Beginner,1.13,2025-12-29,0.0
U00076,CR00001,Python Basics,Programming,Beginner,4.74,2025-08-28,472.28
U00076,CR00013,Finance for Startups,Business,Advanced,2.0,2025-08-04,0.0
U00076,CR00009,Web Design Fundamentals,Design,Beginner,4.51,2025-07-11,0.0
U00077,CR00020,Email Marketing,Marketing,Intermediate,4.11,2025-08-30,0.0
U00078,CR00020,Email Marketing,Marketing,Intermediate,4.11,2025-04-09,0.0
U00079,CR00035,Cyber Threat Intelligence,Cybersecurity,Beginner,4.94,2025-10-04,0.0
U00080,CR00004,Advanced Python,Programming,Beginner,2.88,2025-05-21,0.0
U00081,CR00008,Photoshop Mastery,Design,Advanced,1.52,2025-07-09,0.0
U00082,CR00036,Agile Project Management,Project Management,Beginner,4.68,2025-06-30,0.0
U00083,CR00028,Deep Learning,Machine Learning,Advanced,3.89,2025-12-08,0.78
U00083,CR00049,Deep Learning,Artificial Intelligence,Intermediate,3.11,2025-11-26,415.51
U00083,CR00047,Natural Language Processing,Artificial Intelligence,Intermediate,2.68,2025-11-19,89.59
U00083,CR00040,Leadership in Projects,Project Management,Beginner,1.51,2025-11-15,327.99
U00083,CR00046,AI for Beginners,Artificial Intelligence,Beginner,1.2,2025-11-07,248.1
U00083,CR00029,Natural Language Processing,Machine Learning,Beginner,1.13,2025-09-30,0.0
U00083,CR00053,React for Beginners,Web Development,Advanced,2.67,2025-09-22,0.0
U00083,CR00044,Personal Finance,Finance,Intermediate,2.75,2025-09-21,119.04
U00083,CR00054,Backend Development with Node.js,Web Development,Beginner,3.32,2025-09-09,0.0
U00083,CR00017,SEO Mastery,Marketing,Advanced,4.79,2025-08-26,0.0
U00083,CR00024,Big Data Analytics,Data Science,Advanced,2.57,2025-07-28,117.68
U00083,CR00033,Cybersecurity Fundamentals,Cybersecurity,Intermediate,3.93,2025-06-08,0.0
U00083,CR00020,Email Marketing,Marketing,Intermediate,4.11,2025-05-18,0.0
U00083,CR00002,Java Programming,Programming,Intermediate,2.43,2025-01-11,0.0
U00083,CR00038,Risk Management,Project Management,Intermediate,4.84,2025-01-06,342.61
U00084,CR00040,Leadership in Projects,Project Management,Beginner,1.51,2025-02-11,327.99
U00085,CR00005,Full Stack Development,Programming,Beginner,1.28,2025-12-30,0.0
U00085,CR00006,Graphic Design Basics,Design,Advanced,2.72,2025-12-25,276.37
U00085,CR00035,Cyber Threat Intelligence,Cybersecurity,Beginner,4.94,2025-11-11,0.0
U00085,CR00004,Advanced Python,Programming,Beginner,2.88,2025-07-12,0.0
U00085,CR00040,Leadership in Projects,Project Management,Beginner,1.51,2025-06-17,327.99
U00085,CR00053,React for Beginners,Web Development,Advanced,2.67,2025-06-15,0.0
U00085,CR00050,Computer Vision,Artificial Intelligence,Beginner,4.55,2025-04-17,490.9
U00085,CR00041,Financial Accounting,Finance,Beginner,2.47,2025-04-11,53.86
U00085,CR00002,Java Programming,Programming,Intermediate,2.43,2025-03-01,0.0
U00085,CR00031,Network Security,Cybersecurity,Intermediate,1.91,2025-02-16,0.0
U00085,CR00033,Cybersecurity Fundamentals,Cybersecurity,Intermediate,3.93,2025-02-02,0.0
U00085,CR00043,Corporate Finance,Finance,Beginner,4.14,2025-01-09,0.0
U00085,CR00032,Ethical Hacking,Cybersecurity,Advanced,2.38,2025-01-01,0.0
U00086,CR00002,Java Programming,Programming,Intermediate,2.43,2025-11-21,0.0
U00086,CR00019,Content Marketing,Marketing,Advanced,2.98,2025-10-02,0.0
U00086,CR00041,Financial Accounting,Finance,Beginner,2.47,2025-07-04,53.86
U00086,CR00013,Finance for Startups,Business,Advanced,2.0,2025-06-13,0.0
U00087,CR00020,Email Marketing,Marketing,Intermediate,4.11,2025-09-02,0.0
U00087,CR00026,Intro to Machine Learning,Machine Learning,Intermediate,4.73,2025-06-18,0.0
U00087,CR00036,Agile Project Management,Project Management,Beginner,4.68,2025-05-29,0.0
U00088,CR00048,AI Ethics,Artificial Intelligence,Beginner,3.64,2025-01-26,0.0
U00089,CR00026,Intro to Machine Learning,Machine Learning,Intermediate,4.73,2025-05-16,0.0
U00090,CR00037,Scrum Essentials,Project Management,Intermediate,3.45,2025-11-17,0.0
U00091,CR00043,Corporate Finance,Finance,Beginner,4.14,2025-10-30,0.0
U00092,CR00022,Data Visualization,Data Science,Beginner,3.65,2025-08-29,0.0
U00092,CR00017,SEO Mastery,Marketing,Advanced,4.79,2025-06-27,0.0
U00092,CR00046,AI for Beginners,Artificial Intelligence,Beginner,1.2,2025-06-07,248.1
U00092,CR00039,Project Planning,Project Management,Advanced,1.23,2025-06-02,346.71
U00093,CR00015,Leadership Essentials,Business,Beginner,1.96,2025-06-23,285.05
U00094,CR00025,Statistical Analysis,Data Science,Beginner,3.74,2025-02-11,299.57
U00095,CR00046,AI for Beginners,Artificial Intelligence,Beginner,1.2,2025-06-06,248.1
U00096,CR00030,Reinforcement Learning,Machine Learning,Intermediate,1.73,2025-11-27,0.0
U00096,CR00058,Social Media Strategy,Digital Marketing,Beginner,4.44,2025-10-14,0.0
U00096,CR00029,Natural Language Processing,Machine Learning,Beginner,1.13,2025-06-02,0.0
U00096,CR00023,Machine Learning Fundamentals,Data Science,Intermediate,3.02,2025-05-23,0.0
U00097,CR00027,Neural Networks,Machine Learning,Advanced,1.81,2025-07-10,0.0
U00097,CR00032,Ethical Hacking,Cybersecurity,Advanced,2.38,2025-07-07,0.0
U00098,CR00010,3D Modeling,Design,Advanced,4.45,2025-05-26,0.0
U00099,CR00025,Statistical Analysis,Data Science,Beginner,3.74,2025-08-22,299.57
U00100,CR00060,Content Creation,Digital Marketing,Beginner,2.14,2025-09-21,0.0
U00101,CR00047,Natural Language Processing,Artificial Intelligence,Intermediate,2.68,2025-03-07,89.59
U00102,CR00025,Statistical Analysis,Data Science,Beginner,3.74,2025-10-01,299.57
U00103,CR00013,Finance for Startups,Business,Advanced,2.0,2025-02-16,0.0
U00104,CR00041,Financial Accounting,Finance,Beginner,2.47,2025-10-29,53.86
U00105,CR00025,Statistical Analysis,Data Science,Beginner,3.74,2025-07-21,299.57
U00106,CR00055,Full-Stack Web Development,Web Development,Advanced,4.74,2025-12-01,57.32
U00106,CR00060,Content Creation,Digital Marketing,Beginner,2.14,2025-10-22,0.0
U00107,CR00003,C++ for Beginners,Programming,Beginner,3.85,2025-07-26,0.0
U00108,CR00054,Backend Development with Node.js,Web Development,Beginner,3.32,2025-08-16,0.0
U00108,CR00007,UI/UX Design,Design,Advanced,2.61,2025-01-04,0.0
U00109,CR00007,UI/UX Design,Design,Advanced,2.61,2025-12-10,0.0
U00109,CR00020,Email Marketing,Marketing,Intermediate,4.11,2025-12-06,0.0
U00109,CR00003,C++ for Beginners,Programming,Beginner,3.85,2025-11-19,0.0
U00109,CR00012,Business Strategy,Business,Advanced,3.64,2025-10-21,487.92
U00109,CR00009,Web Design Fundamentals,Design,Beginner,4.51,2025-09-23,0.0
U00109,CR00018,Social Media Marketing,Marketing,Advanced,2.01,2025-08-17,0.0
U00109,CR00040,Leadership in Projects,Project Management,Beginner,1.51,2025-08-08,327.99
U00109,CR00022,Data Visualization,Data Science,Beginner,3.65,2025-06-02,0.0
U00109,CR00002,Java Programming,Programming,Intermediate,2.43,2025-04-26,0.0
U00109,CR00041,Financial Accounting,Finance,Beginner,2.47,2025-04-15,53.86
U00109,CR00035,Cyber Threat Intelligence,Cybersecurity,Beginner,4.94,2025-03-18,0.0
U00109,CR00060,Content Creation,Digital Marketing,Beginner,2.14,2025-03-04,0.0
U00109,CR00054,Backend Development with Node.js,Web Development,Beginner,3.32,2025-02-21,0.0
U00109,CR00023,Machine Learning Fundamentals,Data Science,Intermediate,3.02,2025-02-11,0.0
U00110,CR00012,Business Strategy,Business,Advanced,3.64,2025-12-05,487.92
U00111,CR00060,Content Creation,Digital Marketing,Beginner,2.14,2025-06-28,0.0
U00112,CR00010,3D Modeling,Design,Advanced,4.45,2025-12-26,0.0
U00112,CR00034,Data Encryption,Cybersecurity,Intermediate,1.35,2025-12-25,394.26
U00112,CR00052,JavaScript Mastery,Web Development,Beginner,2.2,2025-12-22,0.0
U00112,CR00048,AI Ethics,Artificial Intelligence,Beginner,3.64,2025-11-06,0.0
U00112,CR00024,Big Data Analytics,Data Science,Advanced,2.57,2025-10-21,117.68
U00112,CR00058,Social Media Strategy,Digital Marketing,Beginner,4.44,2025-09-27,0.0
U00112,CR00021,Data Analysis with Python,Data Science,Intermediate,3.6,2025-07-15,0.0
U00112,CR00019,Content Marketing,Marketing,Advanced,2.98,2025-07-13,0.0
U00112,CR00041,Financial Accounting,Finance,Beginner,2.47,2025-07-02,53.86
U00112,CR00016,Digital Marketing,Marketing,Intermediate,4.72,2025-06-05,0.0
U00112,CR00036,Agile Project Management,Project Management,Beginner,4.68,2025-04-07,0.0
U00112,CR00045,Financial Modeling,Finance,Advanced,1.59,2025-03-01,0.0
U00112,CR00023,Machine Learning Fundamentals,Data Science,Intermediate,3.02,2025-02-25,0.0
U00112,CR00007,UI/UX Design,Design,Advanced,2.61,2025-02-22,0.0
U00113,CR00039,Project Planning,Project Management,Advanced,1.23,2025-04-14,346.71
U00114,CR00032,Ethical Hacking,Cybersecurity,Advanced,2.38,2025-02-22,0.0
U00115,CR00030,Reinforcement Learning,Machine Learning,Intermediate,1.73,2025-08-02,0.0
U00116,CR00008,Photoshop Mastery,Design,Advanced,1.52,2025-04-27,0.0
U00117,CR00043,Corporate Finance,Finance,Beginner,4.14,2025-12-05,0.0
U00117,CR00001,Python Basics,Programming,Beginner,4.74,2025-11-28,472.28
U00117,CR00041,Financial Accounting,Finance,Beginner,2.47,2025-10-23,53.86
U00117,CR00008,Photoshop Mastery,Design,Advanced,1.52,2025-10-15,0.0
U00117,CR00050,Computer Vision,Artificial Intelligence,Beginner,4.55,2025-09-11,490.9
U00117,CR00055,Full-Stack Web Development,Web Development,Advanced,4.74,2025-09-01,57.32
U00117,CR00027,Neural Networks,Machine Learning,Advanced,1.81,2025-08-03,0.0
U00117,CR00003,C++ for Beginners,Programming,Beginner,3.85,2025-08-01,0.0
U00117,CR00025,Statistical Analysis,Data Science,Beginner,3.74,2025-05-16,299.57
U00117,CR00033,Cybersecurity Fundamentals,Cybersecurity,Intermediate,3.93,2025-05-14,0.0
U00117,CR00034,Data Encryption,Cybersecurity,Intermediate,1.35,2025-04-23,394.26
U00117,CR00024,Big Data Analytics,Data Science,Advanced,2.57,2025-04-14,117.68
U00117,CR00058,Social Media Strategy,Digital Marketing,Beginner,4.44,2025-03-20,0.0
U00118,CR00013,Finance for Startups,Business,Advanced,2.0,2025-03-12,0.0
U00119,CR00055,Full-Stack Web Development,Web Development,Advanced,4.74,2025-06-11,57.32
U00120,CR00054,Backend Development with Node.js,Web Development,Beginner,3.32,2025-04-09,0.0
U00120,CR00049,Deep Learning,Artificial Intelligence,Intermediate,3.11,2025-03-06,415.51
U00121,CR00040,Leadership in Projects,Project Management,Beginner,1.51,2025-11-22,327.99
U00121,CR00028,Deep Learning,Machine Learning,Advanced,3.89,2025-06-08,0.78
U00122,CR00029,Natural Language Processing,Machine Learning,Beginner,1.13,2025-10-24,0.0
U00122,CR00059,Affiliate Marketing,Digital Marketing,Intermediate,4.66,2025-02-02,0.0
U00123,CR00055,Full-Stack Web Development,Web Development,Advanced,4.74,2025-10-21,57.32
U00123,CR00025,Statistical Analysis,Data Science,Beginner,3.74,2025-05-02,299.57
U00124,CR00056,Google Ads Mastery,Digital Marketing,Advanced,3.15,2025-09-07,212.39
U00124,CR00046,AI for Beginners,Artificial Intelligence,Beginner,1.2,2025-02-28,248.1
U00125,CR00011,Entrepreneurship 101,Business,Intermediate,2.69,2025-03-21,326.02
U00125,CR00027,Neural Networks,Machine Learning,Advanced,1.81,2025-03-06,0.0
U00126,CR00051,HTML & CSS,Web Development,Advanced,1.3,2025-12-14,37.89
U00126,CR00058,Social Media Strategy,Digital Marketing,Beginner,4.44,2025-12-03,0.0
U00126,CR00036,Agile Project Management,Project Management,Beginner,4.68,2025-10-01,0.0
U00126,CR00054,Backend Development with Node.js,Web Development,Beginner,3.32,2025-09-11,0.0
U00126,CR00019,Content Marketing,Marketing,Advanced,2.98,2025-08-06,0.0
U00126,CR00022,Data Visualization,Data Science,Beginner,3.65,2025-07-24,0.0
U00126,CR00060,Content Creation,Digital Marketing,Beginner,2.14,2025-07-17,0.0
U00126,CR00029,Natural Language Processing,Machine Learning,Beginner,1.13,2025-06-14,0.0
U00126,CR00038,Risk Management,Project Management,Intermediate,4.84,2025-05-23,342.61
U00126,CR00026,Intro to Machine Learning,Machine Learning,Intermediate,4.73,2025-05-05,0.0
U00126,CR00056,Google Ads Mastery,Digital Marketing,Advanced,3.15,2025-04-18,212.39
U00126,CR00028,Deep Learning,Machine Learning,Advanced,3.89,2025-04-16,0.78
U00126,CR00021,Data Analysis with Python,Data Science,Intermediate,3.6,2025-03-22,0.0
U00126,CR00050,Computer Vision,Artificial Intelligence,Beginner,4.55,2025-01-06,490.9
U00127,CR00049,Deep Learning,Artificial Intelligence,Intermediate,3.11,2025-10-11,415.51
U00127,CR00017,SEO Mastery,Marketing,Advanced,4.79,2025-09-18,0.0
U00127,CR00012,Business Strategy,Business,Advanced,3.64,2025-06-08,487.92
U00128,CR00054,Backend Development with Node.js,Web Development,Beginner,3.32,2025-12-10,0.0
U00128,CR00047,Natural Language Processing,Artificial Intelligence,Intermediate,2.68,2025-11-30,89.59
U00128,CR00059,Affiliate Marketing,Digital Marketing,Intermediate,4.66,2025-09-09,0.0
U00128,CR00026,Intro to Machine Learning,Machine Learning,Intermediate,4.73,2025-06-20,0.0
U00128,CR00012,Business Strategy,Business,Advanced,3.64,2025-06-09,487.92
U00128,CR00045,Financial Modeling,Finance,Advanced,1.59,2025-06-02,0.0
U00128,CR00037,Scrum Essentials,Project Management,Intermediate,3.45,2025-05-18,0.0
U00128,CR00040,Leadership in Projects,Project Management,Beginner,1.51,2025-05-15,327.99
U00128,CR00024,Big Data Analytics,Data Science,Advanced,2.57,2025-05-11,117.68
U00128,CR00060,Content Creation,Digital Marketing,Beginner,2.14,2025-05-08,0.0
U00128,CR00025,Statistical Analysis,Data Science,Beginner,3.74,2025-05-02,299.57
U00128,CR00027,Neural Networks,Machine Learning,Advanced,1.81,2025-02-21,0.0
U00128,CR00050,Computer Vision,Artificial Intelligence,Beginner,4.55,2025-01-03,490.9
U00129,CR00059,Affiliate Marketing,Digital Marketing,Intermediate,4.66,2025-03-19,0.0
U00129,CR00049,Deep Learning,Artificial Intelligence,Intermediate,3.11,2025-01-23,415.51
U00130,CR00046,AI for Beginners,Artificial Intelligence,Beginner,1.2,2025-01-16,248.1
U00131,CR00014,Sales Mastery,Business,Advanced,3.15,2025-10-24,0.0
U00132,CR00029,Natural Language Processing,Machine Learning,Beginner,1.13,2025-10-21,0.0
U00133,CR00025,Statistical Analysis,Data Science,Beginner,3.74,2025-12-30,299.57
U00133,CR00005,Full Stack Development,Programming,Beginner,1.28,2025-12-30,0.0
U00133,CR00047,Natural Language Processing,Artificial Intelligence,Intermediate,2.68,2025-12-01,89.59
U00133,CR00041,Financial Accounting,Finance,Beginner,2.47,2025-10-10,53.86
U00133,CR00018,Social Media Marketing,Marketing,Advanced,2.01,2025-08-20,0.0
U00133,CR00040,Leadership in Projects,Project Management,Beginner,1.51,2025-08-13,327.99
U00133,CR00010,3D Modeling,Design,Advanced,4.45,2025-07-19,0.0
U00133,CR00055,Full-Stack Web Development,Web Development,Advanced,4.74,2025-07-05,57.32
U00133,CR00052,JavaScript Mastery,Web Development,Beginner,2.2,2025-06-05,0.0
U00133,CR00019,Content Marketing,Marketing,Advanced,2.98,2025-05-28,0.0
U00133,CR00031,Network Security,Cybersecurity,Intermediate,1.91,2025-05-11,0.0
U00133,CR00020,Email Marketing,Marketing,Intermediate,4.11,2025-04-05,0.0
U00133,CR00004,Advanced Python,Programming,Beginner,2.88,2025-03-24,0.0
U00133,CR00053,React for Beginners,Web Development,Advanced,2.67,2025-02-28,0.0
U00134,CR00024,Big Data Analytics,Data Science,Advanced,2.57,2025-12-30,117.68
U00134,CR00012,Business Strategy,Business,Advanced,3.64,2025-12-29,487.92
U00134,CR00042,Investment Strategies,Finance,Intermediate,4.1,2025-12-08,0.0
U00134,CR00027,Neural Networks,Machine Learning,Advanced,1.81,2025-11-13,0.0
U00134,CR00036,Agile Project Management,Project Management,Beginner,4.68,2025-11-13,0.0
U00134,CR00011,Entrepreneurship 101,Business,Intermediate,2.69,2025-10-17,326.02
U00134,CR00022,Data Visualization,Data Science,Beginner,3.65,2025-10-14,0.0
U00134,CR00030,Reinforcement Learning,Machine Learning,Intermediate,1.73,2025-08-17,0.0
U00134,CR00044,Personal Finance,Finance,Intermediate,2.75,2025-08-10,119.04
U00134,CR00041,Financial Accounting,Finance,Beginner,2.47,2025-06-13,53.86
U00134,CR00010,3D Modeling,Design,Advanced,4.45,2025-05-21,0.0
U00134,CR00055,Full-Stack Web Development,Web Development,Advanced,4.74,2025-02-11,57.32
U00134,CR00006,Graphic Design Basics,Design,Advanced,2.72,2025-02-02,276.37
U00134,CR00035,Cyber Threat Intelligence,Cybersecurity,Beginner,4.94,2025-01-28,0.0
U00135,CR00023,Machine Learning Fundamentals,Data Science,Intermediate,3.02,2025-07-07,0.0
U00136,CR00014,Sales Mastery,Business,Advanced,3.15,2025-03-23,0.0
U00137,CR00038,Risk Management,Project Management,Intermediate,4.84,2025-12-28,342.61
U00137,CR00024,Big Data Analytics,Data Science,Advanced,2.57,2025-09-10,117.68
U00138,CR00007,UI/UX Design,Design,Advanced,2.61,2025-08-11,0.0
U00138,CR00029,Natural Language Processing,Machine Learning,Beginner,1.13,2025-01-21,0.0
U00139,CR00019,Content Marketing,Marketing,Advanced,2.98,2025-11-13,0.0
U00139,CR00046,AI for Beginners,Artificial Intelligence,Beginner,1.2,2025-09-21,248.1
U00139,CR00029,Natural Language Processing,Machine Learning,Beginner,1.13,2025-04-13,0.0
U00139,CR00013,Finance for Startups,Business,Advanced,2.0,2025-01-05,0.0
U00140,CR00041,Financial Accounting,Finance,Beginner,2.47,2025-03-26,53.86
U00140,CR00059,Affiliate Marketing,Digital Marketing,Intermediate,4.66,2025-02-19,0.0
U00141,CR00004,Advanced Python,Programming,Beginner,2.88,2025-02-06,0.0
U00142,CR00001,Python Basics,Programming,Beginner,4.74,2025-01-20,472.28
U00143,CR00035,Cyber Threat Intelligence,Cybersecurity,Beginner,4.94,2025-07-16,0.0
U00143,CR00057,SEO for E-commerce,Digital Marketing,Advanced,3.89,2025-05-09,177.34
U00144,CR00032,Ethical Hacking,Cybersecurity,Advanced,2.38,2025-12-28,0.0
U00144,CR00045,Financial Modeling,Finance,Advanced,1.59,2025-10-29,0.0
U00144,CR00039,Project Planning,Project Management,Advanced,1.23,2025-10-21,346.71
U00144,CR00058,Social Media Strategy,Digital Marketing,Beginner,4.44,2025-10-06,0.0
U00144,CR00020,Email Marketing,Marketing,Intermediate,4.11,2025-10-03,0.0
U00144,CR00030,Reinforcement Learning,Machine Learning,Intermediate,1.73,2025-08-04,0.0
U00144,CR00042,Investment Strategies,Finance,Intermediate,4.1,2025-07-13,0.0
U00144,CR00059,Affiliate Marketing,Digital Marketing,Intermediate,4.66,2025-06-05,0.0
U00144,CR00033,Cybersecurity Fundamentals,Cybersecurity,Intermediate,3.93,2025-05-12,0.0
U00144,CR00018,Social Media Marketing,Marketing,Advanced,2.01,2025-04-15,0.0
U00144,CR00012,Business Strategy,Business,Advanced,3.64,2025-03-18,487.92
U00144,CR00036,Agile Project Management,Project Management,Beginner,4.68,2025-03-10,0.0
U00144,CR00044,Personal Finance,Finance,Intermediate,2.75,2025-01-11,119.04
U00145,CR00035,Cyber Threat Intelligence,Cybersecurity,Beginner,4.94,2025-02-26,0.0
U00146,CR00058,Social Media Strategy,Digital Marketing,Beginner,4.44,2025-11-18,0.0
U00147,CR00020,Email Marketing,Marketing,Intermediate,4.11,2025-12-29,0.0
U00147,CR00054,Backend Development with Node.js,Web Development,Beginner,3.32,2025-12-21,0.0
U00147,CR00021,Data Analysis with Python,Data Science,Intermediate,3.6,2025-12-03,0.0
U00147,CR00001,Python Basics,Programming,Beginner,4.74,2025-11-14,472.28
U00147,CR00044,Personal Finance,Finance,Intermediate,2.75,2025-09-30,119.04
U00147,CR00019,Content Marketing,Marketing,Advanced,2.98,2025-09-23,0.0
U00147,CR00006,Graphic Design Basics,Design,Advanced,2.72,2025-09-14,276.37
U00147,CR00007,UI/UX Design,Design,Advanced,2.61,2025-09-02,0.0
U00147,CR00029,Natural Language Processing,Machine Learning,Beginner,1.13,2025-08-16,0.0
U00147,CR00040,Leadership in Projects,Project Management,Beginner,1.51,2025-07-16,327.99
U00147,CR00058,Social Media Strategy,Digital Marketing,Beginner,4.44,2025-05-21,0.0
U00147,CR00023,Machine Learning Fundamentals,Data Science,Intermediate,3.02,2025-02-06,0.0
U00148,CR00023,Machine Learning Fundamentals,Data Science,Intermediate,3.02,2025-02-05,0.0
U00149,CR00050,Computer Vision,Artificial Intelligence,Beginner,4.55,2025-12-06,490.9
U00149,CR00026,Intro to Machine Learning,Machine Learning,Intermediate,4.73,2025-09-12,0.0
U00149,CR00027,Neural Networks,Machine Learning,Advanced,1.81,2025-07-27,0.0
U00149,CR00049,Deep Learning,Artificial Intelligence,Intermediate,3.11,2025-07-06,415.51
U00149,CR00005,Full Stack Development,Programming,Beginner,1.28,2025-05-12,0.0
U00149,CR00021,Data Analysis with Python,Data Science,Intermediate,3.6,2025-03-11,0.0
U00149,CR00032,Ethical Hacking,Cybersecurity,Advanced,2.38,2025-02-24,0.0
U00149,CR00010,3D Modeling,Design,Advanced,4.45,2025-02-23,0.0
U00149,CR00043,Corporate Finance,Finance,Beginner,4.14,2025-02-21,0.0
U00149,CR00019,Content Marketing,Marketing,Advanced,2.98,2025-01-20,0.0
U00150,CR00032,Ethical Hacking,Cybersecurity,Advanced,2.38,2025-12-06,0.0
U00150,CR00020,Email Marketing,Marketing,Intermediate,4.11,2025-09-26,0.0
U00151,CR00058,Social Media Strategy,Digital Marketing,Beginner,4.44,2025-02-27,0.0
U00152,CR00011,Entrepreneurship 101,Business,Intermediate,2.69,2025-12-29,326.02
U00152,CR00055,Full-Stack Web Development,Web Development,Advanced,4.74,2025-12-14,57.32
U00152,CR00034,Data Encryption,Cybersecurity,Intermediate,1.35,2025-11-15,394.26
U00152,CR00001,Python Basics,Programming,Beginner,4.74,2025-11-05,472.28
U00152,CR00044,Personal Finance,Finance,Intermediate,2.75,2025-11-02,119.04
U00152,CR00036,Agile Project Management,Project Management,Beginner,4.68,2025-09-06,0.0
U00152,CR00004,Advanced Python,Programming,Beginner,2.88,2025-09-02,0.0
U00152,CR00033,Cybersecurity Fundamentals,Cybersecurity,Intermediate,3.93,2025-05-12,0.0
U00152,CR00058,Social Media Strategy,Digital Marketing,Beginner,4.44,2025-04-24,0.0
U00152,CR00048,AI Ethics,Artificial Intelligence,Beginner,3.64,2025-04-22,0.0
U00152,CR00008,Photoshop Mastery,Design,Advanced,1.52,2025-04-20,0.0
U00152,CR00052,JavaScript Mastery,Web Development,Beginner,2.2,2025-01-19,0.0
U00153,CR00051,HTML & CSS,Web Development,Advanced,1.3,2025-12-16,37.89
U00153,CR00003,C++ for Beginners,Programming,Beginner,3.85,2025-02-21,0.0
U00154,CR00046,AI for Beginners,Artificial Intelligence,Beginner,1.2,2025-02-24,248.1
U00155,CR00054,Backend Development with Node.js,Web Development,Beginner,3.32,2025-05-19,0.0
U00155,CR00042,Investment Strategies,Finance,Intermediate,4.1,2025-01-19,0.0
U00156,CR00045,Financial Modeling,Finance,Advanced,1.59,2025-02-13,0.0
U00157,CR00056,Google Ads Mastery,Digital Marketing,Advanced,3.15,2025-12-18,212.39
U00157,CR00031,Network Security,Cybersecurity,Intermediate,1.91,2025-05-07,0.0
U00158,CR00005,Full Stack Development,Programming,Beginner,1.28,2025-05-24,0.0
U00159,CR00041,Financial Accounting,Finance,Beginner,2.47,2025-04-16,53.86
U00159,CR00030,Reinforcement Learning,Machine Learning,Intermediate,1.73,2025-03-09,0.0
U00160,CR00040,Leadership in Projects,Project Management,Beginner,1.51,2025-12-16,327.99
U00161,CR00045,Financial Modeling,Finance,Advanced,1.59,2025-12-28,0.0
U00161,CR00054,Backend Development with Node.js,Web Development,Beginner,3.32,2025-10-07,0.0
U00161,CR00013,Finance for Startups,Business,Advanced,2.0,2025-08-17,0.0
U00161,CR00031,Network Security,Cybersecurity,Intermediate,1.91,2025-07-02,0.0
U00161,CR00024,Big Data Analytics,Data Science,Advanced,2.57,2025-06-27,117.68
U00161,CR00048,AI Ethics,Artificial Intelligence,Beginner,3.64,2025-04-17,0.0
U00161,CR00008,Photoshop Mastery,Design,Advanced,1.52,2025-04-16,0.0
U00161,CR00042,Investment Strategies,Finance,Intermediate,4.1,2025-03-11,0.0
U00161,CR00012,Business Strategy,Business,Advanced,3.64,2025-03-05,487.92
U00161,CR00033,Cybersecurity Fundamentals,Cybersecurity,Intermediate,3.93,2025-02-13,0.0
U00161,CR00022,Data Visualization,Data Science,Beginner,3.65,2025-01-30,0.0
U00162,CR00045,Financial Modeling,Finance,Advanced,1.59,2025-05-01,0.0
U00163,CR00037,Scrum Essentials,Project Management,Intermediate,3.45,2025-07-20,0.0
U00164,CR00026,Intro to Machine Learning,Machine Learning,Intermediate,4.73,2025-09-11,0.0
U00164,CR00027,Neural Networks,Machine Learning,Advanced,1.81,2025-05-15,0.0
U00165,CR00047,Natural Language Processing,Artificial Intelligence,Intermediate,2.68,2025-07-25,89.59
U00165,CR00020,Email Marketing,Marketing,Intermediate,4.11,2025-06-30,0.0
U00165,CR00006,Graphic Design Basics,Design,Advanced,2.72,2025-04-09,276.37
U00165,CR00041,Financial Accounting,Finance,Beginner,2.47,2025-03-23,53.86
U00166,CR00020,Email Marketing,Marketing,Intermediate,4.11,2025-12-11,0.0
U00166,CR00053,React for Beginners,Web Development,Advanced,2.67,2025-12-06,0.0
U00166,CR00035,Cyber Threat Intelligence,Cybersecurity,Beginner,4.94,2025-12-05,0.0
U00166,CR00030,Reinforcement Learning,Machine Learning,Intermediate,1.73,2025-12-02,0.0
U00166,CR00042,Investment Strategies,Finance,Intermediate,4.1,2025-11-01,0.0
U00166,CR00018,Social Media Marketing,Marketing,Advanced,2.01,2025-10-30,0.0
U00166,CR00014,Sales Mastery,Business,Advanced,3.15,2025-10-21,0.0
U00166,CR00023,Machine Learning Fundamentals,Data Science,Intermediate,3.02,2025-09-02,0.0
U00166,CR00004,Advanced Python,Programming,Beginner,2.88,2025-07-11,0.0
U00166,CR00046,AI for Beginners,Artificial Intelligence,Beginner,1.2,2025-06-22,248.1
U00166,CR00054,Backend Development with Node.js,Web Development,Beginner,3.32,2025-06-01,0.0
U00166,CR00028,Deep Learning,Machine Learning,Advanced,3.89,2025-04-23,0.78
U00166,CR00026,Intro to Machine Learning,Machine Learning,Intermediate,4.73,2025-03-28,0.0
U00166,CR00022,Data Visualization,Data Science,Beginner,3.65,2025-02-04,0.0
U00166,CR00002,Java Programming,Programming,Intermediate,2.43,2025-01-03,0.0
U00167,CR00035,Cyber Threat Intelligence,Cybersecurity,Beginner,4.94,2025-11-16,0.0
U00168,CR00011,Entrepreneurship 101,Business,Intermediate,2.69,2025-09-20,326.02
U00169,CR00041,Financial Accounting,Finance,Beginner,2.47,2025-12-16,53.86
U00169,CR00034,Data Encryption,Cybersecurity,Intermediate,1.35,2025-11-24,394.26
U00169,CR00007,UI/UX Design,Design,Advanced,2.61,2025-09-23,0.0
U00169,CR00023,Machine Learning Fundamentals,Data Science,Intermediate,3.02,2025-07-20,0.0
U00169,CR00016,Digital Marketing,Marketing,Intermediate,4.72,2025-06-25,0.0
U00169,CR00058,Social Media Strategy,Digital Marketing,Beginner,4.44,2025-06-04,0.0
U00169,CR00044,Personal Finance,Finance,Intermediate,2.75,2025-04-29,119.04
U00169,CR00013,Finance for Startups,Business,Advanced,2.0,2025-04-20,0.0
U00169,CR00005,Full Stack Development,Programming,Beginner,1.28,2025-04-17,0.0
U00169,CR00008,Photoshop Mastery,Design,Advanced,1.52,2025-03-27,0.0
U00169,CR00053,React for Beginners,Web Development,Advanced,2.67,2025-03-21,0.0
U00169,CR00048,AI Ethics,Artificial Intelligence,Beginner,3.64,2025-02-21,0.0
U00169,CR00027,Neural Networks,Machine Learning,Advanced,1.81,2025-02-15,0.0
U00170,CR00036,Agile Project Management,Project Management,Beginner,4.68,2025-08-09,0.0
U00170,CR00005,Full Stack Development,Programming,Beginner,1.28,2025-03-06,0.0
U00170,CR00052,JavaScript Mastery,Web Development,Beginner,2.2,2025-02-15,0.0
U00171,CR00036,Agile Project Management,Project Management,Beginner,4.68,2025-09-29,0.0
U00171,CR00037,Scrum Essentials,Project Management,Intermediate,3.45,2025-06-24,0.0
U00172,CR00026,Intro to Machine Learning,Machine Learning,Intermediate,4.73,2025-11-07,0.0
U00173,CR00023,Machine Learning Fundamentals,Data Science,Intermediate,3.02,2025-12-12,0.0
U00173,CR00017,SEO Mastery,Marketing,Advanced,4.79,2025-10-13,0.0
U00173,CR00002,Java Programming,Programming,Intermediate,2.43,2025-10-03,0.0
U00173,CR00043,Corporate Finance,Finance,Beginner,4.14,2025-09-16,0.0
U00173,CR00048,AI Ethics,Artificial Intelligence,Beginner,3.64,2025-09-13,0.0
U00173,CR00015,Leadership Essentials,Business,Beginner,1.96,2025-09-01,285.05
U00173,CR00029,Natural Language Processing,Machine Learning,Beginner,1.13,2025-07-26,0.0
U00173,CR00049,Deep Learning,Artificial Intelligence,Intermediate,3.11,2025-07-13,415.51
U00173,CR00034,Data Encryption,Cybersecurity,Intermediate,1.35,2025-07-08,394.26
U00173,CR00036,Agile Project Management,Project Management,Beginner,4.68,2025-05-10,0.0
U00173,CR00042,Investment Strategies,Finance,Intermediate,4.1,2025-05-03,0.0
U00173,CR00032,Ethical Hacking,Cybersecurity,Advanced,2.38,2025-04-08,0.0
U00173,CR00016,Digital Marketing,Marketing,Intermediate,4.72,2025-04-03,0.0
U00173,CR00054,Backend Development with Node.js,Web Development,Beginner,3.32,2025-01-21,0.0
U00174,CR00056,Google Ads Mastery,Digital Marketing,Advanced,3.15,2025-12-26,212.39
U00175,CR00005,Full Stack Development,Programming,Beginner,1.28,2025-10-07,0.0
U00175,CR00050,Computer Vision,Artificial Intelligence,Beginner,4.55,2025-01-01,490.9
U00176,CR00036,Agile Project Management,Project Management,Beginner,4.68,2025-07-27,0.0
U00177,CR00043,Corporate Finance,Finance,Beginner,4.14,2025-12-05,0.0
U00177,CR00021,Data Analysis with Python,Data Science,Intermediate,3.6,2025-11-24,0.0
U00177,CR00046,AI for Beginners,Artificial Intelligence,Beginner,1.2,2025-11-11,248.1
U00177,CR00060,Content Creation,Digital Marketing,Beginner,2.14,2025-09-30,0.0
U00177,CR00025,Statistical Analysis,Data Science,Beginner,3.74,2025-09-29,299.57
U00177,CR00016,Digital Marketing,Marketing,Intermediate,4.72,2025-09-22,0.0
U00177,CR00027,Neural Networks,Machine Learning,Advanced,1.81,2025-09-17,0.0
U00177,CR00001,Python Basics,Programming,Beginner,4.74,2025-08-04,472.28
U00177,CR00029,Natural Language Processing,Machine Learning,Beginner,1.13,2025-06-30,0.0
U00177,CR00044,Personal Finance,Finance,Intermediate,2.75,2025-06-12,119.04
U00177,CR00055,Full-Stack Web Development,Web Development,Advanced,4.74,2025-04-14,57.32
U00177,CR00006,Graphic Design Basics,Design,Advanced,2.72,2025-04-09,276.37
U00177,CR00002,Java Programming,Programming,Intermediate,2.43,2025-03-19,0.0
U00177,CR00041,Financial Accounting,Finance,Beginner,2.47,2025-03-06,53.86
U00178,CR00024,Big Data Analytics,Data Science,Advanced,2.57,2025-11-14,117.68
U00178,CR00003,C++ for Beginners,Programming,Beginner,3.85,2025-11-12,0.0
U00178,CR00010,3D Modeling,Design,Advanced,4.45,2025-11-11,0.0
U00178,CR00020,Email Marketing,Marketing,Intermediate,4.11,2025-11-06,0.0
U00178,CR00048,AI Ethics,Artificial Intelligence,Beginner,3.64,2025-08-14,0.0
U00178,CR00033,Cybersecurity Fundamentals,Cybersecurity,Intermediate,3.93,2025-07-21,0.0
U00178,CR00004,Advanced Python,Programming,Beginner,2.88,2025-07-11,0.0
U00178,CR00060,Content Creation,Digital Marketing,Beginner,2.14,2025-06-30,0.0
U00178,CR00021,Data Analysis with Python,Data Science,Intermediate,3.6,2025-06-24,0.0
U00178,CR00014,Sales Mastery,Business,Advanced,3.15,2025-05-16,0.0
U00178,CR00044,Personal Finance,Finance,Intermediate,2.75,2025-05-01,119.04
U00178,CR00036,Agile Project Management,Project Management,Beginner,4.68,2025-04-12,0.0
U00178,CR00017,SEO Mastery,Marketing,Advanced,4.79,2025-03-16,0.0
U00178,CR00023,Machine Learning Fundamentals,Data Science,Intermediate,3.02,2025-02-08,0.0
U00179,CR00012,Business Strategy,Business,Advanced,3.64,2025-11-18,487.92
U00179,CR00030,Reinforcement Learning,Machine Learning,Intermediate,1.73,2025-08-27,0.0
U00180,CR00026,Intro to Machine Learning,Machine Learning,Intermediate,4.73,2025-09-26,0.0
U00181,CR00025,Statistical Analysis,Data Science,Beginner,3.74,2025-11-06,299.57
U00182,CR00042,Investment Strategies,Finance,Intermediate,4.1,2025-01-21,0.0
U00183,CR00026,Intro to Machine Learning,Machine Learning,Intermediate,4.73,2025-07-02,0.0
U00184,CR00032,Ethical Hacking,Cybersecurity,Advanced,2.38,2025-05-07,0.0
U00185,CR00055,Full-Stack Web Development,Web Development,Advanced,4.74,2025-04-19,57.32
U00186,CR00037,Scrum Essentials,Project Management,Intermediate,3.45,2025-12-21,0.0
U00186,CR00011,Entrepreneurship 101,Business,Intermediate,2.69,2025-09-10,326.02
U00187,CR00001,Python Basics,Programming,Beginner,4.74,2025-06-18,472.28
U00188,CR00008,Photoshop Mastery,Design,Advanced,1.52,2025-11-07,0.0
U00189,CR00045,Financial Modeling,Finance,Advanced,1.59,2025-08-18,0.0
U00190,CR00012,Business Strategy,Business,Advanced,3.64,2025-03-30,487.92
U00191,CR00037,Scrum Essentials,Project Management,Intermediate,3.45,2025-11-22,0.0
U00191,CR00035,Cyber Threat Intelligence,Cybersecurity,Beginner,4.94,2025-08-30,0.0
U00191,CR00043,Corporate Finance,Finance,Beginner,4.14,2025-08-28,0.0
U00191,CR00040,Leadership in Projects,Project Management,Beginner,1.51,2025-06-17,327.99
U00191,CR00056,Google Ads Mastery,Digital Marketing,Advanced,3.15,2025-06-08,212.39
U00191,CR00017,SEO Mastery,Marketing,Advanced,4.79,2025-06-05,0.0
U00191,CR00058,Social Media Strategy,Digital Marketing,Beginner,4.44,2025-06-04,0.0
U00191,CR00012,Business Strategy,Business,Advanced,3.64,2025-05-03,487.92
U00191,CR00016,Digital Marketing,Marketing,Intermediate,4.72,2025-04-27,0.0
U00191,CR00049,Deep Learning,Artificial Intelligence,Intermediate,3.11,2025-04-06,415.51
U00191,CR00038,Risk Management,Project Management,Intermediate,4.84,2025-03-18,342.61
U00191,CR00001,Python Basics,Programming,Beginner,4.74,2025-01-16,472.28
U00192,CR00016,Digital Marketing,Marketing,Intermediate,4.72,2025-11-29,0.0
U00192,CR00014,Sales Mastery,Business,Advanced,3.15,2025-11-14,0.0
U00192,CR00051,HTML & CSS,Web Development,Advanced,1.3,2025-11-07,37.89
U00192,CR00004,Advanced Python,Programming,Beginner,2.88,2025-11-03,0.0
U00192,CR00060,Content Creation,Digital Marketing,Beginner,2.14,2025-09-06,0.0
U00192,CR00003,C++ for Beginners,Programming,Beginner,3.85,2025-07-18,0.0
U00192,CR00018,Social Media Marketing,Marketing,Advanced,2.01,2025-07-17,0.0
U00192,CR00038,Risk Management,Project Management,Intermediate,4.84,2025-06-14,342.61
U00192,CR00054,Backend Development with Node.js,Web Development,Beginner,3.32,2025-05-30,0.0
U00192,CR00043,Corporate Finance,Finance,Beginner,4.14,2025-04-21,0.0
U00192,CR00025,Statistical Analysis,Data Science,Beginner,3.74,2025-04-09,299.57
U00192,CR00053,React for Beginners,Web Development,Advanced,2.67,2025-04-05,0.0
U00192,CR00026,Intro to Machine Learning,Machine Learning,Intermediate,4.73,2025-01-29,0.0
U00192,CR00036,Agile Project Management,Project Management,Beginner,4.68,2025-01-15,0.0
U00193,CR00017,SEO Mastery,Marketing,Advanced,4.79,2025-06-24,0.0
U00194,CR00023,Machine Learning Fundamentals,Data Science,Intermediate,3.02,2025-02-07,0.0
U00195,CR00039,Project Planning,Project Management,Advanced,1.23,2025-07-10,346.71
U00196,CR00034,Data Encryption,Cybersecurity,Intermediate,1.35,2025-07-04,394.26
U00197,CR00021,Data Analysis with Python,Data Science,Intermediate,3.6,2025-03-04,0.0
U00198,CR00058,Social Media Strategy,Digital Marketing,Beginner,4.44,2025-12-05,0.0
U00198,CR00043,Corporate Finance,Finance,Beginner,4.14,2025-11-29,0.0
U00198,CR00012,Business Strategy,Business,Advanced,3.64,2025-10-01,487.92
U00198,CR00015,Leadership Essentials,Business,Beginner,1.96,2025-09-20,285.05
U00198,CR00045,Financial Modeling,Finance,Advanced,1.59,2025-09-13,0.0
U00198,CR00049,Deep Learning,Artificial Intelligence,Intermediate,3.11,2025-09-04,415.51
U00198,CR00016,Digital Marketing,Marketing,Intermediate,4.72,2025-08-27,0.0
U00198,CR00020,Email Marketing,Marketing,Intermediate,4.11,2025-06-20,0.0
U00198,CR00032,Ethical Hacking,Cybersecurity,Advanced,2.38,2025-04-21,0.0
U00198,CR00003,C++ for Beginners,Programming,Beginner,3.85,2025-04-15,0.0
U00198,CR00004,Advanced Python,Programming,Beginner,2.88,2025-03-07,0.0
U00198,CR00041,Financial Accounting,Finance,Beginner,2.47,2025-02-16,53.86
U00199,CR00002,Java Programming,Programming,Intermediate,2.43,2025-05-06,0.0
U00200,CR00008,Photoshop Mastery,Design,Advanced,1.52,2025-12-18,0.0
U00200,CR00056,Google Ads Mastery,Digital Marketing,Advanced,3.15,2025-08-24,212.39
U00200,CR00010,3D Modeling,Design,Advanced,4.45,2025-07-12,0.0
U00200,CR00055,Full-Stack Web Development,Web Development,Advanced,4.74,2025-01-22,57.32
U00201,CR00006,Graphic Design Basics,Design,Advanced,2.72,2025-04-26,276.37
U00201,CR00049,Deep Learning,Artificial Intelligence,Intermediate,3.11,2025-04-17,415.51
U00201,CR00052,JavaScript Mastery,Web Development,Beginner,2.2,2025-01-09,0.0
U00202,CR00003,C++ for Beginners,Programming,Beginner,3.85,2025-11-17,0.0
U00203,CR00011,Entrepreneurship 101,Business,Intermediate,2.69,2025-07-22,326.02
U00203,CR00054,Backend Development with Node.js,Web Development,Beginner,3.32,2025-01-10,0.0
U00204,CR00045,Financial Modeling,Finance,Advanced,1.59,2025-10-01,0.0
U00205,CR00038,Risk Management,Project Management,Intermediate,4.84,2025-06-12,342.61
U00206,CR00047,Natural Language Processing,Artificial Intelligence,Intermediate,2.68,2025-05-06,89.59
U00207,CR00057,SEO for E-commerce,Digital Marketing,Advanced,3.89,2025-11-11,177.34
U00207,CR00005,Full Stack Development,Programming,Beginner,1.28,2025-07-17,0.0
U00208,CR00014,Sales Mastery,Business,Advanced,3.15,2025-12-07,0.0
U00208,CR00035,Cyber Threat Intelligence,Cybersecurity,Beginner,4.94,2025-11-29,0.0
U00208,CR00007,UI/UX Design,Design,Advanced,2.61,2025-11-04,0.0
U00208,CR00047,Natural Language Processing,Artificial Intelligence,Intermediate,2.68,2025-10-29,89.59
U00208,CR00058,Social Media Strategy,Digital Marketing,Beginner,4.44,2025-10-14,0.0
U00208,CR00060,Content Creation,Digital Marketing,Beginner,2.14,2025-09-27,0.0
U00208,CR00052,JavaScript Mastery,Web Development,Beginner,2.2,2025-08-22,0.0
U00208,CR00013,Finance for Startups,Business,Advanced,2.0,2025-06-18,0.0
U00208,CR00023,Machine Learning Fundamentals,Data Science,Intermediate,3.02,2025-05-26,0.0
U00208,CR00045,Financial Modeling,Finance,Advanced,1.59,2025-04-27,0.0
U00208,CR00036,Agile Project Management,Project Management,Beginner,4.68,2025-03-24,0.0
U00208,CR00025,Statistical Analysis,Data Science,Beginner,3.74,2025-03-16,299.57
U00208,CR00024,Big Data Analytics,Data Science,Advanced,2.57,2025-02-24,117.68
U00208,CR00028,Deep Learning,Machine Learning,Advanced,3.89,2025-02-21,0.78
U00208,CR00022,Data Visualization,Data Science,Beginner,3.65,2025-02-06,0.0
U00209,CR00014,Sales Mastery,Business,Advanced,3.15,2025-08-14,0.0
U00210,CR00030,Reinforcement Learning,Machine Learning,Intermediate,1.73,2025-03-29,0.0
U00210,CR00051,HTML & CSS,Web Development,Advanced,1.3,2025-02-20,37.89
U00211,CR00036,Agile Project Management,Project Management,Beginner,4.68,2025-03-25,0.0
U00212,CR00036,Agile Project Management,Project Management,Beginner,4.68,2025-07-04,0.0
U00212,CR00003,C++ for Beginners,Programming,Beginner,3.85,2025-04-24,0.0
U00213,CR00025,Statistical Analysis,Data Science,Beginner,3.74,2025-07-11,299.57
U00213,CR00016,Digital Marketing,Marketing,Intermediate,4.72,2025-06-12,0.0
U00214,CR00047,Natural Language Processing,Artificial Intelligence,Intermediate,2.68,2025-10-27,89.59
U00215,CR00011,Entrepreneurship 101,Business,Intermediate,2.69,2025-07-29,326.02
U00216,CR00017,SEO Mastery,Marketing,Advanced,4.79,2025-12-30,0.0
U00216,CR00054,Backend Development with Node.js,Web Development,Beginner,3.32,2025-11-29,0.0
U00216,CR00040,Leadership in Projects,Project Management,Beginner,1.51,2025-11-10,327.99
U00216,CR00001,Python Basics,Programming,Beginner,4.74,2025-11-01,472.28
U00216,CR00058,Social Media Strategy,Digital Marketing,Beginner,4.44,2025-10-29,0.0
U00216,CR00048,AI Ethics,Artificial Intelligence,Beginner,3.64,2025-09-16,0.0
U00216,CR00008,Photoshop Mastery,Design,Advanced,1.52,2025-09-10,0.0
U00216,CR00003,C++ for Beginners,Programming,Beginner,3.85,2025-06-24,0.0
U00216,CR00036,Agile Project Management,Project Management,Beginner,4.68,2025-05-08,0.0
U00216,CR00043,Corporate Finance,Finance,Beginner,4.14,2025-05-06,0.0
U00216,CR00024,Big Data Analytics,Data Science,Advanced,2.57,2025-05-01,117.68
U00216,CR00014,Sales Mastery,Business,Advanced,3.15,2025-03-19,0.0
U00216,CR00059,Affiliate Marketing,Digital Marketing,Intermediate,4.66,2025-03-16,0.0
U00216,CR00012,Business Strategy,Business,Advanced,3.64,2025-02-01,487.92
U00216,CR00022,Data Visualization,Data Science,Beginner,3.65,2025-01-23,0.0
U00216,CR00002,Java Programming,Programming,Intermediate,2.43,2025-01-16,0.0
U00217,CR00051,HTML & CSS,Web Development,Advanced,1.3,2025-05-02,37.89
U00218,CR00016,Digital Marketing,Marketing,Intermediate,4.72,2025-10-06,0.0
U00219,CR00009,Web Design Fundamentals,Design,Beginner,4.51,2025-02-02,0.0
U00220,CR00060,Content Creation,Digital Marketing,Beginner,2.14,2025-12-27,0.0
U00220,CR00028,Deep Learning,Machine Learning,Advanced,3.89,2025-12-27,0.78
U00220,CR00020,Email Marketing,Marketing,Intermediate,4.11,2025-12-05,0.0
U00220,CR00048,AI Ethics,Artificial Intelligence,Beginner,3.64,2025-10-03,0.0
U00220,CR00035,Cyber Threat Intelligence,Cybersecurity,Beginner,4.94,2025-08-28,0.0
U00220,CR00022,Data Visualization,Data Science,Beginner,3.65,2025-07-15,0.0
U00220,CR00037,Scrum Essentials,Project Management,Intermediate,3.45,2025-07-11,0.0
U00220,CR00054,Backend Development with Node.js,Web Development,Beginner,3.32,2025-06-03,0.0
U00220,CR00014,Sales Mastery,Business,Advanced,3.15,2025-04-25,0.0
U00220,CR00004,Advanced Python,Programming,Beginner,2.88,2025-04-23,0.0
U00220,CR00010,3D Modeling,Design,Advanced,4.45,2025-04-19,0.0
U00220,CR00017,SEO Mastery,Marketing,Advanced,4.79,2025-04-16,0.0
U00220,CR00003,C++ for Beginners,Programming,Beginner,3.85,2025-04-08,0.0
U00220,CR00025,Statistical Analysis,Data Science,Beginner,3.74,2025-04-05,299.57
U00220,CR00002,Java Programming,Programming,Intermediate,2.43,2025-02-02,0.0
U00221,CR00010,3D Modeling,Design,Advanced,4.45,2025-11-28,0.0
U00222,CR00028,Deep Learning,Machine Learning,Advanced,3.89,2025-09-03,0.78
U00223,CR00042,Investment Strategies,Finance,Intermediate,4.1,2025-05-20,0.0
U00224,CR00050,Computer Vision,Artificial Intelligence,Beginner,4.55,2025-11-21,490.9
U00225,CR00042,Investment Strategies,Finance,Intermediate,4.1,2025-09-21,0.0
U00226,CR00039,Project Planning,Project Management,Advanced,1.23,2025-11-06,346.71
U00227,CR00009,Web Design Fundamentals,Design,Beginner,4.51,2025-06-04,0.0
U00227,CR00042,Investment Strategies,Finance,Intermediate,4.1,2025-03-04,0.0
U00228,CR00024,Big Data Analytics,Data Science,Advanced,2.57,2025-11-30,117.68
U00229,CR00022,Data Visualization,Data Science,Beginner,3.65,2025-05-22,0.0
U00229,CR00027,Neural Networks,Machine Learning,Advanced,1.81,2025-01-18,0.0
U00230,CR00058,Social Media Strategy,Digital Marketing,Beginner,4.44,2025-11-28,0.0
U00230,CR00044,Personal Finance,Finance,Intermediate,2.75,2025-11-01,119.04
U00231,CR00056,Google Ads Mastery,Digital Marketing,Advanced,3.15,2025-06-27,212.39
U00231,CR00028,Deep Learning,Machine Learning,Advanced,3.89,2025-03-30,0.78
U00232,CR00032,Ethical Hacking,Cybersecurity,Advanced,2.38,2025-04-09,0.0
U00233,CR00044,Personal Finance,Finance,Intermediate,2.75,2025-11-06,119.04
U00234,CR00017,SEO Mastery,Marketing,Advanced,4.79,2025-09-23,0.0
U00234,CR00011,Entrepreneurship 101,Business,Intermediate,2.69,2025-02-28,326.02
U00235,CR00003,C++ for Beginners,Programming,Beginner,3.85,2025-08-03,0.0
U00235,CR00019,Content Marketing,Marketing,Advanced,2.98,2025-07-12,0.0
U00235,CR00001,Python Basics,Programming,Beginner,4.74,2025-03-21,472.28
U00236,CR00034,Data Encryption,Cybersecurity,Intermediate,1.35,2025-12-11,394.26
U00237,CR00014,Sales Mastery,Business,Advanced,3.15,2025-11-27,0.0
U00238,CR00036,Agile Project Management,Project Management,Beginner,4.68,2025-12-14,0.0
U00238,CR00013,Finance for Startups,Business,Advanced,2.0,2025-11-25,0.0
U00238,CR00041,Financial Accounting,Finance,Beginner,2.47,2025-11-20,53.86
U00238,CR00020,Email Marketing,Marketing,Intermediate,4.11,2025-11-06,0.0
U00238,CR00052,JavaScript Mastery,Web Development,Beginner,2.2,2025-10-27,0.0
U00238,CR00050,Computer Vision,Artificial Intelligence,Beginner,4.55,2025-10-24,490.9
U00238,CR00002,Java Programming,Programming,Intermediate,2.43,2025-10-06,0.0
U00238,CR00001,Python Basics,Programming,Beginner,4.74,2025-08-24,472.28
U00238,CR00043,Corporate Finance,Finance,Beginner,4.14,2025-06-27,0.0
U00238,CR00056,Google Ads Mastery,Digital Marketing,Advanced,3.15,2025-06-13,212.39
U00238,CR00027,Neural Networks,Machine Learning,Advanced,1.81,2025-04-26,0.0
U00238,CR00051,HTML & CSS,Web Development,Advanced,1.3,2025-04-04,37.89
U00238,CR00012,Business Strategy,Business,Advanced,3.64,2025-03-25,487.92
U00238,CR00024,Big Data Analytics,Data Science,Advanced,2.57,2025-02-21,117.68
U00238,CR00022,Data Visualization,Data Science,Beginner,3.65,2025-01-12,0.0
U00239,CR00058,Social Media Strategy,Digital Marketing,Beginner,4.44,2025-05-01,0.0
U00240,CR00059,Affiliate Marketing,Digital Marketing,Intermediate,4.66,2025-08-10,0.0
U00240,CR00013,Finance for Startups,Business,Advanced,2.0,2025-01-17,0.0
U00241,CR00021,Data Analysis with Python,Data Science,Intermediate,3.6,2025-06-30,0.0
U00241,CR00035,Cyber Threat Intelligence,Cybersecurity,Beginner,4.94,2025-02-18,0.0
U00242,CR00047,Natural Language Processing,Artificial Intelligence,Intermediate,2.68,2025-03-27,89.59
U00242,CR00057,SEO for E-commerce,Digital Marketing,Advanced,3.89,2025-01-18,177.34
U00243,CR00057,SEO for E-commerce,Digital Marketing,Advanced,3.89,2025-01-12,177.34
U00244,CR00006,Graphic Design Basics,Design,Advanced,2.72,2025-03-02,276.37
U00245,CR00043,Corporate Finance,Finance,Beginner,4.14,2025-07-20,0.0
U00246,CR00001,Python Basics,Programming,Beginner,4.74,2025-05-09,472.28
U00247,CR00018,Social Media Marketing,Marketing,Advanced,2.01,2025-05-29,0.0
U00248,CR00045,Financial Modeling,Finance,Advanced,1.59,2025-08-28,0.0
U00249,CR00004,Advanced Python,Programming,Beginner,2.88,2025-08-10,0.0
U00250,CR00038,Risk Management,Project Management,Intermediate,4.84,2025-09-22,342.61
U00251,CR00038,Risk Management,Project Management,Intermediate,4.84,2025-12-26,342.61
U00251,CR00055,Full-Stack Web Development,Web Development,Advanced,4.74,2025-12-21,57.32
U00251,CR00009,Web Design Fundamentals,Design,Beginner,4.51,2025-12-08,0.0
U00251,CR00021,Data Analysis with Python,Data Science,Intermediate,3.6,2025-11-19,0.0
U00251,CR00004,Advanced Python,Programming,Beginner,2.88,2025-11-12,0.0
U00251,CR00041,Financial Accounting,Finance,Beginner,2.47,2025-10-21,53.86
U00251,CR00051,HTML & CSS,Web Development,Advanced,1.3,2025-08-27,37.89
U00251,CR00005,Full Stack Development,Programming,Beginner,1.28,2025-08-09,0.0
U00251,CR00035,Cyber Threat Intelligence,Cybersecurity,Beginner,4.94,2025-07-08,0.0
U00251,CR00050,Computer Vision,Artificial Intelligence,Beginner,4.55,2025-05-15,490.9
U00251,CR00043,Corporate Finance,Finance,Beginner,4.14,2025-04-16,0.0
U00251,CR00059,Affiliate Marketing,Digital Marketing,Intermediate,4.66,2025-04-11,0.0
U00251,CR00040,Leadership in Projects,Project Management,Beginner,1.51,2025-01-04,327.99
U00252,CR00008,Photoshop Mastery,Design,Advanced,1.52,2025-01-21,0.0
U00253,CR00059,Affiliate Marketing,Digital Marketing,Intermediate,4.66,2025-02-27,0.0
U00254,CR00035,Cyber Threat Intelligence,Cybersecurity,Beginner,4.94,2025-08-02,0.0
U00255,CR00034,Data Encryption,Cybersecurity,Intermediate,1.35,2025-07-12,394.26
U00256,CR00009,Web Design Fundamentals,Design,Beginner,4.51,2025-03-26,0.0
U00257,CR00037,Scrum Essentials,Project Management,Intermediate,3.45,2025-11-26,0.0
U00258,CR00024,Big Data Analytics,Data Science,Advanced,2.57,2025-11-12,117.68
U00259,CR00038,Risk Management,Project Management,Intermediate,4.84,2025-06-07,342.61
U00260,CR00026,Intro to Machine Learning,Machine Learning,Intermediate,4.73,2025-11-23,0.0
U00260,CR00039,Project Planning,Project Management,Advanced,1.23,2025-09-15,346.71
U00260,CR00021,Data Analysis with Python,Data Science,Intermediate,3.6,2025-09-09,0.0
U00260,CR00001,Python Basics,Programming,Beginner,4.74,2025-08-16,472.28
U00260,CR00033,Cybersecurity Fundamentals,Cybersecurity,Intermediate,3.93,2025-08-10,0.0
U00260,CR00040,Leadership in Projects,Project Management,Beginner,1.51,2025-07-09,327.99
U00260,CR00007,UI/UX Design,Design,Advanced,2.61,2025-07-04,0.0
U00260,CR00035,Cyber Threat Intelligence,Cybersecurity,Beginner,4.94,2025-06-26,0.0
U00260,CR00060,Content Creation,Digital Marketing,Beginner,2.14,2025-06-08,0.0
U00260,CR00010,3D Modeling,Design,Advanced,4.45,2025-05-03,0.0
U00260,CR00012,Business Strategy,Business,Advanced,3.64,2025-04-24,487.92
U00260,CR00046,AI for Beginners,Artificial Intelligence,Beginner,1.2,2025-03-14,248.1
U00260,CR00015,Leadership Essentials,Business,Beginner,1.96,2025-02-23,285.05
U00260,CR00028,Deep Learning,Machine Learning,Advanced,3.89,2025-02-08,0.78
U00260,CR00006,Graphic Design Basics,Design,Advanced,2.72,2025-01-15,276.37
U00261,CR00029,Natural Language Processing,Machine Learning,Beginner,1.13,2025-11-07,0.0
U00262,CR00031,Network Security,Cybersecurity,Intermediate,1.91,2025-12-06,0.0
U00263,CR00018,Social Media Marketing,Marketing,Advanced,2.01,2025-11-16,0.0
U00263,CR00023,Machine Learning Fundamentals,Data Science,Intermediate,3.02,2025-11-05,0.0
U00263,CR00052,JavaScript Mastery,Web Development,Beginner,2.2,2025-02-26,0.0
U00263,CR00042,Investment Strategies,Finance,Intermediate,4.1,2025-02-01,0.0
U00264,CR00030,Reinforcement Learning,Machine Learning,Intermediate,1.73,2025-11-23,0.0
U00264,CR00033,Cybersecurity Fundamentals,Cybersecurity,Intermediate,3.93,2025-03-20,0.0
U00264,CR00016,Digital Marketing,Marketing,Intermediate,4.72,2025-03-12,0.0
U00265,CR00004,Advanced Python,Programming,Beginner,2.88,2025-12-20,0.0
U00265,CR00044,Personal Finance,Finance,Intermediate,2.75,2025-07-12,119.04
U00265,CR00052,JavaScript Mastery,Web Development,Beginner,2.2,2025-06-11,0.0
U00265,CR00034,Data Encryption,Cybersecurity,Intermediate,1.35,2025-05-08,394.26
U00265,CR00055,Full-Stack Web Development,Web Development,Advanced,4.74,2025-05-07,57.32
U00265,CR00056,Google Ads Mastery,Digital Marketing,Advanced,3.15,2025-04-30,212.39
U00265,CR00042,Investment Strategies,Finance,Intermediate,4.1,2025-04-24,0.0
U00265,CR00011,Entrepreneurship 101,Business,Intermediate,2.69,2025-04-02,326.02
U00265,CR00059,Affiliate Marketing,Digital Marketing,Intermediate,4.66,2025-03-22,0.0
U00265,CR00050,Computer Vision,Artificial Intelligence,Beginner,4.55,2025-03-21,490.9
U00265,CR00060,Content Creation,Digital Marketing,Beginner,2.14,2025-02-25,0.0
U00265,CR00016,Digital Marketing,Marketing,Intermediate,4.72,2025-02-12,0.0
U00265,CR00010,3D Modeling,Design,Advanced,4.45,2025-01-14,0.0
U00265,CR00012,Business Strategy,Business,Advanced,3.64,2025-01-08,487.92
U00266,CR00056,Google Ads Mastery,Digital Marketing,Advanced,3.15,2025-06-23,212.39
U00267,CR00012,Business Strategy,Business,Advanced,3.64,2025-09-05,487.92
U00267,CR00044,Personal Finance,Finance,Intermediate,2.75,2025-06-15,119.04
U00267,CR00025,Statistical Analysis,Data Science,Beginner,3.74,2025-06-05,299.57
U00267,CR00013,Finance for Startups,Business,Advanced,2.0,2025-01-01,0.0
U00268,CR00021,Data Analysis with Python,Data Science,Intermediate,3.6,2025-05-22,0.0
U00269,CR00033,Cybersecurity Fundamentals,Cybersecurity,Intermediate,3.93,2025-06-03,0.0
U00270,CR00053,React for Beginners,Web Development,Advanced,2.67,2025-02-09,0.0
U00271,CR00058,Social Media Strategy,Digital Marketing,Beginner,4.44,2025-06-11,0.0
U00272,CR00003,C++ for Beginners,Programming,Beginner,3.85,2025-12-21,0.0
U00272,CR00050,Computer Vision,Artificial Intelligence,Beginner,4.55,2025-10-25,490.9
U00272,CR00057,SEO for E-commerce,Digital Marketing,Advanced,3.89,2025-09-28,177.34
U00272,CR00055,Full-Stack Web Development,Web Development,Advanced,4.74,2025-08-25,57.32
U00272,CR00044,Personal Finance,Finance,Intermediate,2.75,2025-08-24,119.04
U00272,CR00027,Neural Networks,Machine Learning,Advanced,1.81,2025-06-28,0.0
U00272,CR00022,Data Visualization,Data Science,Beginner,3.65,2025-06-20,0.0
U00272,CR00051,HTML & CSS,Web Development,Advanced,1.3,2025-06-10,37.89
U00272,CR00053,React for Beginners,Web Development,Advanced,2.67,2025-03-28,0.0
U00272,CR00059,Affiliate Marketing,Digital Marketing,Intermediate,4.66,2025-03-26,0.0
U00272,CR00060,Content Creation,Digital Marketing,Beginner,2.14,2025-03-05,0.0
U00272,CR00039,Project Planning,Project Management,Advanced,1.23,2025-02-26,346.71
U00272,CR00026,Intro to Machine Learning,Machine Learning,Intermediate,4.73,2025-02-24,0.0
U00273,CR00060,Content Creation,Digital Marketing,Beginner,2.14,2025-02-24,0.0
U00274,CR00014,Sales Mastery,Business,Advanced,3.15,2025-09-02,0.0
U00274,CR00057,SEO for E-commerce,Digital Marketing,Advanced,3.89,2025-04-07,177.34
U00275,CR00019,Content Marketing,Marketing,Advanced,2.98,2025-12-15,0.0
U00276,CR00025,Statistical Analysis,Data Science,Beginner,3.74,2025-03-20,299.57
U00277,CR00018,Social Media Marketing,Marketing,Advanced,2.01,2025-06-10,0.0
U00278,CR00003,C++ for Beginners,Programming,Beginner,3.85,2025-08-15,0.0
U00279,CR00024,Big Data Analytics,Data Science,Advanced,2.57,2025-08-18,117.68
U00279,CR00045,Financial Modeling,Finance,Advanced,1.59,2025-03-01,0.0
U00279,CR00057,SEO for E-commerce,Digital Marketing,Advanced,3.89,2025-01-10,177.34
U00280,CR00025,Statistical Analysis,Data Science,Beginner,3.74,2025-04-11,299.57
U00281,CR00020,Email Marketing,Marketing,Intermediate,4.11,2025-06-18,0.0
U00282,CR00015,Leadership Essentials,Business,Beginner,1.96,2025-12-23,285.05
U00282,CR00007,UI/UX Design,Design,Advanced,2.61,2025-12-20,0.0
U00282,CR00014,Sales Mastery,Business,Advanced,3.15,2025-11-18,0.0
U00282,CR00053,React for Beginners,Web Development,Advanced,2.67,2025-09-30,0.0
U00282,CR00027,Neural Networks,Machine Learning,Advanced,1.81,2025-09-20,0.0
U00282,CR00013,Finance for Startups,Business,Advanced,2.0,2025-08-14,0.0
U00282,CR00020,Email Marketing,Marketing,Intermediate,4.11,2025-06-11,0.0
U00282,CR00024,Big Data Analytics,Data Science,Advanced,2.57,2025-05-24,117.68
U00282,CR00045,Financial Modeling,Finance,Advanced,1.59,2025-04-17,0.0
U00282,CR00011,Entrepreneurship 101,Business,Intermediate,2.69,2025-04-16,326.02
U00282,CR00046,AI for Beginners,Artificial Intelligence,Beginner,1.2,2025-04-11,248.1
U00282,CR00032,Ethical Hacking,Cybersecurity,Advanced,2.38,2025-04-04,0.0
U00282,CR00029,Natural Language Processing,Machine Learning,Beginner,1.13,2025-03-07,0.0
U00282,CR00055,Full-Stack Web Development,Web Development,Advanced,4.74,2025-03-02,57.32
U00283,CR00058,Social Media Strategy,Digital Marketing,Beginner,4.44,2025-08-15,0.0
U00283,CR00005,Full Stack Development,Programming,Beginner,1.28,2025-07-09,0.0
U00284,CR00038,Risk Management,Project Management,Intermediate,4.84,2025-01-19,342.61
U00285,CR00055,Full-Stack Web Development,Web Development,Advanced,4.74,2025-01-21,57.32
U00286,CR00010,3D Modeling,Design,Advanced,4.45,2025-11-16,0.0
U00286,CR00052,JavaScript Mastery,Web Development,Beginner,2.2,2025-06-24,0.0
U00286,CR00053,React for Beginners,Web Development,Advanced,2.67,2025-03-07,0.0
U00287,CR00016,Digital Marketing,Marketing,Intermediate,4.72,2025-11-26,0.0
U00287,CR00010,3D Modeling,Design,Advanced,4.45,2025-03-05,0.0
U00288,CR00033,Cybersecurity Fundamentals,Cybersecurity,Intermediate,3.93,2025-01-28,0.0
U00289,CR00028,Deep Learning,Machine Learning,Advanced,3.89,2025-08-17,0.78
U00290,CR00058,Social Media Strategy,Digital Marketing,Beginner,4.44,2025-07-14,0.0
U00290,CR00020,Email Marketing,Marketing,Intermediate,4.11,2025-06-01,0.0
U00290,CR00055,Full-Stack Web Development,Web Development,Advanced,4.74,2025-02-27,57.32
U00291,CR00026,Intro to Machine Learning,Machine Learning,Intermediate,4.73,2025-09-18,0.0
U00291,CR00048,AI Ethics,Artificial Intelligence,Beginner,3.64,2025-07-29,0.0
U00291,CR00006,Graphic Design Basics,Design,Advanced,2.72,2025-04-21,276.37
U00292,CR00035,Cyber Threat Intelligence,Cybersecurity,Beginner,4.94,2025-10-29,0.0
U00292,CR00026,Intro to Machine Learning,Machine Learning,Intermediate,4.73,2025-10-17,0.0
U00292,CR00005,Full Stack Development,Programming,Beginner,1.28,2025-10-04,0.0
U00292,CR00031,Network Security,Cybersecurity,Intermediate,1.91,2025-09-16,0.0
U00292,CR00054,Backend Development with Node.js,Web Development,Beginner,3.32,2025-08-21,0.0
U00292,CR00002,Java Programming,Programming,Intermediate,2.43,2025-08-15,0.0
U00292,CR00040,Leadership in Projects,Project Management,Beginner,1.51,2025-06-30,327.99
U00292,CR00057,SEO for E-commerce,Digital Marketing,Advanced,3.89,2025-06-22,177.34
U00292,CR00010,3D Modeling,Design,Advanced,4.45,2025-04-14,0.0
U00292,CR00038,Risk Management,Project Management,Intermediate,4.84,2025-04-04,342.61
U00292,CR00030,Reinforcement Learning,Machine Learning,Intermediate,1.73,2025-02-12,0.0
U00292,CR00024,Big Data Analytics,Data Science,Advanced,2.57,2025-01-23,117.68
U00293,CR00016,Digital Marketing,Marketing,Intermediate,4.72,2025-12-10,0.0
U00293,CR00030,Reinforcement Learning,Machine Learning,Intermediate,1.73,2025-12-10,0.0
U00293,CR00036,Agile Project Management,Project Management,Beginner,4.68,2025-11-21,0.0
U00293,CR00028,Deep Learning,Machine Learning,Advanced,3.89,2025-11-13,0.78
U00293,CR00039,Project Planning,Project Management,Advanced,1.23,2025-09-30,346.71
U00293,CR00060,Content Creation,Digital Marketing,Beginner,2.14,2025-08-24,0.0
U00293,CR00026,Intro to Machine Learning,Machine Learning,Intermediate,4.73,2025-05-17,0.0
U00293,CR00045,Financial Modeling,Finance,Advanced,1.59,2025-03-04,0.0
U00293,CR00053,React for Beginners,Web Development,Advanced,2.67,2025-02-27,0.0
U00293,CR00051,HTML & CSS,Web Development,Advanced,1.3,2025-01-23,37.89
U00293,CR00025,Statistical Analysis,Data Science,Beginner,3.74,2025-01-22,299.57
U00293,CR00049,Deep Learning,Artificial Intelligence,Intermediate,3.11,2025-01-15,415.51
U00293,CR00011,Entrepreneurship 101,Business,Intermediate,2.69,2025-01-08,326.02
U00294,CR00026,Intro to Machine Learning,Machine Learning,Intermediate,4.73,2025-07-05,0.0
U00295,CR00029,Natural Language Processing,Machine Learning,Beginner,1.13,2025-06-06,0.0
U00296,CR00037,Scrum Essentials,Project Management,Intermediate,3.45,2025-05-17,0.0
U00296,CR00057,SEO for E-commerce,Digital Marketing,Advanced,3.89,2025-01-08,177.34
U00297,CR00060,Content Creation,Digital Marketing,Beginner,2.14,2025-06-26,0.0
U00298,CR00006,Graphic Design Basics,Design,Advanced,2.72,2025-11-15,276.37
U00298,CR00037,Scrum Essentials,Project Management,Intermediate,3.45,2025-10-14,0.0
U00298,CR00036,Agile Project Management,Project Management,Beginner,4.68,2025-09-22,0.0
U00298,CR00026,Intro to Machine Learning,Machine Learning,Intermediate,4.73,2025-09-12,0.0
U00298,CR00059,Affiliate Marketing,Digital Marketing,Intermediate,4.66,2025-08-22,0.0
U00298,CR00016,Digital Marketing,Marketing,Intermediate,4.72,2025-07-27,0.0
U00298,CR00039,Project Planning,Project Management,Advanced,1.23,2025-07-16,346.71
U00298,CR00015,Leadership Essentials,Business,Beginner,1.96,2025-04-10,285.05
U00298,CR00057,SEO for E-commerce,Digital Marketing,Advanced,3.89,2025-04-06,177.34
U00298,CR00013,Finance for Startups,Business,Advanced,2.0,2025-03-20,0.0
U00298,CR00020,Email Marketing,Marketing,Intermediate,4.11,2025-03-18,0.0
U00298,CR00044,Personal Finance,Finance,Intermediate,2.75,2025-03-01,119.04
U00298,CR00012,Business Strategy,Business,Advanced,3.64,2025-01-07,487.92
U00298,CR00040,Leadership in Projects,Project Management,Beginner,1.51,2025-01-06,327.99
U00299,CR00014,Sales Mastery,Business,Advanced,3.15,2025-11-28,0.0
U00300,CR00012,Business Strategy,Business,Advanced,3.64,2025-12-20,487.92
U00300,CR00052,JavaScript Mastery,Web Development,Beginner,2.2,2025-12-03,0.0
U00301,CR00050,Computer Vision,Artificial Intelligence,Beginner,4.55,2025-12-16,490.9
U00301,CR00022,Data Visualization,Data Science,Beginner,3.65,2025-10-07,0.0
U00301,CR00005,Full Stack Development,Programming,Beginner,1.28,2025-09-30,0.0
U00301,CR00057,SEO for E-commerce,Digital Marketing,Advanced,3.89,2025-09-03,177.34
U00301,CR00042,Investment Strategies,Finance,Intermediate,4.1,2025-08-30,0.0
U00301,CR00043,Corporate Finance,Finance,Beginner,4.14,2025-08-25,0.0
U00301,CR00037,Scrum Essentials,Project Management,Intermediate,3.45,2025-07-24,0.0
U00301,CR00024,Big Data Analytics,Data Science,Advanced,2.57,2025-07-08,117.68
U00301,CR00003,C++ for Beginners,Programming,Beginner,3.85,2025-06-10,0.0
U00301,CR00002,Java Programming,Programming,Intermediate,2.43,2025-05-10,0.0
U00301,CR00049,Deep Learning,Artificial Intelligence,Intermediate,3.11,2025-04-24,415.51
U00301,CR00018,Social Media Marketing,Marketing,Advanced,2.01,2025-04-22,0.0
U00301,CR00052,JavaScript Mastery,Web Development,Beginner,2.2,2025-03-06,0.0
U00301,CR00030,Reinforcement Learning,Machine Learning,Intermediate,1.73,2025-01-12,0.0
U00302,CR00051,HTML & CSS,Web Development,Advanced,1.3,2025-04-16,37.89
U00303,CR00048,AI Ethics,Artificial Intelligence,Beginner,3.64,2025-10-27,0.0
U00303,CR00033,Cybersecurity Fundamentals,Cybersecurity,Intermediate,3.93,2025-09-22,0.0
U00303,CR00051,HTML & CSS,Web Development,Advanced,1.3,2025-09-11,37.89
U00303,CR00003,C++ for Beginners,Programming,Beginner,3.85,2025-09-07,0.0
U00303,CR00039,Project Planning,Project Management,Advanced,1.23,2025-08-15,346.71
U00303,CR00015,Leadership Essentials,Business,Beginner,1.96,2025-08-05,285.05
U00303,CR00028,Deep Learning,Machine Learning,Advanced,3.89,2025-08-05,0.78
U00303,CR00036,Agile Project Management,Project Management,Beginner,4.68,2025-06-28,0.0
U00303,CR00002,Java Programming,Programming,Intermediate,2.43,2025-06-17,0.0
U00303,CR00026,Intro to Machine Learning,Machine Learning,Intermediate,4.73,2025-05-16,0.0
U00303,CR00027,Neural Networks,Machine Learning,Advanced,1.81,2025-04-20,0.0
U00303,CR00053,React for Beginners,Web Development,Advanced,2.67,2025-04-08,0.0
U00303,CR00014,Sales Mastery,Business,Advanced,3.15,2025-04-06,0.0
U00303,CR00049,Deep Learning,Artificial Intelligence,Intermediate,3.11,2025-01-15,415.51
U00304,CR00040,Leadership in Projects,Project Management,Beginner,1.51,2025-07-16,327.99
U00305,CR00035,Cyber Threat Intelligence,Cybersecurity,Beginner,4.94,2025-11-12,0.0
U00306,CR00043,Corporate Finance,Finance,Beginner,4.14,2025-12-22,0.0
U00307,CR00002,Java Programming,Programming,Intermediate,2.43,2025-08-29,0.0
U00308,CR00025,Statistical Analysis,Data Science,Beginner,3.74,2025-11-11,299.57
U00308,CR00005,Full Stack Development,Programming,Beginner,1.28,2025-08-28,0.0
U00308,CR00050,Computer Vision,Artificial Intelligence,Beginner,4.55,2025-03-09,490.9
U00308,CR00036,Agile Project Management,Project Management,Beginner,4.68,2025-01-14,0.0
U00309,CR00038,Risk Management,Project Management,Intermediate,4.84,2025-04-26,342.61
U00310,CR00028,Deep Learning,Machine Learning,Advanced,3.89,2025-12-21,0.78
U00310,CR00058,Social Media Strategy,Digital Marketing,Beginner,4.44,2025-12-06,0.0
U00310,CR00039,Project Planning,Project Management,Advanced,1.23,2025-11-08,346.71
U00310,CR00014,Sales Mastery,Business,Advanced,3.15,2025-10-30,0.0
U00310,CR00002,Java Programming,Programming,Intermediate,2.43,2025-10-23,0.0
U00310,CR00045,Financial Modeling,Finance,Advanced,1.59,2025-10-05,0.0
U00310,CR00037,Scrum Essentials,Project Management,Intermediate,3.45,2025-09-07,0.0
U00310,CR00003,C++ for Beginners,Programming,Beginner,3.85,2025-09-06,0.0
U00310,CR00010,3D Modeling,Design,Advanced,4.45,2025-04-23,0.0
U00310,CR00024,Big Data Analytics,Data Science,Advanced,2.57,2025-04-06,117.68
U00310,CR00023,Machine Learning Fundamentals,Data Science,Intermediate,3.02,2025-04-04,0.0
U00311,CR00014,Sales Mastery,Business,Advanced,3.15,2025-07-05,0.0
U00312,CR00037,Scrum Essentials,Project Management,Intermediate,3.45,2025-06-30,0.0
U00313,CR00059,Affiliate Marketing,Digital Marketing,Intermediate,4.66,2025-09-16,0.0
U00314,CR00003,C++ for Beginners,Programming,Beginner,3.85,2025-12-26,0.0
U00314,CR00052,JavaScript Mastery,Web Development,Beginner,2.2,2025-01-27,0.0
U00314,CR00004,Advanced Python,Programming,Beginner,2.88,2025-01-12,0.0
U00315,CR00045,Financial Modeling,Finance,Advanced,1.59,2025-12-26,0.0
U00315,CR00022,Data Visualization,Data Science,Beginner,3.65,2025-12-19,0.0
U00315,CR00020,Email Marketing,Marketing,Intermediate,4.11,2025-10-26,0.0
U00315,CR00051,HTML & CSS,Web Development,Advanced,1.3,2025-10-16,37.89
U00315,CR00025,Statistical Analysis,Data Science,Beginner,3.74,2025-10-03,299.57
U00315,CR00012,Business Strategy,Business,Advanced,3.64,2025-09-12,487.92
U00315,CR00042,Investment Strategies,Finance,Intermediate,4.1,2025-09-08,0.0
U00315,CR00060,Content Creation,Digital Marketing,Beginner,2.14,2025-08-30,0.0
U00315,CR00003,C++ for Beginners,Programming,Beginner,3.85,2025-07-14,0.0
U00315,CR00055,Full-Stack Web Development,Web Development,Advanced,4.74,2025-07-07,57.32
U00315,CR00047,Natural Language Processing,Artificial Intelligence,Intermediate,2.68,2025-07-03,89.59
U00315,CR00036,Agile Project Management,Project Management,Beginner,4.68,2025-02-11,0.0
U00316,CR00043,Corporate Finance,Finance,Beginner,4.14,2025-08-29,0.0
U00316,CR00021,Data Analysis with Python,Data Science,Intermediate,3.6,2025-02-28,0.0
U00317,CR00055,Full-Stack Web Development,Web Development,Advanced,4.74,2025-09-27,57.32
U00317,CR00017,SEO Mastery,Marketing,Advanced,4.79,2025-09-22,0.0
U00317,CR00031,Network Security,Cybersecurity,Intermediate,1.91,2025-07-10,0.0
U00318,CR00011,Entrepreneurship 101,Business,Intermediate,2.69,2025-11-14,326.02
U00319,CR00039,Project Planning,Project Management,Advanced,1.23,2025-05-26,346.71
U00320,CR00015,Leadership Essentials,Business,Beginner,1.96,2025-08-29,285.05
U00321,CR00039,Project Planning,Project Management,Advanced,1.23,2025-12-23,346.71
U00321,CR00033,Cybersecurity Fundamentals,Cybersecurity,Intermediate,3.93,2025-12-12,0.0
U00321,CR00010,3D Modeling,Design,Advanced,4.45,2025-11-16,0.0
U00321,CR00049,Deep Learning,Artificial Intelligence,Intermediate,3.11,2025-10-19,415.51
U00321,CR00040,Leadership in Projects,Project Management,Beginner,1.51,2025-09-15,327.99
U00321,CR00028,Deep Learning,Machine Learning,Advanced,3.89,2025-05-09,0.78
U00321,CR00043,Corporate Finance,Finance,Beginner,4.14,2025-05-06,0.0
U00321,CR00021,Data Analysis with Python,Data Science,Intermediate,3.6,2025-04-08,0.0
U00321,CR00007,UI/UX Design,Design,Advanced,2.61,2025-03-07,0.0
U00321,CR00046,AI for Beginners,Artificial Intelligence,Beginner,1.2,2025-02-27,248.1
U00321,CR00005,Full Stack Development,Programming,Beginner,1.28,2025-02-23,0.0
U00321,CR00034,Data Encryption,Cybersecurity,Intermediate,1.35,2025-01-30,394.26
U00321,CR00029,Natural Language Processing,Machine Learning,Beginner,1.13,2025-01-15,0.0
U00321,CR00047,Natural Language Processing,Artificial Intelligence,Intermediate,2.68,2025-01-04,89.59
U00322,CR00049,Deep Learning,Artificial Intelligence,Intermediate,3.11,2025-12-08,415.51
U00322,CR00004,Advanced Python,Programming,Beginner,2.88,2025-10-09,0.0
U00322,CR00051,HTML & CSS,Web Development,Advanced,1.3,2025-10-07,37.89
U00322,CR00044,Personal Finance,Finance,Intermediate,2.75,2025-09-16,119.04
U00322,CR00021,Data Analysis with Python,Data Science,Intermediate,3.6,2025-09-14,0.0
U00322,CR00019,Content Marketing,Marketing,Advanced,2.98,2025-09-10,0.0
U00322,CR00009,Web Design Fundamentals,Design,Beginner,4.51,2025-08-30,0.0
U00322,CR00054,Backend Development with Node.js,Web Development,Beginner,3.32,2025-08-02,0.0
U00322,CR00041,Financial Accounting,Finance,Beginner,2.47,2025-06-26,53.86
U00322,CR00048,AI Ethics,Artificial Intelligence,Beginner,3.64,2025-06-26,0.0
U00322,CR00022,Data Visualization,Data Science,Beginner,3.65,2025-05-11,0.0
U00322,CR00002,Java Programming,Programming,Intermediate,2.43,2025-04-27,0.0
U00322,CR00020,Email Marketing,Marketing,Intermediate,4.11,2025-01-26,0.0
U00322,CR00052,JavaScript Mastery,Web Development,Beginner,2.2,2025-01-03,0.0
U00323,CR00014,Sales Mastery,Business,Advanced,3.15,2025-12-12,0.0
U00323,CR00028,Deep Learning,Machine Learning,Advanced,3.89,2025-10-09,0.78
U00323,CR00010,3D Modeling,Design,Advanced,4.45,2025-09-17,0.0
U00323,CR00018,Social Media Marketing,Marketing,Advanced,2.01,2025-08-19,0.0
U00323,CR00012,Business Strategy,Business,Advanced,3.64,2025-07-13,487.92
U00323,CR00022,Data Visualization,Data Science,Beginner,3.65,2025-06-14,0.0
U00323,CR00038,Risk Management,Project Management,Intermediate,4.84,2025-05-25,342.61
U00323,CR00032,Ethical Hacking,Cybersecurity,Advanced,2.38,2025-04-16,0.0
U00323,CR00004,Advanced Python,Programming,Beginner,2.88,2025-04-08,0.0
U00323,CR00036,Agile Project Management,Project Management,Beginner,4.68,2025-03-11,0.0
U00323,CR00005,Full Stack Development,Programming,Beginner,1.28,2025-03-02,0.0
U00323,CR00024,Big Data Analytics,Data Science,Advanced,2.57,2025-02-28,117.68
U00323,CR00033,Cybersecurity Fundamentals,Cybersecurity,Intermediate,3.93,2025-02-09,0.0
U00323,CR00008,Photoshop Mastery,Design,Advanced,1.52,2025-02-07,0.0
U00323,CR00016,Digital Marketing,Marketing,Intermediate,4.72,2025-02-01,0.0
U00324,CR00004,Advanced Python,Programming,Beginner,2.88,2025-07-15,0.0
U00325,CR00014,Sales Mastery,Business,Advanced,3.15,2025-04-20,0.0
U00326,CR00052,JavaScript Mastery,Web Development,Beginner,2.2,2025-04-23,0.0
U00327,CR00057,SEO for E-commerce,Digital Marketing,Advanced,3.89,2025-11-27,177.34
U00327,CR00037,Scrum Essentials,Project Management,Intermediate,3.45,2025-07-05,0.0
U00327,CR00059,Affiliate Marketing,Digital Marketing,Intermediate,4.66,2025-06-12,0.0
U00327,CR00043,Corporate Finance,Finance,Beginner,4.14,2025-01-21,0.0
U00328,CR00009,Web Design Fundamentals,Design,Beginner,4.51,2025-11-26,0.0
U00328,CR00043,Corporate Finance,Finance,Beginner,4.14,2025-10-30,0.0
U00328,CR00004,Advanced Python,Programming,Beginner,2.88,2025-09-21,0.0
U00328,CR00021,Data Analysis with Python,Data Science,Intermediate,3.6,2025-07-22,0.0
U00328,CR00011,Entrepreneurship 101,Business,Intermediate,2.69,2025-07-12,326.02
U00328,CR00041,Financial Accounting,Finance,Beginner,2.47,2025-07-01,53.86
U00328,CR00003,C++ for Beginners,Programming,Beginner,3.85,2025-06-06,0.0
U00328,CR00050,Computer Vision,Artificial Intelligence,Beginner,4.55,2025-06-06,490.9
U00328,CR00036,Agile Project Management,Project Management,Beginner,4.68,2025-04-02,0.0
U00328,CR00056,Google Ads Mastery,Digital Marketing,Advanced,3.15,2025-03-23,212.39
U00328,CR00005,Full Stack Development,Programming,Beginner,1.28,2025-03-21,0.0
U00328,CR00024,Big Data Analytics,Data Science,Advanced,2.57,2025-03-13,117.68
U00328,CR00044,Personal Finance,Finance,Intermediate,2.75,2025-03-02,119.04
U00328,CR00002,Java Programming,Programming,Intermediate,2.43,2025-02-14,0.0
U00328,CR00042,Investment Strategies,Finance,Intermediate,4.1,2025-01-18,0.0
U00329,CR00011,Entrepreneurship 101,Business,Intermediate,2.69,2025-12-05,326.02
U00329,CR00021,Data Analysis with Python,Data Science,Intermediate,3.6,2025-09-29,0.0
U00329,CR00022,Data Visualization,Data Science,Beginner,3.65,2025-09-10,0.0
U00329,CR00058,Social Media Strategy,Digital Marketing,Beginner,4.44,2025-08-09,0.0
U00329,CR00002,Java Programming,Programming,Intermediate,2.43,2025-08-02,0.0
U00329,CR00029,Natural Language Processing,Machine Learning,Beginner,1.13,2025-07-02,0.0
U00329,CR00044,Personal Finance,Finance,Intermediate,2.75,2025-06-04,119.04
U00329,CR00001,Python Basics,Programming,Beginner,4.74,2025-04-11,472.28
U00329,CR00049,Deep Learning,Artificial Intelligence,Intermediate,3.11,2025-03-25,415.51
U00329,CR00025,Statistical Analysis,Data Science,Beginner,3.74,2025-03-08,299.57
U00329,CR00018,Social Media Marketing,Marketing,Advanced,2.01,2025-02-15,0.0
U00329,CR00060,Content Creation,Digital Marketing,Beginner,2.14,2025-01-26,0.0
U00330,CR00054,Backend Development with Node.js,Web Development,Beginner,3.32,2025-12-20,0.0
U00330,CR00051,HTML & CSS,Web Development,Advanced,1.3,2025-12-12,37.89
U00330,CR00006,Graphic Design Basics,Design,Advanced,2.72,2025-11-19,276.37
U00330,CR00020,Email Marketing,Marketing,Intermediate,4.11,2025-09-22,0.0
U00330,CR00025,Statistical Analysis,Data Science,Beginner,3.74,2025-09-12,299.57
U00330,CR00031,Network Security,Cybersecurity,Intermediate,1.91,2025-09-06,0.0
U00330,CR00018,Social Media Marketing,Marketing,Advanced,2.01,2025-08-17,0.0
U00330,CR00011,Entrepreneurship 101,Business,Intermediate,2.69,2025-08-04,326.02
U00330,CR00023,Machine Learning Fundamentals,Data Science,Intermediate,3.02,2025-07-25,0.0
U00330,CR00019,Content Marketing,Marketing,Advanced,2.98,2025-07-17,0.0
U00330,CR00030,Reinforcement Learning,Machine Learning,Intermediate,1.73,2025-04-21,0.0
U00330,CR00033,Cybersecurity Fundamentals,Cybersecurity,Intermediate,3.93,2025-03-23,0.0
U00330,CR00040,Leadership in Projects,Project Management,Beginner,1.51,2025-02-11,327.99
U00330,CR00028,Deep Learning,Machine Learning,Advanced,3.89,2025-01-21,0.78
U00331,CR00006,Graphic Design Basics,Design,Advanced,2.72,2025-08-10,276.37
U00332,CR00027,Neural Networks,Machine Learning,Advanced,1.81,2025-09-14,0.0
U00333,CR00045,Financial Modeling,Finance,Advanced,1.59,2025-04-17,0.0
U00334,CR00034,Data Encryption,Cybersecurity,Intermediate,1.35,2025-12-20,394.26
U00334,CR00047,Natural Language Processing,Artificial Intelligence,Intermediate,2.68,2025-11-28,89.59
U00334,CR00008,Photoshop Mastery,Design,Advanced,1.52,2025-10-07,0.0
U00334,CR00042,Investment Strategies,Finance,Intermediate,4.1,2025-10-06,0.0
U00334,CR00022,Data Visualization,Data Science,Beginner,3.65,2025-09-12,0.0
U00334,CR00004,Advanced Python,Programming,Beginner,2.88,2025-07-06,0.0
U00334,CR00003,C++ for Beginners,Programming,Beginner,3.85,2025-06-22,0.0
U00334,CR00029,Natural Language Processing,Machine Learning,Beginner,1.13,2025-06-18,0.0
U00334,CR00051,HTML & CSS,Web Development,Advanced,1.3,2025-03-04,37.89
U00334,CR00014,Sales Mastery,Business,Advanced,3.15,2025-02-22,0.0
U00334,CR00046,AI for Beginners,Artificial Intelligence,Beginner,1.2,2025-02-18,248.1
U00334,CR00035,Cyber Threat Intelligence,Cybersecurity,Beginner,4.94,2025-02-06,0.0
U00334,CR00024,Big Data Analytics,Data Science,Advanced,2.57,2025-01-21,117.68
U00335,CR00035,Cyber Threat Intelligence,Cybersecurity,Beginner,4.94,2025-03-21,0.0
U00336,CR00048,AI Ethics,Artificial Intelligence,Beginner,3.64,2025-12-30,0.0
U00337,CR00030,Reinforcement Learning,Machine Learning,Intermediate,1.73,2025-06-29,0.0
U00338,CR00007,UI/UX Design,Design,Advanced,2.61,2025-12-22,0.0
U00338,CR00009,Web Design Fundamentals,Design,Beginner,4.51,2025-11-28,0.0
U00338,CR00023,Machine Learning Fundamentals,Data Science,Intermediate,3.02,2025-08-25,0.0
U00338,CR00047,Natural Language Processing,Artificial Intelligence,Intermediate,2.68,2025-08-20,89.59
U00338,CR00022,Data Visualization,Data Science,Beginner,3.65,2025-08-06,0.0
U00338,CR00003,C++ for Beginners,Programming,Beginner,3.85,2025-07-16,0.0
U00338,CR00058,Social Media Strategy,Digital Marketing,Beginner,4.44,2025-07-10,0.0
U00338,CR00038,Risk Management,Project Management,Intermediate,4.84,2025-06-13,342.61
U00338,CR00041,Financial Accounting,Finance,Beginner,2.47,2025-05-05,53.86
U00338,CR00002,Java Programming,Programming,Intermediate,2.43,2025-04-11,0.0
U00338,CR00017,SEO Mastery,Marketing,Advanced,4.79,2025-04-10,0.0
U00338,CR00060,Content Creation,Digital Marketing,Beginner,2.14,2025-04-10,0.0
U00338,CR00039,Project Planning,Project Management,Advanced,1.23,2025-03-15,346.71
U00338,CR00016,Digital Marketing,Marketing,Intermediate,4.72,2025-01-05,0.0
U00339,CR00033,Cybersecurity Fundamentals,Cybersecurity,Intermediate,3.93,2025-12-24,0.0
U00339,CR00036,Agile Project Management,Project Management,Beginner,4.68,2025-12-15,0.0
U00339,CR00027,Neural Networks,Machine Learning,Advanced,1.81,2025-12-04,0.0
U00339,CR00007,UI/UX Design,Design,Advanced,2.61,2025-11-14,0.0
U00339,CR00006,Graphic Design Basics,Design,Advanced,2.72,2025-10-21,276.37
U00339,CR00040,Leadership in Projects,Project Management,Beginner,1.51,2025-08-23,327.99
U00339,CR00044,Personal Finance,Finance,Intermediate,2.75,2025-08-19,119.04
U00339,CR00039,Project Planning,Project Management,Advanced,1.23,2025-08-10,346.71
U00339,CR00060,Content Creation,Digital Marketing,Beginner,2.14,2025-08-01,0.0
U00339,CR00055,Full-Stack Web Development,Web Development,Advanced,4.74,2025-07-10,57.32
U00339,CR00001,Python Basics,Programming,Beginner,4.74,2025-05-28,472.28
U00339,CR00023,Machine Learning Fundamentals,Data Science,Intermediate,3.02,2025-05-25,0.0
U00339,CR00003,C++ for Beginners,Programming,Beginner,3.85,2025-04-10,0.0
U00339,CR00012,Business Strategy,Business,Advanced,3.64,2025-03-08,487.92
U00339,CR00043,Corporate Finance,Finance,Beginner,4.14,2025-01-03,0.0
U00339,CR00053,React for Beginners,Web Development,Advanced,2.67,2025-01-02,0.0
U00340,CR00034,Data Encryption,Cybersecurity,Intermediate,1.35,2025-11-09,394.26
U00340,CR00012,Business Strategy,Business,Advanced,3.64,2025-10-15,487.92
U00340,CR00051,HTML & CSS,Web Development,Advanced,1.3,2025-10-08,37.89
U00340,CR00014,Sales Mastery,Business,Advanced,3.15,2025-08-28,0.0
U00340,CR00048,AI Ethics,Artificial Intelligence,Beginner,3.64,2025-05-24,0.0
U00340,CR00023,Machine Learning Fundamentals,Data Science,Intermediate,3.02,2025-04-28,0.0
U00340,CR00013,Finance for Startups,Business,Advanced,2.0,2025-04-08,0.0
U00340,CR00005,Full Stack Development,Programming,Beginner,1.28,2025-03-21,0.0
U00340,CR00036,Agile Project Management,Project Management,Beginner,4.68,2025-03-16,0.0
U00340,CR00002,Java Programming,Programming,Intermediate,2.43,2025-03-14,0.0
U00340,CR00054,Backend Development with Node.js,Web Development,Beginner,3.32,2025-02-17,0.0
U00340,CR00025,Statistical Analysis,Data Science,Beginner,3.74,2025-02-04,299.57
U00340,CR00033,Cybersecurity Fundamentals,Cybersecurity,Intermediate,3.93,2025-02-03,0.0
U00340,CR00028,Deep Learning,Machine Learning,Advanced,3.89,2025-01-23,0.78
U00341,CR00017,SEO Mastery,Marketing,Advanced,4.79,2025-07-21,0.0
U00342,CR00026,Intro to Machine Learning,Machine Learning,Intermediate,4.73,2025-01-01,0.0
U00343,CR00029,Natural Language Processing,Machine Learning,Beginner,1.13,2025-04-02,0.0
U00344,CR00033,Cybersecurity Fundamentals,Cybersecurity,Intermediate,3.93,2025-01-11,0.0
U00345,CR00005,Full Stack Development,Programming,Beginner,1.28,2025-10-13,0.0
U00345,CR00035,Cyber Threat Intelligence,Cybersecurity,Beginner,4.94,2025-09-14,0.0
U00345,CR00003,C++ for Beginners,Programming,Beginner,3.85,2025-09-12,0.0
U00345,CR00007,UI/UX Design,Design,Advanced,2.61,2025-08-10,0.0
U00345,CR00058,Social Media Strategy,Digital Marketing,Beginner,4.44,2025-08-05,0.0
U00345,CR00050,Computer Vision,Artificial Intelligence,Beginner,4.55,2025-06-23,490.9
U00345,CR00001,Python Basics,Programming,Beginner,4.74,2025-05-17,472.28
U00345,CR00052,JavaScript Mastery,Web Development,Beginner,2.2,2025-04-27,0.0
U00345,CR00055,Full-Stack Web Development,Web Development,Advanced,4.74,2025-03-21,57.32
U00345,CR00016,Digital Marketing,Marketing,Intermediate,4.72,2025-03-21,0.0
U00345,CR00048,AI Ethics,Artificial Intelligence,Beginner,3.64,2025-02-17,0.0
U00345,CR00014,Sales Mastery,Business,Advanced,3.15,2025-02-09,0.0
U00345,CR00039,Project Planning,Project Management,Advanced,1.23,2025-02-08,346.71
U00345,CR00031,Network Security,Cybersecurity,Intermediate,1.91,2025-01-17,0.0
U00345,CR00017,SEO Mastery,Marketing,Advanced,4.79,2025-01-02,0.0
U00346,CR00054,Backend Development with Node.js,Web Development,Beginner,3.32,2025-08-14,0.0
U00346,CR00011,Entrepreneurship 101,Business,Intermediate,2.69,2025-07-04,326.02
U00346,CR00042,Investment Strategies,Finance,Intermediate,4.1,2025-04-09,0.0
U00347,CR00039,Project Planning,Project Management,Advanced,1.23,2025-10-01,346.71
U00347,CR00020,Email Marketing,Marketing,Intermediate,4.11,2025-01-22,0.0
U00348,CR00025,Statistical Analysis,Data Science,Beginner,3.74,2025-04-14,299.57
U00349,CR00029,Natural Language Processing,Machine Learning,Beginner,1.13,2025-09-05,0.0
U00350,CR00047,Natural Language Processing,Artificial Intelligence,Intermediate,2.68,2025-10-13,89.59
U00350,CR00035,Cyber Threat Intelligence,Cybersecurity,Beginner,4.94,2025-04-22,0.0
U00351,CR00048,AI Ethics,Artificial Intelligence,Beginner,3.64,2025-12-20,0.0
U00351,CR00022,Data Visualization,Data Science,Beginner,3.65,2025-12-10,0.0
U00351,CR00031,Network Security,Cybersecurity,Intermediate,1.91,2025-11-16,0.0
U00351,CR00008,Photoshop Mastery,Design,Advanced,1.52,2025-11-15,0.0
U00351,CR00024,Big Data Analytics,Data Science,Advanced,2.57,2025-08-09,117.68
U00351,CR00044,Personal Finance,Finance,Intermediate,2.75,2025-07-02,119.04
U00351,CR00040,Leadership in Projects,Project Management,Beginner,1.51,2025-06-24,327.99
U00351,CR00018,Social Media Marketing,Marketing,Advanced,2.01,2025-06-24,0.0
U00351,CR00059,Affiliate Marketing,Digital Marketing,Intermediate,4.66,2025-04-30,0.0
U00351,CR00007,UI/UX Design,Design,Advanced,2.61,2025-04-03,0.0
U00351,CR00043,Corporate Finance,Finance,Beginner,4.14,2025-03-29,0.0
U00351,CR00033,Cybersecurity Fundamentals,Cybersecurity,Intermediate,3.93,2025-03-20,0.0
U00351,CR00056,Google Ads Mastery,Digital Marketing,Advanced,3.15,2025-02-07,212.39
U00352,CR00043,Corporate Finance,Finance,Beginner,4.14,2025-12-13,0.0
U00352,CR00044,Personal Finance,Finance,Intermediate,2.75,2025-11-18,119.04
U00352,CR00058,Social Media Strategy,Digital Marketing,Beginner,4.44,2025-11-16,0.0
U00352,CR00014,Sales Mastery,Business,Advanced,3.15,2025-11-08,0.0
U00352,CR00004,Advanced Python,Programming,Beginner,2.88,2025-10-30,0.0
U00352,CR00015,Leadership Essentials,Business,Beginner,1.96,2025-10-06,285.05
U00352,CR00032,Ethical Hacking,Cybersecurity,Advanced,2.38,2025-09-12,0.0
U00352,CR00029,Natural Language Processing,Machine Learning,Beginner,1.13,2025-09-05,0.0
U00352,CR00024,Big Data Analytics,Data Science,Advanced,2.57,2025-08-06,117.68
U00352,CR00007,UI/UX Design,Design,Advanced,2.61,2025-07-07,0.0
U00352,CR00012,Business Strategy,Business,Advanced,3.64,2025-07-01,487.92
U00352,CR00020,Email Marketing,Marketing,Intermediate,4.11,2025-06-27,0.0
U00352,CR00052,JavaScript Mastery,Web Development,Beginner,2.2,2025-02-25,0.0
U00352,CR00021,Data Analysis with Python,Data Science,Intermediate,3.6,2025-01-23,0.0
U00352,CR00016,Digital Marketing,Marketing,Intermediate,4.72,2025-01-21,0.0
U00353,CR00039,Project Planning,Project Management,Advanced,1.23,2025-12-22,346.71
U00353,CR00057,SEO for E-commerce,Digital Marketing,Advanced,3.89,2025-11-13,177.34
U00353,CR00017,SEO Mastery,Marketing,Advanced,4.79,2025-11-10,0.0
U00353,CR00034,Data Encryption,Cybersecurity,Intermediate,1.35,2025-11-08,394.26
U00353,CR00026,Intro to Machine Learning,Machine Learning,Intermediate,4.73,2025-11-08,0.0
U00353,CR00060,Content Creation,Digital Marketing,Beginner,2.14,2025-10-15,0.0
U00353,CR00058,Social Media Strategy,Digital Marketing,Beginner,4.44,2025-10-11,0.0
U00353,CR00023,Machine Learning Fundamentals,Data Science,Intermediate,3.02,2025-08-22,0.0
U00353,CR00013,Finance for Startups,Business,Advanced,2.0,2025-07-10,0.0
U00353,CR00053,React for Beginners,Web Development,Advanced,2.67,2025-07-06,0.0
U00353,CR00043,Corporate Finance,Finance,Beginner,4.14,2025-07-05,0.0
U00353,CR00020,Email Marketing,Marketing,Intermediate,4.11,2025-06-22,0.0
U00353,CR00035,Cyber Threat Intelligence,Cybersecurity,Beginner,4.94,2025-06-03,0.0
U00353,CR00003,C++ for Beginners,Programming,Beginner,3.85,2025-05-09,0.0
U00354,CR00058,Social Media Strategy,Digital Marketing,Beginner,4.44,2025-09-26,0.0
U00354,CR00059,Affiliate Marketing,Digital Marketing,Intermediate,4.66,2025-06-30,0.0
U00355,CR00010,3D Modeling,Design,Advanced,4.45,2025-11-12,0.0
U00356,CR00003,C++ for Beginners,Programming,Beginner,3.85,2025-12-22,0.0
U00356,CR00058,Social Media Strategy,Digital Marketing,Beginner,4.44,2025-11-12,0.0
U00356,CR00051,HTML & CSS,Web Development,Advanced,1.3,2025-10-13,37.89
U00356,CR00010,3D Modeling,Design,Advanced,4.45,2025-09-29,0.0
U00356,CR00030,Reinforcement Learning,Machine Learning,Intermediate,1.73,2025-07-13,0.0
U00356,CR00032,Ethical Hacking,Cybersecurity,Advanced,2.38,2025-06-30,0.0
U00356,CR00004,Advanced Python,Programming,Beginner,2.88,2025-04-28,0.0
U00356,CR00045,Financial Modeling,Finance,Advanced,1.59,2025-04-16,0.0
U00356,CR00050,Computer Vision,Artificial Intelligence,Beginner,4.55,2025-04-11,490.9
U00356,CR00053,React for Beginners,Web Development,Advanced,2.67,2025-04-10,0.0
U00356,CR00047,Natural Language Processing,Artificial Intelligence,Intermediate,2.68,2025-03-29,89.59
U00356,CR00028,Deep Learning,Machine Learning,Advanced,3.89,2025-02-11,0.78
U00356,CR00022,Data Visualization,Data Science,Beginner,3.65,2025-02-04,0.0
U00356,CR00017,SEO Mastery,Marketing,Advanced,4.79,2025-02-01,0.0
U00356,CR00008,Photoshop Mastery,Design,Advanced,1.52,2025-01-24,0.0
U00357,CR00043,Corporate Finance,Finance,Beginner,4.14,2025-12-16,0.0
U00357,CR00034,Data Encryption,Cybersecurity,Intermediate,1.35,2025-11-25,394.26
U00357,CR00044,Personal Finance,Finance,Intermediate,2.75,2025-10-09,119.04
U00357,CR00012,Business Strategy,Business,Advanced,3.64,2025-09-12,487.92
U00357,CR00047,Natural Language Processing,Artificial Intelligence,Intermediate,2.68,2025-06-15,89.59
U00357,CR00003,C++ for Beginners,Programming,Beginner,3.85,2025-05-28,0.0
U00357,CR00005,Full Stack Development,Programming,Beginner,1.28,2025-05-26,0.0
U00357,CR00055,Full-Stack Web Development,Web Development,Advanced,4.74,2025-05-07,57.32
U00357,CR00058,Social Media Strategy,Digital Marketing,Beginner,4.44,2025-04-16,0.0
U00357,CR00028,Deep Learning,Machine Learning,Advanced,3.89,2025-04-01,0.78
U00357,CR00040,Leadership in Projects,Project Management,Beginner,1.51,2025-03-17,327.99
U00357,CR00048,AI Ethics,Artificial Intelligence,Beginner,3.64,2025-03-05,0.0
U00357,CR00025,Statistical Analysis,Data Science,Beginner,3.74,2025-02-10,299.57
U00357,CR00023,Machine Learning Fundamentals,Data Science,Intermediate,3.02,2025-01-11,0.0
U00357,CR00049,Deep Learning,Artificial Intelligence,Intermediate,3.11,2025-01-04,415.51
U00358,CR00037,Scrum Essentials,Project Management,Intermediate,3.45,2025-07-22,0.0
U00359,CR00005,Full Stack Development,Programming,Beginner,1.28,2025-07-23,0.0
U00360,CR00021,Data Analysis with Python,Data Science,Intermediate,3.6,2025-04-19,0.0
U00361,CR00016,Digital Marketing,Marketing,Intermediate,4.72,2025-08-14,0.0
U00362,CR00059,Affiliate Marketing,Digital Marketing,Intermediate,4.66,2025-11-26,0.0
U00362,CR00002,Java Programming,Programming,Intermediate,2.43,2025-11-13,0.0
U00362,CR00005,Full Stack Development,Programming,Beginner,1.28,2025-10-22,0.0
U00362,CR00021,Data Analysis with Python,Data Science,Intermediate,3.6,2025-08-21,0.0
U00362,CR00014,Sales Mastery,Business,Advanced,3.15,2025-07-30,0.0
U00362,CR00001,Python Basics,Programming,Beginner,4.74,2025-07-11,472.28
U00362,CR00055,Full-Stack Web Development,Web Development,Advanced,4.74,2025-06-27,57.32
U00362,CR00024,Big Data Analytics,Data Science,Advanced,2.57,2025-05-22,117.68
U00362,CR00019,Content Marketing,Marketing,Advanced,2.98,2025-04-16,0.0
U00362,CR00044,Personal Finance,Finance,Intermediate,2.75,2025-03-13,119.04
U00362,CR00045,Financial Modeling,Finance,Advanced,1.59,2025-03-10,0.0
U00362,CR00039,Project Planning,Project Management,Advanced,1.23,2025-03-07,346.71
U00362,CR00058,Social Media Strategy,Digital Marketing,Beginner,4.44,2025-01-15,0.0
U00363,CR00008,Photoshop Mastery,Design,Advanced,1.52,2025-11-12,0.0
U00364,CR00036,Agile Project Management,Project Management,Beginner,4.68,2025-04-20,0.0
U00365,CR00060,Content Creation,Digital Marketing,Beginner,2.14,2025-12-30,0.0
U00365,CR00057,SEO for E-commerce,Digital Marketing,Advanced,3.89,2025-12-26,177.34
U00365,CR00013,Finance for Startups,Business,Advanced,2.0,2025-12-25,0.0
U00365,CR00032,Ethical Hacking,Cybersecurity,Advanced,2.38,2025-11-16,0.0
U00365,CR00017,SEO Mastery,Marketing,Advanced,4.79,2025-10-28,0.0
U00365,CR00018,Social Media Marketing,Marketing,Advanced,2.01,2025-08-24,0.0
U00365,CR00051,HTML & CSS,Web Development,Advanced,1.3,2025-08-23,37.89
U00365,CR00045,Financial Modeling,Finance,Advanced,1.59,2025-07-29,0.0
U00365,CR00020,Email Marketing,Marketing,Intermediate,4.11,2025-07-25,0.0
U00365,CR00015,Leadership Essentials,Business,Beginner,1.96,2025-05-28,285.05
U00365,CR00005,Full Stack Development,Programming,Beginner,1.28,2025-03-13,0.0
U00365,CR00031,Network Security,Cybersecurity,Intermediate,1.91,2025-03-10,0.0
U00365,CR00043,Corporate Finance,Finance,Beginner,4.14,2025-03-09,0.0
U00366,CR00048,AI Ethics,Artificial Intelligence,Beginner,3.64,2025-06-26,0.0
U00366,CR00037,Scrum Essentials,Project Management,Intermediate,3.45,2025-02-05,0.0
U00367,CR00053,React for Beginners,Web Development,Advanced,2.67,2025-07-03,0.0
U00368,CR00008,Photoshop Mastery,Design,Advanced,1.52,2025-03-18,0.0
U00369,CR00052,JavaScript Mastery,Web Development,Beginner,2.2,2025-09-09,0.0
U00369,CR00018,Social Media Marketing,Marketing,Advanced,2.01,2025-08-13,0.0
U00369,CR00013,Finance for Startups,Business,Advanced,2.0,2025-08-01,0.0
U00369,CR00010,3D Modeling,Design,Advanced,4.45,2025-07-20,0.0
U00370,CR00012,Business Strategy,Business,Advanced,3.64,2025-11-10,487.92
U00370,CR00044,Personal Finance,Finance,Intermediate,2.75,2025-02-01,119.04
U00371,CR00023,Machine Learning Fundamentals,Data Science,Intermediate,3.02,2025-08-22,0.0
U00372,CR00028,Deep Learning,Machine Learning,Advanced,3.89,2025-07-27,0.78
U00373,CR00013,Finance for Startups,Business,Advanced,2.0,2025-10-28,0.0
U00374,CR00048,AI Ethics,Artificial Intelligence,Beginner,3.64,2025-12-05,0.0
U00375,CR00011,Entrepreneurship 101,Business,Intermediate,2.69,2025-10-25,326.02
U00376,CR00009,Web Design Fundamentals,Design,Beginner,4.51,2025-01-07,0.0
U00377,CR00057,SEO for E-commerce,Digital Marketing,Advanced,3.89,2025-10-12,177.34
U00378,CR00020,Email Marketing,Marketing,Intermediate,4.11,2025-11-01,0.0
U00378,CR00014,Sales Mastery,Business,Advanced,3.15,2025-07-05,0.0
U00379,CR00001,Python Basics,Programming,Beginner,4.74,2025-12-14,472.28
U00379,CR00040,Leadership in Projects,Project Management,Beginner,1.51,2025-12-11,327.99
U00379,CR00016,Digital Marketing,Marketing,Intermediate,4.72,2025-10-23,0.0
U00379,CR00017,SEO Mastery,Marketing,Advanced,4.79,2025-10-09,0.0
U00379,CR00038,Risk Management,Project Management,Intermediate,4.84,2025-10-01,342.61
U00379,CR00056,Google Ads Mastery,Digital Marketing,Advanced,3.15,2025-07-28,212.39
U00379,CR00012,Business Strategy,Business,Advanced,3.64,2025-07-26,487.92
U00379,CR00005,Full Stack Development,Programming,Beginner,1.28,2025-07-24,0.0
U00379,CR00050,Computer Vision,Artificial Intelligence,Beginner,4.55,2025-07-14,490.9
U00379,CR00020,Email Marketing,Marketing,Intermediate,4.11,2025-07-04,0.0
U00379,CR00034,Data Encryption,Cybersecurity,Intermediate,1.35,2025-07-02,394.26
U00379,CR00043,Corporate Finance,Finance,Beginner,4.14,2025-05-05,0.0
U00379,CR00011,Entrepreneurship 101,Business,Intermediate,2.69,2025-04-23,326.02
U00379,CR00060,Content Creation,Digital Marketing,Beginner,2.14,2025-02-06,0.0
U00380,CR00028,Deep Learning,Machine Learning,Advanced,3.89,2025-01-23,0.78
U00381,CR00010,3D Modeling,Design,Advanced,4.45,2025-05-06,0.0
U00382,CR00018,Social Media Marketing,Marketing,Advanced,2.01,2025-11-29,0.0
U00382,CR00004,Advanced Python,Programming,Beginner,2.88,2025-06-19,0.0
U00382,CR00034,Data Encryption,Cybersecurity,Intermediate,1.35,2025-03-23,394.26
U00383,CR00017,SEO Mastery,Marketing,Advanced,4.79,2025-12-18,0.0
U00383,CR00021,Data Analysis with Python,Data Science,Intermediate,3.6,2025-11-13,0.0
U00383,CR00057,SEO for E-commerce,Digital Marketing,Advanced,3.89,2025-10-21,177.34
U00383,CR00016,Digital Marketing,Marketing,Intermediate,4.72,2025-09-03,0.0
U00383,CR00031,Network Security,Cybersecurity,Intermediate,1.91,2025-08-26,0.0
U00383,CR00013,Finance for Startups,Business,Advanced,2.0,2025-07-25,0.0
U00383,CR00003,C++ for Beginners,Programming,Beginner,3.85,2025-06-08,0.0
U00383,CR00051,HTML & CSS,Web Development,Advanced,1.3,2025-06-02,37.89
U00383,CR00046,AI for Beginners,Artificial Intelligence,Beginner,1.2,2025-05-28,248.1
U00383,CR00025,Statistical Analysis,Data Science,Beginner,3.74,2025-04-07,299.57
U00383,CR00047,Natural Language Processing,Artificial Intelligence,Intermediate,2.68,2025-03-25,89.59
U00383,CR00005,Full Stack Development,Programming,Beginner,1.28,2025-03-13,0.0
U00383,CR00040,Leadership in Projects,Project Management,Beginner,1.51,2025-03-05,327.99
U00383,CR00012,Business Strategy,Business,Advanced,3.64,2025-03-03,487.92
U00383,CR00007,UI/UX Design,Design,Advanced,2.61,2025-01-26,0.0
U00384,CR00018,Social Media Marketing,Marketing,Advanced,2.01,2025-10-26,0.0
U00384,CR00025,Statistical Analysis,Data Science,Beginner,3.74,2025-05-08,299.57
U00385,CR00030,Reinforcement Learning,Machine Learning,Intermediate,1.73,2025-01-07,0.0
U00386,CR00025,Statistical Analysis,Data Science,Beginner,3.74,2025-10-24,299.57
U00386,CR00009,Web Design Fundamentals,Design,Beginner,4.51,2025-09-03,0.0
U00387,CR00028,Deep Learning,Machine Learning,Advanced,3.89,2025-08-10,0.78
U00388,CR00038,Risk Management,Project Management,Intermediate,4.84,2025-01-07,342.61
U00389,CR00031,Network Security,Cybersecurity,Intermediate,1.91,2025-11-14,0.0
U00390,CR00009,Web Design Fundamentals,Design,Beginner,4.51,2025-09-18,0.0
U00390,CR00052,JavaScript Mastery,Web Development,Beginner,2.2,2025-04-16,0.0
U00390,CR00053,React for Beginners,Web Development,Advanced,2.67,2025-03-02,0.0
U00391,CR00033,Cybersecurity Fundamentals,Cybersecurity,Intermediate,3.93,2025-08-15,0.0
U00392,CR00040,Leadership in Projects,Project Management,Beginner,1.51,2025-09-09,327.99
U00393,CR00035,Cyber Threat Intelligence,Cybersecurity,Beginner,4.94,2025-02-26,0.0
U00394,CR00028,Deep Learning,Machine Learning,Advanced,3.89,2025-12-05,0.78
U00394,CR00013,Finance for Startups,Business,Advanced,2.0,2025-10-11,0.0
U00394,CR00004,Advanced Python,Programming,Beginner,2.88,2025-08-14,0.0
U00394,CR00002,Java Programming,Programming,Intermediate,2.43,2025-06-23,0.0
U00394,CR00022,Data Visualization,Data Science,Beginner,3.65,2025-03-07,0.0
U00394,CR00051,HTML & CSS,Web Development,Advanced,1.3,2025-03-03,37.89
U00394,CR00052,JavaScript Mastery,Web Development,Beginner,2.2,2025-02-23,0.0
U00394,CR00009,Web Design Fundamentals,Design,Beginner,4.51,2025-02-23,0.0
U00394,CR00045,Financial Modeling,Finance,Advanced,1.59,2025-02-17,0.0
U00394,CR00014,Sales Mastery,Business,Advanced,3.15,2025-02-12,0.0
U00394,CR00029,Natural Language Processing,Machine Learning,Beginner,1.13,2025-01-29,0.0
U00395,CR00035,Cyber Threat Intelligence,Cybersecurity,Beginner,4.94,2025-12-26,0.0
U00396,CR00042,Investment Strategies,Finance,Intermediate,4.1,2025-12-25,0.0
U00396,CR00030,Reinforcement Learning,Machine Learning,Intermediate,1.73,2025-11-12,0.0
U00397,CR00051,HTML & CSS,Web Development,Advanced,1.3,2025-02-11,37.89
U00398,CR00024,Big Data Analytics,Data Science,Advanced,2.57,2025-10-21,117.68
U00398,CR00002,Java Programming,Programming,Intermediate,2.43,2025-09-22,0.0
U00398,CR00035,Cyber Threat Intelligence,Cybersecurity,Beginner,4.94,2025-05-24,0.0
U00399,CR00053,React for Beginners,Web Development,Advanced,2.67,2025-12-06,0.0
U00399,CR00040,Leadership in Projects,Project Management,Beginner,1.51,2025-11-26,327.99
U00399,CR00039,Project Planning,Project Management,Advanced,1.23,2025-11-24,346.71
U00399,CR00033,Cybersecurity Fundamentals,Cybersecurity,Intermediate,3.93,2025-11-21,0.0
U00399,CR00016,Digital Marketing,Marketing,Intermediate,4.72,2025-09-18,0.0
U00399,CR00055,Full-Stack Web Development,Web Development,Advanced,4.74,2025-08-03,57.32
U00399,CR00008,Photoshop Mastery,Design,Advanced,1.52,2025-07-25,0.0
U00399,CR00046,AI for Beginners,Artificial Intelligence,Beginner,1.2,2025-07-17,248.1
U00399,CR00023,Machine Learning Fundamentals,Data Science,Intermediate,3.02,2025-05-17,0.0
U00399,CR00020,Email Marketing,Marketing,Intermediate,4.11,2025-04-17,0.0
U00399,CR00057,SEO for E-commerce,Digital Marketing,Advanced,3.89,2025-03-14,177.34
U00399,CR00050,Computer Vision,Artificial Intelligence,Beginner,4.55,2025-02-06,490.9
U00400,CR00003,C++ for Beginners,Programming,Beginner,3.85,2025-05-20,0.0
U00400,CR00027,Neural Networks,Machine Learning,Advanced,1.81,2025-04-09,0.0
U00401,CR00023,Machine Learning Fundamentals,Data Science,Intermediate,3.02,2025-12-08,0.0
U00401,CR00004,Advanced Python,Programming,Beginner,2.88,2025-02-02,0.0
U00402,CR00053,React for Beginners,Web Development,Advanced,2.67,2025-09-16,0.0
U00402,CR00045,Financial Modeling,Finance,Advanced,1.59,2025-08-20,0.0
U00403,CR00042,Investment Strategies,Finance,Intermediate,4.1,2025-05-08,0.0
U00404,CR00010,3D Modeling,Design,Advanced,4.45,2025-12-29,0.0
U00404,CR00046,AI for Beginners,Artificial Intelligence,Beginner,1.2,2025-12-06,248.1
U00404,CR00051,HTML & CSS,Web Development,Advanced,1.3,2025-11-10,37.89
U00404,CR00021,Data Analysis with Python,Data Science,Intermediate,3.6,2025-10-13,0.0
U00404,CR00057,SEO for E-commerce,Digital Marketing,Advanced,3.89,2025-09-01,177.34
U00404,CR00006,Graphic Design Basics,Design,Advanced,2.72,2025-08-22,276.37
U00404,CR00045,Financial Modeling,Finance,Advanced,1.59,2025-07-27,0.0
U00404,CR00016,Digital Marketing,Marketing,Intermediate,4.72,2025-06-21,0.0
U00404,CR00043,Corporate Finance,Finance,Beginner,4.14,2025-05-24,0.0
U00404,CR00038,Risk Management,Project Management,Intermediate,4.84,2025-05-06,342.61
U00404,CR00049,Deep Learning,Artificial Intelligence,Intermediate,3.11,2025-03-23,415.51
U00404,CR00028,Deep Learning,Machine Learning,Advanced,3.89,2025-03-15,0.78
U00404,CR00005,Full Stack Development,Programming,Beginner,1.28,2025-02-13,0.0
U00404,CR00044,Personal Finance,Finance,Intermediate,2.75,2025-02-03,119.04
U00405,CR00038,Risk Management,Project Management,Intermediate,4.84,2025-12-04,342.61
U00405,CR00039,Project Planning,Project Management,Advanced,1.23,2025-05-28,346.71
U00406,CR00023,Machine Learning Fundamentals,Data Science,Intermediate,3.02,2025-12-10,0.0
U00406,CR00029,Natural Language Processing,Machine Learning,Beginner,1.13,2025-10-16,0.0
U00406,CR00041,Financial Accounting,Finance,Beginner,2.47,2025-10-09,53.86
U00406,CR00012,Business Strategy,Business,Advanced,3.64,2025-08-23,487.92
U00406,CR00016,Digital Marketing,Marketing,Intermediate,4.72,2025-08-22,0.0
U00406,CR00031,Network Security,Cybersecurity,Intermediate,1.91,2025-08-10,0.0
U00406,CR00054,Backend Development with Node.js,Web Development,Beginner,3.32,2025-08-05,0.0
U00406,CR00046,AI for Beginners,Artificial Intelligence,Beginner,1.2,2025-07-22,248.1
U00406,CR00021,Data Analysis with Python,Data Science,Intermediate,3.6,2025-07-06,0.0
U00406,CR00058,Social Media Strategy,Digital Marketing,Beginner,4.44,2025-06-26,0.0
U00406,CR00010,3D Modeling,Design,Advanced,4.45,2025-06-21,0.0
U00406,CR00040,Leadership in Projects,Project Management,Beginner,1.51,2025-05-06,327.99
U00406,CR00032,Ethical Hacking,Cybersecurity,Advanced,2.38,2025-04-10,0.0
U00406,CR00025,Statistical Analysis,Data Science,Beginner,3.74,2025-02-06,299.57
U00406,CR00013,Finance for Startups,Business,Advanced,2.0,2025-01-10,0.0
U00407,CR00013,Finance for Startups,Business,Advanced,2.0,2025-12-27,0.0
U00407,CR00051,HTML & CSS,Web Development,Advanced,1.3,2025-12-27,37.89
U00407,CR00040,Leadership in Projects,Project Management,Beginner,1.51,2025-12-10,327.99
U00407,CR00017,SEO Mastery,Marketing,Advanced,4.79,2025-10-29,0.0
U00407,CR00041,Financial Accounting,Finance,Beginner,2.47,2025-10-29,53.86
U00407,CR00031,Network Security,Cybersecurity,Intermediate,1.91,2025-10-10,0.0
U00407,CR00059,Affiliate Marketing,Digital Marketing,Intermediate,4.66,2025-08-07,0.0
U00407,CR00042,Investment Strategies,Finance,Intermediate,4.1,2025-08-06,0.0
U00407,CR00049,Deep Learning,Artificial Intelligence,Intermediate,3.11,2025-07-11,415.51
U00407,CR00015,Leadership Essentials,Business,Beginner,1.96,2025-06-05,285.05
U00407,CR00026,Intro to Machine Learning,Machine Learning,Intermediate,4.73,2025-05-27,0.0
U00407,CR00016,Digital Marketing,Marketing,Intermediate,4.72,2025-03-29,0.0
U00407,CR00050,Computer Vision,Artificial Intelligence,Beginner,4.55,2025-03-09,490.9
U00407,CR00028,Deep Learning,Machine Learning,Advanced,3.89,2025-02-21,0.78
U00407,CR00003,C++ for Beginners,Programming,Beginner,3.85,2025-02-17,0.0
U00408,CR00014,Sales Mastery,Business,Advanced,3.15,2025-06-07,0.0
U00409,CR00020,Email Marketing,Marketing,Intermediate,4.11,2025-02-23,0.0
U00409,CR00045,Financial Modeling,Finance,Advanced,1.59,2025-01-13,0.0
U00410,CR00053,React for Beginners,Web Development,Advanced,2.67,2025-11-03,0.0
U00411,CR00023,Machine Learning Fundamentals,Data Science,Intermediate,3.02,2025-11-25,0.0
U00411,CR00058,Social Media Strategy,Digital Marketing,Beginner,4.44,2025-11-22,0.0
U00411,CR00014,Sales Mastery,Business,Advanced,3.15,2025-10-17,0.0
U00411,CR00006,Graphic Design Basics,Design,Advanced,2.72,2025-08-07,276.37
U00411,CR00044,Personal Finance,Finance,Intermediate,2.75,2025-07-21,119.04
U00411,CR00054,Backend Development with Node.js,Web Development,Beginner,3.32,2025-05-26,0.0
U00411,CR00010,3D Modeling,Design,Advanced,4.45,2025-04-25,0.0
U00411,CR00020,Email Marketing,Marketing,Intermediate,4.11,2025-04-08,0.0
U00411,CR00032,Ethical Hacking,Cybersecurity,Advanced,2.38,2025-02-13,0.0
U00411,CR00017,SEO Mastery,Marketing,Advanced,4.79,2025-02-05,0.0
U00411,CR00034,Data Encryption,Cybersecurity,Intermediate,1.35,2025-01-17,394.26
U00411,CR00019,Content Marketing,Marketing,Advanced,2.98,2025-01-08,0.0
U00412,CR00044,Personal Finance,Finance,Intermediate,2.75,2025-11-28,119.04
U00412,CR00003,C++ for Beginners,Programming,Beginner,3.85,2025-04-13,0.0
U00412,CR00024,Big Data Analytics,Data Science,Advanced,2.57,2025-03-01,117.68
U00412,CR00042,Investment Strategies,Finance,Intermediate,4.1,2025-02-14,0.0
U00413,CR00033,Cybersecurity Fundamentals,Cybersecurity,Intermediate,3.93,2025-08-04,0.0
U00413,CR00001,Python Basics,Programming,Beginner,4.74,2025-02-07,472.28
U00414,CR00007,UI/UX Design,Design,Advanced,2.61,2025-10-16,0.0
U00415,CR00008,Photoshop Mastery,Design,Advanced,1.52,2025-12-25,0.0
U00415,CR00024,Big Data Analytics,Data Science,Advanced,2.57,2025-11-27,117.68
U00415,CR00029,Natural Language Processing,Machine Learning,Beginner,1.13,2025-11-09,0.0
U00415,CR00035,Cyber Threat Intelligence,Cybersecurity,Beginner,4.94,2025-10-29,0.0
U00415,CR00054,Backend Development with Node.js,Web Development,Beginner,3.32,2025-08-29,0.0
U00415,CR00003,C++ for Beginners,Programming,Beginner,3.85,2025-08-06,0.0
U00415,CR00028,Deep Learning,Machine Learning,Advanced,3.89,2025-07-10,0.78
U00415,CR00044,Personal Finance,Finance,Intermediate,2.75,2025-06-29,119.04
U00415,CR00001,Python Basics,Programming,Beginner,4.74,2025-05-09,472.28
U00415,CR00055,Full-Stack Web Development,Web Development,Advanced,4.74,2025-04-12,57.32
U00415,CR00051,HTML & CSS,Web Development,Advanced,1.3,2025-03-03,37.89
U00415,CR00045,Financial Modeling,Finance,Advanced,1.59,2025-02-04,0.0
U00415,CR00043,Corporate Finance,Finance,Beginner,4.14,2025-01-23,0.0
U00416,CR00052,JavaScript Mastery,Web Development,Beginner,2.2,2025-01-27,0.0
U00416,CR00022,Data Visualization,Data Science,Beginner,3.65,2025-01-11,0.0
U00417,CR00048,AI Ethics,Artificial Intelligence,Beginner,3.64,2025-09-26,0.0
U00417,CR00052,JavaScript Mastery,Web Development,Beginner,2.2,2025-04-13,0.0
U00418,CR00050,Computer Vision,Artificial Intelligence,Beginner,4.55,2025-12-13,490.9
U00418,CR00051,HTML & CSS,Web Development,Advanced,1.3,2025-02-07,37.89
U00418,CR00029,Natural Language Processing,Machine Learning,Beginner,1.13,2025-01-16,0.0
U00419,CR00028,Deep Learning,Machine Learning,Advanced,3.89,2025-03-01,0.78
U00420,CR00040,Leadership in Projects,Project Management,Beginner,1.51,2025-04-28,327.99
U00421,CR00010,3D Modeling,Design,Advanced,4.45,2025-10-21,0.0
U00422,CR00043,Corporate Finance,Finance,Beginner,4.14,2025-10-22,0.0
U00422,CR00032,Ethical Hacking,Cybersecurity,Advanced,2.38,2025-09-08,0.0
U00422,CR00015,Leadership Essentials,Business,Beginner,1.96,2025-01-21,285.05
U00423,CR00041,Financial Accounting,Finance,Beginner,2.47,2025-12-01,53.86
U00423,CR00003,C++ for Beginners,Programming,Beginner,3.85,2025-11-27,0.0
U00423,CR00044,Personal Finance,Finance,Intermediate,2.75,2025-10-26,119.04
U00423,CR00027,Neural Networks,Machine Learning,Advanced,1.81,2025-10-01,0.0
U00423,CR00042,Investment Strategies,Finance,Intermediate,4.1,2025-09-24,0.0
U00423,CR00014,Sales Mastery,Business,Advanced,3.15,2025-09-11,0.0
U00423,CR00037,Scrum Essentials,Project Management,Intermediate,3.45,2025-09-08,0.0
U00423,CR00039,Project Planning,Project Management,Advanced,1.23,2025-08-06,346.71
U00423,CR00046,AI for Beginners,Artificial Intelligence,Beginner,1.2,2025-08-05,248.1
U00423,CR00048,AI Ethics,Artificial Intelligence,Beginner,3.64,2025-04-07,0.0
U00423,CR00050,Computer Vision,Artificial Intelligence,Beginner,4.55,2025-02-28,490.9
U00423,CR00038,Risk Management,Project Management,Intermediate,4.84,2025-02-22,342.61
U00424,CR00040,Leadership in Projects,Project Management,Beginner,1.51,2025-10-24,327.99
U00424,CR00050,Computer Vision,Artificial Intelligence,Beginner,4.55,2025-09-22,490.9
U00424,CR00017,SEO Mastery,Marketing,Advanced,4.79,2025-08-04,0.0
U00424,CR00007,UI/UX Design,Design,Advanced,2.61,2025-07-26,0.0
U00424,CR00006,Graphic Design Basics,Design,Advanced,2.72,2025-06-19,276.37
U00424,CR00023,Machine Learning Fundamentals,Data Science,Intermediate,3.02,2025-06-07,0.0
U00424,CR00029,Natural Language Processing,Machine Learning,Beginner,1.13,2025-05-25,0.0
U00424,CR00048,AI Ethics,Artificial Intelligence,Beginner,3.64,2025-05-16,0.0
U00424,CR00028,Deep Learning,Machine Learning,Advanced,3.89,2025-04-30,0.78
U00424,CR00059,Affiliate Marketing,Digital Marketing,Intermediate,4.66,2025-03-28,0.0
U00424,CR00024,Big Data Analytics,Data Science,Advanced,2.57,2025-03-18,117.68
U00425,CR00050,Computer Vision,Artificial Intelligence,Beginner,4.55,2025-08-21,490.9
U00426,CR00060,Content Creation,Digital Marketing,Beginner,2.14,2025-11-13,0.0
U00426,CR00004,Advanced Python,Programming,Beginner,2.88,2025-10-09,0.0
U00426,CR00035,Cyber Threat Intelligence,Cybersecurity,Beginner,4.94,2025-08-17,0.0
U00426,CR00001,Python Basics,Programming,Beginner,4.74,2025-07-07,472.28
U00427,CR00007,UI/UX Design,Design,Advanced,2.61,2025-12-26,0.0
U00427,CR00053,React for Beginners,Web Development,Advanced,2.67,2025-12-13,0.0
U00427,CR00050,Computer Vision,Artificial Intelligence,Beginner,4.55,2025-11-30,490.9
U00427,CR00008,Photoshop Mastery,Design,Advanced,1.52,2025-11-09,0.0
U00427,CR00039,Project Planning,Project Management,Advanced,1.23,2025-10-11,346.71
U00427,CR00060,Content Creation,Digital Marketing,Beginner,2.14,2025-10-03,0.0
U00427,CR00017,SEO Mastery,Marketing,Advanced,4.79,2025-08-19,0.0
U00427,CR00036,Agile Project Management,Project Management,Beginner,4.68,2025-07-29,0.0
U00427,CR00048,AI Ethics,Artificial Intelligence,Beginner,3.64,2025-07-14,0.0
U00427,CR00047,Natural Language Processing,Artificial Intelligence,Intermediate,2.68,2025-07-02,89.59
U00427,CR00040,Leadership in Projects,Project Management,Beginner,1.51,2025-06-25,327.99
U00427,CR00023,Machine Learning Fundamentals,Data Science,Intermediate,3.02,2025-06-12,0.0
U00427,CR00022,Data Visualization,Data Science,Beginner,3.65,2025-05-30,0.0
U00427,CR00002,Java Programming,Programming,Intermediate,2.43,2025-04-12,0.0
U00427,CR00059,Affiliate Marketing,Digital Marketing,Intermediate,4.66,2025-03-06,0.0
U00427,CR00044,Personal Finance,Finance,Intermediate,2.75,2025-01-13,119.04
U00428,CR00019,Content Marketing,Marketing,Advanced,2.98,2025-06-26,0.0
U00429,CR00042,Investment Strategies,Finance,Intermediate,4.1,2025-09-04,0.0
U00430,CR00012,Business Strategy,Business,Advanced,3.64,2025-07-28,487.92
U00431,CR00012,Business Strategy,Business,Advanced,3.64,2025-10-10,487.92
U00432,CR00017,SEO Mastery,Marketing,Advanced,4.79,2025-08-30,0.0
U00433,CR00006,Graphic Design Basics,Design,Advanced,2.72,2025-01-28,276.37
U00434,CR00057,SEO for E-commerce,Digital Marketing,Advanced,3.89,2025-02-06,177.34
U00435,CR00044,Personal Finance,Finance,Intermediate,2.75,2025-06-20,119.04
U00436,CR00050,Computer Vision,Artificial Intelligence,Beginner,4.55,2025-04-21,490.9
U00437,CR00022,Data Visualization,Data Science,Beginner,3.65,2025-11-17,0.0
U00437,CR00036,Agile Project Management,Project Management,Beginner,4.68,2025-08-15,0.0
U00437,CR00053,React for Beginners,Web Development,Advanced,2.67,2025-02-05,0.0
U00438,CR00029,Natural Language Processing,Machine Learning,Beginner,1.13,2025-11-25,0.0
U00438,CR00036,Agile Project Management,Project Management,Beginner,4.68,2025-10-19,0.0
U00438,CR00007,UI/UX Design,Design,Advanced,2.61,2025-09-30,0.0
U00438,CR00058,Social Media Strategy,Digital Marketing,Beginner,4.44,2025-09-10,0.0
U00438,CR00033,Cybersecurity Fundamentals,Cybersecurity,Intermediate,3.93,2025-09-06,0.0
U00438,CR00055,Full-Stack Web Development,Web Development,Advanced,4.74,2025-07-16,57.32
U00438,CR00006,Graphic Design Basics,Design,Advanced,2.72,2025-07-07,276.37
U00438,CR00025,Statistical Analysis,Data Science,Beginner,3.74,2025-06-25,299.57
U00438,CR00045,Financial Modeling,Finance,Advanced,1.59,2025-06-20,0.0
U00438,CR00059,Affiliate Marketing,Digital Marketing,Intermediate,4.66,2025-06-11,0.0
U00438,CR00032,Ethical Hacking,Cybersecurity,Advanced,2.38,2025-04-06,0.0
U00438,CR00014,Sales Mastery,Business,Advanced,3.15,2025-03-21,0.0
U00438,CR00019,Content Marketing,Marketing,Advanced,2.98,2025-02-23,0.0
U00438,CR00016,Digital Marketing,Marketing,Intermediate,4.72,2025-02-21,0.0
U00439,CR00008,Photoshop Mastery,Design,Advanced,1.52,2025-12-05,0.0
U00440,CR00053,React for Beginners,Web Development,Advanced,2.67,2025-12-17,0.0
U00441,CR00051,HTML & CSS,Web Development,Advanced,1.3,2025-03-16,37.89
U00442,CR00015,Leadership Essentials,Business,Beginner,1.96,2025-11-15,285.05
U00443,CR00050,Computer Vision,Artificial Intelligence,Beginner,4.55,2025-12-15,490.9
U00443,CR00012,Business Strategy,Business,Advanced,3.64,2025-11-10,487.92
U00444,CR00047,Natural Language Processing,Artificial Intelligence,Intermediate,2.68,2025-12-29,89.59
U00444,CR00012,Business Strategy,Business,Advanced,3.64,2025-12-24,487.92
U00444,CR00055,Full-Stack Web Development,Web Development,Advanced,4.74,2025-12-03,57.32
U00444,CR00038,Risk Management,Project Management,Intermediate,4.84,2025-10-29,342.61
U00444,CR00014,Sales Mastery,Business,Advanced,3.15,2025-10-20,0.0
U00444,CR00022,Data Visualization,Data Science,Beginner,3.65,2025-09-19,0.0
U00444,CR00010,3D Modeling,Design,Advanced,4.45,2025-07-29,0.0
U00444,CR00001,Python Basics,Programming,Beginner,4.74,2025-07-28,472.28
U00444,CR00059,Affiliate Marketing,Digital Marketing,Intermediate,4.66,2025-07-05,0.0
U00444,CR00019,Content Marketing,Marketing,Advanced,2.98,2025-06-22,0.0
U00444,CR00024,Big Data Analytics,Data Science,Advanced,2.57,2025-06-09,117.68
U00444,CR00023,Machine Learning Fundamentals,Data Science,Intermediate,3.02,2025-04-27,0.0
U00444,CR00028,Deep Learning,Machine Learning,Advanced,3.89,2025-03-08,0.78
U00445,CR00015,Leadership Essentials,Business,Beginner,1.96,2025-06-05,285.05
U00446,CR00054,Backend Development with Node.js,Web Development,Beginner,3.32,2025-11-01,0.0
U00446,CR00041,Financial Accounting,Finance,Beginner,2.47,2025-06-23,53.86
U00447,CR00023,Machine Learning Fundamentals,Data Science,Intermediate,3.02,2025-10-02,0.0
U00448,CR00031,Network Security,Cybersecurity,Intermediate,1.91,2025-09-18,0.0
U00448,CR00035,Cyber Threat Intelligence,Cybersecurity,Beginner,4.94,2025-07-10,0.0
U00448,CR00059,Affiliate Marketing,Digital Marketing,Intermediate,4.66,2025-03-01,0.0
U00449,CR00019,Content Marketing,Marketing,Advanced,2.98,2025-12-19,0.0
U00449,CR00030,Reinforcement Learning,Machine Learning,Intermediate,1.73,2025-11-28,0.0
U00449,CR00052,JavaScript Mastery,Web Development,Beginner,2.2,2025-11-05,0.0
U00449,CR00033,Cybersecurity Fundamentals,Cybersecurity,Intermediate,3.93,2025-10-23,0.0
U00449,CR00013,Finance for Startups,Business,Advanced,2.0,2025-09-20,0.0
U00449,CR00039,Project Planning,Project Management,Advanced,1.23,2025-09-16,346.71
U00449,CR00022,Data Visualization,Data Science,Beginner,3.65,2025-07-26,0.0
U00449,CR00036,Agile Project Management,Project Management,Beginner,4.68,2025-06-26,0.0
U00449,CR00041,Financial Accounting,Finance,Beginner,2.47,2025-05-24,53.86
U00449,CR00056,Google Ads Mastery,Digital Marketing,Advanced,3.15,2025-05-03,212.39
U00449,CR00049,Deep Learning,Artificial Intelligence,Intermediate,3.11,2025-03-18,415.51
U00449,CR00027,Neural Networks,Machine Learning,Advanced,1.81,2025-03-06,0.0
U00449,CR00025,Statistical Analysis,Data Science,Beginner,3.74,2025-02-27,299.57
U00449,CR00020,Email Marketing,Marketing,Intermediate,4.11,2025-02-15,0.0
U00450,CR00015,Leadership Essentials,Business,Beginner,1.96,2025-12-25,285.05
U00450,CR00059,Affiliate Marketing,Digital Marketing,Intermediate,4.66,2025-11-15,0.0
U00450,CR00055,Full-Stack Web Development,Web Development,Advanced,4.74,2025-11-07,57.32
U00450,CR00013,Finance for Startups,Business,Advanced,2.0,2025-10-27,0.0
U00450,CR00018,Social Media Marketing,Marketing,Advanced,2.01,2025-10-27,0.0
U00450,CR00020,Email Marketing,Marketing,Intermediate,4.11,2025-09-14,0.0
U00450,CR00036,Agile Project Management,Project Management,Beginner,4.68,2025-08-15,0.0
U00450,CR00051,HTML & CSS,Web Development,Advanced,1.3,2025-07-04,37.89
U00450,CR00034,Data Encryption,Cybersecurity,Intermediate,1.35,2025-06-10,394.26
U00450,CR00058,Social Media Strategy,Digital Marketing,Beginner,4.44,2025-04-13,0.0
U00450,CR00007,UI/UX Design,Design,Advanced,2.61,2025-04-01,0.0
U00450,CR00012,Business Strategy,Business,Advanced,3.64,2025-01-30,487.92
U00451,CR00046,AI for Beginners,Artificial Intelligence,Beginner,1.2,2025-03-17,248.1
U00452,CR00017,SEO Mastery,Marketing,Advanced,4.79,2025-10-27,0.0
U00452,CR00045,Financial Modeling,Finance,Advanced,1.59,2025-07-01,0.0
U00452,CR00055,Full-Stack Web Development,Web Development,Advanced,4.74,2025-05-17,57.32
U00453,CR00050,Computer Vision,Artificial Intelligence,Beginner,4.55,2025-01-14,490.9
U00454,CR00049,Deep Learning,Artificial Intelligence,Intermediate,3.11,2025-12-15,415.51
U00454,CR00038,Risk Management,Project Management,Intermediate,4.84,2025-10-15,342.61
U00454,CR00036,Agile Project Management,Project Management,Beginner,4.68,2025-10-14,0.0
U00454,CR00005,Full Stack Development,Programming,Beginner,1.28,2025-02-25,0.0
U00455,CR00002,Java Programming,Programming,Intermediate,2.43,2025-12-02,0.0
U00455,CR00048,AI Ethics,Artificial Intelligence,Beginner,3.64,2025-08-18,0.0
U00455,CR00022,Data Visualization,Data Science,Beginner,3.65,2025-05-24,0.0
U00456,CR00023,Machine Learning Fundamentals,Data Science,Intermediate,3.02,2025-12-24,0.0
U00456,CR00060,Content Creation,Digital Marketing,Beginner,2.14,2025-08-17,0.0
U00457,CR00051,HTML & CSS,Web Development,Advanced,1.3,2025-12-12,37.89
U00457,CR00017,SEO Mastery,Marketing,Advanced,4.79,2025-01-21,0.0
U00458,CR00002,Java Programming,Programming,Intermediate,2.43,2025-06-16,0.0
U00458,CR00024,Big Data Analytics,Data Science,Advanced,2.57,2025-05-25,117.68
U00458,CR00047,Natural Language Processing,Artificial Intelligence,Intermediate,2.68,2025-03-07,89.59
U00458,CR00010,3D Modeling,Design,Advanced,4.45,2025-03-04,0.0
U00459,CR00037,Scrum Essentials,Project Management,Intermediate,3.45,2025-10-14,0.0
U00460,CR00022,Data Visualization,Data Science,Beginner,3.65,2025-12-16,0.0
U00460,CR00049,Deep Learning,Artificial Intelligence,Intermediate,3.11,2025-02-26,415.51
U00461,CR00050,Computer Vision,Artificial Intelligence,Beginner,4.55,2025-07-23,490.9
U00461,CR00026,Intro to Machine Learning,Machine Learning,Intermediate,4.73,2025-06-15,0.0
U00462,CR00017,SEO Mastery,Marketing,Advanced,4.79,2025-11-15,0.0
U00462,CR00011,Entrepreneurship 101,Business,Intermediate,2.69,2025-01-02,326.02
U00463,CR00037,Scrum Essentials,Project Management,Intermediate,3.45,2025-06-27,0.0
U00464,CR00008,Photoshop Mastery,Design,Advanced,1.52,2025-12-11,0.0
U00464,CR00048,AI Ethics,Artificial Intelligence,Beginner,3.64,2025-11-28,0.0
U00464,CR00007,UI/UX Design,Design,Advanced,2.61,2025-09-16,0.0
U00464,CR00025,Statistical Analysis,Data Science,Beginner,3.74,2025-08-15,299.57
U00464,CR00029,Natural Language Processing,Machine Learning,Beginner,1.13,2025-08-03,0.0
U00464,CR00006,Graphic Design Basics,Design,Advanced,2.72,2025-06-27,276.37
U00464,CR00031,Network Security,Cybersecurity,Intermediate,1.91,2025-06-06,0.0
U00464,CR00009,Web Design Fundamentals,Design,Beginner,4.51,2025-05-24,0.0
U00464,CR00034,Data Encryption,Cybersecurity,Intermediate,1.35,2025-05-23,394.26
U00464,CR00041,Financial Accounting,Finance,Beginner,2.47,2025-04-19,53.86
U00464,CR00016,Digital Marketing,Marketing,Intermediate,4.72,2025-03-17,0.0
U00464,CR00021,Data Analysis with Python,Data Science,Intermediate,3.6,2025-01-03,0.0
U00465,CR00028,Deep Learning,Machine Learning,Advanced,3.89,2025-01-10,0.78
U00466,CR00056,Google Ads Mastery,Digital Marketing,Advanced,3.15,2025-12-09,212.39
U00466,CR00016,Digital Marketing,Marketing,Intermediate,4.72,2025-08-25,0.0
U00467,CR00032,Ethical Hacking,Cybersecurity,Advanced,2.38,2025-07-30,0.0
U00468,CR00035,Cyber Threat Intelligence,Cybersecurity,Beginner,4.94,2025-01-27,0.0
U00469,CR00029,Natural Language Processing,Machine Learning,Beginner,1.13,2025-10-27,0.0
U00469,CR00053,React for Beginners,Web Development,Advanced,2.67,2025-08-24,0.0
U00470,CR00047,Natural Language Processing,Artificial Intelligence,Intermediate,2.68,2025-11-22,89.59
U00471,CR00058,Social Media Strategy,Digital Marketing,Beginner,4.44,2025-02-26,0.0
U00472,CR00036,Agile Project Management,Project Management,Beginner,4.68,2025-10-02,0.0
U00473,CR00054,Backend Development with Node.js,Web Development,Beginner,3.32,2025-09-23,0.0
U00473,CR00038,Risk Management,Project Management,Intermediate,4.84,2025-07-29,342.61
U00473,CR00029,Natural Language Processing,Machine Learning,Beginner,1.13,2025-01-03,0.0
U00474,CR00055,Full-Stack Web Development,Web Development,Advanced,4.74,2025-10-07,57.32
U00475,CR00040,Leadership in Projects,Project Management,Beginner,1.51,2025-11-16,327.99
U00475,CR00006,Graphic Design Basics,Design,Advanced,2.72,2025-05-30,276.37
U00475,CR00023,Machine Learning Fundamentals,Data Science,Intermediate,3.02,2025-05-23,0.0
U00476,CR00045,Financial Modeling,Finance,Advanced,1.59,2025-10-25,0.0
U00476,CR00006,Graphic Design Basics,Design,Advanced,2.72,2025-04-21,276.37
U00477,CR00051,HTML & CSS,Web Development,Advanced,1.3,2025-01-08,37.89
U00478,CR00055,Full-Stack Web Development,Web Development,Advanced,4.74,2025-08-14,57.32
U00478,CR00030,Reinforcement Learning,Machine Learning,Intermediate,1.73,2025-06-18,0.0
U00479,CR00032,Ethical Hacking,Cybersecurity,Advanced,2.38,2025-10-05,0.0
U00479,CR00054,Backend Development with Node.js,Web Development,Beginner,3.32,2025-04-13,0.0
U00480,CR00059,Affiliate Marketing,Digital Marketing,Intermediate,4.66,2025-10-14,0.0
U00481,CR00011,Entrepreneurship 101,Business,Intermediate,2.69,2025-12-07,326.02
U00482,CR00059,Affiliate Marketing,Digital Marketing,Intermediate,4.66,2025-07-26,0.0
U00483,CR00012,Business Strategy,Business,Advanced,3.64,2025-06-23,487.92
U00484,CR00002,Java Programming,Programming,Intermediate,2.43,2025-06-21,0.0
U00484,CR00023,Machine Learning Fundamentals,Data Science,Intermediate,3.02,2025-04-28,0.0
U00485,CR00036,Agile Project Management,Project Management,Beginner,4.68,2025-10-05,0.0
U00486,CR00037,Scrum Essentials,Project Management,Intermediate,3.45,2025-09-14,0.0
U00486,CR00026,Intro to Machine Learning,Machine Learning,Intermediate,4.73,2025-02-13,0.0
U00487,CR00022,Data Visualization,Data Science,Beginner,3.65,2025-05-13,0.0
U00487,CR00023,Machine Learning Fundamentals,Data Science,Intermediate,3.02,2025-05-01,0.0
U00488,CR00007,UI/UX Design,Design,Advanced,2.61,2025-11-16,0.0
U00488,CR00044,Personal Finance,Finance,Intermediate,2.75,2025-06-01,119.04
U00489,CR00041,Financial Accounting,Finance,Beginner,2.47,2025-10-29,53.86
U00489,CR00029,Natural Language Processing,Machine Learning,Beginner,1.13,2025-08-11,0.0
U00489,CR00034,Data Encryption,Cybersecurity,Intermediate,1.35,2025-02-27,394.26
U00490,CR00014,Sales Mastery,Business,Advanced,3.15,2025-08-17,0.0
U00491,CR00034,Data Encryption,Cybersecurity,Intermediate,1.35,2025-08-09,394.26
U00492,CR00057,SEO for E-commerce,Digital Marketing,Advanced,3.89,2025-02-17,177.34
U00493,CR00037,Scrum Essentials,Project Management,Intermediate,3.45,2025-01-17,0.0
U00494,CR00014,Sales Mastery,Business,Advanced,3.15,2025-12-25,0.0
U00494,CR00004,Advanced Python,Programming,Beginner,2.88,2025-10-30,0.0
U00494,CR00017,SEO Mastery,Marketing,Advanced,4.79,2025-09-04,0.0
U00494,CR00046,AI for Beginners,Artificial Intelligence,Beginner,1.2,2025-09-01,248.1
U00494,CR00058,Social Media Strategy,Digital Marketing,Beginner,4.44,2025-08-29,0.0
U00494,CR00049,Deep Learning,Artificial Intelligence,Intermediate,3.11,2025-08-21,415.51
U00494,CR00028,Deep Learning,Machine Learning,Advanced,3.89,2025-08-01,0.78
U00494,CR00038,Risk Management,Project Management,Intermediate,4.84,2025-07-19,342.61
U00494,CR00003,C++ for Beginners,Programming,Beginner,3.85,2025-06-22,0.0
U00494,CR00031,Network Security,Cybersecurity,Intermediate,1.91,2025-06-11,0.0
U00494,CR00007,UI/UX Design,Design,Advanced,2.61,2025-04-05,0.0
U00494,CR00018,Social Media Marketing,Marketing,Advanced,2.01,2025-01-10,0.0
U00494,CR00053,React for Beginners,Web Development,Advanced,2.67,2025-01-02,0.0
U00495,CR00009,Web Design Fundamentals,Design,Beginner,4.51,2025-12-25,0.0
U00495,CR00015,Leadership Essentials,Business,Beginner,1.96,2025-04-19,285.05
U00496,CR00032,Ethical Hacking,Cybersecurity,Advanced,2.38,2025-12-18,0.0
U00497,CR00054,Backend Development with Node.js,Web Development,Beginner,3.32,2025-12-11,0.0
U00497,CR00052,JavaScript Mastery,Web Development,Beginner,2.2,2025-08-28,0.0
U00497,CR00048,AI Ethics,Artificial Intelligence,Beginner,3.64,2025-06-06,0.0
U00498,CR00020,Email Marketing,Marketing,Intermediate,4.11,2025-09-19,0.0
U00498,CR00037,Scrum Essentials,Project Management,Intermediate,3.45,2025-08-03,0.0
U00498,CR00059,Affiliate Marketing,Digital Marketing,Intermediate,4.66,2025-03-21,0.0
U00499,CR00049,Deep Learning,Artificial Intelligence,Intermediate,3.11,2025-04-01,415.51
U00500,CR00046,AI for Beginners,Artificial Intelligence,Beginner,1.2,2025-12-20,248.1
U00500,CR00038,Risk Management,Project Management,Intermediate,4.84,2025-06-30,342.61
U00501,CR00033,Cybersecurity Fundamentals,Cybersecurity,Intermediate,3.93,2025-06-03,0.0
U00502,CR00028,Deep Learning,Machine Learning,Advanced,3.89,2025-04-23,0.78
U00502,CR00003,C++ for Beginners,Programming,Beginner,3.85,2025-04-02,0.0
U00503,CR00009,Web Design Fundamentals,Design,Beginner,4.51,2025-12-13,0.0
U00503,CR00058,Social Media Strategy,Digital Marketing,Beginner,4.44,2025-11-21,0.0
U00504,CR00054,Backend Development with Node.js,Web Development,Beginner,3.32,2025-07-24,0.0
U00504,CR00033,Cybersecurity Fundamentals,Cybersecurity,Intermediate,3.93,2025-03-04,0.0
U00505,CR00042,Investment Strategies,Finance,Intermediate,4.1,2025-09-11,0.0
U00506,CR00021,Data Analysis with Python,Data Science,Intermediate,3.6,2025-02-25,0.0
U00507,CR00023,Machine Learning Fundamentals,Data Science,Intermediate,3.02,2025-07-06,0.0
U00507,CR00057,SEO for E-commerce,Digital Marketing,Advanced,3.89,2025-04-28,177.34
U00508,CR00058,Social Media Strategy,Digital Marketing,Beginner,4.44,2025-03-26,0.0
U00509,CR00043,Corporate Finance,Finance,Beginner,4.14,2025-05-10,0.0
U00510,CR00013,Finance for Startups,Business,Advanced,2.0,2025-04-23,0.0
U00511,CR00019,Content Marketing,Marketing,Advanced,2.98,2025-05-08,0.0
U00512,CR00011,Entrepreneurship 101,Business,Intermediate,2.69,2025-10-03,326.02
U00512,CR00045,Financial Modeling,Finance,Advanced,1.59,2025-07-15,0.0
U00513,CR00058,Social Media Strategy,Digital Marketing,Beginner,4.44,2025-06-01,0.0
U00514,CR00004,Advanced Python,Programming,Beginner,2.88,2025-11-15,0.0
U00514,CR00024,Big Data Analytics,Data Science,Advanced,2.57,2025-11-14,117.68
U00514,CR00001,Python Basics,Programming,Beginner,4.74,2025-04-10,472.28
U00515,CR00023,Machine Learning Fundamentals,Data Science,Intermediate,3.02,2025-11-23,0.0
U00515,CR00014,Sales Mastery,Business,Advanced,3.15,2025-08-09,0.0
U00516,CR00057,SEO for E-commerce,Digital Marketing,Advanced,3.89,2025-05-23,177.34
U00517,CR00021,Data Analysis with Python,Data Science,Intermediate,3.6,2025-04-17,0.0
U00518,CR00049,Deep Learning,Artificial Intelligence,Intermediate,3.11,2025-11-21,415.51
U00519,CR00021,Data Analysis with Python,Data Science,Intermediate,3.6,2025-08-20,0.0
U00520,CR00021,Data Analysis with Python,Data Science,Intermediate,3.6,2025-11-11,0.0
U00521,CR00027,Neural Networks,Machine Learning,Advanced,1.81,2025-05-01,0.0
U00522,CR00036,Agile Project Management,Project Management,Beginner,4.68,2025-01-23,0.0
U00523,CR00038,Risk Management,Project Management,Intermediate,4.84,2025-09-16,342.61
U00524,CR00043,Corporate Finance,Finance,Beginner,4.14,2025-12-03,0.0
U00524,CR00044,Personal Finance,Finance,Intermediate,2.75,2025-06-25,119.04
U00525,CR00059,Affiliate Marketing,Digital Marketing,Intermediate,4.66,2025-08-07,0.0
U00526,CR00048,AI Ethics,Artificial Intelligence,Beginner,3.64,2025-10-02,0.0
U00527,CR00059,Affiliate Marketing,Digital Marketing,Intermediate,4.66,2025-12-04,0.0
U00527,CR00019,Content Marketing,Marketing,Advanced,2.98,2025-06-24,0.0
U00528,CR00005,Full Stack Development,Programming,Beginner,1.28,2025-07-24,0.0
U00529,CR00052,JavaScript Mastery,Web Development,Beginner,2.2,2025-12-22,0.0
U00529,CR00018,Social Media Marketing,Marketing,Advanced,2.01,2025-09-01,0.0
U00530,CR00041,Financial Accounting,Finance,Beginner,2.47,2025-07-14,53.86
U00531,CR00058,Social Media Strategy,Digital Marketing,Beginner,4.44,2025-10-08,0.0
U00531,CR00034,Data Encryption,Cybersecurity,Intermediate,1.35,2025-04-04,394.26
U00532,CR00001,Python Basics,Programming,Beginner,4.74,2025-02-11,472.28
U00533,CR00016,Digital Marketing,Marketing,Intermediate,4.72,2025-10-25,0.0
U00533,CR00007,UI/UX Design,Design,Advanced,2.61,2025-06-26,0.0
U00534,CR00054,Backend Development with Node.js,Web Development,Beginner,3.32,2025-12-11,0.0
U00534,CR00057,SEO for E-commerce,Digital Marketing,Advanced,3.89,2025-08-19,177.34
U00534,CR00029,Natural Language Processing,Machine Learning,Beginner,1.13,2025-06-27,0.0
U00534,CR00019,Content Marketing,Marketing,Advanced,2.98,2025-02-08,0.0
U00535,CR00033,Cybersecurity Fundamentals,Cybersecurity,Intermediate,3.93,2025-07-06,0.0
U00535,CR00049,Deep Learning,Artificial Intelligence,Intermediate,3.11,2025-06-18,415.51
U00536,CR00037,Scrum Essentials,Project Management,Intermediate,3.45,2025-01-02,0.0
U00537,CR00017,SEO Mastery,Marketing,Advanced,4.79,2025-11-29,0.0
U00537,CR00039,Project Planning,Project Management,Advanced,1.23,2025-05-21,346.71
U00538,CR00014,Sales Mastery,Business,Advanced,3.15,2025-04-08,0.0
U00539,CR00025,Statistical Analysis,Data Science,Beginner,3.74,2025-04-20,299.57
U00540,CR00041,Financial Accounting,Finance,Beginner,2.47,2025-11-22,53.86
U00541,CR00056,Google Ads Mastery,Digital Marketing,Advanced,3.15,2025-09-07,212.39
U00541,CR00024,Big Data Analytics,Data Science,Advanced,2.57,2025-06-11,117.68
U00541,CR00010,3D Modeling,Design,Advanced,4.45,2025-04-12,0.0
U00542,CR00014,Sales Mastery,Business,Advanced,3.15,2025-09-24,0.0
U00543,CR00021,Data Analysis with Python,Data Science,Intermediate,3.6,2025-12-07,0.0
U00543,CR00005,Full Stack Development,Programming,Beginner,1.28,2025-11-19,0.0
U00543,CR00041,Financial Accounting,Finance,Beginner,2.47,2025-11-08,53.86
U00543,CR00037,Scrum Essentials,Project Management,Intermediate,3.45,2025-09-23,0.0
U00543,CR00059,Affiliate Marketing,Digital Marketing,Intermediate,4.66,2025-08-15,0.0
U00543,CR00047,Natural Language Processing,Artificial Intelligence,Intermediate,2.68,2025-07-15,89.59
U00543,CR00060,Content Creation,Digital Marketing,Beginner,2.14,2025-05-30,0.0
U00543,CR00029,Natural Language Processing,Machine Learning,Beginner,1.13,2025-04-07,0.0
U00543,CR00050,Computer Vision,Artificial Intelligence,Beginner,4.55,2025-03-09,490.9
U00543,CR00038,Risk Management,Project Management,Intermediate,4.84,2025-03-04,342.61
U00543,CR00053,React for Beginners,Web Development,Advanced,2.67,2025-02-17,0.0
U00543,CR00019,Content Marketing,Marketing,Advanced,2.98,2025-02-12,0.0
U00543,CR00034,Data Encryption,Cybersecurity,Intermediate,1.35,2025-01-27,394.26
U00544,CR00003,C++ for Beginners,Programming,Beginner,3.85,2025-10-09,0.0
U00545,CR00048,AI Ethics,Artificial Intelligence,Beginner,3.64,2025-08-17,0.0
U00546,CR00042,Investment Strategies,Finance,Intermediate,4.1,2025-07-03,0.0
U00547,CR00057,SEO for E-commerce,Digital Marketing,Advanced,3.89,2025-08-23,177.34
U00548,CR00027,Neural Networks,Machine Learning,Advanced,1.81,2025-12-04,0.0
U00548,CR00043,Corporate Finance,Finance,Beginner,4.14,2025-11-19,0.0
U00548,CR00032,Ethical Hacking,Cybersecurity,Advanced,2.38,2025-10-12,0.0
U00548,CR00044,Personal Finance,Finance,Intermediate,2.75,2025-09-21,119.04
U00548,CR00011,Entrepreneurship 101,Business,Intermediate,2.69,2025-09-17,326.02
U00548,CR00039,Project Planning,Project Management,Advanced,1.23,2025-08-17,346.71
U00548,CR00023,Machine Learning Fundamentals,Data Science,Intermediate,3.02,2025-08-11,0.0
U00548,CR00035,Cyber Threat Intelligence,Cybersecurity,Beginner,4.94,2025-07-30,0.0
U00548,CR00034,Data Encryption,Cybersecurity,Intermediate,1.35,2025-07-26,394.26
U00548,CR00059,Affiliate Marketing,Digital Marketing,Intermediate,4.66,2025-07-25,0.0
U00548,CR00046,AI for Beginners,Artificial Intelligence,Beginner,1.2,2025-07-19,248.1
U00548,CR00019,Content Marketing,Marketing,Advanced,2.98,2025-04-27,0.0
U00548,CR00014,Sales Mastery,Business,Advanced,3.15,2025-03-22,0.0
U00548,CR00012,Business Strategy,Business,Advanced,3.64,2025-02-27,487.92
U00549,CR00041,Financial Accounting,Finance,Beginner,2.47,2025-05-13,53.86
U00550,CR00007,UI/UX Design,Design,Advanced,2.61,2025-04-08,0.0
U00550,CR00053,React for Beginners,Web Development,Advanced,2.67,2025-03-05,0.0
U00551,CR00043,Corporate Finance,Finance,Beginner,4.14,2025-10-19,0.0
U00551,CR00022,Data Visualization,Data Science,Beginner,3.65,2025-09-17,0.0
U00551,CR00057,SEO for E-commerce,Digital Marketing,Advanced,3.89,2025-09-15,177.34
U00551,CR00055,Full-Stack Web Development,Web Development,Advanced,4.74,2025-08-16,57.32
U00552,CR00004,Advanced Python,Programming,Beginner,2.88,2025-12-10,0.0
U00552,CR00029,Natural Language Processing,Machine Learning,Beginner,1.13,2025-04-13,0.0
U00553,CR00013,Finance for Startups,Business,Advanced,2.0,2025-10-14,0.0
U00553,CR00010,3D Modeling,Design,Advanced,4.45,2025-09-10,0.0
U00554,CR00015,Leadership Essentials,Business,Beginner,1.96,2025-07-16,285.05
U00555,CR00049,Deep Learning,Artificial Intelligence,Intermediate,3.11,2025-12-30,415.51
U00556,CR00046,AI for Beginners,Artificial Intelligence,Beginner,1.2,2025-12-23,248.1
U00556,CR00008,Photoshop Mastery,Design,Advanced,1.52,2025-12-03,0.0
U00556,CR00006,Graphic Design Basics,Design,Advanced,2.72,2025-11-15,276.37
U00556,CR00036,Agile Project Management,Project Management,Beginner,4.68,2025-08-10,0.0
U00556,CR00004,Advanced Python,Programming,Beginner,2.88,2025-07-12,0.0
U00556,CR00035,Cyber Threat Intelligence,Cybersecurity,Beginner,4.94,2025-07-02,0.0
U00556,CR00028,Deep Learning,Machine Learning,Advanced,3.89,2025-06-02,0.78
U00556,CR00009,Web Design Fundamentals,Design,Beginner,4.51,2025-04-20,0.0
U00556,CR00019,Content Marketing,Marketing,Advanced,2.98,2025-04-15,0.0
U00556,CR00050,Computer Vision,Artificial Intelligence,Beginner,4.55,2025-03-18,490.9
U00556,CR00003,C++ for Beginners,Programming,Beginner,3.85,2025-03-15,0.0
U00556,CR00027,Neural Networks,Machine Learning,Advanced,1.81,2025-02-01,0.0
U00556,CR00025,Statistical Analysis,Data Science,Beginner,3.74,2025-01-11,299.57
U00556,CR00053,React for Beginners,Web Development,Advanced,2.67,2025-01-01,0.0
U00557,CR00028,Deep Learning,Machine Learning,Advanced,3.89,2025-04-20,0.78
U00557,CR00017,SEO Mastery,Marketing,Advanced,4.79,2025-02-22,0.0
U00558,CR00043,Corporate Finance,Finance,Beginner,4.14,2025-09-24,0.0
U00559,CR00048,AI Ethics,Artificial Intelligence,Beginner,3.64,2025-12-17,0.0
U00559,CR00024,Big Data Analytics,Data Science,Advanced,2.57,2025-08-27,117.68
U00559,CR00025,Statistical Analysis,Data Science,Beginner,3.74,2025-07-24,299.57
U00559,CR00046,AI for Beginners,Artificial Intelligence,Beginner,1.2,2025-05-25,248.1
U00559,CR00019,Content Marketing,Marketing,Advanced,2.98,2025-05-23,0.0
U00559,CR00041,Financial Accounting,Finance,Beginner,2.47,2025-05-22,53.86
U00559,CR00008,Photoshop Mastery,Design,Advanced,1.52,2025-04-12,0.0
U00559,CR00032,Ethical Hacking,Cybersecurity,Advanced,2.38,2025-04-09,0.0
U00559,CR00030,Reinforcement Learning,Machine Learning,Intermediate,1.73,2025-03-28,0.0
U00559,CR00054,Backend Development with Node.js,Web Development,Beginner,3.32,2025-03-18,0.0
U00559,CR00060,Content Creation,Digital Marketing,Beginner,2.14,2025-03-07,0.0
U00560,CR00050,Computer Vision,Artificial Intelligence,Beginner,4.55,2025-02-06,490.9
U00560,CR00025,Statistical Analysis,Data Science,Beginner,3.74,2025-01-29,299.57
U00561,CR00036,Agile Project Management,Project Management,Beginner,4.68,2025-11-13,0.0
U00562,CR00013,Finance for Startups,Business,Advanced,2.0,2025-12-29,0.0
U00562,CR00056,Google Ads Mastery,Digital Marketing,Advanced,3.15,2025-12-17,212.39
U00562,CR00041,Financial Accounting,Finance,Beginner,2.47,2025-11-01,53.86
U00562,CR00039,Project Planning,Project Management,Advanced,1.23,2025-10-23,346.71
U00562,CR00055,Full-Stack Web Development,Web Development,Advanced,4.74,2025-09-15,57.32
U00562,CR00045,Financial Modeling,Finance,Advanced,1.59,2025-07-11,0.0
U00562,CR00060,Content Creation,Digital Marketing,Beginner,2.14,2025-06-25,0.0
U00562,CR00042,Investment Strategies,Finance,Intermediate,4.1,2025-06-21,0.0
U00562,CR00038,Risk Management,Project Management,Intermediate,4.84,2025-06-14,342.61
U00562,CR00005,Full Stack Development,Programming,Beginner,1.28,2025-06-13,0.0
U00562,CR00025,Statistical Analysis,Data Science,Beginner,3.74,2025-06-13,299.57
U00562,CR00029,Natural Language Processing,Machine Learning,Beginner,1.13,2025-04-18,0.0
U00562,CR00032,Ethical Hacking,Cybersecurity,Advanced,2.38,2025-04-11,0.0
U00562,CR00046,AI for Beginners,Artificial Intelligence,Beginner,1.2,2025-02-21,248.1
U00562,CR00051,HTML & CSS,Web Development,Advanced,1.3,2025-02-18,37.89
U00563,CR00058,Social Media Strategy,Digital Marketing,Beginner,4.44,2025-08-10,0.0
U00563,CR00013,Finance for Startups,Business,Advanced,2.0,2025-05-04,0.0
U00564,CR00041,Financial Accounting,Finance,Beginner,2.47,2025-10-18,53.86
U00565,CR00060,Content Creation,Digital Marketing,Beginner,2.14,2025-08-07,0.0
U00565,CR00046,AI for Beginners,Artificial Intelligence,Beginner,1.2,2025-01-18,248.1
U00566,CR00059,Affiliate Marketing,Digital Marketing,Intermediate,4.66,2025-12-16,0.0
U00566,CR00028,Deep Learning,Machine Learning,Advanced,3.89,2025-05-28,0.78
U00567,CR00015,Leadership Essentials,Business,Beginner,1.96,2025-03-20,285.05
U00568,CR00014,Sales Mastery,Business,Advanced,3.15,2025-09-13,0.0
U00569,CR00040,Leadership in Projects,Project Management,Beginner,1.51,2025-12-19,327.99
U00569,CR00027,Neural Networks,Machine Learning,Advanced,1.81,2025-12-16,0.0
U00569,CR00010,3D Modeling,Design,Advanced,4.45,2025-11-24,0.0
U00569,CR00037,Scrum Essentials,Project Management,Intermediate,3.45,2025-10-30,0.0
U00569,CR00056,Google Ads Mastery,Digital Marketing,Advanced,3.15,2025-10-29,212.39
U00569,CR00053,React for Beginners,Web Development,Advanced,2.67,2025-10-24,0.0
U00569,CR00054,Backend Development with Node.js,Web Development,Beginner,3.32,2025-10-13,0.0
U00569,CR00045,Financial Modeling,Finance,Advanced,1.59,2025-07-24,0.0
U00569,CR00036,Agile Project Management,Project Management,Beginner,4.68,2025-07-24,0.0
U00569,CR00021,Data Analysis with Python,Data Science,Intermediate,3.6,2025-05-18,0.0
U00569,CR00055,Full-Stack Web Development,Web Development,Advanced,4.74,2025-04-01,57.32
U00569,CR00044,Personal Finance,Finance,Intermediate,2.75,2025-02-13,119.04
U00569,CR00039,Project Planning,Project Management,Advanced,1.23,2025-02-11,346.71
U00569,CR00042,Investment Strategies,Finance,Intermediate,4.1,2025-02-05,0.0
U00570,CR00059,Affiliate Marketing,Digital Marketing,Intermediate,4.66,2025-12-27,0.0
U00570,CR00022,Data Visualization,Data Science,Beginner,3.65,2025-11-11,0.0
U00570,CR00058,Social Media Strategy,Digital Marketing,Beginner,4.44,2025-09-12,0.0
U00570,CR00046,AI for Beginners,Artificial Intelligence,Beginner,1.2,2025-07-28,248.1
U00570,CR00035,Cyber Threat Intelligence,Cybersecurity,Beginner,4.94,2025-06-07,0.0
U00570,CR00033,Cybersecurity Fundamentals,Cybersecurity,Intermediate,3.93,2025-05-25,0.0
U00570,CR00050,Computer Vision,Artificial Intelligence,Beginner,4.55,2025-05-23,490.9
U00570,CR00016,Digital Marketing,Marketing,Intermediate,4.72,2025-05-19,0.0
U00570,CR00028,Deep Learning,Machine Learning,Advanced,3.89,2025-05-02,0.78
U00570,CR00013,Finance for Startups,Business,Advanced,2.0,2025-04-08,0.0
U00570,CR00005,Full Stack Development,Programming,Beginner,1.28,2025-03-10,0.0
U00570,CR00051,HTML & CSS,Web Development,Advanced,1.3,2025-02-28,37.89
U00570,CR00048,AI Ethics,Artificial Intelligence,Beginner,3.64,2025-01-11,0.0
U00570,CR00017,SEO Mastery,Marketing,Advanced,4.79,2025-01-11,0.0
U00571,CR00009,Web Design Fundamentals,Design,Beginner,4.51,2025-02-24,0.0
U00571,CR00043,Corporate Finance,Finance,Beginner,4.14,2025-01-29,0.0
U00572,CR00023,Machine Learning Fundamentals,Data Science,Intermediate,3.02,2025-12-26,0.0
U00572,CR00019,Content Marketing,Marketing,Advanced,2.98,2025-12-23,0.0
U00572,CR00002,Java Programming,Programming,Intermediate,2.43,2025-12-20,0.0
U00572,CR00053,React for Beginners,Web Development,Advanced,2.67,2025-10-13,0.0
U00572,CR00005,Full Stack Development,Programming,Beginner,1.28,2025-09-15,0.0
U00572,CR00054,Backend Development with Node.js,Web Development,Beginner,3.32,2025-08-16,0.0
U00572,CR00032,Ethical Hacking,Cybersecurity,Advanced,2.38,2025-08-09,0.0
U00572,CR00047,Natural Language Processing,Artificial Intelligence,Intermediate,2.68,2025-05-27,89.59
U00572,CR00028,Deep Learning,Machine Learning,Advanced,3.89,2025-05-09,0.78
U00572,CR00035,Cyber Threat Intelligence,Cybersecurity,Beginner,4.94,2025-04-28,0.0
U00572,CR00025,Statistical Analysis,Data Science,Beginner,3.74,2025-04-13,299.57
U00572,CR00037,Scrum Essentials,Project Management,Intermediate,3.45,2025-02-11,0.0
U00572,CR00057,SEO for E-commerce,Digital Marketing,Advanced,3.89,2025-01-17,177.34
U00573,CR00044,Personal Finance,Finance,Intermediate,2.75,2025-11-01,119.04
U00573,CR00031,Network Security,Cybersecurity,Intermediate,1.91,2025-10-23,0.0
U00573,CR00032,Ethical Hacking,Cybersecurity,Advanced,2.38,2025-10-14,0.0
U00573,CR00025,Statistical Analysis,Data Science,Beginner,3.74,2025-10-04,299.57
U00573,CR00056,Google Ads Mastery,Digital Marketing,Advanced,3.15,2025-05-16,212.39
U00573,CR00023,Machine Learning Fundamentals,Data Science,Intermediate,3.02,2025-05-12,0.0
U00573,CR00036,Agile Project Management,Project Management,Beginner,4.68,2025-03-11,0.0
U00573,CR00020,Email Marketing,Marketing,Intermediate,4.11,2025-03-10,0.0
U00573,CR00028,Deep Learning,Machine Learning,Advanced,3.89,2025-03-04,0.78
U00573,CR00049,Deep Learning,Artificial Intelligence,Intermediate,3.11,2025-01-30,415.51
U00573,CR00029,Natural Language Processing,Machine Learning,Beginner,1.13,2025-01-01,0.0
U00574,CR00030,Reinforcement Learning,Machine Learning,Intermediate,1.73,2025-12-01,0.0
U00574,CR00037,Scrum Essentials,Project Management,Intermediate,3.45,2025-11-19,0.0
U00574,CR00046,AI for Beginners,Artificial Intelligence,Beginner,1.2,2025-09-05,248.1
U00574,CR00031,Network Security,Cybersecurity,Intermediate,1.91,2025-07-26,0.0
U00574,CR00039,Project Planning,Project Management,Advanced,1.23,2025-07-26,346.71
U00574,CR00055,Full-Stack Web Development,Web Development,Advanced,4.74,2025-06-26,57.32
U00574,CR00032,Ethical Hacking,Cybersecurity,Advanced,2.38,2025-06-03,0.0
U00574,CR00008,Photoshop Mastery,Design,Advanced,1.52,2025-05-23,0.0
U00574,CR00019,Content Marketing,Marketing,Advanced,2.98,2025-05-12,0.0
U00574,CR00047,Natural Language Processing,Artificial Intelligence,Intermediate,2.68,2025-04-20,89.59
U00574,CR00059,Affiliate Marketing,Digital Marketing,Intermediate,4.66,2025-03-19,0.0
U00574,CR00002,Java Programming,Programming,Intermediate,2.43,2025-03-09,0.0
U00574,CR00010,3D Modeling,Design,Advanced,4.45,2025-03-02,0.0
U00574,CR00051,HTML & CSS,Web Development,Advanced,1.3,2025-01-10,37.89
U00575,CR00042,Investment Strategies,Finance,Intermediate,4.1,2025-08-21,0.0
U00576,CR00043,Corporate Finance,Finance,Beginner,4.14,2025-12-18,0.0
U00576,CR00017,SEO Mastery,Marketing,Advanced,4.79,2025-12-07,0.0
U00576,CR00035,Cyber Threat Intelligence,Cybersecurity,Beginner,4.94,2025-11-26,0.0
U00576,CR00011,Entrepreneurship 101,Business,Intermediate,2.69,2025-11-22,326.02
U00576,CR00046,AI for Beginners,Artificial Intelligence,Beginner,1.2,2025-11-11,248.1
U00576,CR00023,Machine Learning Fundamentals,Data Science,Intermediate,3.02,2025-07-17,0.0
U00576,CR00057,SEO for E-commerce,Digital Marketing,Advanced,3.89,2025-07-11,177.34
U00576,CR00051,HTML & CSS,Web Development,Advanced,1.3,2025-05-25,37.89
U00576,CR00059,Affiliate Marketing,Digital Marketing,Intermediate,4.66,2025-05-21,0.0
U00576,CR00056,Google Ads Mastery,Digital Marketing,Advanced,3.15,2025-03-04,212.39
U00576,CR00033,Cybersecurity Fundamentals,Cybersecurity,Intermediate,3.93,2025-02-24,0.0
U00576,CR00013,Finance for Startups,Business,Advanced,2.0,2025-02-10,0.0
U00576,CR00010,3D Modeling,Design,Advanced,4.45,2025-02-10,0.0
U00577,CR00038,Risk Management,Project Management,Intermediate,4.84,2025-04-03,342.61
U00578,CR00059,Affiliate Marketing,Digital Marketing,Intermediate,4.66,2025-01-11,0.0
U00579,CR00003,C++ for Beginners,Programming,Beginner,3.85,2025-10-10,0.0
U00580,CR00031,Network Security,Cybersecurity,Intermediate,1.91,2025-10-01,0.0
U00580,CR00043,Corporate Finance,Finance,Beginner,4.14,2025-09-24,0.0
U00580,CR00052,JavaScript Mastery,Web Development,Beginner,2.2,2025-02-18,0.0
U00581,CR00047,Natural Language Processing,Artificial Intelligence,Intermediate,2.68,2025-11-14,89.59
U00581,CR00053,React for Beginners,Web Development,Advanced,2.67,2025-06-30,0.0
U00582,CR00004,Advanced Python,Programming,Beginner,2.88,2025-09-27,0.0
U00583,CR00032,Ethical Hacking,Cybersecurity,Advanced,2.38,2025-03-01,0.0
U00584,CR00030,Reinforcement Learning,Machine Learning,Intermediate,1.73,2025-12-26,0.0
U00584,CR00049,Deep Learning,Artificial Intelligence,Intermediate,3.11,2025-12-12,415.51
U00584,CR00039,Project Planning,Project Management,Advanced,1.23,2025-12-06,346.71
U00584,CR00006,Graphic Design Basics,Design,Advanced,2.72,2025-11-08,276.37
U00584,CR00045,Financial Modeling,Finance,Advanced,1.59,2025-10-12,0.0
U00584,CR00034,Data Encryption,Cybersecurity,Intermediate,1.35,2025-09-08,394.26
U00584,CR00024,Big Data Analytics,Data Science,Advanced,2.57,2025-09-08,117.68
U00584,CR00042,Investment Strategies,Finance,Intermediate,4.1,2025-08-14,0.0
U00584,CR00038,Risk Management,Project Management,Intermediate,4.84,2025-08-02,342.61
U00584,CR00044,Personal Finance,Finance,Intermediate,2.75,2025-04-24,119.04
U00584,CR00046,AI for Beginners,Artificial Intelligence,Beginner,1.2,2025-03-20,248.1
U00584,CR00032,Ethical Hacking,Cybersecurity,Advanced,2.38,2025-03-08,0.0
U00584,CR00025,Statistical Analysis,Data Science,Beginner,3.74,2025-02-11,299.57
U00584,CR00016,Digital Marketing,Marketing,Intermediate,4.72,2025-01-16,0.0
U00585,CR00029,Natural Language Processing,Machine Learning,Beginner,1.13,2025-12-01,0.0
U00585,CR00054,Backend Development with Node.js,Web Development,Beginner,3.32,2025-08-07,0.0
U00586,CR00025,Statistical Analysis,Data Science,Beginner,3.74,2025-09-20,299.57
U00587,CR00039,Project Planning,Project Management,Advanced,1.23,2025-09-17,346.71
U00587,CR00003,C++ for Beginners,Programming,Beginner,3.85,2025-01-28,0.0
U00588,CR00055,Full-Stack Web Development,Web Development,Advanced,4.74,2025-05-12,57.32
U00589,CR00008,Photoshop Mastery,Design,Advanced,1.52,2025-04-11,0.0
U00590,CR00014,Sales Mastery,Business,Advanced,3.15,2025-11-30,0.0
U00591,CR00021,Data Analysis with Python,Data Science,Intermediate,3.6,2025-08-07,0.0
U00591,CR00060,Content Creation,Digital Marketing,Beginner,2.14,2025-02-11,0.0
U00592,CR00008,Photoshop Mastery,Design,Advanced,1.52,2025-11-07,0.0
U00592,CR00021,Data Analysis with Python,Data Science,Intermediate,3.6,2025-11-02,0.0
U00592,CR00048,AI Ethics,Artificial Intelligence,Beginner,3.64,2025-09-16,0.0
U00592,CR00005,Full Stack Development,Programming,Beginner,1.28,2025-08-20,0.0
U00592,CR00020,Email Marketing,Marketing,Intermediate,4.11,2025-08-07,0.0
U00592,CR00027,Neural Networks,Machine Learning,Advanced,1.81,2025-06-12,0.0
U00592,CR00019,Content Marketing,Marketing,Advanced,2.98,2025-04-12,0.0
U00592,CR00050,Computer Vision,Artificial Intelligence,Beginner,4.55,2025-04-09,490.9
U00592,CR00001,Python Basics,Programming,Beginner,4.74,2025-04-01,472.28
U00592,CR00052,JavaScript Mastery,Web Development,Beginner,2.2,2025-03-14,0.0
U00592,CR00022,Data Visualization,Data Science,Beginner,3.65,2025-02-26,0.0
U00592,CR00026,Intro to Machine Learning,Machine Learning,Intermediate,4.73,2025-02-08,0.0
U00592,CR00033,Cybersecurity Fundamentals,Cybersecurity,Intermediate,3.93,2025-02-05,0.0
U00592,CR00035,Cyber Threat Intelligence,Cybersecurity,Beginner,4.94,2025-01-20,0.0
U00593,CR00047,Natural Language Processing,Artificial Intelligence,Intermediate,2.68,2025-07-25,89.59
U00593,CR00018,Social Media Marketing,Marketing,Advanced,2.01,2025-03-19,0.0
U00594,CR00003,C++ for Beginners,Programming,Beginner,3.85,2025-10-29,0.0
U00595,CR00009,Web Design Fundamentals,Design,Beginner,4.51,2025-12-15,0.0
U00595,CR00002,Java Programming,Programming,Intermediate,2.43,2025-11-28,0.0
U00595,CR00039,Project Planning,Project Management,Advanced,1.23,2025-11-21,346.71
U00595,CR00008,Photoshop Mastery,Design,Advanced,1.52,2025-09-11,0.0
U00595,CR00007,UI/UX Design,Design,Advanced,2.61,2025-08-03,0.0
U00595,CR00060,Content Creation,Digital Marketing,Beginner,2.14,2025-08-02,0.0
U00595,CR00048,AI Ethics,Artificial Intelligence,Beginner,3.64,2025-07-18,0.0
U00595,CR00024,Big Data Analytics,Data Science,Advanced,2.57,2025-07-15,117.68
U00595,CR00054,Backend Development with Node.js,Web Development,Beginner,3.32,2025-05-04,0.0
U00595,CR00026,Intro to Machine Learning,Machine Learning,Intermediate,4.73,2025-03-23,0.0
U00595,CR00005,Full Stack Development,Programming,Beginner,1.28,2025-03-07,0.0
U00595,CR00011,Entrepreneurship 101,Business,Intermediate,2.69,2025-02-19,326.02
U00595,CR00027,Neural Networks,Machine Learning,Advanced,1.81,2025-02-11,0.0
U00595,CR00015,Leadership Essentials,Business,Beginner,1.96,2025-01-05,285.05
U00596,CR00057,SEO for E-commerce,Digital Marketing,Advanced,3.89,2025-06-19,177.34
U00596,CR00054,Backend Development with Node.js,Web Development,Beginner,3.32,2025-06-11,0.0
U00597,CR00046,AI for Beginners,Artificial Intelligence,Beginner,1.2,2025-09-18,248.1
U00598,CR00049,Deep Learning,Artificial Intelligence,Intermediate,3.11,2025-10-08,415.51
U00599,CR00030,Reinforcement Learning,Machine Learning,Intermediate,1.73,2025-09-05,0.0
U00600,CR00060,Content Creation,Digital Marketing,Beginner,2.14,2025-11-11,0.0
U00601,CR00053,React for Beginners,Web Development,Advanced,2.67,2025-11-04,0.0
U00602,CR00036,Agile Project Management,Project Management,Beginner,4.68,2025-12-21,0.0
U00602,CR00002,Java Programming,Programming,Intermediate,2.43,2025-07-13,0.0
U00602,CR00058,Social Media Strategy,Digital Marketing,Beginner,4.44,2025-05-12,0.0
U00603,CR00028,Deep Learning,Machine Learning,Advanced,3.89,2025-09-24,0.78
U00603,CR00042,Investment Strategies,Finance,Intermediate,4.1,2025-02-24,0.0
U00604,CR00027,Neural Networks,Machine Learning,Advanced,1.81,2025-11-25,0.0
U00604,CR00029,Natural Language Processing,Machine Learning,Beginner,1.13,2025-10-25,0.0
U00604,CR00003,C++ for Beginners,Programming,Beginner,3.85,2025-10-05,0.0
U00604,CR00032,Ethical Hacking,Cybersecurity,Advanced,2.38,2025-10-02,0.0
U00604,CR00041,Financial Accounting,Finance,Beginner,2.47,2025-09-19,53.86
U00604,CR00050,Computer Vision,Artificial Intelligence,Beginner,4.55,2025-09-06,490.9
U00604,CR00054,Backend Development with Node.js,Web Development,Beginner,3.32,2025-08-20,0.0
U00604,CR00042,Investment Strategies,Finance,Intermediate,4.1,2025-07-07,0.0
U00604,CR00030,Reinforcement Learning,Machine Learning,Intermediate,1.73,2025-06-18,0.0
U00604,CR00024,Big Data Analytics,Data Science,Advanced,2.57,2025-06-17,117.68
U00604,CR00048,AI Ethics,Artificial Intelligence,Beginner,3.64,2025-05-30,0.0
U00604,CR00007,UI/UX Design,Design,Advanced,2.61,2025-04-03,0.0
U00604,CR00053,React for Beginners,Web Development,Advanced,2.67,2025-03-25,0.0
U00604,CR00019,Content Marketing,Marketing,Advanced,2.98,2025-03-16,0.0
U00605,CR00048,AI Ethics,Artificial Intelligence,Beginner,3.64,2025-11-11,0.0
U00605,CR00016,Digital Marketing,Marketing,Intermediate,4.72,2025-11-03,0.0
U00605,CR00024,Big Data Analytics,Data Science,Advanced,2.57,2025-06-20,117.68
U00606,CR00009,Web Design Fundamentals,Design,Beginner,4.51,2025-07-28,0.0
U00606,CR00013,Finance for Startups,Business,Advanced,2.0,2025-07-24,0.0
U00607,CR00046,AI for Beginners,Artificial Intelligence,Beginner,1.2,2025-11-07,248.1
U00607,CR00051,HTML & CSS,Web Development,Advanced,1.3,2025-06-03,37.89
U00608,CR00002,Java Programming,Programming,Intermediate,2.43,2025-07-09,0.0
U00609,CR00010,3D Modeling,Design,Advanced,4.45,2025-11-20,0.0
U00609,CR00040,Leadership in Projects,Project Management,Beginner,1.51,2025-11-13,327.99
U00609,CR00052,JavaScript Mastery,Web Development,Beginner,2.2,2025-09-24,0.0
U00609,CR00014,Sales Mastery,Business,Advanced,3.15,2025-03-11,0.0
U00610,CR00017,SEO Mastery,Marketing,Advanced,4.79,2025-03-25,0.0
U00611,CR00049,Deep Learning,Artificial Intelligence,Intermediate,3.11,2025-09-03,415.51
U00611,CR00023,Machine Learning Fundamentals,Data Science,Intermediate,3.02,2025-08-29,0.0
U00612,CR00055,Full-Stack Web Development,Web Development,Advanced,4.74,2025-05-02,57.32
U00613,CR00005,Full Stack Development,Programming,Beginner,1.28,2025-09-25,0.0
U00613,CR00050,Computer Vision,Artificial Intelligence,Beginner,4.55,2025-02-27,490.9
U00614,CR00058,Social Media Strategy,Digital Marketing,Beginner,4.44,2025-08-03,0.0
U00615,CR00014,Sales Mastery,Business,Advanced,3.15,2025-10-07,0.0
U00616,CR00060,Content Creation,Digital Marketing,Beginner,2.14,2025-11-03,0.0
U00616,CR00033,Cybersecurity Fundamentals,Cybersecurity,Intermediate,3.93,2025-08-12,0.0
U00617,CR00023,Machine Learning Fundamentals,Data Science,Intermediate,3.02,2025-09-20,0.0
U00618,CR00060,Content Creation,Digital Marketing,Beginner,2.14,2025-06-29,0.0
U00619,CR00026,Intro to Machine Learning,Machine Learning,Intermediate,4.73,2025-12-18,0.0
U00619,CR00008,Photoshop Mastery,Design,Advanced,1.52,2025-12-15,0.0
U00619,CR00007,UI/UX Design,Design,Advanced,2.61,2025-12-08,0.0
U00619,CR00003,C++ for Beginners,Programming,Beginner,3.85,2025-11-17,0.0
U00619,CR00055,Full-Stack Web Development,Web Development,Advanced,4.74,2025-08-16,57.32
U00619,CR00044,Personal Finance,Finance,Intermediate,2.75,2025-06-19,119.04
U00619,CR00033,Cybersecurity Fundamentals,Cybersecurity,Intermediate,3.93,2025-06-03,0.0
U00619,CR00038,Risk Management,Project Management,Intermediate,4.84,2025-04-21,342.61
U00619,CR00031,Network Security,Cybersecurity,Intermediate,1.91,2025-03-26,0.0
U00619,CR00037,Scrum Essentials,Project Management,Intermediate,3.45,2025-02-04,0.0
U00619,CR00058,Social Media Strategy,Digital Marketing,Beginner,4.44,2025-02-02,0.0
U00619,CR00024,Big Data Analytics,Data Science,Advanced,2.57,2025-01-07,117.68
U00620,CR00045,Financial Modeling,Finance,Advanced,1.59,2025-04-29,0.0
U00621,CR00053,React for Beginners,Web Development,Advanced,2.67,2025-12-19,0.0
U00621,CR00005,Full Stack Development,Programming,Beginner,1.28,2025-12-15,0.0
U00622,CR00039,Project Planning,Project Management,Advanced,1.23,2025-12-23,346.71
U00622,CR00022,Data Visualization,Data Science,Beginner,3.65,2025-12-23,0.0
U00622,CR00023,Machine Learning Fundamentals,Data Science,Intermediate,3.02,2025-12-06,0.0
U00622,CR00053,React for Beginners,Web Development,Advanced,2.67,2025-10-07,0.0
U00622,CR00016,Digital Marketing,Marketing,Intermediate,4.72,2025-07-24,0.0
U00622,CR00043,Corporate Finance,Finance,Beginner,4.14,2025-07-05,0.0
U00622,CR00007,UI/UX Design,Design,Advanced,2.61,2025-05-22,0.0
U00622,CR00057,SEO for E-commerce,Digital Marketing,Advanced,3.89,2025-04-27,177.34
U00622,CR00010,3D Modeling,Design,Advanced,4.45,2025-04-15,0.0
U00622,CR00021,Data Analysis with Python,Data Science,Intermediate,3.6,2025-03-02,0.0
U00622,CR00017,SEO Mastery,Marketing,Advanced,4.79,2025-02-17,0.0
U00622,CR00048,AI Ethics,Artificial Intelligence,Beginner,3.64,2025-02-12,0.0
U00622,CR00037,Scrum Essentials,Project Management,Intermediate,3.45,2025-01-01,0.0
U00623,CR00059,Affiliate Marketing,Digital Marketing,Intermediate,4.66,2025-08-28,0.0
U00623,CR00044,Personal Finance,Finance,Intermediate,2.75,2025-04-07,119.04
U00624,CR00054,Backend Development with Node.js,Web Development,Beginner,3.32,2025-05-08,0.0
U00624,CR00009,Web Design Fundamentals,Design,Beginner,4.51,2025-02-25,0.0
U00625,CR00026,Intro to Machine Learning,Machine Learning,Intermediate,4.73,2025-12-18,0.0
U00625,CR00034,Data Encryption,Cybersecurity,Intermediate,1.35,2025-12-01,394.26
U00625,CR00031,Network Security,Cybersecurity,Intermediate,1.91,2025-07-05,0.0
U00625,CR00017,SEO Mastery,Marketing,Advanced,4.79,2025-02-12,0.0
U00626,CR00057,SEO for E-commerce,Digital Marketing,Advanced,3.89,2025-05-16,177.34
U00627,CR00029,Natural Language Processing,Machine Learning,Beginner,1.13,2025-08-22,0.0
U00627,CR00005,Full Stack Development,Programming,Beginner,1.28,2025-08-07,0.0
U00627,CR00012,Business Strategy,Business,Advanced,3.64,2025-05-01,487.92
U00627,CR00030,Reinforcement Learning,Machine Learning,Intermediate,1.73,2025-01-27,0.0
U00628,CR00054,Backend Development with Node.js,Web Development,Beginner,3.32,2025-11-19,0.0
U00628,CR00001,Python Basics,Programming,Beginner,4.74,2025-09-19,472.28
U00629,CR00007,UI/UX Design,Design,Advanced,2.61,2025-05-17,0.0
U00630,CR00043,Corporate Finance,Finance,Beginner,4.14,2025-12-21,0.0
U00630,CR00044,Personal Finance,Finance,Intermediate,2.75,2025-08-22,119.04
U00630,CR00057,SEO for E-commerce,Digital Marketing,Advanced,3.89,2025-03-22,177.34
U00631,CR00010,3D Modeling,Design,Advanced,4.45,2025-01-23,0.0
U00631,CR00033,Cybersecurity Fundamentals,Cybersecurity,Intermediate,3.93,2025-01-04,0.0
U00632,CR00027,Neural Networks,Machine Learning,Advanced,1.81,2025-09-09,0.0
U00633,CR00060,Content Creation,Digital Marketing,Beginner,2.14,2025-12-22,0.0
U00633,CR00002,Java Programming,Programming,Intermediate,2.43,2025-12-19,0.0
U00633,CR00055,Full-Stack Web Development,Web Development,Advanced,4.74,2025-12-11,57.32
U00633,CR00033,Cybersecurity Fundamentals,Cybersecurity,Intermediate,3.93,2025-09-27,0.0
U00633,CR00047,Natural Language Processing,Artificial Intelligence,Intermediate,2.68,2025-09-01,89.59
U00633,CR00030,Reinforcement Learning,Machine Learning,Intermediate,1.73,2025-05-28,0.0
U00633,CR00041,Financial Accounting,Finance,Beginner,2.47,2025-05-19,53.86
U00633,CR00031,Network Security,Cybersecurity,Intermediate,1.91,2025-05-02,0.0
U00633,CR00012,Business Strategy,Business,Advanced,3.64,2025-04-14,487.92
U00633,CR00014,Sales Mastery,Business,Advanced,3.15,2025-03-18,0.0
U00633,CR00056,Google Ads Mastery,Digital Marketing,Advanced,3.15,2025-02-16,212.39
U00633,CR00053,React for Beginners,Web Development,Advanced,2.67,2025-01-27,0.0
U00633,CR00006,Graphic Design Basics,Design,Advanced,2.72,2025-01-26,276.37
U00633,CR00007,UI/UX Design,Design,Advanced,2.61,2025-01-11,0.0
U00634,CR00014,Sales Mastery,Business,Advanced,3.15,2025-09-02,0.0
U00634,CR00010,3D Modeling,Design,Advanced,4.45,2025-07-02,0.0
U00634,CR00006,Graphic Design Basics,Design,Advanced,2.72,2025-04-14,276.37
U00635,CR00026,Intro to Machine Learning,Machine Learning,Intermediate,4.73,2025-03-27,0.0
U00636,CR00011,Entrepreneurship 101,Business,Intermediate,2.69,2025-12-25,326.02
U00636,CR00007,UI/UX Design,Design,Advanced,2.61,2025-09-25,0.0
U00636,CR00019,Content Marketing,Marketing,Advanced,2.98,2025-09-14,0.0
U00636,CR00036,Agile Project Management,Project Management,Beginner,4.68,2025-06-28,0.0
U00636,CR00049,Deep Learning,Artificial Intelligence,Intermediate,3.11,2025-06-16,415.51
U00636,CR00031,Network Security,Cybersecurity,Intermediate,1.91,2025-06-10,0.0
U00636,CR00001,Python Basics,Programming,Beginner,4.74,2025-05-24,472.28
U00636,CR00022,Data Visualization,Data Science,Beginner,3.65,2025-05-21,0.0
U00636,CR00023,Machine Learning Fundamentals,Data Science,Intermediate,3.02,2025-04-21,0.0
U00636,CR00009,Web Design Fundamentals,Design,Beginner,4.51,2025-03-28,0.0
U00636,CR00060,Content Creation,Digital Marketing,Beginner,2.14,2025-03-25,0.0
U00636,CR00045,Financial Modeling,Finance,Advanced,1.59,2025-02-24,0.0
U00636,CR00012,Business Strategy,Business,Advanced,3.64,2025-01-13,487.92
U00637,CR00055,Full-Stack Web Development,Web Development,Advanced,4.74,2025-12-18,57.32
U00637,CR00001,Python Basics,Programming,Beginner,4.74,2025-01-22,472.28
U00638,CR00053,React for Beginners,Web Development,Advanced,2.67,2025-03-12,0.0
U00638,CR00055,Full-Stack Web Development,Web Development,Advanced,4.74,2025-02-18,57.32
U00639,CR00019,Content Marketing,Marketing,Advanced,2.98,2025-12-16,0.0
U00639,CR00041,Financial Accounting,Finance,Beginner,2.47,2025-10-01,53.86
U00639,CR00043,Corporate Finance,Finance,Beginner,4.14,2025-09-30,0.0
U00639,CR00003,C++ for Beginners,Programming,Beginner,3.85,2025-09-01,0.0
U00639,CR00018,Social Media Marketing,Marketing,Advanced,2.01,2025-07-13,0.0
U00639,CR00044,Personal Finance,Finance,Intermediate,2.75,2025-07-09,119.04
U00639,CR00035,Cyber Threat Intelligence,Cybersecurity,Beginner,4.94,2025-06-16,0.0
U00639,CR00024,Big Data Analytics,Data Science,Advanced,2.57,2025-06-03,117.68
U00639,CR00053,React for Beginners,Web Development,Advanced,2.67,2025-06-02,0.0
U00639,CR00034,Data Encryption,Cybersecurity,Intermediate,1.35,2025-04-09,394.26
U00639,CR00011,Entrepreneurship 101,Business,Intermediate,2.69,2025-02-20,326.02
U00639,CR00032,Ethical Hacking,Cybersecurity,Advanced,2.38,2025-02-16,0.0
U00639,CR00010,3D Modeling,Design,Advanced,4.45,2025-01-25,0.0
U00639,CR00023,Machine Learning Fundamentals,Data Science,Intermediate,3.02,2025-01-05,0.0
U00640,CR00050,Computer Vision,Artificial Intelligence,Beginner,4.55,2025-03-02,490.9
U00641,CR00038,Risk Management,Project Management,Intermediate,4.84,2025-11-18,342.61
U00642,CR00054,Backend Development with Node.js,Web Development,Beginner,3.32,2025-08-18,0.0
U00642,CR00013,Finance for Startups,Business,Advanced,2.0,2025-04-27,0.0
U00643,CR00040,Leadership in Projects,Project Management,Beginner,1.51,2025-12-01,327.99
U00644,CR00004,Advanced Python,Programming,Beginner,2.88,2025-05-14,0.0
U00645,CR00025,Statistical Analysis,Data Science,Beginner,3.74,2025-08-01,299.57
U00646,CR00004,Advanced Python,Programming,Beginner,2.88,2025-07-06,0.0
U00647,CR00012,Business Strategy,Business,Advanced,3.64,2025-01-16,487.92
U00648,CR00001,Python Basics,Programming,Beginner,4.74,2025-02-22,472.28
U00648,CR00059,Affiliate Marketing,Digital Marketing,Intermediate,4.66,2025-01-30,0.0
U00649,CR00049,Deep Learning,Artificial Intelligence,Intermediate,3.11,2025-11-24,415.51
U00650,CR00016,Digital Marketing,Marketing,Intermediate,4.72,2025-02-25,0.0
U00651,CR00057,SEO for E-commerce,Digital Marketing,Advanced,3.89,2025-10-30,177.34
U00651,CR00004,Advanced Python,Programming,Beginner,2.88,2025-10-28,0.0
U00651,CR00044,Personal Finance,Finance,Intermediate,2.75,2025-08-16,119.04
U00651,CR00003,C++ for Beginners,Programming,Beginner,3.85,2025-03-11,0.0
U00652,CR00054,Backend Development with Node.js,Web Development,Beginner,3.32,2025-04-01,0.0
U00652,CR00034,Data Encryption,Cybersecurity,Intermediate,1.35,2025-01-24,394.26
U00653,CR00039,Project Planning,Project Management,Advanced,1.23,2025-06-30,346.71
U00654,CR00005,Full Stack Development,Programming,Beginner,1.28,2025-10-13,0.0
U00654,CR00041,Financial Accounting,Finance,Beginner,2.47,2025-02-09,53.86
U00655,CR00041,Financial Accounting,Finance,Beginner,2.47,2025-03-02,53.86
U00656,CR00043,Corporate Finance,Finance,Beginner,4.14,2025-04-25,0.0
U00657,CR00047,Natural Language Processing,Artificial Intelligence,Intermediate,2.68,2025-08-07,89.59
U00658,CR00059,Affiliate Marketing,Digital Marketing,Intermediate,4.66,2025-12-29,0.0
U00659,CR00043,Corporate Finance,Finance,Beginner,4.14,2025-09-06,0.0
U00659,CR00036,Agile Project Management,Project Management,Beginner,4.68,2025-08-19,0.0
U00660,CR00012,Business Strategy,Business,Advanced,3.64,2025-06-19,487.92
U00660,CR00047,Natural Language Processing,Artificial Intelligence,Intermediate,2.68,2025-05-10,89.59
U00661,CR00004,Advanced Python,Programming,Beginner,2.88,2025-11-04,0.0
U00661,CR00056,Google Ads Mastery,Digital Marketing,Advanced,3.15,2025-09-15,212.39
U00661,CR00023,Machine Learning Fundamentals,Data Science,Intermediate,3.02,2025-08-01,0.0
U00661,CR00002,Java Programming,Programming,Intermediate,2.43,2025-02-12,0.0
U00662,CR00015,Leadership Essentials,Business,Beginner,1.96,2025-12-04,285.05
U00663,CR00015,Leadership Essentials,Business,Beginner,1.96,2025-08-09,285.05
U00664,CR00024,Big Data Analytics,Data Science,Advanced,2.57,2025-02-18,117.68
U00665,CR00051,HTML & CSS,Web Development,Advanced,1.3,2025-06-10,37.89
U00666,CR00036,Agile Project Management,Project Management,Beginner,4.68,2025-11-28,0.0
U00666,CR00024,Big Data Analytics,Data Science,Advanced,2.57,2025-10-29,117.68
U00666,CR00030,Reinforcement Learning,Machine Learning,Intermediate,1.73,2025-10-22,0.0
U00666,CR00019,Content Marketing,Marketing,Advanced,2.98,2025-10-09,0.0
U00666,CR00014,Sales Mastery,Business,Advanced,3.15,2025-08-06,0.0
U00666,CR00008,Photoshop Mastery,Design,Advanced,1.52,2025-07-28,0.0
U00666,CR00039,Project Planning,Project Management,Advanced,1.23,2025-07-17,346.71
U00666,CR00040,Leadership in Projects,Project Management,Beginner,1.51,2025-07-10,327.99
U00666,CR00043,Corporate Finance,Finance,Beginner,4.14,2025-06-24,0.0
U00666,CR00021,Data Analysis with Python,Data Science,Intermediate,3.6,2025-06-17,0.0
U00666,CR00057,SEO for E-commerce,Digital Marketing,Advanced,3.89,2025-03-30,177.34
U00666,CR00033,Cybersecurity Fundamentals,Cybersecurity,Intermediate,3.93,2025-01-04,0.0
U00667,CR00019,Content Marketing,Marketing,Advanced,2.98,2025-08-09,0.0
U00667,CR00056,Google Ads Mastery,Digital Marketing,Advanced,3.15,2025-06-12,212.39
U00668,CR00003,C++ for Beginners,Programming,Beginner,3.85,2025-02-04,0.0
U00668,CR00017,SEO Mastery,Marketing,Advanced,4.79,2025-01-02,0.0
U00669,CR00046,AI for Beginners,Artificial Intelligence,Beginner,1.2,2025-01-13,248.1
U00670,CR00035,Cyber Threat Intelligence,Cybersecurity,Beginner,4.94,2025-09-07,0.0
U00670,CR00042,Investment Strategies,Finance,Intermediate,4.1,2025-04-15,0.0
U00671,CR00014,Sales Mastery,Business,Advanced,3.15,2025-04-01,0.0
U00672,CR00020,Email Marketing,Marketing,Intermediate,4.11,2025-10-09,0.0
U00673,CR00051,HTML & CSS,Web Development,Advanced,1.3,2025-07-07,37.89
U00673,CR00038,Risk Management,Project Management,Intermediate,4.84,2025-06-16,342.61
U00674,CR00013,Finance for Startups,Business,Advanced,2.0,2025-01-04,0.0
U00675,CR00018,Social Media Marketing,Marketing,Advanced,2.01,2025-03-03,0.0
U00676,CR00008,Photoshop Mastery,Design,Advanced,1.52,2025-09-20,0.0
U00676,CR00017,SEO Mastery,Marketing,Advanced,4.79,2025-09-02,0.0
U00677,CR00049,Deep Learning,Artificial Intelligence,Intermediate,3.11,2025-05-25,415.51
U00678,CR00043,Corporate Finance,Finance,Beginner,4.14,2025-01-11,0.0
U00679,CR00006,Graphic Design Basics,Design,Advanced,2.72,2025-08-22,276.37
U00680,CR00012,Business Strategy,Business,Advanced,3.64,2025-11-06,487.92
U00681,CR00037,Scrum Essentials,Project Management,Intermediate,3.45,2025-02-22,0.0
U00681,CR00014,Sales Mastery,Business,Advanced,3.15,2025-02-17,0.0
U00682,CR00058,Social Media Strategy,Digital Marketing,Beginner,4.44,2025-12-02,0.0
U00683,CR00007,UI/UX Design,Design,Advanced,2.61,2025-04-02,0.0
U00684,CR00007,UI/UX Design,Design,Advanced,2.61,2025-06-10,0.0
U00684,CR00060,Content Creation,Digital Marketing,Beginner,2.14,2025-06-01,0.0
U00684,CR00010,3D Modeling,Design,Advanced,4.45,2025-04-27,0.0
U00685,CR00012,Business Strategy,Business,Advanced,3.64,2025-02-05,487.92
U00686,CR00052,JavaScript Mastery,Web Development,Beginner,2.2,2025-11-20,0.0
U00687,CR00058,Social Media Strategy,Digital Marketing,Beginner,4.44,2025-12-01,0.0
U00687,CR00049,Deep Learning,Artificial Intelligence,Intermediate,3.11,2025-11-30,415.51
U00687,CR00056,Google Ads Mastery,Digital Marketing,Advanced,3.15,2025-11-24,212.39
U00687,CR00006,Graphic Design Basics,Design,Advanced,2.72,2025-11-21,276.37
U00687,CR00054,Backend Development with Node.js,Web Development,Beginner,3.32,2025-11-10,0.0
U00687,CR00014,Sales Mastery,Business,Advanced,3.15,2025-10-15,0.0
U00687,CR00024,Big Data Analytics,Data Science,Advanced,2.57,2025-07-25,117.68
U00687,CR00029,Natural Language Processing,Machine Learning,Beginner,1.13,2025-07-21,0.0
U00687,CR00041,Financial Accounting,Finance,Beginner,2.47,2025-06-13,53.86
U00687,CR00055,Full-Stack Web Development,Web Development,Advanced,4.74,2025-06-01,57.32
U00687,CR00002,Java Programming,Programming,Intermediate,2.43,2025-05-29,0.0
U00687,CR00020,Email Marketing,Marketing,Intermediate,4.11,2025-04-23,0.0
U00687,CR00046,AI for Beginners,Artificial Intelligence,Beginner,1.2,2025-03-30,248.1
U00687,CR00034,Data Encryption,Cybersecurity,Intermediate,1.35,2025-03-03,394.26
U00687,CR00052,JavaScript Mastery,Web Development,Beginner,2.2,2025-01-03,0.0
U00688,CR00028,Deep Learning,Machine Learning,Advanced,3.89,2025-10-29,0.78
U00688,CR00027,Neural Networks,Machine Learning,Advanced,1.81,2025-04-01,0.0
U00689,CR00026,Intro to Machine Learning,Machine Learning,Intermediate,4.73,2025-02-28,0.0
U00689,CR00007,UI/UX Design,Design,Advanced,2.61,2025-02-05,0.0
U00690,CR00059,Affiliate Marketing,Digital Marketing,Intermediate,4.66,2025-03-02,0.0
U00691,CR00007,UI/UX Design,Design,Advanced,2.61,2025-11-06,0.0
U00692,CR00037,Scrum Essentials,Project Management,Intermediate,3.45,2025-12-21,0.0
U00693,CR00055,Full-Stack Web Development,Web Development,Advanced,4.74,2025-01-21,57.32
U00694,CR00021,Data Analysis with Python,Data Science,Intermediate,3.6,2025-10-27,0.0
U00695,CR00010,3D Modeling,Design,Advanced,4.45,2025-06-03,0.0
U00696,CR00037,Scrum Essentials,Project Management,Intermediate,3.45,2025-05-25,0.0
U00697,CR00003,C++ for Beginners,Programming,Beginner,3.85,2025-02-20,0.0
U00698,CR00017,SEO Mastery,Marketing,Advanced,4.79,2025-07-20,0.0
U00698,CR00051,HTML & CSS,Web Development,Advanced,1.3,2025-06-02,37.89
U00699,CR00016,Digital Marketing,Marketing,Intermediate,4.72,2025-08-27,0.0
U00699,CR00027,Neural Networks,Machine Learning,Advanced,1.81,2025-01-11,0.0
U00700,CR00024,Big Data Analytics,Data Science,Advanced,2.57,2025-04-17,117.68
U00701,CR00038,Risk Management,Project Management,Intermediate,4.84,2025-12-21,342.61
U00701,CR00030,Reinforcement Learning,Machine Learning,Intermediate,1.73,2025-12-21,0.0
U00701,CR00016,Digital Marketing,Marketing,Intermediate,4.72,2025-11-13,0.0
U00701,CR00014,Sales Mastery,Business,Advanced,3.15,2025-10-30,0.0
U00701,CR00052,JavaScript Mastery,Web Development,Beginner,2.2,2025-09-20,0.0
U00701,CR00031,Network Security,Cybersecurity,Intermediate,1.91,2025-06-21,0.0
U00701,CR00060,Content Creation,Digital Marketing,Beginner,2.14,2025-06-12,0.0
U00701,CR00006,Graphic Design Basics,Design,Advanced,2.72,2025-06-05,276.37
U00701,CR00021,Data Analysis with Python,Data Science,Intermediate,3.6,2025-05-12,0.0
U00701,CR00048,AI Ethics,Artificial Intelligence,Beginner,3.64,2025-03-27,0.0
U00701,CR00012,Business Strategy,Business,Advanced,3.64,2025-03-01,487.92
U00701,CR00028,Deep Learning,Machine Learning,Advanced,3.89,2025-02-02,0.78
U00701,CR00032,Ethical Hacking,Cybersecurity,Advanced,2.38,2025-01-14,0.0
U00701,CR00040,Leadership in Projects,Project Management,Beginner,1.51,2025-01-14,327.99
U00702,CR00054,Backend Development with Node.js,Web Development,Beginner,3.32,2025-12-26,0.0
U00702,CR00045,Financial Modeling,Finance,Advanced,1.59,2025-09-22,0.0
U00702,CR00007,UI/UX Design,Design,Advanced,2.61,2025-09-18,0.0
U00703,CR00041,Financial Accounting,Finance,Beginner,2.47,2025-06-29,53.86
U00703,CR00032,Ethical Hacking,Cybersecurity,Advanced,2.38,2025-03-01,0.0
U00703,CR00049,Deep Learning,Artificial Intelligence,Intermediate,3.11,2025-02-05,415.51
U00704,CR00047,Natural Language Processing,Artificial Intelligence,Intermediate,2.68,2025-11-09,89.59
U00704,CR00010,3D Modeling,Design,Advanced,4.45,2025-11-04,0.0
U00704,CR00021,Data Analysis with Python,Data Science,Intermediate,3.6,2025-09-28,0.0
U00704,CR00006,Graphic Design Basics,Design,Advanced,2.72,2025-09-16,276.37
U00704,CR00038,Risk Management,Project Management,Intermediate,4.84,2025-08-25,342.61
U00704,CR00036,Agile Project Management,Project Management,Beginner,4.68,2025-08-12,0.0
U00704,CR00019,Content Marketing,Marketing,Advanced,2.98,2025-08-11,0.0
U00704,CR00004,Advanced Python,Programming,Beginner,2.88,2025-07-13,0.0
U00704,CR00059,Affiliate Marketing,Digital Marketing,Intermediate,4.66,2025-05-09,0.0
U00704,CR00040,Leadership in Projects,Project Management,Beginner,1.51,2025-04-19,327.99
U00704,CR00050,Computer Vision,Artificial Intelligence,Beginner,4.55,2025-03-21,490.9
U00704,CR00060,Content Creation,Digital Marketing,Beginner,2.14,2025-02-17,0.0
U00704,CR00028,Deep Learning,Machine Learning,Advanced,3.89,2025-02-09,0.78
U00705,CR00017,SEO Mastery,Marketing,Advanced,4.79,2025-04-24,0.0
U00706,CR00012,Business Strategy,Business,Advanced,3.64,2025-11-05,487.92
U00706,CR00025,Statistical Analysis,Data Science,Beginner,3.74,2025-05-16,299.57
U00707,CR00009,Web Design Fundamentals,Design,Beginner,4.51,2025-05-19,0.0
U00708,CR00016,Digital Marketing,Marketing,Intermediate,4.72,2025-02-06,0.0
U00709,CR00060,Content Creation,Digital Marketing,Beginner,2.14,2025-12-30,0.0
U00709,CR00045,Financial Modeling,Finance,Advanced,1.59,2025-10-23,0.0
U00709,CR00035,Cyber Threat Intelligence,Cybersecurity,Beginner,4.94,2025-09-13,0.0
U00709,CR00058,Social Media Strategy,Digital Marketing,Beginner,4.44,2025-09-01,0.0
U00709,CR00026,Intro to Machine Learning,Machine Learning,Intermediate,4.73,2025-08-13,0.0
U00709,CR00018,Social Media Marketing,Marketing,Advanced,2.01,2025-06-20,0.0
U00709,CR00012,Business Strategy,Business,Advanced,3.64,2025-04-30,487.92
U00709,CR00038,Risk Management,Project Management,Intermediate,4.84,2025-04-08,342.61
U00709,CR00053,React for Beginners,Web Development,Advanced,2.67,2025-04-04,0.0
U00709,CR00054,Backend Development with Node.js,Web Development,Beginner,3.32,2025-03-30,0.0
U00709,CR00056,Google Ads Mastery,Digital Marketing,Advanced,3.15,2025-03-01,212.39
U00709,CR00002,Java Programming,Programming,Intermediate,2.43,2025-02-16,0.0
U00709,CR00009,Web Design Fundamentals,Design,Beginner,4.51,2025-02-07,0.0
U00709,CR00016,Digital Marketing,Marketing,Intermediate,4.72,2025-01-15,0.0
U00710,CR00046,AI for Beginners,Artificial Intelligence,Beginner,1.2,2025-05-07,248.1
U00711,CR00054,Backend Development with Node.js,Web Development,Beginner,3.32,2025-03-12,0.0
U00711,CR00040,Leadership in Projects,Project Management,Beginner,1.51,2025-01-08,327.99
U00712,CR00042,Investment Strategies,Finance,Intermediate,4.1,2025-07-28,0.0
U00712,CR00013,Finance for Startups,Business,Advanced,2.0,2025-01-01,0.0
U00713,CR00001,Python Basics,Programming,Beginner,4.74,2025-01-05,472.28
U00714,CR00009,Web Design Fundamentals,Design,Beginner,4.51,2025-10-28,0.0
U00714,CR00059,Affiliate Marketing,Digital Marketing,Intermediate,4.66,2025-09-03,0.0
U00714,CR00022,Data Visualization,Data Science,Beginner,3.65,2025-02-16,0.0
U00715,CR00014,Sales Mastery,Business,Advanced,3.15,2025-02-22,0.0
U00716,CR00024,Big Data Analytics,Data Science,Advanced,2.57,2025-10-14,117.68
U00716,CR00057,SEO for E-commerce,Digital Marketing,Advanced,3.89,2025-08-29,177.34
U00716,CR00031,Network Security,Cybersecurity,Intermediate,1.91,2025-05-20,0.0
U00716,CR00022,Data Visualization,Data Science,Beginner,3.65,2025-05-10,0.0
U00717,CR00031,Network Security,Cybersecurity,Intermediate,1.91,2025-07-13,0.0
U00718,CR00015,Leadership Essentials,Business,Beginner,1.96,2025-10-18,285.05
U00718,CR00004,Advanced Python,Programming,Beginner,2.88,2025-01-30,0.0
U00719,CR00024,Big Data Analytics,Data Science,Advanced,2.57,2025-09-27,117.68
U00720,CR00049,Deep Learning,Artificial Intelligence,Intermediate,3.11,2025-12-21,415.51
U00721,CR00007,UI/UX Design,Design,Advanced,2.61,2025-04-03,0.0
U00722,CR00006,Graphic Design Basics,Design,Advanced,2.72,2025-09-04,276.37
U00722,CR00013,Finance for Startups,Business,Advanced,2.0,2025-09-02,0.0
U00722,CR00029,Natural Language Processing,Machine Learning,Beginner,1.13,2025-06-05,0.0
U00723,CR00023,Machine Learning Fundamentals,Data Science,Intermediate,3.02,2025-11-20,0.0
U00723,CR00018,Social Media Marketing,Marketing,Advanced,2.01,2025-10-24,0.0
U00723,CR00013,Finance for Startups,Business,Advanced,2.0,2025-10-11,0.0
U00723,CR00006,Graphic Design Basics,Design,Advanced,2.72,2025-08-03,276.37
U00723,CR00015,Leadership Essentials,Business,Beginner,1.96,2025-07-08,285.05
U00723,CR00055,Full-Stack Web Development,Web Development,Advanced,4.74,2025-06-24,57.32
U00723,CR00057,SEO for E-commerce,Digital Marketing,Advanced,3.89,2025-06-23,177.34
U00723,CR00040,Leadership in Projects,Project Management,Beginner,1.51,2025-05-19,327.99
U00723,CR00003,C++ for Beginners,Programming,Beginner,3.85,2025-05-18,0.0
U00723,CR00037,Scrum Essentials,Project Management,Intermediate,3.45,2025-03-10,0.0
U00723,CR00036,Agile Project Management,Project Management,Beginner,4.68,2025-03-03,0.0
U00723,CR00033,Cybersecurity Fundamentals,Cybersecurity,Intermediate,3.93,2025-03-02,0.0
U00723,CR00047,Natural Language Processing,Artificial Intelligence,Intermediate,2.68,2025-02-21,89.59
U00723,CR00004,Advanced Python,Programming,Beginner,2.88,2025-01-27,0.0
U00724,CR00003,C++ for Beginners,Programming,Beginner,3.85,2025-11-15,0.0
U00724,CR00008,Photoshop Mastery,Design,Advanced,1.52,2025-10-29,0.0
U00724,CR00010,3D Modeling,Design,Advanced,4.45,2025-08-20,0.0
U00724,CR00031,Network Security,Cybersecurity,Intermediate,1.91,2025-08-10,0.0
U00724,CR00052,JavaScript Mastery,Web Development,Beginner,2.2,2025-08-09,0.0
U00724,CR00016,Digital Marketing,Marketing,Intermediate,4.72,2025-08-03,0.0
U00724,CR00037,Scrum Essentials,Project Management,Intermediate,3.45,2025-06-14,0.0
U00724,CR00011,Entrepreneurship 101,Business,Intermediate,2.69,2025-06-09,326.02
U00724,CR00047,Natural Language Processing,Artificial Intelligence,Intermediate,2.68,2025-06-07,89.59
U00724,CR00014,Sales Mastery,Business,Advanced,3.15,2025-05-10,0.0
U00724,CR00001,Python Basics,Programming,Beginner,4.74,2025-04-26,472.28
U00724,CR00009,Web Design Fundamentals,Design,Beginner,4.51,2025-02-07,0.0
U00724,CR00059,Affiliate Marketing,Digital Marketing,Intermediate,4.66,2025-01-29,0.0
U00724,CR00017,SEO Mastery,Marketing,Advanced,4.79,2025-01-20,0.0
U00724,CR00012,Business Strategy,Business,Advanced,3.64,2025-01-18,487.92
U00725,CR00054,Backend Development with Node.js,Web Development,Beginner,3.32,2025-05-10,0.0
U00726,CR00001,Python Basics,Programming,Beginner,4.74,2025-03-16,472.28
U00727,CR00053,React for Beginners,Web Development,Advanced,2.67,2025-11-01,0.0
U00727,CR00032,Ethical Hacking,Cybersecurity,Advanced,2.38,2025-10-09,0.0
U00727,CR00056,Google Ads Mastery,Digital Marketing,Advanced,3.15,2025-06-21,212.39
U00727,CR00057,SEO for E-commerce,Digital Marketing,Advanced,3.89,2025-04-03,177.34
U00728,CR00020,Email Marketing,Marketing,Intermediate,4.11,2025-10-04,0.0
U00729,CR00017,SEO Mastery,Marketing,Advanced,4.79,2025-06-20,0.0
U00729,CR00004,Advanced Python,Programming,Beginner,2.88,2025-01-08,0.0
U00730,CR00012,Business Strategy,Business,Advanced,3.64,2025-08-13,487.92
U00730,CR00019,Content Marketing,Marketing,Advanced,2.98,2025-06-21,0.0
U00731,CR00015,Leadership Essentials,Business,Beginner,1.96,2025-09-17,285.05
U00731,CR00054,Backend Development with Node.js,Web Development,Beginner,3.32,2025-05-06,0.0
U00732,CR00034,Data Encryption,Cybersecurity,Intermediate,1.35,2025-06-29,394.26
U00733,CR00007,UI/UX Design,Design,Advanced,2.61,2025-04-27,0.0
U00734,CR00023,Machine Learning Fundamentals,Data Science,Intermediate,3.02,2025-12-03,0.0
U00734,CR00032,Ethical Hacking,Cybersecurity,Advanced,2.38,2025-05-27,0.0
U00734,CR00025,Statistical Analysis,Data Science,Beginner,3.74,2025-04-19,299.57
U00734,CR00018,Social Media Marketing,Marketing,Advanced,2.01,2025-04-13,0.0
U00735,CR00056,Google Ads Mastery,Digital Marketing,Advanced,3.15,2025-05-05,212.39
U00735,CR00013,Finance for Startups,Business,Advanced,2.0,2025-01-08,0.0
U00736,CR00026,Intro to Machine Learning,Machine Learning,Intermediate,4.73,2025-07-22,0.0
U00737,CR00024,Big Data Analytics,Data Science,Advanced,2.57,2025-05-15,117.68
U00737,CR00047,Natural Language Processing,Artificial Intelligence,Intermediate,2.68,2025-01-29,89.59
U00738,CR00035,Cyber Threat Intelligence,Cybersecurity,Beginner,4.94,2025-09-26,0.0
U00738,CR00056,Google Ads Mastery,Digital Marketing,Advanced,3.15,2025-07-08,212.39
U00738,CR00051,HTML & CSS,Web Development,Advanced,1.3,2025-03-26,37.89
U00739,CR00042,Investment Strategies,Finance,Intermediate,4.1,2025-01-16,0.0
U00740,CR00040,Leadership in Projects,Project Management,Beginner,1.51,2025-09-25,327.99
U00741,CR00044,Personal Finance,Finance,Intermediate,2.75,2025-12-10,119.04
U00741,CR00038,Risk Management,Project Management,Intermediate,4.84,2025-06-20,342.61
U00741,CR00016,Digital Marketing,Marketing,Intermediate,4.72,2025-06-20,0.0
U00741,CR00043,Corporate Finance,Finance,Beginner,4.14,2025-03-11,0.0
U00742,CR00040,Leadership in Projects,Project Management,Beginner,1.51,2025-03-14,327.99
U00743,CR00032,Ethical Hacking,Cybersecurity,Advanced,2.38,2025-10-26,0.0
U00743,CR00051,HTML & CSS,Web Development,Advanced,1.3,2025-08-27,37.89
U00743,CR00005,Full Stack Development,Programming,Beginner,1.28,2025-07-12,0.0
U00743,CR00004,Advanced Python,Programming,Beginner,2.88,2025-05-04,0.0
U00744,CR00019,Content Marketing,Marketing,Advanced,2.98,2025-12-17,0.0
U00745,CR00008,Photoshop Mastery,Design,Advanced,1.52,2025-11-22,0.0
U00745,CR00014,Sales Mastery,Business,Advanced,3.15,2025-06-28,0.0
U00746,CR00013,Finance for Startups,Business,Advanced,2.0,2025-11-11,0.0
U00746,CR00006,Graphic Design Basics,Design,Advanced,2.72,2025-03-26,276.37
U00747,CR00052,JavaScript Mastery,Web Development,Beginner,2.2,2025-10-24,0.0
U00748,CR00053,React for Beginners,Web Development,Advanced,2.67,2025-11-01,0.0
U00748,CR00013,Finance for Startups,Business,Advanced,2.0,2025-01-15,0.0
U00749,CR00016,Digital Marketing,Marketing,Intermediate,4.72,2025-11-25,0.0
U00750,CR00012,Business Strategy,Business,Advanced,3.64,2025-04-17,487.92
U00751,CR00005,Full Stack Development,Programming,Beginner,1.28,2025-02-22,0.0
U00752,CR00049,Deep Learning,Artificial Intelligence,Intermediate,3.11,2025-10-14,415.51
U00752,CR00001,Python Basics,Programming,Beginner,4.74,2025-09-18,472.28
U00752,CR00009,Web Design Fundamentals,Design,Beginner,4.51,2025-09-14,0.0
U00752,CR00007,UI/UX Design,Design,Advanced,2.61,2025-08-21,0.0
U00752,CR00043,Corporate Finance,Finance,Beginner,4.14,2025-08-18,0.0
U00752,CR00022,Data Visualization,Data Science,Beginner,3.65,2025-07-24,0.0
U00752,CR00051,HTML & CSS,Web Development,Advanced,1.3,2025-07-22,37.89
U00752,CR00005,Full Stack Development,Programming,Beginner,1.28,2025-06-18,0.0
U00752,CR00039,Project Planning,Project Management,Advanced,1.23,2025-06-09,346.71
U00752,CR00018,Social Media Marketing,Marketing,Advanced,2.01,2025-05-17,0.0
U00752,CR00034,Data Encryption,Cybersecurity,Intermediate,1.35,2025-04-03,394.26
U00752,CR00019,Content Marketing,Marketing,Advanced,2.98,2025-01-27,0.0
U00752,CR00042,Investment Strategies,Finance,Intermediate,4.1,2025-01-10,0.0
U00753,CR00020,Email Marketing,Marketing,Intermediate,4.11,2025-09-06,0.0
U00753,CR00004,Advanced Python,Programming,Beginner,2.88,2025-02-25,0.0
U00754,CR00050,Computer Vision,Artificial Intelligence,Beginner,4.55,2025-12-18,490.9
U00755,CR00031,Network Security,Cybersecurity,Intermediate,1.91,2025-07-25,0.0
U00756,CR00042,Investment Strategies,Finance,Intermediate,4.1,2025-05-07,0.0
U00757,CR00041,Financial Accounting,Finance,Beginner,2.47,2025-08-28,53.86
U00758,CR00013,Finance for Startups,Business,Advanced,2.0,2025-02-15,0.0
U00759,CR00028,Deep Learning,Machine Learning,Advanced,3.89,2025-04-06,0.78
U00760,CR00040,Leadership in Projects,Project Management,Beginner,1.51,2025-12-29,327.99
U00760,CR00042,Investment Strategies,Finance,Intermediate,4.1,2025-12-23,0.0
U00760,CR00003,C++ for Beginners,Programming,Beginner,3.85,2025-12-06,0.0
U00760,CR00034,Data Encryption,Cybersecurity,Intermediate,1.35,2025-12-03,394.26
U00760,CR00019,Content Marketing,Marketing,Advanced,2.98,2025-11-22,0.0
U00760,CR00026,Intro to Machine Learning,Machine Learning,Intermediate,4.73,2025-09-14,0.0
U00760,CR00047,Natural Language Processing,Artificial Intelligence,Intermediate,2.68,2025-09-02,89.59
U00760,CR00001,Python Basics,Programming,Beginner,4.74,2025-08-09,472.28
U00760,CR00005,Full Stack Development,Programming,Beginner,1.28,2025-06-29,0.0
U00760,CR00031,Network Security,Cybersecurity,Intermediate,1.91,2025-06-11,0.0
U00760,CR00025,Statistical Analysis,Data Science,Beginner,3.74,2025-03-29,299.57
U00760,CR00036,Agile Project Management,Project Management,Beginner,4.68,2025-02-07,0.0
U00760,CR00009,Web Design Fundamentals,Design,Beginner,4.51,2025-01-07,0.0
U00761,CR00058,Social Media Strategy,Digital Marketing,Beginner,4.44,2025-11-26,0.0
U00762,CR00039,Project Planning,Project Management,Advanced,1.23,2025-09-19,346.71
U00763,CR00023,Machine Learning Fundamentals,Data Science,Intermediate,3.02,2025-04-22,0.0
U00764,CR00019,Content Marketing,Marketing,Advanced,2.98,2025-04-24,0.0
U00764,CR00018,Social Media Marketing,Marketing,Advanced,2.01,2025-04-03,0.0
U00765,CR00008,Photoshop Mastery,Design,Advanced,1.52,2025-12-14,0.0
U00765,CR00040,Leadership in Projects,Project Management,Beginner,1.51,2025-10-23,327.99
U00765,CR00045,Financial Modeling,Finance,Advanced,1.59,2025-10-22,0.0
U00765,CR00021,Data Analysis with Python,Data Science,Intermediate,3.6,2025-07-27,0.0
U00765,CR00023,Machine Learning Fundamentals,Data Science,Intermediate,3.02,2025-07-12,0.0
U00765,CR00044,Personal Finance,Finance,Intermediate,2.75,2025-07-10,119.04
U00765,CR00022,Data Visualization,Data Science,Beginner,3.65,2025-05-28,0.0
U00765,CR00026,Intro to Machine Learning,Machine Learning,Intermediate,4.73,2025-05-23,0.0
U00765,CR00039,Project Planning,Project Management,Advanced,1.23,2025-03-21,346.71
U00765,CR00034,Data Encryption,Cybersecurity,Intermediate,1.35,2025-03-19,394.26
U00765,CR00020,Email Marketing,Marketing,Intermediate,4.11,2025-02-22,0.0
U00766,CR00042,Investment Strategies,Finance,Intermediate,4.1,2025-08-25,0.0
U00766,CR00020,Email Marketing,Marketing,Intermediate,4.11,2025-06-26,0.0
U00766,CR00017,SEO Mastery,Marketing,Advanced,4.79,2025-06-02,0.0
U00767,CR00013,Finance for Startups,Business,Advanced,2.0,2025-11-15,0.0
U00767,CR00007,UI/UX Design,Design,Advanced,2.61,2025-11-11,0.0
U00767,CR00016,Digital Marketing,Marketing,Intermediate,4.72,2025-10-02,0.0
U00767,CR00026,Intro to Machine Learning,Machine Learning,Intermediate,4.73,2025-09-28,0.0
U00767,CR00024,Big Data Analytics,Data Science,Advanced,2.57,2025-09-18,117.68
U00767,CR00032,Ethical Hacking,Cybersecurity,Advanced,2.38,2025-08-07,0.0
U00767,CR00001,Python Basics,Programming,Beginner,4.74,2025-06-14,472.28
U00767,CR00030,Reinforcement Learning,Machine Learning,Intermediate,1.73,2025-05-23,0.0
U00767,CR00049,Deep Learning,Artificial Intelligence,Intermediate,3.11,2025-05-17,415.51
U00767,CR00002,Java Programming,Programming,Intermediate,2.43,2025-04-29,0.0
U00767,CR00039,Project Planning,Project Management,Advanced,1.23,2025-04-27,346.71
U00767,CR00057,SEO for E-commerce,Digital Marketing,Advanced,3.89,2025-02-03,177.34
U00767,CR00004,Advanced Python,Programming,Beginner,2.88,2025-01-26,0.0
U00767,CR00037,Scrum Essentials,Project Management,Intermediate,3.45,2025-01-09,0.0
U00768,CR00009,Web Design Fundamentals,Design,Beginner,4.51,2025-12-18,0.0
U00768,CR00053,React for Beginners,Web Development,Advanced,2.67,2025-01-15,0.0
U00769,CR00010,3D Modeling,Design,Advanced,4.45,2025-10-16,0.0
U00770,CR00026,Intro to Machine Learning,Machine Learning,Intermediate,4.73,2025-02-11,0.0
U00771,CR00015,Leadership Essentials,Business,Beginner,1.96,2025-01-19,285.05
U00772,CR00037,Scrum Essentials,Project Management,Intermediate,3.45,2025-12-11,0.0
U00772,CR00058,Social Media Strategy,Digital Marketing,Beginner,4.44,2025-11-23,0.0
U00772,CR00019,Content Marketing,Marketing,Advanced,2.98,2025-11-20,0.0
U00772,CR00003,C++ for Beginners,Programming,Beginner,3.85,2025-08-27,0.0
U00772,CR00048,AI Ethics,Artificial Intelligence,Beginner,3.64,2025-08-03,0.0
U00772,CR00038,Risk Management,Project Management,Intermediate,4.84,2025-07-26,342.61
U00772,CR00059,Affiliate Marketing,Digital Marketing,Intermediate,4.66,2025-07-07,0.0
U00772,CR00032,Ethical Hacking,Cybersecurity,Advanced,2.38,2025-06-18,0.0
U00772,CR00053,React for Beginners,Web Development,Advanced,2.67,2025-06-03,0.0
U00772,CR00022,Data Visualization,Data Science,Beginner,3.65,2025-04-23,0.0
U00772,CR00020,Email Marketing,Marketing,Intermediate,4.11,2025-02-19,0.0
U00772,CR00008,Photoshop Mastery,Design,Advanced,1.52,2025-01-22,0.0
U00772,CR00033,Cybersecurity Fundamentals,Cybersecurity,Intermediate,3.93,2025-01-19,0.0
U00773,CR00044,Personal Finance,Finance,Intermediate,2.75,2025-05-07,119.04
U00774,CR00032,Ethical Hacking,Cybersecurity,Advanced,2.38,2025-03-02,0.0
U00775,CR00030,Reinforcement Learning,Machine Learning,Intermediate,1.73,2025-12-28,0.0
U00775,CR00053,React for Beginners,Web Development,Advanced,2.67,2025-12-24,0.0
U00775,CR00003,C++ for Beginners,Programming,Beginner,3.85,2025-12-03,0.0
U00775,CR00046,AI for Beginners,Artificial Intelligence,Beginner,1.2,2025-10-05,248.1
U00775,CR00057,SEO for E-commerce,Digital Marketing,Advanced,3.89,2025-09-03,177.34
U00775,CR00059,Affiliate Marketing,Digital Marketing,Intermediate,4.66,2025-08-19,0.0
U00775,CR00002,Java Programming,Programming,Intermediate,2.43,2025-07-13,0.0
U00775,CR00043,Corporate Finance,Finance,Beginner,4.14,2025-06-08,0.0
U00775,CR00047,Natural Language Processing,Artificial Intelligence,Intermediate,2.68,2025-06-02,89.59
U00775,CR00044,Personal Finance,Finance,Intermediate,2.75,2025-04-29,119.04
U00775,CR00015,Leadership Essentials,Business,Beginner,1.96,2025-04-12,285.05
U00775,CR00026,Intro to Machine Learning,Machine Learning,Intermediate,4.73,2025-04-10,0.0
U00775,CR00001,Python Basics,Programming,Beginner,4.74,2025-03-03,472.28
U00775,CR00009,Web Design Fundamentals,Design,Beginner,4.51,2025-01-22,0.0
U00776,CR00050,Computer Vision,Artificial Intelligence,Beginner,4.55,2025-04-02,490.9
U00777,CR00043,Corporate Finance,Finance,Beginner,4.14,2025-12-06,0.0
U00777,CR00056,Google Ads Mastery,Digital Marketing,Advanced,3.15,2025-06-06,212.39
U00777,CR00025,Statistical Analysis,Data Science,Beginner,3.74,2025-03-29,299.57
U00777,CR00012,Business Strategy,Business,Advanced,3.64,2025-01-04,487.92
U00778,CR00019,Content Marketing,Marketing,Advanced,2.98,2025-03-16,0.0
U00778,CR00030,Reinforcement Learning,Machine Learning,Intermediate,1.73,2025-02-04,0.0
U00779,CR00032,Ethical Hacking,Cybersecurity,Advanced,2.38,2025-09-30,0.0
U00780,CR00002,Java Programming,Programming,Intermediate,2.43,2025-11-01,0.0
U00781,CR00021,Data Analysis with Python,Data Science,Intermediate,3.6,2025-01-07,0.0
U00782,CR00007,UI/UX Design,Design,Advanced,2.61,2025-06-24,0.0
U00783,CR00055,Full-Stack Web Development,Web Development,Advanced,4.74,2025-06-18,57.32
U00783,CR00023,Machine Learning Fundamentals,Data Science,Intermediate,3.02,2025-03-24,0.0
U00784,CR00025,Statistical Analysis,Data Science,Beginner,3.74,2025-09-16,299.57
U00784,CR00036,Agile Project Management,Project Management,Beginner,4.68,2025-06-28,0.0
U00785,CR00059,Affiliate Marketing,Digital Marketing,Intermediate,4.66,2025-02-28,0.0
U00786,CR00022,Data Visualization,Data Science,Beginner,3.65,2025-12-20,0.0
U00786,CR00055,Full-Stack Web Development,Web Development,Advanced,4.74,2025-12-09,57.32
U00786,CR00043,Corporate Finance,Finance,Beginner,4.14,2025-10-30,0.0
U00786,CR00053,React for Beginners,Web Development,Advanced,2.67,2025-09-09,0.0
U00786,CR00010,3D Modeling,Design,Advanced,4.45,2025-08-14,0.0
U00786,CR00044,Personal Finance,Finance,Intermediate,2.75,2025-07-21,119.04
U00786,CR00006,Graphic Design Basics,Design,Advanced,2.72,2025-06-08,276.37
U00786,CR00034,Data Encryption,Cybersecurity,Intermediate,1.35,2025-04-24,394.26
U00786,CR00039,Project Planning,Project Management,Advanced,1.23,2025-04-20,346.71
U00786,CR00045,Financial Modeling,Finance,Advanced,1.59,2025-03-21,0.0
U00786,CR00003,C++ for Beginners,Programming,Beginner,3.85,2025-03-10,0.0
U00786,CR00016,Digital Marketing,Marketing,Intermediate,4.72,2025-03-03,0.0
U00786,CR00017,SEO Mastery,Marketing,Advanced,4.79,2025-02-12,0.0
U00787,CR00036,Agile Project Management,Project Management,Beginner,4.68,2025-11-01,0.0
U00787,CR00007,UI/UX Design,Design,Advanced,2.61,2025-07-29,0.0
U00787,CR00058,Social Media Strategy,Digital Marketing,Beginner,4.44,2025-07-13,0.0
U00787,CR00001,Python Basics,Programming,Beginner,4.74,2025-05-10,472.28
U00787,CR00005,Full Stack Development,Programming,Beginner,1.28,2025-04-07,0.0
U00787,CR00051,HTML & CSS,Web Development,Advanced,1.3,2025-03-23,37.89
U00787,CR00030,Reinforcement Learning,Machine Learning,Intermediate,1.73,2025-03-16,0.0
U00787,CR00037,Scrum Essentials,Project Management,Intermediate,3.45,2025-03-04,0.0
U00787,CR00003,C++ for Beginners,Programming,Beginner,3.85,2025-02-20,0.0
U00788,CR00060,Content Creation,Digital Marketing,Beginner,2.14,2025-06-10,0.0
U00788,CR00030,Reinforcement Learning,Machine Learning,Intermediate,1.73,2025-02-12,0.0
U00789,CR00051,HTML & CSS,Web Development,Advanced,1.3,2025-08-15,37.89
U00789,CR00022,Data Visualization,Data Science,Beginner,3.65,2025-02-17,0.0
U00790,CR00028,Deep Learning,Machine Learning,Advanced,3.89,2025-09-02,0.78
U00790,CR00039,Project Planning,Project Management,Advanced,1.23,2025-04-02,346.71
U00791,CR00047,Natural Language Processing,Artificial Intelligence,Intermediate,2.68,2025-12-16,89.59
U00791,CR00033,Cybersecurity Fundamentals,Cybersecurity,Intermediate,3.93,2025-09-16,0.0
U00792,CR00039,Project Planning,Project Management,Advanced,1.23,2025-01-25,346.71
U00793,CR00021,Data Analysis with Python,Data Science,Intermediate,3.6,2025-08-29,0.0
U00793,CR00056,Google Ads Mastery,Digital Marketing,Advanced,3.15,2025-08-27,212.39
U00793,CR00007,UI/UX Design,Design,Advanced,2.61,2025-06-16,0.0
U00793,CR00058,Social Media Strategy,Digital Marketing,Beginner,4.44,2025-03-25,0.0
U00794,CR00008,Photoshop Mastery,Design,Advanced,1.52,2025-12-03,0.0
U00794,CR00048,AI Ethics,Artificial Intelligence,Beginner,3.64,2025-09-07,0.0
U00795,CR00036,Agile Project Management,Project Management,Beginner,4.68,2025-11-21,0.0
U00795,CR00015,Leadership Essentials,Business,Beginner,1.96,2025-06-04,285.05
U00795,CR00052,JavaScript Mastery,Web Development,Beginner,2.2,2025-05-11,0.0
U00796,CR00005,Full Stack Development,Programming,Beginner,1.28,2025-07-14,0.0
U00796,CR00056,Google Ads Mastery,Digital Marketing,Advanced,3.15,2025-07-07,212.39
U00797,CR00026,Intro to Machine Learning,Machine Learning,Intermediate,4.73,2025-07-12,0.0
U00797,CR00042,Investment Strategies,Finance,Intermediate,4.1,2025-05-09,0.0
U00797,CR00008,Photoshop Mastery,Design,Advanced,1.52,2025-01-16,0.0
U00798,CR00008,Photoshop Mastery,Design,Advanced,1.52,2025-06-11,0.0
U00799,CR00022,Data Visualization,Data Science,Beginner,3.65,2025-08-02,0.0
U00799,CR00052,JavaScript Mastery,Web Development,Beginner,2.2,2025-03-02,0.0
U00800,CR00026,Intro to Machine Learning,Machine Learning,Intermediate,4.73,2025-08-02,0.0
U00800,CR00049,Deep Learning,Artificial Intelligence,Intermediate,3.11,2025-03-13,415.51
U00801,CR00026,Intro to Machine Learning,Machine Learning,Intermediate,4.73,2025-09-19,0.0
U00801,CR00049,Deep Learning,Artificial Intelligence,Intermediate,3.11,2025-01-02,415.51
U00802,CR00014,Sales Mastery,Business,Advanced,3.15,2025-09-02,0.0
U00802,CR00044,Personal Finance,Finance,Intermediate,2.75,2025-05-24,119.04
U00803,CR00014,Sales Mastery,Business,Advanced,3.15,2025-10-05,0.0
U00803,CR00006,Graphic Design Basics,Design,Advanced,2.72,2025-09-06,276.37
U00803,CR00023,Machine Learning Fundamentals,Data Science,Intermediate,3.02,2025-07-22,0.0
U00804,CR00005,Full Stack Development,Programming,Beginner,1.28,2025-04-22,0.0
U00804,CR00047,Natural Language Processing,Artificial Intelligence,Intermediate,2.68,2025-03-01,89.59
U00805,CR00020,Email Marketing,Marketing,Intermediate,4.11,2025-11-16,0.0
U00806,CR00022,Data Visualization,Data Science,Beginner,3.65,2025-08-03,0.0
U00807,CR00038,Risk Management,Project Management,Intermediate,4.84,2025-03-13,342.61
U00808,CR00048,AI Ethics,Artificial Intelligence,Beginner,3.64,2025-07-04,0.0
U00809,CR00050,Computer Vision,Artificial Intelligence,Beginner,4.55,2025-04-14,490.9
U00810,CR00006,Graphic Design Basics,Design,Advanced,2.72,2025-11-01,276.37
U00811,CR00054,Backend Development with Node.js,Web Development,Beginner,3.32,2025-12-28,0.0
U00811,CR00012,Business Strategy,Business,Advanced,3.64,2025-09-10,487.92
U00811,CR00052,JavaScript Mastery,Web Development,Beginner,2.2,2025-04-30,0.0
U00812,CR00009,Web Design Fundamentals,Design,Beginner,4.51,2025-12-02,0.0
U00812,CR00010,3D Modeling,Design,Advanced,4.45,2025-10-14,0.0
U00812,CR00015,Leadership Essentials,Business,Beginner,1.96,2025-03-06,285.05
U00813,CR00058,Social Media Strategy,Digital Marketing,Beginner,4.44,2025-11-15,0.0
U00813,CR00016,Digital Marketing,Marketing,Intermediate,4.72,2025-10-23,0.0
U00813,CR00042,Investment Strategies,Finance,Intermediate,4.1,2025-10-18,0.0
U00813,CR00013,Finance for Startups,Business,Advanced,2.0,2025-09-18,0.0
U00814,CR00018,Social Media Marketing,Marketing,Advanced,2.01,2025-05-04,0.0
U00815,CR00026,Intro to Machine Learning,Machine Learning,Intermediate,4.73,2025-08-19,0.0
U00815,CR00049,Deep Learning,Artificial Intelligence,Intermediate,3.11,2025-02-05,415.51
U00816,CR00047,Natural Language Processing,Artificial Intelligence,Intermediate,2.68,2025-12-10,89.59
U00816,CR00030,Reinforcement Learning,Machine Learning,Intermediate,1.73,2025-10-06,0.0
U00816,CR00031,Network Security,Cybersecurity,Intermediate,1.91,2025-04-26,0.0
U00817,CR00054,Backend Development with Node.js,Web Development,Beginner,3.32,2025-03-08,0.0
U00818,CR00017,SEO Mastery,Marketing,Advanced,4.79,2025-02-28,0.0
U00819,CR00035,Cyber Threat Intelligence,Cybersecurity,Beginner,4.94,2025-12-04,0.0
U00819,CR00008,Photoshop Mastery,Design,Advanced,1.52,2025-11-29,0.0
U00819,CR00056,Google Ads Mastery,Digital Marketing,Advanced,3.15,2025-09-10,212.39
U00819,CR00036,Agile Project Management,Project Management,Beginner,4.68,2025-09-09,0.0
U00819,CR00044,Personal Finance,Finance,Intermediate,2.75,2025-09-06,119.04
U00819,CR00049,Deep Learning,Artificial Intelligence,Intermediate,3.11,2025-08-30,415.51
U00819,CR00032,Ethical Hacking,Cybersecurity,Advanced,2.38,2025-08-07,0.0
U00819,CR00041,Financial Accounting,Finance,Beginner,2.47,2025-08-02,53.86
U00819,CR00052,JavaScript Mastery,Web Development,Beginner,2.2,2025-06-27,0.0
U00819,CR00038,Risk Management,Project Management,Intermediate,4.84,2025-04-16,342.61
U00819,CR00021,Data Analysis with Python,Data Science,Intermediate,3.6,2025-04-11,0.0
U00819,CR00013,Finance for Startups,Business,Advanced,2.0,2025-03-21,0.0
U00819,CR00060,Content Creation,Digital Marketing,Beginner,2.14,2025-01-27,0.0
U00819,CR00007,UI/UX Design,Design,Advanced,2.61,2025-01-23,0.0
U00820,CR00021,Data Analysis with Python,Data Science,Intermediate,3.6,2025-09-28,0.0
U00820,CR00060,Content Creation,Digital Marketing,Beginner,2.14,2025-08-06,0.0
U00820,CR00012,Business Strategy,Business,Advanced,3.64,2025-04-30,487.92
U00821,CR00030,Reinforcement Learning,Machine Learning,Intermediate,1.73,2025-12-27,0.0
U00821,CR00060,Content Creation,Digital Marketing,Beginner,2.14,2025-12-08,0.0
U00821,CR00001,Python Basics,Programming,Beginner,4.74,2025-12-07,472.28
U00821,CR00015,Leadership Essentials,Business,Beginner,1.96,2025-10-12,285.05
U00821,CR00039,Project Planning,Project Management,Advanced,1.23,2025-09-27,346.71
U00821,CR00035,Cyber Threat Intelligence,Cybersecurity,Beginner,4.94,2025-09-15,0.0
U00821,CR00009,Web Design Fundamentals,Design,Beginner,4.51,2025-09-12,0.0
U00821,CR00051,HTML & CSS,Web Development,Advanced,1.3,2025-07-08,37.89
U00821,CR00036,Agile Project Management,Project Management,Beginner,4.68,2025-07-04,0.0
U00821,CR00024,Big Data Analytics,Data Science,Advanced,2.57,2025-06-12,117.68
U00821,CR00046,AI for Beginners,Artificial Intelligence,Beginner,1.2,2025-04-12,248.1
U00821,CR00047,Natural Language Processing,Artificial Intelligence,Intermediate,2.68,2025-03-23,89.59
U00821,CR00042,Investment Strategies,Finance,Intermediate,4.1,2025-01-11,0.0
U00822,CR00002,Java Programming,Programming,Intermediate,2.43,2025-02-25,0.0
U00823,CR00056,Google Ads Mastery,Digital Marketing,Advanced,3.15,2025-03-03,212.39
U00824,CR00042,Investment Strategies,Finance,Intermediate,4.1,2025-12-22,0.0
U00825,CR00023,Machine Learning Fundamentals,Data Science,Intermediate,3.02,2025-11-08,0.0
U00825,CR00012,Business Strategy,Business,Advanced,3.64,2025-09-22,487.92
U00825,CR00010,3D Modeling,Design,Advanced,4.45,2025-06-24,0.0
U00826,CR00041,Financial Accounting,Finance,Beginner,2.47,2025-06-10,53.86
U00827,CR00016,Digital Marketing,Marketing,Intermediate,4.72,2025-04-09,0.0
U00827,CR00042,Investment Strategies,Finance,Intermediate,4.1,2025-02-25,0.0
U00828,CR00049,Deep Learning,Artificial Intelligence,Intermediate,3.11,2025-11-10,415.51
U00828,CR00057,SEO for E-commerce,Digital Marketing,Advanced,3.89,2025-05-08,177.34
U00828,CR00016,Digital Marketing,Marketing,Intermediate,4.72,2025-01-18,0.0
U00829,CR00054,Backend Development with Node.js,Web Development,Beginner,3.32,2025-11-23,0.0
U00829,CR00052,JavaScript Mastery,Web Development,Beginner,2.2,2025-10-07,0.0
U00829,CR00049,Deep Learning,Artificial Intelligence,Intermediate,3.11,2025-10-02,415.51
U00829,CR00039,Project Planning,Project Management,Advanced,1.23,2025-09-22,346.71
U00829,CR00032,Ethical Hacking,Cybersecurity,Advanced,2.38,2025-08-09,0.0
U00829,CR00010,3D Modeling,Design,Advanced,4.45,2025-07-29,0.0
U00829,CR00033,Cybersecurity Fundamentals,Cybersecurity,Intermediate,3.93,2025-07-22,0.0
U00829,CR00043,Corporate Finance,Finance,Beginner,4.14,2025-07-22,0.0
U00829,CR00002,Java Programming,Programming,Intermediate,2.43,2025-06-24,0.0
U00829,CR00040,Leadership in Projects,Project Management,Beginner,1.51,2025-06-03,327.99
U00829,CR00035,Cyber Threat Intelligence,Cybersecurity,Beginner,4.94,2025-06-03,0.0
U00829,CR00037,Scrum Essentials,Project Management,Intermediate,3.45,2025-04-27,0.0
U00829,CR00042,Investment Strategies,Finance,Intermediate,4.1,2025-02-08,0.0
U00829,CR00046,AI for Beginners,Artificial Intelligence,Beginner,1.2,2025-02-06,248.1
U00829,CR00004,Advanced Python,Programming,Beginner,2.88,2025-01-20,0.0
U00829,CR00021,Data Analysis with Python,Data Science,Intermediate,3.6,2025-01-17,0.0
U00830,CR00011,Entrepreneurship 101,Business,Intermediate,2.69,2025-05-15,326.02
U00831,CR00027,Neural Networks,Machine Learning,Advanced,1.81,2025-08-01,0.0
U00831,CR00009,Web Design Fundamentals,Design,Beginner,4.51,2025-07-21,0.0
U00832,CR00003,C++ for Beginners,Programming,Beginner,3.85,2025-06-08,0.0
U00833,CR00018,Social Media Marketing,Marketing,Advanced,2.01,2025-12-05,0.0
U00833,CR00027,Neural Networks,Machine Learning,Advanced,1.81,2025-09-21,0.0
U00833,CR00052,JavaScript Mastery,Web Development,Beginner,2.2,2025-03-13,0.0
U00834,CR00052,JavaScript Mastery,Web Development,Beginner,2.2,2025-09-25,0.0
U00835,CR00023,Machine Learning Fundamentals,Data Science,Intermediate,3.02,2025-07-23,0.0
U00836,CR00054,Backend Development with Node.js,Web Development,Beginner,3.32,2025-11-27,0.0
U00836,CR00017,SEO Mastery,Marketing,Advanced,4.79,2025-11-24,0.0
U00836,CR00025,Statistical Analysis,Data Science,Beginner,3.74,2025-11-18,299.57
U00836,CR00051,HTML & CSS,Web Development,Advanced,1.3,2025-11-08,37.89
U00836,CR00004,Advanced Python,Programming,Beginner,2.88,2025-11-04,0.0
U00836,CR00056,Google Ads Mastery,Digital Marketing,Advanced,3.15,2025-11-03,212.39
U00836,CR00020,Email Marketing,Marketing,Intermediate,4.11,2025-10-19,0.0
U00836,CR00059,Affiliate Marketing,Digital Marketing,Intermediate,4.66,2025-09-28,0.0
U00836,CR00041,Financial Accounting,Finance,Beginner,2.47,2025-08-22,53.86
U00836,CR00040,Leadership in Projects,Project Management,Beginner,1.51,2025-08-10,327.99
U00836,CR00060,Content Creation,Digital Marketing,Beginner,2.14,2025-08-10,0.0
U00836,CR00030,Reinforcement Learning,Machine Learning,Intermediate,1.73,2025-07-20,0.0
U00836,CR00002,Java Programming,Programming,Intermediate,2.43,2025-05-25,0.0
U00836,CR00033,Cybersecurity Fundamentals,Cybersecurity,Intermediate,3.93,2025-04-27,0.0
U00836,CR00029,Natural Language Processing,Machine Learning,Beginner,1.13,2025-02-13,0.0
U00837,CR00019,Content Marketing,Marketing,Advanced,2.98,2025-09-06,0.0
U00837,CR00005,Full Stack Development,Programming,Beginner,1.28,2025-05-24,0.0
U00837,CR00015,Leadership Essentials,Business,Beginner,1.96,2025-04-14,285.05
U00837,CR00003,C++ for Beginners,Programming,Beginner,3.85,2025-04-02,0.0
U00838,CR00052,JavaScript Mastery,Web Development,Beginner,2.2,2025-12-24,0.0
U00838,CR00007,UI/UX Design,Design,Advanced,2.61,2025-12-14,0.0
U00838,CR00022,Data Visualization,Data Science,Beginner,3.65,2025-12-13,0.0
U00838,CR00027,Neural Networks,Machine Learning,Advanced,1.81,2025-11-19,0.0
U00838,CR00013,Finance for Startups,Business,Advanced,2.0,2025-11-02,0.0
U00838,CR00024,Big Data Analytics,Data Science,Advanced,2.57,2025-09-14,117.68
U00838,CR00045,Financial Modeling,Finance,Advanced,1.59,2025-06-27,0.0
U00838,CR00025,Statistical Analysis,Data Science,Beginner,3.74,2025-03-28,299.57
U00838,CR00050,Computer Vision,Artificial Intelligence,Beginner,4.55,2025-03-13,490.9
U00838,CR00048,AI Ethics,Artificial Intelligence,Beginner,3.64,2025-03-07,0.0
U00838,CR00019,Content Marketing,Marketing,Advanced,2.98,2025-01-23,0.0
U00838,CR00044,Personal Finance,Finance,Intermediate,2.75,2025-01-20,119.04
U00839,CR00035,Cyber Threat Intelligence,Cybersecurity,Beginner,4.94,2025-08-13,0.0
U00840,CR00026,Intro to Machine Learning,Machine Learning,Intermediate,4.73,2025-12-21,0.0
U00840,CR00005,Full Stack Development,Programming,Beginner,1.28,2025-12-14,0.0
U00840,CR00034,Data Encryption,Cybersecurity,Intermediate,1.35,2025-08-05,394.26
U00841,CR00031,Network Security,Cybersecurity,Intermediate,1.91,2025-07-29,0.0
U00842,CR00047,Natural Language Processing,Artificial Intelligence,Intermediate,2.68,2025-12-20,89.59
U00842,CR00004,Advanced Python,Programming,Beginner,2.88,2025-01-26,0.0
U00843,CR00006,Graphic Design Basics,Design,Advanced,2.72,2025-01-15,276.37
U00844,CR00016,Digital Marketing,Marketing,Intermediate,4.72,2025-02-05,0.0
U00845,CR00041,Financial Accounting,Finance,Beginner,2.47,2025-08-18,53.86
U00846,CR00055,Full-Stack Web Development,Web Development,Advanced,4.74,2025-05-27,57.32
U00847,CR00059,Affiliate Marketing,Digital Marketing,Intermediate,4.66,2025-10-20,0.0
U00848,CR00049,Deep Learning,Artificial Intelligence,Intermediate,3.11,2025-11-27,415.51
U00848,CR00048,AI Ethics,Artificial Intelligence,Beginner,3.64,2025-08-04,0.0
U00848,CR00010,3D Modeling,Design,Advanced,4.45,2025-05-12,0.0
U00848,CR00033,Cybersecurity Fundamentals,Cybersecurity,Intermediate,3.93,2025-02-06,0.0
U00849,CR00046,AI for Beginners,Artificial Intelligence,Beginner,1.2,2025-05-14,248.1
U00849,CR00048,AI Ethics,Artificial Intelligence,Beginner,3.64,2025-03-20,0.0
U00850,CR00007,UI/UX Design,Design,Advanced,2.61,2025-12-04,0.0
U00850,CR00021,Data Analysis with Python,Data Science,Intermediate,3.6,2025-12-03,0.0
U00850,CR00036,Agile Project Management,Project Management,Beginner,4.68,2025-11-29,0.0
U00850,CR00037,Scrum Essentials,Project Management,Intermediate,3.45,2025-10-14,0.0
U00850,CR00039,Project Planning,Project Management,Advanced,1.23,2025-08-24,346.71
U00850,CR00027,Neural Networks,Machine Learning,Advanced,1.81,2025-08-09,0.0
U00850,CR00044,Personal Finance,Finance,Intermediate,2.75,2025-07-18,119.04
U00850,CR00018,Social Media Marketing,Marketing,Advanced,2.01,2025-07-08,0.0
U00850,CR00019,Content Marketing,Marketing,Advanced,2.98,2025-06-26,0.0
U00850,CR00014,Sales Mastery,Business,Advanced,3.15,2025-06-19,0.0
U00850,CR00038,Risk Management,Project Management,Intermediate,4.84,2025-06-02,342.61
U00850,CR00047,Natural Language Processing,Artificial Intelligence,Intermediate,2.68,2025-04-01,89.59
U00850,CR00022,Data Visualization,Data Science,Beginner,3.65,2025-01-22,0.0
U00850,CR00032,Ethical Hacking,Cybersecurity,Advanced,2.38,2025-01-21,0.0
U00850,CR00010,3D Modeling,Design,Advanced,4.45,2025-01-04,0.0
U00851,CR00026,Intro to Machine Learning,Machine Learning,Intermediate,4.73,2025-06-10,0.0
U00852,CR00035,Cyber Threat Intelligence,Cybersecurity,Beginner,4.94,2025-12-17,0.0
U00852,CR00050,Computer Vision,Artificial Intelligence,Beginner,4.55,2025-11-29,490.9
U00852,CR00052,JavaScript Mastery,Web Development,Beginner,2.2,2025-10-17,0.0
U00852,CR00020,Email Marketing,Marketing,Intermediate,4.11,2025-10-06,0.0
U00852,CR00037,Scrum Essentials,Project Management,Intermediate,3.45,2025-08-16,0.0
U00852,CR00049,Deep Learning,Artificial Intelligence,Intermediate,3.11,2025-06-18,415.51
U00852,CR00042,Investment Strategies,Finance,Intermediate,4.1,2025-04-26,0.0
U00852,CR00011,Entrepreneurship 101,Business,Intermediate,2.69,2025-04-12,326.02
U00852,CR00058,Social Media Strategy,Digital Marketing,Beginner,4.44,2025-04-08,0.0
U00852,CR00032,Ethical Hacking,Cybersecurity,Advanced,2.38,2025-04-05,0.0
U00852,CR00039,Project Planning,Project Management,Advanced,1.23,2025-03-21,346.71
U00852,CR00014,Sales Mastery,Business,Advanced,3.15,2025-03-15,0.0
U00852,CR00017,SEO Mastery,Marketing,Advanced,4.79,2025-01-14,0.0
U00853,CR00020,Email Marketing,Marketing,Intermediate,4.11,2025-06-01,0.0
U00853,CR00030,Reinforcement Learning,Machine Learning,Intermediate,1.73,2025-03-01,0.0
U00854,CR00019,Content Marketing,Marketing,Advanced,2.98,2025-12-26,0.0
U00854,CR00025,Statistical Analysis,Data Science,Beginner,3.74,2025-12-12,299.57
U00855,CR00005,Full Stack Development,Programming,Beginner,1.28,2025-09-01,0.0
U00856,CR00060,Content Creation,Digital Marketing,Beginner,2.14,2025-08-13,0.0
U00857,CR00054,Backend Development with Node.js,Web Development,Beginner,3.32,2025-06-20,0.0
U00858,CR00003,C++ for Beginners,Programming,Beginner,3.85,2025-11-27,0.0
U00858,CR00052,JavaScript Mastery,Web Development,Beginner,2.2,2025-11-07,0.0
U00858,CR00009,Web Design Fundamentals,Design,Beginner,4.51,2025-10-30,0.0
U00858,CR00053,React for Beginners,Web Development,Advanced,2.67,2025-09-07,0.0
U00858,CR00030,Reinforcement Learning,Machine Learning,Intermediate,1.73,2025-09-01,0.0
U00858,CR00038,Risk Management,Project Management,Intermediate,4.84,2025-08-28,342.61
U00858,CR00026,Intro to Machine Learning,Machine Learning,Intermediate,4.73,2025-08-09,0.0
U00858,CR00017,SEO Mastery,Marketing,Advanced,4.79,2025-07-25,0.0
U00858,CR00002,Java Programming,Programming,Intermediate,2.43,2025-06-02,0.0
U00858,CR00060,Content Creation,Digital Marketing,Beginner,2.14,2025-05-28,0.0
U00858,CR00027,Neural Networks,Machine Learning,Advanced,1.81,2025-05-12,0.0
U00858,CR00036,Agile Project Management,Project Management,Beginner,4.68,2025-05-11,0.0
U00858,CR00045,Financial Modeling,Finance,Advanced,1.59,2025-02-12,0.0
U00858,CR00041,Financial Accounting,Finance,Beginner,2.47,2025-01-17,53.86
U00858,CR00058,Social Media Strategy,Digital Marketing,Beginner,4.44,2025-01-09,0.0
U00859,CR00023,Machine Learning Fundamentals,Data Science,Intermediate,3.02,2025-08-07,0.0
U00860,CR00050,Computer Vision,Artificial Intelligence,Beginner,4.55,2025-05-10,490.9
U00861,CR00030,Reinforcement Learning,Machine Learning,Intermediate,1.73,2025-10-10,0.0
U00862,CR00012,Business Strategy,Business,Advanced,3.64,2025-06-30,487.92
U00863,CR00004,Advanced Python,Programming,Beginner,2.88,2025-05-30,0.0
U00864,CR00013,Finance for Startups,Business,Advanced,2.0,2025-08-25,0.0
U00865,CR00015,Leadership Essentials,Business,Beginner,1.96,2025-09-08,285.05
U00866,CR00026,Intro to Machine Learning,Machine Learning,Intermediate,4.73,2025-06-02,0.0
U00867,CR00007,UI/UX Design,Design,Advanced,2.61,2025-11-24,0.0
U00868,CR00060,Content Creation,Digital Marketing,Beginner,2.14,2025-06-13,0.0
U00869,CR00018,Social Media Marketing,Marketing,Advanced,2.01,2025-01-12,0.0
U00870,CR00031,Network Security,Cybersecurity,Intermediate,1.91,2025-12-30,0.0
U00870,CR00036,Agile Project Management,Project Management,Beginner,4.68,2025-12-14,0.0
U00870,CR00018,Social Media Marketing,Marketing,Advanced,2.01,2025-12-06,0.0
U00870,CR00020,Email Marketing,Marketing,Intermediate,4.11,2025-11-19,0.0
U00870,CR00017,SEO Mastery,Marketing,Advanced,4.79,2025-11-12,0.0
U00870,CR00021,Data Analysis with Python,Data Science,Intermediate,3.6,2025-11-07,0.0
U00870,CR00007,UI/UX Design,Design,Advanced,2.61,2025-10-25,0.0
U00870,CR00051,HTML & CSS,Web Development,Advanced,1.3,2025-08-04,37.89
U00870,CR00056,Google Ads Mastery,Digital Marketing,Advanced,3.15,2025-07-29,212.39
U00870,CR00058,Social Media Strategy,Digital Marketing,Beginner,4.44,2025-06-21,0.0
U00870,CR00049,Deep Learning,Artificial Intelligence,Intermediate,3.11,2025-06-03,415.51
U00870,CR00043,Corporate Finance,Finance,Beginner,4.14,2025-01-12,0.0
U00870,CR00042,Investment Strategies,Finance,Intermediate,4.1,2025-01-10,0.0
U00870,CR00028,Deep Learning,Machine Learning,Advanced,3.89,2025-01-09,0.78
U00870,CR00025,Statistical Analysis,Data Science,Beginner,3.74,2025-01-02,299.57
U00871,CR00030,Reinforcement Learning,Machine Learning,Intermediate,1.73,2025-09-30,0.0
U00871,CR00032,Ethical Hacking,Cybersecurity,Advanced,2.38,2025-03-21,0.0
U00872,CR00054,Backend Development with Node.js,Web Development,Beginner,3.32,2025-11-15,0.0
U00873,CR00010,3D Modeling,Design,Advanced,4.45,2025-08-30,0.0
U00874,CR00009,Web Design Fundamentals,Design,Beginner,4.51,2025-12-04,0.0
U00874,CR00018,Social Media Marketing,Marketing,Advanced,2.01,2025-07-21,0.0
U00874,CR00004,Advanced Python,Programming,Beginner,2.88,2025-05-23,0.0
U00874,CR00038,Risk Management,Project Management,Intermediate,4.84,2025-05-12,342.61
U00874,CR00055,Full-Stack Web Development,Web Development,Advanced,4.74,2025-05-01,57.32
U00874,CR00015,Leadership Essentials,Business,Beginner,1.96,2025-04-29,285.05
U00874,CR00024,Big Data Analytics,Data Science,Advanced,2.57,2025-04-21,117.68
U00874,CR00045,Financial Modeling,Finance,Advanced,1.59,2025-04-18,0.0
U00874,CR00036,Agile Project Management,Project Management,Beginner,4.68,2025-04-15,0.0
U00874,CR00034,Data Encryption,Cybersecurity,Intermediate,1.35,2025-02-24,394.26
U00874,CR00050,Computer Vision,Artificial Intelligence,Beginner,4.55,2025-01-26,490.9
U00874,CR00012,Business Strategy,Business,Advanced,3.64,2025-01-05,487.92
U00875,CR00055,Full-Stack Web Development,Web Development,Advanced,4.74,2025-09-07,57.32
U00876,CR00038,Risk Management,Project Management,Intermediate,4.84,2025-12-28,342.61
U00876,CR00001,Python Basics,Programming,Beginner,4.74,2025-12-23,472.28
U00876,CR00032,Ethical Hacking,Cybersecurity,Advanced,2.38,2025-12-02,0.0
U00876,CR00048,AI Ethics,Artificial Intelligence,Beginner,3.64,2025-08-19,0.0
U00876,CR00042,Investment Strategies,Finance,Intermediate,4.1,2025-08-06,0.0
U00876,CR00011,Entrepreneurship 101,Business,Intermediate,2.69,2025-07-30,326.02
U00876,CR00049,Deep Learning,Artificial Intelligence,Intermediate,3.11,2025-06-07,415.51
U00876,CR00059,Affiliate Marketing,Digital Marketing,Intermediate,4.66,2025-03-27,0.0
U00876,CR00055,Full-Stack Web Development,Web Development,Advanced,4.74,2025-03-04,57.32
U00876,CR00017,SEO Mastery,Marketing,Advanced,4.79,2025-02-26,0.0
U00876,CR00023,Machine Learning Fundamentals,Data Science,Intermediate,3.02,2025-02-04,0.0
U00876,CR00015,Leadership Essentials,Business,Beginner,1.96,2025-01-16,285.05
U00876,CR00057,SEO for E-commerce,Digital Marketing,Advanced,3.89,2025-01-03,177.34
U00876,CR00006,Graphic Design Basics,Design,Advanced,2.72,2025-01-02,276.37
U00877,CR00050,Computer Vision,Artificial Intelligence,Beginner,4.55,2025-08-12,490.9
U00878,CR00057,SEO for E-commerce,Digital Marketing,Advanced,3.89,2025-05-24,177.34
U00879,CR00047,Natural Language Processing,Artificial Intelligence,Intermediate,2.68,2025-06-07,89.59
U00879,CR00025,Statistical Analysis,Data Science,Beginner,3.74,2025-05-05,299.57
U00879,CR00020,Email Marketing,Marketing,Intermediate,4.11,2025-01-03,0.0
U00880,CR00057,SEO for E-commerce,Digital Marketing,Advanced,3.89,2025-08-05,177.34
U00881,CR00013,Finance for Startups,Business,Advanced,2.0,2025-12-03,0.0
U00881,CR00025,Statistical Analysis,Data Science,Beginner,3.74,2025-11-03,299.57
U00881,CR00049,Deep Learning,Artificial Intelligence,Intermediate,3.11,2025-10-08,415.51
U00881,CR00050,Computer Vision,Artificial Intelligence,Beginner,4.55,2025-10-01,490.9
U00881,CR00035,Cyber Threat Intelligence,Cybersecurity,Beginner,4.94,2025-08-03,0.0
U00881,CR00016,Digital Marketing,Marketing,Intermediate,4.72,2025-07-22,0.0
U00881,CR00023,Machine Learning Fundamentals,Data Science,Intermediate,3.02,2025-07-01,0.0
U00881,CR00003,C++ for Beginners,Programming,Beginner,3.85,2025-06-26,0.0
U00881,CR00044,Personal Finance,Finance,Intermediate,2.75,2025-06-20,119.04
U00881,CR00024,Big Data Analytics,Data Science,Advanced,2.57,2025-06-12,117.68
U00881,CR00056,Google Ads Mastery,Digital Marketing,Advanced,3.15,2025-05-08,212.39
U00881,CR00040,Leadership in Projects,Project Management,Beginner,1.51,2025-04-29,327.99
U00881,CR00030,Reinforcement Learning,Machine Learning,Intermediate,1.73,2025-03-20,0.0
U00881,CR00048,AI Ethics,Artificial Intelligence,Beginner,3.64,2025-02-09,0.0
U00881,CR00034,Data Encryption,Cybersecurity,Intermediate,1.35,2025-02-01,394.26
U00881,CR00011,Entrepreneurship 101,Business,Intermediate,2.69,2025-01-27,326.02
U00882,CR00060,Content Creation,Digital Marketing,Beginner,2.14,2025-03-14,0.0
U00883,CR00001,Python Basics,Programming,Beginner,4.74,2025-10-25,472.28
U00883,CR00043,Corporate Finance,Finance,Beginner,4.14,2025-09-07,0.0
U00883,CR00007,UI/UX Design,Design,Advanced,2.61,2025-06-14,0.0
U00884,CR00012,Business Strategy,Business,Advanced,3.64,2025-08-15,487.92
U00885,CR00024,Big Data Analytics,Data Science,Advanced,2.57,2025-07-04,117.68
U00886,CR00030,Reinforcement Learning,Machine Learning,Intermediate,1.73,2025-09-14,0.0
U00886,CR00005,Full Stack Development,Programming,Beginner,1.28,2025-01-10,0.0
U00887,CR00060,Content Creation,Digital Marketing,Beginner,2.14,2025-12-30,0.0
U00888,CR00003,C++ for Beginners,Programming,Beginner,3.85,2025-11-25,0.0
U00888,CR00050,Computer Vision,Artificial Intelligence,Beginner,4.55,2025-09-20,490.9
U00888,CR00028,Deep Learning,Machine Learning,Advanced,3.89,2025-07-29,0.78
U00888,CR00027,Neural Networks,Machine Learning,Advanced,1.81,2025-05-15,0.0
U00889,CR00023,Machine Learning Fundamentals,Data Science,Intermediate,3.02,2025-04-24,0.0
U00890,CR00005,Full Stack Development,Programming,Beginner,1.28,2025-12-22,0.0
U00890,CR00025,Statistical Analysis,Data Science,Beginner,3.74,2025-04-09,299.57
U00891,CR00017,SEO Mastery,Marketing,Advanced,4.79,2025-12-04,0.0
U00891,CR00021,Data Analysis with Python,Data Science,Intermediate,3.6,2025-07-03,0.0
U00892,CR00020,Email Marketing,Marketing,Intermediate,4.11,2025-09-14,0.0
U00892,CR00033,Cybersecurity Fundamentals,Cybersecurity,Intermediate,3.93,2025-08-06,0.0
U00892,CR00059,Affiliate Marketing,Digital Marketing,Intermediate,4.66,2025-06-04,0.0
U00892,CR00037,Scrum Essentials,Project Management,Intermediate,3.45,2025-05-29,0.0
U00893,CR00007,UI/UX Design,Design,Advanced,2.61,2025-12-10,0.0
U00893,CR00022,Data Visualization,Data Science,Beginner,3.65,2025-10-14,0.0
U00893,CR00050,Computer Vision,Artificial Intelligence,Beginner,4.55,2025-10-05,490.9
U00893,CR00034,Data Encryption,Cybersecurity,Intermediate,1.35,2025-08-27,394.26
U00893,CR00013,Finance for Startups,Business,Advanced,2.0,2025-07-22,0.0
U00893,CR00045,Financial Modeling,Finance,Advanced,1.59,2025-07-08,0.0
U00893,CR00040,Leadership in Projects,Project Management,Beginner,1.51,2025-05-22,327.99
U00893,CR00055,Full-Stack Web Development,Web Development,Advanced,4.74,2025-04-19,57.32
U00893,CR00029,Natural Language Processing,Machine Learning,Beginner,1.13,2025-03-21,0.0
U00893,CR00043,Corporate Finance,Finance,Beginner,4.14,2025-03-02,0.0
U00893,CR00014,Sales Mastery,Business,Advanced,3.15,2025-02-06,0.0
U00893,CR00028,Deep Learning,Machine Learning,Advanced,3.89,2025-01-09,0.78
U00894,CR00059,Affiliate Marketing,Digital Marketing,Intermediate,4.66,2025-09-09,0.0
U00894,CR00034,Data Encryption,Cybersecurity,Intermediate,1.35,2025-06-10,394.26
U00894,CR00024,Big Data Analytics,Data Science,Advanced,2.57,2025-05-11,117.68
U00895,CR00055,Full-Stack Web Development,Web Development,Advanced,4.74,2025-09-10,57.32
U00895,CR00050,Computer Vision,Artificial Intelligence,Beginner,4.55,2025-06-25,490.9
U00895,CR00017,SEO Mastery,Marketing,Advanced,4.79,2025-03-23,0.0
U00895,CR00018,Social Media Marketing,Marketing,Advanced,2.01,2025-03-16,0.0
U00896,CR00018,Social Media Marketing,Marketing,Advanced,2.01,2025-12-17,0.0
U00896,CR00028,Deep Learning,Machine Learning,Advanced,3.89,2025-08-07,0.78
U00896,CR00024,Big Data Analytics,Data Science,Advanced,2.57,2025-06-20,117.68
U00896,CR00035,Cyber Threat Intelligence,Cybersecurity,Beginner,4.94,2025-03-09,0.0
U00897,CR00057,SEO for E-commerce,Digital Marketing,Advanced,3.89,2025-11-22,177.34
U00898,CR00024,Big Data Analytics,Data Science,Advanced,2.57,2025-11-25,117.68
U00898,CR00041,Financial Accounting,Finance,Beginner,2.47,2025-11-06,53.86
U00898,CR00020,Email Marketing,Marketing,Intermediate,4.11,2025-10-28,0.0
U00898,CR00029,Natural Language Processing,Machine Learning,Beginner,1.13,2025-10-23,0.0
U00898,CR00016,Digital Marketing,Marketing,Intermediate,4.72,2025-10-07,0.0
U00898,CR00050,Computer Vision,Artificial Intelligence,Beginner,4.55,2025-09-11,490.9
U00898,CR00005,Full Stack Development,Programming,Beginner,1.28,2025-08-26,0.0
U00898,CR00028,Deep Learning,Machine Learning,Advanced,3.89,2025-07-29,0.78
U00898,CR00060,Content Creation,Digital Marketing,Beginner,2.14,2025-07-05,0.0
U00898,CR00037,Scrum Essentials,Project Management,Intermediate,3.45,2025-04-25,0.0
U00898,CR00022,Data Visualization,Data Science,Beginner,3.65,2025-04-23,0.0
U00898,CR00027,Neural Networks,Machine Learning,Advanced,1.81,2025-02-10,0.0
U00899,CR00018,Social Media Marketing,Marketing,Advanced,2.01,2025-10-08,0.0
U00900,CR00044,Personal Finance,Finance,Intermediate,2.75,2025-02-22,119.04
U00900,CR00033,Cybersecurity Fundamentals,Cybersecurity,Intermediate,3.93,2025-02-05,0.0
U00901,CR00033,Cybersecurity Fundamentals,Cybersecurity,Intermediate,3.93,2025-03-19,0.0
U00902,CR00046,AI for Beginners,Artificial Intelligence,Beginner,1.2,2025-08-09,248.1
U00902,CR00052,JavaScript Mastery,Web Development,Beginner,2.2,2025-06-26,0.0
U00903,CR00045,Financial Modeling,Finance,Advanced,1.59,2025-12-02,0.0
U00903,CR00016,Digital Marketing,Marketing,Intermediate,4.72,2025-11-24,0.0
U00903,CR00022,Data Visualization,Data Science,Beginner,3.65,2025-10-05,0.0
U00903,CR00012,Business Strategy,Business,Advanced,3.64,2025-09-28,487.92
U00903,CR00039,Project Planning,Project Management,Advanced,1.23,2025-09-21,346.71
U00903,CR00015,Leadership Essentials,Business,Beginner,1.96,2025-08-29,285.05
U00903,CR00044,Personal Finance,Finance,Intermediate,2.75,2025-07-03,119.04
U00903,CR00054,Backend Development with Node.js,Web Development,Beginner,3.32,2025-06-19,0.0
U00903,CR00019,Content Marketing,Marketing,Advanced,2.98,2025-05-23,0.0
U00903,CR00014,Sales Mastery,Business,Advanced,3.15,2025-03-11,0.0
U00903,CR00032,Ethical Hacking,Cybersecurity,Advanced,2.38,2025-03-09,0.0
U00903,CR00058,Social Media Strategy,Digital Marketing,Beginner,4.44,2025-03-03,0.0
U00903,CR00002,Java Programming,Programming,Intermediate,2.43,2025-01-15,0.0
U00904,CR00060,Content Creation,Digital Marketing,Beginner,2.14,2025-06-26,0.0
U00905,CR00010,3D Modeling,Design,Advanced,4.45,2025-03-27,0.0
U00906,CR00025,Statistical Analysis,Data Science,Beginner,3.74,2025-01-29,299.57
U00907,CR00001,Python Basics,Programming,Beginner,4.74,2025-09-02,472.28
U00907,CR00037,Scrum Essentials,Project Management,Intermediate,3.45,2025-08-29,0.0
U00907,CR00025,Statistical Analysis,Data Science,Beginner,3.74,2025-07-21,299.57
U00907,CR00015,Leadership Essentials,Business,Beginner,1.96,2025-05-26,285.05
U00907,CR00012,Business Strategy,Business,Advanced,3.64,2025-05-05,487.92
U00907,CR00029,Natural Language Processing,Machine Learning,Beginner,1.13,2025-03-23,0.0
U00907,CR00011,Entrepreneurship 101,Business,Intermediate,2.69,2025-03-07,326.02
U00907,CR00057,SEO for E-commerce,Digital Marketing,Advanced,3.89,2025-02-26,177.34
U00907,CR00060,Content Creation,Digital Marketing,Beginner,2.14,2025-02-21,0.0
U00907,CR00048,AI Ethics,Artificial Intelligence,Beginner,3.64,2025-02-21,0.0
U00907,CR00019,Content Marketing,Marketing,Advanced,2.98,2025-01-23,0.0
U00907,CR00016,Digital Marketing,Marketing,Intermediate,4.72,2025-01-18,0.0
U00908,CR00033,Cybersecurity Fundamentals,Cybersecurity,Intermediate,3.93,2025-09-20,0.0
U00909,CR00004,Advanced Python,Programming,Beginner,2.88,2025-01-18,0.0
U00910,CR00044,Personal Finance,Finance,Intermediate,2.75,2025-12-03,119.04
U00910,CR00046,AI for Beginners,Artificial Intelligence,Beginner,1.2,2025-08-19,248.1
U00910,CR00052,JavaScript Mastery,Web Development,Beginner,2.2,2025-04-10,0.0
U00911,CR00006,Graphic Design Basics,Design,Advanced,2.72,2025-12-23,276.37
U00911,CR00036,Agile Project Management,Project Management,Beginner,4.68,2025-12-18,0.0
U00911,CR00031,Network Security,Cybersecurity,Intermediate,1.91,2025-11-18,0.0
U00911,CR00043,Corporate Finance,Finance,Beginner,4.14,2025-11-15,0.0
U00911,CR00014,Sales Mastery,Business,Advanced,3.15,2025-10-05,0.0
U00911,CR00058,Social Media Strategy,Digital Marketing,Beginner,4.44,2025-07-04,0.0
U00911,CR00034,Data Encryption,Cybersecurity,Intermediate,1.35,2025-06-23,394.26
U00911,CR00022,Data Visualization,Data Science,Beginner,3.65,2025-04-06,0.0
U00911,CR00010,3D Modeling,Design,Advanced,4.45,2025-03-09,0.0
U00911,CR00011,Entrepreneurship 101,Business,Intermediate,2.69,2025-01-26,326.02
U00912,CR00031,Network Security,Cybersecurity,Intermediate,1.91,2025-12-22,0.0
U00913,CR00055,Full-Stack Web Development,Web Development,Advanced,4.74,2025-10-19,57.32
U00914,CR00020,Email Marketing,Marketing,Intermediate,4.11,2025-08-29,0.0
U00915,CR00031,Network Security,Cybersecurity,Intermediate,1.91,2025-09-20,0.0
U00915,CR00005,Full Stack Development,Programming,Beginner,1.28,2025-09-09,0.0
U00915,CR00011,Entrepreneurship 101,Business,Intermediate,2.69,2025-09-07,326.02
U00915,CR00004,Advanced Python,Programming,Beginner,2.88,2025-09-05,0.0
U00915,CR00016,Digital Marketing,Marketing,Intermediate,4.72,2025-09-03,0.0
U00915,CR00013,Finance for Startups,Business,Advanced,2.0,2025-07-10,0.0
U00915,CR00050,Computer Vision,Artificial Intelligence,Beginner,4.55,2025-06-22,490.9
U00915,CR00052,JavaScript Mastery,Web Development,Beginner,2.2,2025-05-10,0.0
U00915,CR00055,Full-Stack Web Development,Web Development,Advanced,4.74,2025-05-10,57.32
U00915,CR00043,Corporate Finance,Finance,Beginner,4.14,2025-04-26,0.0
U00915,CR00036,Agile Project Management,Project Management,Beginner,4.68,2025-03-28,0.0
U00915,CR00041,Financial Accounting,Finance,Beginner,2.47,2025-01-24,53.86
U00915,CR00049,Deep Learning,Artificial Intelligence,Intermediate,3.11,2025-01-11,415.51
U00916,CR00023,Machine Learning Fundamentals,Data Science,Intermediate,3.02,2025-01-30,0.0
U00917,CR00003,C++ for Beginners,Programming,Beginner,3.85,2025-12-30,0.0
U00917,CR00011,Entrepreneurship 101,Business,Intermediate,2.69,2025-11-14,326.02
U00917,CR00045,Financial Modeling,Finance,Advanced,1.59,2025-11-11,0.0
U00917,CR00024,Big Data Analytics,Data Science,Advanced,2.57,2025-09-15,117.68
U00917,CR00027,Neural Networks,Machine Learning,Advanced,1.81,2025-08-08,0.0
U00917,CR00037,Scrum Essentials,Project Management,Intermediate,3.45,2025-06-21,0.0
U00917,CR00010,3D Modeling,Design,Advanced,4.45,2025-06-08,0.0
U00917,CR00013,Finance for Startups,Business,Advanced,2.0,2025-05-18,0.0
U00917,CR00043,Corporate Finance,Finance,Beginner,4.14,2025-04-23,0.0
U00917,CR00018,Social Media Marketing,Marketing,Advanced,2.01,2025-04-23,0.0
U00917,CR00026,Intro to Machine Learning,Machine Learning,Intermediate,4.73,2025-04-21,0.0
U00917,CR00032,Ethical Hacking,Cybersecurity,Advanced,2.38,2025-03-16,0.0
U00917,CR00040,Leadership in Projects,Project Management,Beginner,1.51,2025-01-24,327.99
U00917,CR00050,Computer Vision,Artificial Intelligence,Beginner,4.55,2025-01-06,490.9
U00917,CR00055,Full-Stack Web Development,Web Development,Advanced,4.74,2025-01-02,57.32
U00918,CR00025,Statistical Analysis,Data Science,Beginner,3.74,2025-05-05,299.57
U00919,CR00046,AI for Beginners,Artificial Intelligence,Beginner,1.2,2025-12-25,248.1
U00919,CR00013,Finance for Startups,Business,Advanced,2.0,2025-12-07,0.0
U00919,CR00035,Cyber Threat Intelligence,Cybersecurity,Beginner,4.94,2025-11-03,0.0
U00919,CR00017,SEO Mastery,Marketing,Advanced,4.79,2025-11-02,0.0
U00919,CR00015,Leadership Essentials,Business,Beginner,1.96,2025-10-03,285.05
U00919,CR00002,Java Programming,Programming,Intermediate,2.43,2025-09-26,0.0
U00919,CR00012,Business Strategy,Business,Advanced,3.64,2025-07-27,487.92
U00919,CR00004,Advanced Python,Programming,Beginner,2.88,2025-07-02,0.0
U00919,CR00027,Neural Networks,Machine Learning,Advanced,1.81,2025-06-29,0.0
U00919,CR00005,Full Stack Development,Programming,Beginner,1.28,2025-06-15,0.0
U00919,CR00021,Data Analysis with Python,Data Science,Intermediate,3.6,2025-05-17,0.0
U00919,CR00034,Data Encryption,Cybersecurity,Intermediate,1.35,2025-04-12,394.26
U00919,CR00007,UI/UX Design,Design,Advanced,2.61,2025-04-11,0.0
U00919,CR00016,Digital Marketing,Marketing,Intermediate,4.72,2025-01-21,0.0
U00920,CR00042,Investment Strategies,Finance,Intermediate,4.1,2025-05-20,0.0
U00921,CR00012,Business Strategy,Business,Advanced,3.64,2025-07-12,487.92
U00922,CR00005,Full Stack Development,Programming,Beginner,1.28,2025-03-11,0.0
U00922,CR00008,Photoshop Mastery,Design,Advanced,1.52,2025-02-12,0.0
U00923,CR00029,Natural Language Processing,Machine Learning,Beginner,1.13,2025-10-03,0.0
U00923,CR00034,Data Encryption,Cybersecurity,Intermediate,1.35,2025-05-04,394.26
U00923,CR00024,Big Data Analytics,Data Science,Advanced,2.57,2025-04-27,117.68
U00924,CR00032,Ethical Hacking,Cybersecurity,Advanced,2.38,2025-04-08,0.0
U00925,CR00059,Affiliate Marketing,Digital Marketing,Intermediate,4.66,2025-11-28,0.0
U00925,CR00050,Computer Vision,Artificial Intelligence,Beginner,4.55,2025-03-06,490.9
U00926,CR00038,Risk Management,Project Management,Intermediate,4.84,2025-12-05,342.61
U00926,CR00043,Corporate Finance,Finance,Beginner,4.14,2025-01-25,0.0
U00927,CR00019,Content Marketing,Marketing,Advanced,2.98,2025-08-18,0.0
U00927,CR00014,Sales Mastery,Business,Advanced,3.15,2025-02-16,0.0
U00928,CR00038,Risk Management,Project Management,Intermediate,4.84,2025-12-17,342.61
U00928,CR00022,Data Visualization,Data Science,Beginner,3.65,2025-11-19,0.0
U00928,CR00008,Photoshop Mastery,Design,Advanced,1.52,2025-09-09,0.0
U00928,CR00045,Financial Modeling,Finance,Advanced,1.59,2025-06-30,0.0
U00928,CR00041,Financial Accounting,Finance,Beginner,2.47,2025-06-29,53.86
U00928,CR00021,Data Analysis with Python,Data Science,Intermediate,3.6,2025-06-17,0.0
U00928,CR00011,Entrepreneurship 101,Business,Intermediate,2.69,2025-05-21,326.02
U00928,CR00019,Content Marketing,Marketing,Advanced,2.98,2025-05-11,0.0
U00928,CR00004,Advanced Python,Programming,Beginner,2.88,2025-03-23,0.0
U00928,CR00040,Leadership in Projects,Project Management,Beginner,1.51,2025-03-13,327.99
U00928,CR00059,Affiliate Marketing,Digital Marketing,Intermediate,4.66,2025-02-23,0.0
U00928,CR00027,Neural Networks,Machine Learning,Advanced,1.81,2025-01-19,0.0
U00929,CR00024,Big Data Analytics,Data Science,Advanced,2.57,2025-12-03,117.68
U00929,CR00011,Entrepreneurship 101,Business,Intermediate,2.69,2025-10-30,326.02
U00929,CR00028,Deep Learning,Machine Learning,Advanced,3.89,2025-08-15,0.78
U00929,CR00021,Data Analysis with Python,Data Science,Intermediate,3.6,2025-05-02,0.0
U00930,CR00044,Personal Finance,Finance,Intermediate,2.75,2025-12-23,119.04
U00930,CR00049,Deep Learning,Artificial Intelligence,Intermediate,3.11,2025-07-22,415.51
U00930,CR00020,Email Marketing,Marketing,Intermediate,4.11,2025-06-27,0.0
U00931,CR00024,Big Data Analytics,Data Science,Advanced,2.57,2025-05-04,117.68
U00932,CR00055,Full-Stack Web Development,Web Development,Advanced,4.74,2025-06-23,57.32
U00933,CR00004,Advanced Python,Programming,Beginner,2.88,2025-08-25,0.0
U00934,CR00036,Agile Project Management,Project Management,Beginner,4.68,2025-08-11,0.0
U00935,CR00022,Data Visualization,Data Science,Beginner,3.65,2025-02-24,0.0
U00936,CR00058,Social Media Strategy,Digital Marketing,Beginner,4.44,2025-11-22,0.0
U00937,CR00027,Neural Networks,Machine Learning,Advanced,1.81,2025-12-28,0.0
U00938,CR00009,Web Design Fundamentals,Design,Beginner,4.51,2025-05-27,0.0
U00939,CR00021,Data Analysis with Python,Data Science,Intermediate,3.6,2025-01-07,0.0
U00940,CR00031,Network Security,Cybersecurity,Intermediate,1.91,2025-07-10,0.0
U00941,CR00015,Leadership Essentials,Business,Beginner,1.96,2025-07-30,285.05
U00941,CR00031,Network Security,Cybersecurity,Intermediate,1.91,2025-05-19,0.0
U00942,CR00043,Corporate Finance,Finance,Beginner,4.14,2025-06-23,0.0
U00943,CR00032,Ethical Hacking,Cybersecurity,Advanced,2.38,2025-08-13,0.0
U00943,CR00018,Social Media Marketing,Marketing,Advanced,2.01,2025-06-07,0.0
U00944,CR00024,Big Data Analytics,Data Science,Advanced,2.57,2025-06-18,117.68
U00945,CR00036,Agile Project Management,Project Management,Beginner,4.68,2025-04-30,0.0
U00946,CR00016,Digital Marketing,Marketing,Intermediate,4.72,2025-09-05,0.0
U00947,CR00060,Content Creation,Digital Marketing,Beginner,2.14,2025-04-03,0.0
U00948,CR00003,C++ for Beginners,Programming,Beginner,3.85,2025-10-27,0.0
U00948,CR00042,Investment Strategies,Finance,Intermediate,4.1,2025-10-22,0.0
U00948,CR00016,Digital Marketing,Marketing,Intermediate,4.72,2025-02-13,0.0
U00949,CR00026,Intro to Machine Learning,Machine Learning,Intermediate,4.73,2025-12-03,0.0
U00949,CR00014,Sales Mastery,Business,Advanced,3.15,2025-11-15,0.0
U00949,CR00022,Data Visualization,Data Science,Beginner,3.65,2025-09-08,0.0
U00949,CR00029,Natural Language Processing,Machine Learning,Beginner,1.13,2025-05-18,0.0
U00950,CR00059,Affiliate Marketing,Digital Marketing,Intermediate,4.66,2025-11-16,0.0
U00951,CR00038,Risk Management,Project Management,Intermediate,4.84,2025-09-11,342.61
U00951,CR00059,Affiliate Marketing,Digital Marketing,Intermediate,4.66,2025-01-12,0.0
U00952,CR00003,C++ for Beginners,Programming,Beginner,3.85,2025-05-04,0.0
U00952,CR00014,Sales Mastery,Business,Advanced,3.15,2025-04-07,0.0
U00953,CR00037,Scrum Essentials,Project Management,Intermediate,3.45,2025-07-21,0.0
U00953,CR00047,Natural Language Processing,Artificial Intelligence,Intermediate,2.68,2025-07-17,89.59
U00953,CR00027,Neural Networks,Machine Learning,Advanced,1.81,2025-07-08,0.0
U00954,CR00013,Finance for Startups,Business,Advanced,2.0,2025-08-19,0.0
U00954,CR00016,Digital Marketing,Marketing,Intermediate,4.72,2025-08-10,0.0
U00955,CR00010,3D Modeling,Design,Advanced,4.45,2025-12-04,0.0
U00955,CR00045,Financial Modeling,Finance,Advanced,1.59,2025-07-22,0.0
U00955,CR00042,Investment Strategies,Finance,Intermediate,4.1,2025-03-29,0.0
U00956,CR00040,Leadership in Projects,Project Management,Beginner,1.51,2025-05-20,327.99
U00957,CR00052,JavaScript Mastery,Web Development,Beginner,2.2,2025-08-04,0.0
U00957,CR00056,Google Ads Mastery,Digital Marketing,Advanced,3.15,2025-06-01,212.39
U00957,CR00053,React for Beginners,Web Development,Advanced,2.67,2025-02-04,0.0
U00958,CR00059,Affiliate Marketing,Digital Marketing,Intermediate,4.66,2025-03-03,0.0
U00958,CR00058,Social Media Strategy,Digital Marketing,Beginner,4.44,2025-01-10,0.0
U00959,CR00058,Social Media Strategy,Digital Marketing,Beginner,4.44,2025-12-01,0.0
U00959,CR00002,Java Programming,Programming,Intermediate,2.43,2025-11-24,0.0
U00959,CR00026,Intro to Machine Learning,Machine Learning,Intermediate,4.73,2025-10-25,0.0
U00959,CR00039,Project Planning,Project Management,Advanced,1.23,2025-09-29,346.71
U00959,CR00028,Deep Learning,Machine Learning,Advanced,3.89,2025-07-15,0.78
U00959,CR00024,Big Data Analytics,Data Science,Advanced,2.57,2025-06-25,117.68
U00959,CR00015,Leadership Essentials,Business,Beginner,1.96,2025-05-09,285.05
U00959,CR00019,Content Marketing,Marketing,Advanced,2.98,2025-05-07,0.0
U00959,CR00010,3D Modeling,Design,Advanced,4.45,2025-04-15,0.0
U00959,CR00025,Statistical Analysis,Data Science,Beginner,3.74,2025-04-15,299.57
U00959,CR00030,Reinforcement Learning,Machine Learning,Intermediate,1.73,2025-03-21,0.0
U00959,CR00034,Data Encryption,Cybersecurity,Intermediate,1.35,2025-02-16,394.26
U00959,CR00035,Cyber Threat Intelligence,Cybersecurity,Beginner,4.94,2025-01-10,0.0
U00960,CR00007,UI/UX Design,Design,Advanced,2.61,2025-11-23,0.0
U00961,CR00015,Leadership Essentials,Business,Beginner,1.96,2025-12-05,285.05
U00961,CR00001,Python Basics,Programming,Beginner,4.74,2025-10-11,472.28
U00961,CR00028,Deep Learning,Machine Learning,Advanced,3.89,2025-09-02,0.78
U00961,CR00053,React for Beginners,Web Development,Advanced,2.67,2025-08-27,0.0
U00961,CR00026,Intro to Machine Learning,Machine Learning,Intermediate,4.73,2025-08-24,0.0
U00961,CR00024,Big Data Analytics,Data Science,Advanced,2.57,2025-08-18,117.68
U00961,CR00058,Social Media Strategy,Digital Marketing,Beginner,4.44,2025-08-05,0.0
U00961,CR00048,AI Ethics,Artificial Intelligence,Beginner,3.64,2025-06-27,0.0
U00961,CR00019,Content Marketing,Marketing,Advanced,2.98,2025-06-27,0.0
U00961,CR00044,Personal Finance,Finance,Intermediate,2.75,2025-06-24,119.04
U00961,CR00013,Finance for Startups,Business,Advanced,2.0,2025-06-02,0.0
U00961,CR00003,C++ for Beginners,Programming,Beginner,3.85,2025-03-01,0.0
U00961,CR00046,AI for Beginners,Artificial Intelligence,Beginner,1.2,2025-01-26,248.1
U00961,CR00042,Investment Strategies,Finance,Intermediate,4.1,2025-01-13,0.0
U00962,CR00014,Sales Mastery,Business,Advanced,3.15,2025-03-25,0.0
U00963,CR00033,Cybersecurity Fundamentals,Cybersecurity,Intermediate,3.93,2025-08-13,0.0
U00963,CR00018,Social Media Marketing,Marketing,Advanced,2.01,2025-05-23,0.0
U00964,CR00019,Content Marketing,Marketing,Advanced,2.98,2025-12-20,0.0
U00965,CR00060,Content Creation,Digital Marketing,Beginner,2.14,2025-01-01,0.0
U00966,CR00002,Java Programming,Programming,Intermediate,2.43,2025-05-22,0.0
U00967,CR00052,JavaScript Mastery,Web Development,Beginner,2.2,2025-12-04,0.0
U00967,CR00019,Content Marketing,Marketing,Advanced,2.98,2025-11-03,0.0
U00967,CR00056,Google Ads Mastery,Digital Marketing,Advanced,3.15,2025-10-23,212.39
U00967,CR00040,Leadership in Projects,Project Management,Beginner,1.51,2025-10-04,327.99
U00967,CR00016,Digital Marketing,Marketing,Intermediate,4.72,2025-10-03,0.0
U00967,CR00005,Full Stack Development,Programming,Beginner,1.28,2025-09-25,0.0
U00967,CR00006,Graphic Design Basics,Design,Advanced,2.72,2025-08-21,276.37
U00967,CR00059,Affiliate Marketing,Digital Marketing,Intermediate,4.66,2025-08-01,0.0
U00967,CR00037,Scrum Essentials,Project Management,Intermediate,3.45,2025-07-12,0.0
U00967,CR00031,Network Security,Cybersecurity,Intermediate,1.91,2025-07-09,0.0
U00967,CR00042,Investment Strategies,Finance,Intermediate,4.1,2025-06-03,0.0
U00967,CR00036,Agile Project Management,Project Management,Beginner,4.68,2025-02-09,0.0
U00967,CR00007,UI/UX Design,Design,Advanced,2.61,2025-01-20,0.0
U00967,CR00054,Backend Development with Node.js,Web Development,Beginner,3.32,2025-01-12,0.0
U00968,CR00030,Reinforcement Learning,Machine Learning,Intermediate,1.73,2025-06-15,0.0
U00968,CR00054,Backend Development with Node.js,Web Development,Beginner,3.32,2025-04-24,0.0
U00969,CR00046,AI for Beginners,Artificial Intelligence,Beginner,1.2,2025-03-02,248.1
U00970,CR00015,Leadership Essentials,Business,Beginner,1.96,2025-05-04,285.05
U00971,CR00017,SEO Mastery,Marketing,Advanced,4.79,2025-09-07,0.0
U00971,CR00050,Computer Vision,Artificial Intelligence,Beginner,4.55,2025-06-12,490.9
U00971,CR00023,Machine Learning Fundamentals,Data Science,Intermediate,3.02,2025-03-19,0.0
U00972,CR00054,Backend Development with Node.js,Web Development,Beginner,3.32,2025-08-13,0.0
U00972,CR00001,Python Basics,Programming,Beginner,4.74,2025-07-13,472.28
U00972,CR00048,AI Ethics,Artificial Intelligence,Beginner,3.64,2025-04-20,0.0
U00972,CR00044,Personal Finance,Finance,Intermediate,2.75,2025-03-13,119.04
U00973,CR00055,Full-Stack Web Development,Web Development,Advanced,4.74,2025-11-16,57.32
U00974,CR00059,Affiliate Marketing,Digital Marketing,Intermediate,4.66,2025-06-03,0.0
U00975,CR00054,Backend Development with Node.js,Web Development,Beginner,3.32,2025-09-15,0.0
U00976,CR00047,Natural Language Processing,Artificial Intelligence,Intermediate,2.68,2025-12-10,89.59
U00976,CR00007,UI/UX Design,Design,Advanced,2.61,2025-10-28,0.0
U00976,CR00020,Email Marketing,Marketing,Intermediate,4.11,2025-10-21,0.0
U00976,CR00003,C++ for Beginners,Programming,Beginner,3.85,2025-09-13,0.0
U00976,CR00053,React for Beginners,Web Development,Advanced,2.67,2025-09-07,0.0
U00976,CR00039,Project Planning,Project Management,Advanced,1.23,2025-07-27,346.71
U00976,CR00011,Entrepreneurship 101,Business,Intermediate,2.69,2025-07-25,326.02
U00976,CR00012,Business Strategy,Business,Advanced,3.64,2025-07-05,487.92
U00976,CR00009,Web Design Fundamentals,Design,Beginner,4.51,2025-05-29,0.0
U00976,CR00031,Network Security,Cybersecurity,Intermediate,1.91,2025-05-12,0.0
U00976,CR00035,Cyber Threat Intelligence,Cybersecurity,Beginner,4.94,2025-05-11,0.0
U00976,CR00056,Google Ads Mastery,Digital Marketing,Advanced,3.15,2025-02-07,212.39
U00977,CR00019,Content Marketing,Marketing,Advanced,2.98,2025-09-14,0.0
U00978,CR00009,Web Design Fundamentals,Design,Beginner,4.51,2025-06-05,0.0
U00979,CR00009,Web Design Fundamentals,Design,Beginner,4.51,2025-12-27,0.0
U00979,CR00019,Content Marketing,Marketing,Advanced,2.98,2025-03-26,0.0
U00979,CR00035,Cyber Threat Intelligence,Cybersecurity,Beginner,4.94,2025-01-23,0.0
U00980,CR00045,Financial Modeling,Finance,Advanced,1.59,2025-04-24,0.0
U00981,CR00014,Sales Mastery,Business,Advanced,3.15,2025-12-26,0.0
U00981,CR00039,Project Planning,Project Management,Advanced,1.23,2025-09-19,346.71
U00981,CR00049,Deep Learning,Artificial Intelligence,Intermediate,3.11,2025-08-21,415.51
U00981,CR00053,React for Beginners,Web Development,Advanced,2.67,2025-08-19,0.0
U00981,CR00047,Natural Language Processing,Artificial Intelligence,Intermediate,2.68,2025-07-18,89.59
U00981,CR00020,Email Marketing,Marketing,Intermediate,4.11,2025-05-14,0.0
U00981,CR00045,Financial Modeling,Finance,Advanced,1.59,2025-05-03,0.0
U00981,CR00037,Scrum Essentials,Project Management,Intermediate,3.45,2025-04-12,0.0
U00981,CR00007,UI/UX Design,Design,Advanced,2.61,2025-04-11,0.0
U00981,CR00028,Deep Learning,Machine Learning,Advanced,3.89,2025-04-06,0.78
U00981,CR00008,Photoshop Mastery,Design,Advanced,1.52,2025-03-09,0.0
U00981,CR00025,Statistical Analysis,Data Science,Beginner,3.74,2025-02-04,299.57
U00981,CR00015,Leadership Essentials,Business,Beginner,1.96,2025-01-10,285.05
U00982,CR00039,Project Planning,Project Management,Advanced,1.23,2025-08-09,346.71
U00983,CR00013,Finance for Startups,Business,Advanced,2.0,2025-07-16,0.0
U00984,CR00049,Deep Learning,Artificial Intelligence,Intermediate,3.11,2025-02-01,415.51
U00985,CR00027,Neural Networks,Machine Learning,Advanced,1.81,2025-08-19,0.0
U00986,CR00032,Ethical Hacking,Cybersecurity,Advanced,2.38,2025-12-06,0.0
U00986,CR00035,Cyber Threat Intelligence,Cybersecurity,Beginner,4.94,2025-02-26,0.0
U00987,CR00058,Social Media Strategy,Digital Marketing,Beginner,4.44,2025-11-03,0.0
U00988,CR00032,Ethical Hacking,Cybersecurity,Advanced,2.38,2025-07-11,0.0
U00989,CR00018,Social Media Marketing,Marketing,Advanced,2.01,2025-12-11,0.0
U00989,CR00006,Graphic Design Basics,Design,Advanced,2.72,2025-11-15,276.37
U00989,CR00031,Network Security,Cybersecurity,Intermediate,1.91,2025-11-11,0.0
U00989,CR00005,Full Stack Development,Programming,Beginner,1.28,2025-11-09,0.0
U00989,CR00047,Natural Language Processing,Artificial Intelligence,Intermediate,2.68,2025-11-08,89.59
U00989,CR00027,Neural Networks,Machine Learning,Advanced,1.81,2025-08-04,0.0
U00989,CR00013,Finance for Startups,Business,Advanced,2.0,2025-06-16,0.0
U00989,CR00015,Leadership Essentials,Business,Beginner,1.96,2025-06-11,285.05
U00989,CR00045,Financial Modeling,Finance,Advanced,1.59,2025-05-11,0.0
U00989,CR00003,C++ for Beginners,Programming,Beginner,3.85,2025-03-02,0.0
U00989,CR00017,SEO Mastery,Marketing,Advanced,4.79,2025-01-22,0.0
U00989,CR00038,Risk Management,Project Management,Intermediate,4.84,2025-01-06,342.61
U00990,CR00042,Investment Strategies,Finance,Intermediate,4.1,2025-07-19,0.0
U00991,CR00047,Natural Language Processing,Artificial Intelligence,Intermediate,2.68,2025-05-15,89.59
U00992,CR00024,Big Data Analytics,Data Science,Advanced,2.57,2025-09-03,117.68
U00992,CR00039,Project Planning,Project Management,Advanced,1.23,2025-08-19,346.71
U00992,CR00003,C++ for Beginners,Programming,Beginner,3.85,2025-06-07,0.0
U00992,CR00012,Business Strategy,Business,Advanced,3.64,2025-01-24,487.92
U00993,CR00011,Entrepreneurship 101,Business,Intermediate,2.69,2025-11-26,326.02
U00994,CR00026,Intro to Machine Learning,Machine Learning,Intermediate,4.73,2025-03-14,0.0
U00995,CR00032,Ethical Hacking,Cybersecurity,Advanced,2.38,2025-12-27,0.0
U00995,CR00052,JavaScript Mastery,Web Development,Beginner,2.2,2025-08-24,0.0
U00996,CR00059,Affiliate Marketing,Digital Marketing,Intermediate,4.66,2025-05-14,0.0
U00997,CR00059,Affiliate Marketing,Digital Marketing,Intermediate,4.66,2025-11-11,0.0
U00997,CR00010,3D Modeling,Design,Advanced,4.45,2025-11-10,0.0
U00997,CR00033,Cybersecurity Fundamentals,Cybersecurity,Intermediate,3.93,2025-10-08,0.0
U00997,CR00007,UI/UX Design,Design,Advanced,2.61,2025-08-24,0.0
U00997,CR00026,Intro to Machine Learning,Machine Learning,Intermediate,4.73,2025-08-01,0.0
U00997,CR00013,Finance for Startups,Business,Advanced,2.0,2025-06-21,0.0
U00997,CR00027,Neural Networks,Machine Learning,Advanced,1.81,2025-06-18,0.0
U00997,CR00046,AI for Beginners,Artificial Intelligence,Beginner,1.2,2025-04-25,248.1
U00997,CR00058,Social Media Strategy,Digital Marketing,Beginner,4.44,2025-04-17,0.0
U00997,CR00019,Content Marketing,Marketing,Advanced,2.98,2025-04-17,0.0
U00997,CR00048,AI Ethics,Artificial Intelligence,Beginner,3.64,2025-04-06,0.0
U00997,CR00008,Photoshop Mastery,Design,Advanced,1.52,2025-03-24,0.0
U00997,CR00030,Reinforcement Learning,Machine Learning,Intermediate,1.73,2025-03-20,0.0
U00997,CR00056,Google Ads Mastery,Digital Marketing,Advanced,3.15,2025-02-26,212.39
U00997,CR00036,Agile Project Management,Project Management,Beginner,4.68,2025-01-16,0.0
U00998,CR00040,Leadership in Projects,Project Management,Beginner,1.51,2025-08-26,327.99
U00998,CR00021,Data Analysis with Python,Data Science,Intermediate,3.6,2025-07-25,0.0
U00999,CR00009,Web Design Fundamentals,Design,Beginner,4.51,2025-06-08,0.0
U01000,CR00057,SEO for E-commerce,Digital Marketing,Advanced,3.89,2025-11-21,177.34
U01000,CR00030,Reinforcement Learning,Machine Learning,Intermediate,1.73,2025-11-19,0.0
U01000,CR00037,Scrum Essentials,Project Management,Intermediate,3.45,2025-10-08,0.0
U01000,CR00028,Deep Learning,Machine Learning,Advanced,3.89,2025-09-10,0.78
U01000,CR00001,Python Basics,Programming,Beginner,4.74,2025-07-03,472.28
U01000,CR00055,Full-Stack Web Development,Web Development,Advanced,4.74,2025-06-26,57.32
U01000,CR00053,React for Beginners,Web Development,Advanced,2.67,2025-03-13,0.0
U01000,CR00011,Entrepreneurship 101,Business,Intermediate,2.69,2025-02-25,326.02
U01000,CR00026,Intro to Machine Learning,Machine Learning,Intermediate,4.73,2025-02-25,0.0
U01000,CR00024,Big Data Analytics,Data Science,Advanced,2.57,2025-02-07,117.68
U01000,CR00003,C++ for Beginners,Programming,Beginner,3.85,2025-01-13,0.0
U01000,CR00002,Java Programming,Programming,Intermediate,2.43,2025-01-12,0.0
U01001,CR00037,Scrum Essentials,Project Management,Intermediate,3.45,2025-09-22,0.0
U01002,CR00014,Sales Mastery,Business,Advanced,3.15,2025-06-03,0.0
U01003,CR00013,Finance for Startups,Business,Advanced,2.0,2025-09-17,0.0
U01004,CR00049,Deep Learning,Artificial Intelligence,Intermediate,3.11,2025-06-03,415.51
U01005,CR00044,Personal Finance,Finance,Intermediate,2.75,2025-12-11,119.04
U01006,CR00051,HTML & CSS,Web Development,Advanced,1.3,2025-11-12,37.89
U01006,CR00002,Java Programming,Programming,Intermediate,2.43,2025-04-29,0.0
U01007,CR00042,Investment Strategies,Finance,Intermediate,4.1,2025-07-28,0.0
U01008,CR00021,Data Analysis with Python,Data Science,Intermediate,3.6,2025-07-10,0.0
U01008,CR00004,Advanced Python,Programming,Beginner,2.88,2025-02-21,0.0
U01009,CR00028,Deep Learning,Machine Learning,Advanced,3.89,2025-02-02,0.78
U01010,CR00007,UI/UX Design,Design,Advanced,2.61,2025-06-22,0.0
U01011,CR00046,AI for Beginners,Artificial Intelligence,Beginner,1.2,2025-09-07,248.1
U01012,CR00040,Leadership in Projects,Project Management,Beginner,1.51,2025-04-21,327.99
U01013,CR00008,Photoshop Mastery,Design,Advanced,1.52,2025-07-21,0.0
U01013,CR00025,Statistical Analysis,Data Science,Beginner,3.74,2025-04-22,299.57
U01013,CR00014,Sales Mastery,Business,Advanced,3.15,2025-03-22,0.0
U01014,CR00018,Social Media Marketing,Marketing,Advanced,2.01,2025-12-09,0.0
U01014,CR00010,3D Modeling,Design,Advanced,4.45,2025-04-08,0.0
U01014,CR00048,AI Ethics,Artificial Intelligence,Beginner,3.64,2025-02-15,0.0
U01015,CR00055,Full-Stack Web Development,Web Development,Advanced,4.74,2025-12-25,57.32
U01015,CR00031,Network Security,Cybersecurity,Intermediate,1.91,2025-12-17,0.0
U01015,CR00028,Deep Learning,Machine Learning,Advanced,3.89,2025-10-08,0.78
U01015,CR00047,Natural Language Processing,Artificial Intelligence,Intermediate,2.68,2025-10-01,89.59
U01015,CR00060,Content Creation,Digital Marketing,Beginner,2.14,2025-09-25,0.0
U01015,CR00053,React for Beginners,Web Development,Advanced,2.67,2025-09-24,0.0
U01015,CR00025,Statistical Analysis,Data Science,Beginner,3.74,2025-09-10,299.57
U01015,CR00023,Machine Learning Fundamentals,Data Science,Intermediate,3.02,2025-08-05,0.0
U01015,CR00021,Data Analysis with Python,Data Science,Intermediate,3.6,2025-07-20,0.0
U01015,CR00024,Big Data Analytics,Data Science,Advanced,2.57,2025-07-11,117.68
U01015,CR00002,Java Programming,Programming,Intermediate,2.43,2025-03-03,0.0
U01015,CR00016,Digital Marketing,Marketing,Intermediate,4.72,2025-02-17,0.0
U01015,CR00043,Corporate Finance,Finance,Beginner,4.14,2025-02-02,0.0
U01015,CR00056,Google Ads Mastery,Digital Marketing,Advanced,3.15,2025-01-27,212.39
U01015,CR00049,Deep Learning,Artificial Intelligence,Intermediate,3.11,2025-01-14,415.51
U01016,CR00055,Full-Stack Web Development,Web Development,Advanced,4.74,2025-03-02,57.32
U01016,CR00045,Financial Modeling,Finance,Advanced,1.59,2025-01-03,0.0
U01017,CR00015,Leadership Essentials,Business,Beginner,1.96,2025-02-24,285.05
U01017,CR00011,Entrepreneurship 101,Business,Intermediate,2.69,2025-01-12,326.02
U01018,CR00043,Corporate Finance,Finance,Beginner,4.14,2025-12-02,0.0
U01019,CR00043,Corporate Finance,Finance,Beginner,4.14,2025-12-19,0.0
U01020,CR00021,Data Analysis with Python,Data Science,Intermediate,3.6,2025-11-30,0.0
U01020,CR00060,Content Creation,Digital Marketing,Beginner,2.14,2025-11-06,0.0
U01020,CR00046,AI for Beginners,Artificial Intelligence,Beginner,1.2,2025-10-06,248.1
U01020,CR00018,Social Media Marketing,Marketing,Advanced,2.01,2025-08-16,0.0
U01020,CR00055,Full-Stack Web Development,Web Development,Advanced,4.74,2025-08-10,57.32
U01020,CR00002,Java Programming,Programming,Intermediate,2.43,2025-07-27,0.0
U01020,CR00053,React for Beginners,Web Development,Advanced,2.67,2025-07-27,0.0
U01020,CR00034,Data Encryption,Cybersecurity,Intermediate,1.35,2025-06-09,394.26
U01020,CR00041,Financial Accounting,Finance,Beginner,2.47,2025-05-16,53.86
U01020,CR00059,Affiliate Marketing,Digital Marketing,Intermediate,4.66,2025-04-13,0.0
U01020,CR00011,Entrepreneurship 101,Business,Intermediate,2.69,2025-03-19,326.02
U01020,CR00047,Natural Language Processing,Artificial Intelligence,Intermediate,2.68,2025-02-07,89.59
U01021,CR00009,Web Design Fundamentals,Design,Beginner,4.51,2025-08-23,0.0
U01021,CR00052,JavaScript Mastery,Web Development,Beginner,2.2,2025-04-11,0.0
U01022,CR00055,Full-Stack Web Development,Web Development,Advanced,4.74,2025-12-20,57.32
U01022,CR00038,Risk Management,Project Management,Intermediate,4.84,2025-11-10,342.61
U01022,CR00009,Web Design Fundamentals,Design,Beginner,4.51,2025-10-27,0.0
U01022,CR00026,Intro to Machine Learning,Machine Learning,Intermediate,4.73,2025-10-07,0.0
U01022,CR00022,Data Visualization,Data Science,Beginner,3.65,2025-08-29,0.0
U01022,CR00041,Financial Accounting,Finance,Beginner,2.47,2025-07-26,53.86
U01022,CR00054,Backend Development with Node.js,Web Development,Beginner,3.32,2025-06-07,0.0
U01022,CR00031,Network Security,Cybersecurity,Intermediate,1.91,2025-04-26,0.0
U01022,CR00053,React for Beginners,Web Development,Advanced,2.67,2025-04-23,0.0
U01022,CR00049,Deep Learning,Artificial Intelligence,Intermediate,3.11,2025-03-30,415.51
U01022,CR00058,Social Media Strategy,Digital Marketing,Beginner,4.44,2025-02-08,0.0
U01022,CR00037,Scrum Essentials,Project Management,Intermediate,3.45,2025-01-23,0.0
U01022,CR00020,Email Marketing,Marketing,Intermediate,4.11,2025-01-11,0.0
U01023,CR00033,Cybersecurity Fundamentals,Cybersecurity,Intermediate,3.93,2025-04-14,0.0
U01023,CR00009,Web Design Fundamentals,Design,Beginner,4.51,2025-02-16,0.0
U01024,CR00058,Social Media Strategy,Digital Marketing,Beginner,4.44,2025-10-09,0.0
U01024,CR00059,Affiliate Marketing,Digital Marketing,Intermediate,4.66,2025-06-09,0.0
U01024,CR00012,Business Strategy,Business,Advanced,3.64,2025-04-06,487.92
U01025,CR00050,Computer Vision,Artificial Intelligence,Beginner,4.55,2025-07-22,490.9
U01026,CR00043,Corporate Finance,Finance,Beginner,4.14,2025-12-23,0.0
U01027,CR00005,Full Stack Development,Programming,Beginner,1.28,2025-05-11,0.0
U01027,CR00054,Backend Development with Node.js,Web Development,Beginner,3.32,2025-02-04,0.0
U01028,CR00004,Advanced Python,Programming,Beginner,2.88,2025-08-05,0.0
U01028,CR00040,Leadership in Projects,Project Management,Beginner,1.51,2025-01-25,327.99
U01029,CR00044,Personal Finance,Finance,Intermediate,2.75,2025-08-07,119.04
U01030,CR00016,Digital Marketing,Marketing,Intermediate,4.72,2025-08-24,0.0
U01031,CR00010,3D Modeling,Design,Advanced,4.45,2025-11-12,0.0
U01031,CR00017,SEO Mastery,Marketing,Advanced,4.79,2025-11-09,0.0
U01031,CR00001,Python Basics,Programming,Beginner,4.74,2025-09-29,472.28
U01031,CR00033,Cybersecurity Fundamentals,Cybersecurity,Intermediate,3.93,2025-09-20,0.0
U01031,CR00006,Graphic Design Basics,Design,Advanced,2.72,2025-05-21,276.37
U01031,CR00008,Photoshop Mastery,Design,Advanced,1.52,2025-05-08,0.0
U01031,CR00060,Content Creation,Digital Marketing,Beginner,2.14,2025-05-03,0.0
U01031,CR00058,Social Media Strategy,Digital Marketing,Beginner,4.44,2025-04-24,0.0
U01031,CR00034,Data Encryption,Cybersecurity,Intermediate,1.35,2025-04-15,394.26
U01031,CR00041,Financial Accounting,Finance,Beginner,2.47,2025-03-29,53.86
U01031,CR00038,Risk Management,Project Management,Intermediate,4.84,2025-02-02,342.61
U01031,CR00027,Neural Networks,Machine Learning,Advanced,1.81,2025-01-19,0.0
U01031,CR00020,Email Marketing,Marketing,Intermediate,4.11,2025-01-06,0.0
U01032,CR00055,Full-Stack Web Development,Web Development,Advanced,4.74,2025-12-19,57.32
U01032,CR00041,Financial Accounting,Finance,Beginner,2.47,2025-10-23,53.86
U01032,CR00016,Digital Marketing,Marketing,Intermediate,4.72,2025-09-16,0.0
U01032,CR00048,AI Ethics,Artificial Intelligence,Beginner,3.64,2025-08-20,0.0
U01032,CR00060,Content Creation,Digital Marketing,Beginner,2.14,2025-08-14,0.0
U01032,CR00003,C++ for Beginners,Programming,Beginner,3.85,2025-07-27,0.0
U01032,CR00010,3D Modeling,Design,Advanced,4.45,2025-07-10,0.0
U01032,CR00012,Business Strategy,Business,Advanced,3.64,2025-06-09,487.92
U01032,CR00019,Content Marketing,Marketing,Advanced,2.98,2025-05-15,0.0
U01032,CR00025,Statistical Analysis,Data Science,Beginner,3.74,2025-03-28,299.57
U01032,CR00050,Computer Vision,Artificial Intelligence,Beginner,4.55,2025-03-17,490.9
U01032,CR00027,Neural Networks,Machine Learning,Advanced,1.81,2025-02-17,0.0
U01032,CR00053,React for Beginners,Web Development,Advanced,2.67,2025-02-11,0.0
U01032,CR00018,Social Media Marketing,Marketing,Advanced,2.01,2025-02-10,0.0
U01033,CR00002,Java Programming,Programming,Intermediate,2.43,2025-12-17,0.0
U01033,CR00015,Leadership Essentials,Business,Beginner,1.96,2025-11-17,285.05
U01033,CR00011,Entrepreneurship 101,Business,Intermediate,2.69,2025-10-23,326.02
U01033,CR00024,Big Data Analytics,Data Science,Advanced,2.57,2025-10-15,117.68
U01033,CR00026,Intro to Machine Learning,Machine Learning,Intermediate,4.73,2025-10-06,0.0
U01033,CR00051,HTML & CSS,Web Development,Advanced,1.3,2025-09-16,37.89
U01033,CR00025,Statistical Analysis,Data Science,Beginner,3.74,2025-09-12,299.57
U01033,CR00010,3D Modeling,Design,Advanced,4.45,2025-06-23,0.0
U01033,CR00006,Graphic Design Basics,Design,Advanced,2.72,2025-05-26,276.37
U01033,CR00022,Data Visualization,Data Science,Beginner,3.65,2025-05-23,0.0
U01033,CR00004,Advanced Python,Programming,Beginner,2.88,2025-04-08,0.0
U01033,CR00012,Business Strategy,Business,Advanced,3.64,2025-03-15,487.92
U01033,CR00058,Social Media Strategy,Digital Marketing,Beginner,4.44,2025-01-04,0.0
U01034,CR00048,AI Ethics,Artificial Intelligence,Beginner,3.64,2025-11-19,0.0
U01034,CR00033,Cybersecurity Fundamentals,Cybersecurity,Intermediate,3.93,2025-11-15,0.0
U01034,CR00053,React for Beginners,Web Development,Advanced,2.67,2025-10-26,0.0
U01034,CR00043,Corporate Finance,Finance,Beginner,4.14,2025-08-01,0.0
U01034,CR00003,C++ for Beginners,Programming,Beginner,3.85,2025-07-06,0.0
U01034,CR00002,Java Programming,Programming,Intermediate,2.43,2025-06-25,0.0
U01034,CR00021,Data Analysis with Python,Data Science,Intermediate,3.6,2025-05-08,0.0
U01034,CR00041,Financial Accounting,Finance,Beginner,2.47,2025-05-05,53.86
U01034,CR00045,Financial Modeling,Finance,Advanced,1.59,2025-05-05,0.0
U01034,CR00055,Full-Stack Web Development,Web Development,Advanced,4.74,2025-03-25,57.32
U01034,CR00051,HTML & CSS,Web Development,Advanced,1.3,2025-02-18,37.89
U01034,CR00016,Digital Marketing,Marketing,Intermediate,4.72,2025-01-29,0.0
U01035,CR00027,Neural Networks,Machine Learning,Advanced,1.81,2025-08-18,0.0
U01035,CR00012,Business Strategy,Business,Advanced,3.64,2025-01-21,487.92
U01035,CR00015,Leadership Essentials,Business,Beginner,1.96,2025-01-08,285.05
U01036,CR00045,Financial Modeling,Finance,Advanced,1.59,2025-03-19,0.0
U01037,CR00049,Deep Learning,Artificial Intelligence,Intermediate,3.11,2025-05-24,415.51
U01038,CR00038,Risk Management,Project Management,Intermediate,4.84,2025-05-12,342.61
U01039,CR00035,Cyber Threat Intelligence,Cybersecurity,Beginner,4.94,2025-11-17,0.0
U01040,CR00015,Leadership Essentials,Business,Beginner,1.96,2025-11-26,285.05
U01041,CR00053,React for Beginners,Web Development,Advanced,2.67,2025-06-18,0.0
U01042,CR00037,Scrum Essentials,Project Management,Intermediate,3.45,2025-04-30,0.0
U01043,CR00008,Photoshop Mastery,Design,Advanced,1.52,2025-12-21,0.0
U01043,CR00053,React for Beginners,Web Development,Advanced,2.67,2025-11-06,0.0
U01043,CR00055,Full-Stack Web Development,Web Development,Advanced,4.74,2025-06-24,57.32
U01043,CR00029,Natural Language Processing,Machine Learning,Beginner,1.13,2025-06-01,0.0
U01044,CR00053,React for Beginners,Web Development,Advanced,2.67,2025-05-03,0.0
U01045,CR00004,Advanced Python,Programming,Beginner,2.88,2025-09-24,0.0
U01045,CR00021,Data Analysis with Python,Data Science,Intermediate,3.6,2025-03-29,0.0
U01046,CR00041,Financial Accounting,Finance,Beginner,2.47,2025-04-11,53.86
U01047,CR00009,Web Design Fundamentals,Design,Beginner,4.51,2025-12-24,0.0
U01048,CR00027,Neural Networks,Machine Learning,Advanced,1.81,2025-03-03,0.0
U01049,CR00022,Data Visualization,Data Science,Beginner,3.65,2025-08-10,0.0
U01049,CR00023,Machine Learning Fundamentals,Data Science,Intermediate,3.02,2025-04-13,0.0
U01050,CR00031,Network Security,Cybersecurity,Intermediate,1.91,2025-12-17,0.0
U01051,CR00010,3D Modeling,Design,Advanced,4.45,2025-09-24,0.0
U01051,CR00018,Social Media Marketing,Marketing,Advanced,2.01,2025-08-20,0.0
U01052,CR00026,Intro to Machine Learning,Machine Learning,Intermediate,4.73,2025-09-24,0.0
U01052,CR00009,Web Design Fundamentals,Design,Beginner,4.51,2025-03-22,0.0
U01053,CR00023,Machine Learning Fundamentals,Data Science,Intermediate,3.02,2025-09-18,0.0
U01054,CR00007,UI/UX Design,Design,Advanced,2.61,2025-09-07,0.0
U01054,CR00027,Neural Networks,Machine Learning,Advanced,1.81,2025-02-13,0.0
U01055,CR00026,Intro to Machine Learning,Machine Learning,Intermediate,4.73,2025-01-26,0.0
U01056,CR00033,Cybersecurity Fundamentals,Cybersecurity,Intermediate,3.93,2025-11-18,0.0
U01056,CR00028,Deep Learning,Machine Learning,Advanced,3.89,2025-04-14,0.78
U01057,CR00042,Investment Strategies,Finance,Intermediate,4.1,2025-07-25,0.0
U01058,CR00034,Data Encryption,Cybersecurity,Intermediate,1.35,2025-08-16,394.26
U01058,CR00056,Google Ads Mastery,Digital Marketing,Advanced,3.15,2025-04-01,212.39
U01059,CR00016,Digital Marketing,Marketing,Intermediate,4.72,2025-11-27,0.0
U01060,CR00044,Personal Finance,Finance,Intermediate,2.75,2025-08-16,119.04
U01061,CR00038,Risk Management,Project Management,Intermediate,4.84,2025-06-15,342.61
U01061,CR00036,Agile Project Management,Project Management,Beginner,4.68,2025-03-05,0.0
U01062,CR00010,3D Modeling,Design,Advanced,4.45,2025-02-22,0.0
U01063,CR00053,React for Beginners,Web Development,Advanced,2.67,2025-01-26,0.0
U01064,CR00012,Business Strategy,Business,Advanced,3.64,2025-10-30,487.92
U01064,CR00036,Agile Project Management,Project Management,Beginner,4.68,2025-05-17,0.0
U01065,CR00043,Corporate Finance,Finance,Beginner,4.14,2025-11-25,0.0
U01065,CR00013,Finance for Startups,Business,Advanced,2.0,2025-04-29,0.0
U01065,CR00040,Leadership in Projects,Project Management,Beginner,1.51,2025-03-22,327.99
U01065,CR00019,Content Marketing,Marketing,Advanced,2.98,2025-02-01,0.0
U01066,CR00045,Financial Modeling,Finance,Advanced,1.59,2025-12-30,0.0
U01066,CR00058,Social Media Strategy,Digital Marketing,Beginner,4.44,2025-12-18,0.0
U01066,CR00017,SEO Mastery,Marketing,Advanced,4.79,2025-12-02,0.0
U01066,CR00030,Reinforcement Learning,Machine Learning,Intermediate,1.73,2025-11-20,0.0
U01066,CR00021,Data Analysis with Python,Data Science,Intermediate,3.6,2025-11-12,0.0
U01066,CR00025,Statistical Analysis,Data Science,Beginner,3.74,2025-09-17,299.57
U01066,CR00027,Neural Networks,Machine Learning,Advanced,1.81,2025-07-24,0.0
U01066,CR00038,Risk Management,Project Management,Intermediate,4.84,2025-06-04,342.61
U01066,CR00042,Investment Strategies,Finance,Intermediate,4.1,2025-05-11,0.0
U01066,CR00018,Social Media Marketing,Marketing,Advanced,2.01,2025-03-02,0.0
U01066,CR00040,Leadership in Projects,Project Management,Beginner,1.51,2025-01-30,327.99
U01066,CR00005,Full Stack Development,Programming,Beginner,1.28,2025-01-18,0.0
U01067,CR00031,Network Security,Cybersecurity,Intermediate,1.91,2025-06-19,0.0
U01068,CR00035,Cyber Threat Intelligence,Cybersecurity,Beginner,4.94,2025-10-04,0.0
U01068,CR00021,Data Analysis with Python,Data Science,Intermediate,3.6,2025-05-25,0.0
U01069,CR00035,Cyber Threat Intelligence,Cybersecurity,Beginner,4.94,2025-08-06,0.0
U01070,CR00043,Corporate Finance,Finance,Beginner,4.14,2025-09-28,0.0
U01071,CR00015,Leadership Essentials,Business,Beginner,1.96,2025-11-29,285.05
U01071,CR00056,Google Ads Mastery,Digital Marketing,Advanced,3.15,2025-01-23,212.39
U01072,CR00040,Leadership in Projects,Project Management,Beginner,1.51,2025-05-03,327.99
U01073,CR00001,Python Basics,Programming,Beginner,4.74,2025-10-20,472.28
U01073,CR00006,Graphic Design Basics,Design,Advanced,2.72,2025-07-19,276.37
U01074,CR00045,Financial Modeling,Finance,Advanced,1.59,2025-07-28,0.0
U01075,CR00054,Backend Development with Node.js,Web Development,Beginner,3.32,2025-11-12,0.0
U01075,CR00050,Computer Vision,Artificial Intelligence,Beginner,4.55,2025-03-16,490.9
U01076,CR00010,3D Modeling,Design,Advanced,4.45,2025-05-18,0.0
U01077,CR00060,Content Creation,Digital Marketing,Beginner,2.14,2025-05-02,0.0
U01077,CR00050,Computer Vision,Artificial Intelligence,Beginner,4.55,2025-02-07,490.9
U01078,CR00019,Content Marketing,Marketing,Advanced,2.98,2025-07-09,0.0
U01078,CR00007,UI/UX Design,Design,Advanced,2.61,2025-03-24,0.0
U01079,CR00051,HTML & CSS,Web Development,Advanced,1.3,2025-11-30,37.89
U01079,CR00053,React for Beginners,Web Development,Advanced,2.67,2025-11-05,0.0
U01079,CR00026,Intro to Machine Learning,Machine Learning,Intermediate,4.73,2025-09-28,0.0
U01079,CR00029,Natural Language Processing,Machine Learning,Beginner,1.13,2025-09-24,0.0
U01079,CR00004,Advanced Python,Programming,Beginner,2.88,2025-05-03,0.0
U01079,CR00017,SEO Mastery,Marketing,Advanced,4.79,2025-04-22,0.0
U01079,CR00021,Data Analysis with Python,Data Science,Intermediate,3.6,2025-04-15,0.0
U01079,CR00045,Financial Modeling,Finance,Advanced,1.59,2025-04-15,0.0
U01079,CR00030,Reinforcement Learning,Machine Learning,Intermediate,1.73,2025-04-11,0.0
U01079,CR00018,Social Media Marketing,Marketing,Advanced,2.01,2025-03-13,0.0
U01079,CR00048,AI Ethics,Artificial Intelligence,Beginner,3.64,2025-03-06,0.0
U01079,CR00003,C++ for Beginners,Programming,Beginner,3.85,2025-01-29,0.0
U01079,CR00043,Corporate Finance,Finance,Beginner,4.14,2025-01-16,0.0
U01080,CR00024,Big Data Analytics,Data Science,Advanced,2.57,2025-09-29,117.68
U01081,CR00011,Entrepreneurship 101,Business,Intermediate,2.69,2025-02-02,326.02
U01082,CR00042,Investment Strategies,Finance,Intermediate,4.1,2025-08-21,0.0
U01083,CR00033,Cybersecurity Fundamentals,Cybersecurity,Intermediate,3.93,2025-12-21,0.0
U01083,CR00025,Statistical Analysis,Data Science,Beginner,3.74,2025-12-21,299.57
U01083,CR00052,JavaScript Mastery,Web Development,Beginner,2.2,2025-11-24,0.0
U01083,CR00008,Photoshop Mastery,Design,Advanced,1.52,2025-11-09,0.0
U01083,CR00047,Natural Language Processing,Artificial Intelligence,Intermediate,2.68,2025-11-03,89.59
U01083,CR00026,Intro to Machine Learning,Machine Learning,Intermediate,4.73,2025-05-18,0.0
U01083,CR00024,Big Data Analytics,Data Science,Advanced,2.57,2025-05-12,117.68
U01083,CR00006,Graphic Design Basics,Design,Advanced,2.72,2025-05-01,276.37
U01083,CR00013,Finance for Startups,Business,Advanced,2.0,2025-04-05,0.0
U01083,CR00023,Machine Learning Fundamentals,Data Science,Intermediate,3.02,2025-04-04,0.0
U01083,CR00001,Python Basics,Programming,Beginner,4.74,2025-03-11,472.28
U01083,CR00059,Affiliate Marketing,Digital Marketing,Intermediate,4.66,2025-02-25,0.0
U01083,CR00020,Email Marketing,Marketing,Intermediate,4.11,2025-02-15,0.0
U01083,CR00039,Project Planning,Project Management,Advanced,1.23,2025-01-13,346.71
U01083,CR00057,SEO for E-commerce,Digital Marketing,Advanced,3.89,2025-01-09,177.34
U01084,CR00003,C++ for Beginners,Programming,Beginner,3.85,2025-11-15,0.0
U01084,CR00044,Personal Finance,Finance,Intermediate,2.75,2025-10-09,119.04
U01084,CR00034,Data Encryption,Cybersecurity,Intermediate,1.35,2025-10-05,394.26
U01084,CR00057,SEO for E-commerce,Digital Marketing,Advanced,3.89,2025-09-09,177.34
U01084,CR00045,Financial Modeling,Finance,Advanced,1.59,2025-08-03,0.0
U01084,CR00008,Photoshop Mastery,Design,Advanced,1.52,2025-07-18,0.0
U01084,CR00056,Google Ads Mastery,Digital Marketing,Advanced,3.15,2025-03-22,212.39
U01084,CR00022,Data Visualization,Data Science,Beginner,3.65,2025-03-12,0.0
U01084,CR00048,AI Ethics,Artificial Intelligence,Beginner,3.64,2025-02-25,0.0
U01084,CR00050,Computer Vision,Artificial Intelligence,Beginner,4.55,2025-02-20,490.9
U01084,CR00036,Agile Project Management,Project Management,Beginner,4.68,2025-02-16,0.0
U01084,CR00025,Statistical Analysis,Data Science,Beginner,3.74,2025-01-28,299.57
U01084,CR00001,Python Basics,Programming,Beginner,4.74,2025-01-25,472.28
U01085,CR00044,Personal Finance,Finance,Intermediate,2.75,2025-12-13,119.04
U01085,CR00002,Java Programming,Programming,Intermediate,2.43,2025-04-16,0.0
U01086,CR00024,Big Data Analytics,Data Science,Advanced,2.57,2025-06-14,117.68
U01087,CR00025,Statistical Analysis,Data Science,Beginner,3.74,2025-12-10,299.57
U01088,CR00034,Data Encryption,Cybersecurity,Intermediate,1.35,2025-11-29,394.26
U01088,CR00055,Full-Stack Web Development,Web Development,Advanced,4.74,2025-03-21,57.32
U01089,CR00060,Content Creation,Digital Marketing,Beginner,2.14,2025-05-06,0.0
U01090,CR00059,Affiliate Marketing,Digital Marketing,Intermediate,4.66,2025-08-11,0.0
U01090,CR00030,Reinforcement Learning,Machine Learning,Intermediate,1.73,2025-06-12,0.0
U01091,CR00026,Intro to Machine Learning,Machine Learning,Intermediate,4.73,2025-10-28,0.0
U01091,CR00020,Email Marketing,Marketing,Intermediate,4.11,2025-09-23,0.0
U01092,CR00004,Advanced Python,Programming,Beginner,2.88,2025-12-08,0.0
U01092,CR00026,Intro to Machine Learning,Machine Learning,Intermediate,4.73,2025-12-02,0.0
U01092,CR00013,Finance for Startups,Business,Advanced,2.0,2025-11-30,0.0
U01092,CR00048,AI Ethics,Artificial Intelligence,Beginner,3.64,2025-11-23,0.0
U01092,CR00014,Sales Mastery,Business,Advanced,3.15,2025-09-02,0.0
U01092,CR00034,Data Encryption,Cybersecurity,Intermediate,1.35,2025-08-21,394.26
U01092,CR00054,Backend Development with Node.js,Web Development,Beginner,3.32,2025-07-12,0.0
U01092,CR00009,Web Design Fundamentals,Design,Beginner,4.51,2025-06-28,0.0
U01092,CR00049,Deep Learning,Artificial Intelligence,Intermediate,3.11,2025-06-11,415.51
U01092,CR00039,Project Planning,Project Management,Advanced,1.23,2025-05-27,346.71
U01092,CR00001,Python Basics,Programming,Beginner,4.74,2025-05-18,472.28
U01092,CR00002,Java Programming,Programming,Intermediate,2.43,2025-03-28,0.0
U01092,CR00050,Computer Vision,Artificial Intelligence,Beginner,4.55,2025-03-26,490.9
U01092,CR00007,UI/UX Design,Design,Advanced,2.61,2025-03-03,0.0
U01092,CR00016,Digital Marketing,Marketing,Intermediate,4.72,2025-01-16,0.0
U01093,CR00003,C++ for Beginners,Programming,Beginner,3.85,2025-05-28,0.0
U01094,CR00015,Leadership Essentials,Business,Beginner,1.96,2025-12-13,285.05
U01094,CR00026,Intro to Machine Learning,Machine Learning,Intermediate,4.73,2025-03-29,0.0
U01095,CR00009,Web Design Fundamentals,Design,Beginner,4.51,2025-03-02,0.0
U01096,CR00021,Data Analysis with Python,Data Science,Intermediate,3.6,2025-12-21,0.0
U01096,CR00053,React for Beginners,Web Development,Advanced,2.67,2025-12-13,0.0
U01096,CR00043,Corporate Finance,Finance,Beginner,4.14,2025-10-27,0.0
U01096,CR00007,UI/UX Design,Design,Advanced,2.61,2025-10-27,0.0
U01096,CR00049,Deep Learning,Artificial Intelligence,Intermediate,3.11,2025-10-09,415.51
U01096,CR00025,Statistical Analysis,Data Science,Beginner,3.74,2025-09-18,299.57
U01096,CR00008,Photoshop Mastery,Design,Advanced,1.52,2025-08-06,0.0
U01096,CR00027,Neural Networks,Machine Learning,Advanced,1.81,2025-06-08,0.0
U01096,CR00002,Java Programming,Programming,Intermediate,2.43,2025-04-17,0.0
U01096,CR00042,Investment Strategies,Finance,Intermediate,4.1,2025-03-16,0.0
U01096,CR00028,Deep Learning,Machine Learning,Advanced,3.89,2025-03-04,0.78
U01096,CR00052,JavaScript Mastery,Web Development,Beginner,2.2,2025-02-08,0.0
U01096,CR00041,Financial Accounting,Finance,Beginner,2.47,2025-02-06,53.86
U01096,CR00023,Machine Learning Fundamentals,Data Science,Intermediate,3.02,2025-01-23,0.0
U01096,CR00048,AI Ethics,Artificial Intelligence,Beginner,3.64,2025-01-17,0.0
U01096,CR00045,Financial Modeling,Finance,Advanced,1.59,2025-01-07,0.0
U01097,CR00053,React for Beginners,Web Development,Advanced,2.67,2025-05-06,0.0
U01098,CR00013,Finance for Startups,Business,Advanced,2.0,2025-10-11,0.0
U01098,CR00025,Statistical Analysis,Data Science,Beginner,3.74,2025-10-10,299.57
U01098,CR00012,Business Strategy,Business,Advanced,3.64,2025-06-09,487.92
U01098,CR00034,Data Encryption,Cybersecurity,Intermediate,1.35,2025-01-25,394.26
U01099,CR00017,SEO Mastery,Marketing,Advanced,4.79,2025-12-19,0.0
U01100,CR00032,Ethical Hacking,Cybersecurity,Advanced,2.38,2025-10-01,0.0
U01100,CR00045,Financial Modeling,Finance,Advanced,1.59,2025-09-15,0.0
U01100,CR00003,C++ for Beginners,Programming,Beginner,3.85,2025-06-01,0.0
U01101,CR00018,Social Media Marketing,Marketing,Advanced,2.01,2025-08-06,0.0
U01102,CR00006,Graphic Design Basics,Design,Advanced,2.72,2025-11-02,276.37
U01102,CR00035,Cyber Threat Intelligence,Cybersecurity,Beginner,4.94,2025-07-27,0.0
U01103,CR00010,3D Modeling,Design,Advanced,4.45,2025-09-16,0.0
U01103,CR00034,Data Encryption,Cybersecurity,Intermediate,1.35,2025-08-19,394.26
U01103,CR00014,Sales Mastery,Business,Advanced,3.15,2025-07-24,0.0
U01103,CR00053,React for Beginners,Web Development,Advanced,2.67,2025-05-28,0.0
U01104,CR00028,Deep Learning,Machine Learning,Advanced,3.89,2025-04-16,0.78
U01105,CR00032,Ethical Hacking,Cybersecurity,Advanced,2.38,2025-03-17,0.0
U01106,CR00040,Leadership in Projects,Project Management,Beginner,1.51,2025-02-07,327.99
U01107,CR00048,AI Ethics,Artificial Intelligence,Beginner,3.64,2025-12-15,0.0
U01108,CR00048,AI Ethics,Artificial Intelligence,Beginner,3.64,2025-12-22,0.0
U01108,CR00002,Java Programming,Programming,Intermediate,2.43,2025-11-14,0.0
U01108,CR00006,Graphic Design Basics,Design,Advanced,2.72,2025-08-30,276.37
U01108,CR00029,Natural Language Processing,Machine Learning,Beginner,1.13,2025-05-22,0.0
U01109,CR00013,Finance for Startups,Business,Advanced,2.0,2025-12-15,0.0
U01110,CR00053,React for Beginners,Web Development,Advanced,2.67,2025-10-23,0.0
U01110,CR00051,HTML & CSS,Web Development,Advanced,1.3,2025-04-24,37.89
U01111,CR00029,Natural Language Processing,Machine Learning,Beginner,1.13,2025-09-28,0.0
U01112,CR00056,Google Ads Mastery,Digital Marketing,Advanced,3.15,2025-11-12,212.39
U01113,CR00012,Business Strategy,Business,Advanced,3.64,2025-03-27,487.92
U01114,CR00023,Machine Learning Fundamentals,Data Science,Intermediate,3.02,2025-01-09,0.0
U01115,CR00040,Leadership in Projects,Project Management,Beginner,1.51,2025-07-19,327.99
U01116,CR00045,Financial Modeling,Finance,Advanced,1.59,2025-10-13,0.0
U01117,CR00002,Java Programming,Programming,Intermediate,2.43,2025-08-23,0.0
U01118,CR00044,Personal Finance,Finance,Intermediate,2.75,2025-12-28,119.04
U01119,CR00002,Java Programming,Programming,Intermediate,2.43,2025-05-09,0.0
U01120,CR00024,Big Data Analytics,Data Science,Advanced,2.57,2025-09-24,117.68
U01121,CR00024,Big Data Analytics,Data Science,Advanced,2.57,2025-03-28,117.68
U01122,CR00056,Google Ads Mastery,Digital Marketing,Advanced,3.15,2025-11-01,212.39
U01122,CR00058,Social Media Strategy,Digital Marketing,Beginner,4.44,2025-09-16,0.0
U01123,CR00057,SEO for E-commerce,Digital Marketing,Advanced,3.89,2025-12-21,177.34
U01123,CR00023,Machine Learning Fundamentals,Data Science,Intermediate,3.02,2025-11-28,0.0
U01123,CR00052,JavaScript Mastery,Web Development,Beginner,2.2,2025-11-13,0.0
U01123,CR00010,3D Modeling,Design,Advanced,4.45,2025-10-13,0.0
U01123,CR00050,Computer Vision,Artificial Intelligence,Beginner,4.55,2025-10-11,490.9
U01123,CR00044,Personal Finance,Finance,Intermediate,2.75,2025-07-02,119.04
U01123,CR00055,Full-Stack Web Development,Web Development,Advanced,4.74,2025-06-23,57.32
U01123,CR00046,AI for Beginners,Artificial Intelligence,Beginner,1.2,2025-05-22,248.1
U01123,CR00031,Network Security,Cybersecurity,Intermediate,1.91,2025-05-15,0.0
U01123,CR00008,Photoshop Mastery,Design,Advanced,1.52,2025-04-13,0.0
U01123,CR00013,Finance for Startups,Business,Advanced,2.0,2025-03-30,0.0
U01123,CR00005,Full Stack Development,Programming,Beginner,1.28,2025-02-21,0.0
U01123,CR00025,Statistical Analysis,Data Science,Beginner,3.74,2025-02-16,299.57
U01123,CR00009,Web Design Fundamentals,Design,Beginner,4.51,2025-02-11,0.0
U01123,CR00040,Leadership in Projects,Project Management,Beginner,1.51,2025-02-05,327.99
U01124,CR00038,Risk Management,Project Management,Intermediate,4.84,2025-06-04,342.61
U01124,CR00008,Photoshop Mastery,Design,Advanced,1.52,2025-04-12,0.0
U01124,CR00053,React for Beginners,Web Development,Advanced,2.67,2025-03-02,0.0
U01125,CR00026,Intro to Machine Learning,Machine Learning,Intermediate,4.73,2025-07-21,0.0
U01125,CR00014,Sales Mastery,Business,Advanced,3.15,2025-05-27,0.0
U01126,CR00020,Email Marketing,Marketing,Intermediate,4.11,2025-12-11,0.0
U01126,CR00036,Agile Project Management,Project Management,Beginner,4.68,2025-10-18,0.0
U01127,CR00044,Personal Finance,Finance,Intermediate,2.75,2025-03-23,119.04
U01127,CR00026,Intro to Machine Learning,Machine Learning,Intermediate,4.73,2025-02-22,0.0
U01127,CR00010,3D Modeling,Design,Advanced,4.45,2025-01-26,0.0
U01128,CR00036,Agile Project Management,Project Management,Beginner,4.68,2025-01-09,0.0
U01128,CR00042,Investment Strategies,Finance,Intermediate,4.1,2025-01-09,0.0
U01129,CR00011,Entrepreneurship 101,Business,Intermediate,2.69,2025-06-17,326.02
U01130,CR00041,Financial Accounting,Finance,Beginner,2.47,2025-07-25,53.86
U01131,CR00008,Photoshop Mastery,Design,Advanced,1.52,2025-08-15,0.0
U01131,CR00028,Deep Learning,Machine Learning,Advanced,3.89,2025-05-21,0.78
U01131,CR00052,JavaScript Mastery,Web Development,Beginner,2.2,2025-01-29,0.0
U01132,CR00048,AI Ethics,Artificial Intelligence,Beginner,3.64,2025-09-05,0.0
U01132,CR00046,AI for Beginners,Artificial Intelligence,Beginner,1.2,2025-07-10,248.1
U01132,CR00057,SEO for E-commerce,Digital Marketing,Advanced,3.89,2025-05-13,177.34
U01132,CR00030,Reinforcement Learning,Machine Learning,Intermediate,1.73,2025-02-19,0.0
U01133,CR00009,Web Design Fundamentals,Design,Beginner,4.51,2025-12-19,0.0
U01134,CR00032,Ethical Hacking,Cybersecurity,Advanced,2.38,2025-05-17,0.0
U01134,CR00002,Java Programming,Programming,Intermediate,2.43,2025-05-17,0.0
U01134,CR00058,Social Media Strategy,Digital Marketing,Beginner,4.44,2025-02-08,0.0
U01135,CR00007,UI/UX Design,Design,Advanced,2.61,2025-07-18,0.0
U01136,CR00056,Google Ads Mastery,Digital Marketing,Advanced,3.15,2025-06-01,212.39
U01137,CR00029,Natural Language Processing,Machine Learning,Beginner,1.13,2025-11-27,0.0
U01137,CR00012,Business Strategy,Business,Advanced,3.64,2025-10-23,487.92
U01138,CR00047,Natural Language Processing,Artificial Intelligence,Intermediate,2.68,2025-08-18,89.59
U01139,CR00003,C++ for Beginners,Programming,Beginner,3.85,2025-01-26,0.0
U01140,CR00044,Personal Finance,Finance,Intermediate,2.75,2025-09-17,119.04
U01141,CR00006,Graphic Design Basics,Design,Advanced,2.72,2025-06-08,276.37
U01142,CR00036,Agile Project Management,Project Management,Beginner,4.68,2025-10-10,0.0
U01142,CR00027,Neural Networks,Machine Learning,Advanced,1.81,2025-09-25,0.0
U01143,CR00002,Java Programming,Programming,Intermediate,2.43,2025-12-30,0.0
U01143,CR00024,Big Data Analytics,Data Science,Advanced,2.57,2025-12-15,117.68
U01143,CR00027,Neural Networks,Machine Learning,Advanced,1.81,2025-11-14,0.0
U01143,CR00044,Personal Finance,Finance,Intermediate,2.75,2025-08-08,119.04
U01143,CR00023,Machine Learning Fundamentals,Data Science,Intermediate,3.02,2025-07-23,0.0
U01143,CR00030,Reinforcement Learning,Machine Learning,Intermediate,1.73,2025-06-29,0.0
U01143,CR00033,Cybersecurity Fundamentals,Cybersecurity,Intermediate,3.93,2025-06-26,0.0
U01143,CR00052,JavaScript Mastery,Web Development,Beginner,2.2,2025-06-01,0.0
U01143,CR00047,Natural Language Processing,Artificial Intelligence,Intermediate,2.68,2025-03-19,89.59
U01143,CR00059,Affiliate Marketing,Digital Marketing,Intermediate,4.66,2025-03-17,0.0
U01143,CR00006,Graphic Design Basics,Design,Advanced,2.72,2025-03-14,276.37
U01143,CR00054,Backend Development with Node.js,Web Development,Beginner,3.32,2025-03-13,0.0
U01143,CR00019,Content Marketing,Marketing,Advanced,2.98,2025-03-12,0.0
U01143,CR00049,Deep Learning,Artificial Intelligence,Intermediate,3.11,2025-03-07,415.51
U01144,CR00039,Project Planning,Project Management,Advanced,1.23,2025-03-02,346.71
U01144,CR00021,Data Analysis with Python,Data Science,Intermediate,3.6,2025-01-01,0.0
U01145,CR00001,Python Basics,Programming,Beginner,4.74,2025-07-08,472.28
U01146,CR00029,Natural Language Processing,Machine Learning,Beginner,1.13,2025-11-24,0.0
U01146,CR00057,SEO for E-commerce,Digital Marketing,Advanced,3.89,2025-11-21,177.34
U01146,CR00005,Full Stack Development,Programming,Beginner,1.28,2025-11-08,0.0
U01146,CR00028,Deep Learning,Machine Learning,Advanced,3.89,2025-09-12,0.78
U01146,CR00008,Photoshop Mastery,Design,Advanced,1.52,2025-08-20,0.0
U01146,CR00021,Data Analysis with Python,Data Science,Intermediate,3.6,2025-08-16,0.0
U01146,CR00004,Advanced Python,Programming,Beginner,2.88,2025-08-04,0.0
U01146,CR00037,Scrum Essentials,Project Management,Intermediate,3.45,2025-07-13,0.0
U01146,CR00014,Sales Mastery,Business,Advanced,3.15,2025-05-28,0.0
U01146,CR00059,Affiliate Marketing,Digital Marketing,Intermediate,4.66,2025-04-21,0.0
U01146,CR00026,Intro to Machine Learning,Machine Learning,Intermediate,4.73,2025-02-03,0.0
U01146,CR00032,Ethical Hacking,Cybersecurity,Advanced,2.38,2025-01-12,0.0
U01146,CR00043,Corporate Finance,Finance,Beginner,4.14,2025-01-07,0.0
U01147,CR00002,Java Programming,Programming,Intermediate,2.43,2025-07-08,0.0
U01148,CR00053,React for Beginners,Web Development,Advanced,2.67,2025-08-04,0.0
U01148,CR00033,Cybersecurity Fundamentals,Cybersecurity,Intermediate,3.93,2025-06-10,0.0
U01149,CR00015,Leadership Essentials,Business,Beginner,1.96,2025-12-18,285.05
U01149,CR00012,Business Strategy,Business,Advanced,3.64,2025-12-18,487.92
U01149,CR00026,Intro to Machine Learning,Machine Learning,Intermediate,4.73,2025-09-20,0.0
U01149,CR00050,Computer Vision,Artificial Intelligence,Beginner,4.55,2025-06-15,490.9
U01150,CR00041,Financial Accounting,Finance,Beginner,2.47,2025-03-18,53.86
U01151,CR00031,Network Security,Cybersecurity,Intermediate,1.91,2025-12-29,0.0
U01151,CR00013,Finance for Startups,Business,Advanced,2.0,2025-11-01,0.0
U01151,CR00035,Cyber Threat Intelligence,Cybersecurity,Beginner,4.94,2025-10-15,0.0
U01151,CR00020,Email Marketing,Marketing,Intermediate,4.11,2025-09-24,0.0
U01151,CR00015,Leadership Essentials,Business,Beginner,1.96,2025-09-07,285.05
U01151,CR00039,Project Planning,Project Management,Advanced,1.23,2025-08-13,346.71
U01151,CR00051,HTML & CSS,Web Development,Advanced,1.3,2025-07-20,37.89
U01151,CR00003,C++ for Beginners,Programming,Beginner,3.85,2025-04-16,0.0
U01151,CR00060,Content Creation,Digital Marketing,Beginner,2.14,2025-03-29,0.0
U01151,CR00058,Social Media Strategy,Digital Marketing,Beginner,4.44,2025-03-02,0.0
U01151,CR00018,Social Media Marketing,Marketing,Advanced,2.01,2025-02-26,0.0
U01151,CR00014,Sales Mastery,Business,Advanced,3.15,2025-02-17,0.0
U01151,CR00005,Full Stack Development,Programming,Beginner,1.28,2025-02-01,0.0
U01151,CR00049,Deep Learning,Artificial Intelligence,Intermediate,3.11,2025-01-09,415.51
U01152,CR00039,Project Planning,Project Management,Advanced,1.23,2025-10-26,346.71
U01153,CR00038,Risk Management,Project Management,Intermediate,4.84,2025-02-24,342.61
U01154,CR00027,Neural Networks,Machine Learning,Advanced,1.81,2025-03-14,0.0
U01154,CR00058,Social Media Strategy,Digital Marketing,Beginner,4.44,2025-01-16,0.0
U01155,CR00045,Financial Modeling,Finance,Advanced,1.59,2025-06-13,0.0
U01155,CR00037,Scrum Essentials,Project Management,Intermediate,3.45,2025-05-01,0.0
U01155,CR00056,Google Ads Mastery,Digital Marketing,Advanced,3.15,2025-01-22,212.39
U01155,CR00031,Network Security,Cybersecurity,Intermediate,1.91,2025-01-12,0.0
U01156,CR00013,Finance for Startups,Business,Advanced,2.0,2025-05-25,0.0
U01156,CR00036,Agile Project Management,Project Management,Beginner,4.68,2025-05-18,0.0
U01157,CR00012,Business Strategy,Business,Advanced,3.64,2025-10-24,487.92
U01157,CR00021,Data Analysis with Python,Data Science,Intermediate,3.6,2025-06-12,0.0
U01157,CR00008,Photoshop Mastery,Design,Advanced,1.52,2025-03-27,0.0
U01157,CR00059,Affiliate Marketing,Digital Marketing,Intermediate,4.66,2025-03-09,0.0
U01158,CR00059,Affiliate Marketing,Digital Marketing,Intermediate,4.66,2025-12-11,0.0
U01158,CR00028,Deep Learning,Machine Learning,Advanced,3.89,2025-09-28,0.78
U01158,CR00034,Data Encryption,Cybersecurity,Intermediate,1.35,2025-09-18,394.26
U01158,CR00036,Agile Project Management,Project Management,Beginner,4.68,2025-08-02,0.0
U01158,CR00010,3D Modeling,Design,Advanced,4.45,2025-07-09,0.0
U01158,CR00043,Corporate Finance,Finance,Beginner,4.14,2025-07-08,0.0
U01158,CR00021,Data Analysis with Python,Data Science,Intermediate,3.6,2025-05-04,0.0
U01158,CR00050,Computer Vision,Artificial Intelligence,Beginner,4.55,2025-03-29,490.9
U01158,CR00040,Leadership in Projects,Project Management,Beginner,1.51,2025-03-15,327.99
U01158,CR00033,Cybersecurity Fundamentals,Cybersecurity,Intermediate,3.93,2025-03-14,0.0
U01158,CR00052,JavaScript Mastery,Web Development,Beginner,2.2,2025-02-01,0.0
U01158,CR00004,Advanced Python,Programming,Beginner,2.88,2025-01-13,0.0
U01159,CR00016,Digital Marketing,Marketing,Intermediate,4.72,2025-04-27,0.0
U01160,CR00056,Google Ads Mastery,Digital Marketing,Advanced,3.15,2025-06-20,212.39
U01160,CR00029,Natural Language Processing,Machine Learning,Beginner,1.13,2025-06-18,0.0
U01160,CR00041,Financial Accounting,Finance,Beginner,2.47,2025-05-02,53.86
U01160,CR00017,SEO Mastery,Marketing,Advanced,4.79,2025-02-09,0.0
U01161,CR00042,Investment Strategies,Finance,Intermediate,4.1,2025-07-04,0.0
U01162,CR00027,Neural Networks,Machine Learning,Advanced,1.81,2025-02-18,0.0
U01163,CR00038,Risk Management,Project Management,Intermediate,4.84,2025-12-16,342.61
U01163,CR00010,3D Modeling,Design,Advanced,4.45,2025-12-02,0.0
U01163,CR00012,Business Strategy,Business,Advanced,3.64,2025-10-15,487.92
U01163,CR00006,Graphic Design Basics,Design,Advanced,2.72,2025-10-02,276.37
U01163,CR00037,Scrum Essentials,Project Management,Intermediate,3.45,2025-08-29,0.0
U01163,CR00009,Web Design Fundamentals,Design,Beginner,4.51,2025-07-09,0.0
U01163,CR00007,UI/UX Design,Design,Advanced,2.61,2025-06-23,0.0
U01163,CR00018,Social Media Marketing,Marketing,Advanced,2.01,2025-05-22,0.0
U01163,CR00040,Leadership in Projects,Project Management,Beginner,1.51,2025-04-02,327.99
U01163,CR00014,Sales Mastery,Business,Advanced,3.15,2025-03-25,0.0
U01163,CR00036,Agile Project Management,Project Management,Beginner,4.68,2025-03-23,0.0
U01163,CR00008,Photoshop Mastery,Design,Advanced,1.52,2025-02-26,0.0
U01163,CR00015,Leadership Essentials,Business,Beginner,1.96,2025-02-24,285.05
U01164,CR00053,React for Beginners,Web Development,Advanced,2.67,2025-02-01,0.0
U01165,CR00039,Project Planning,Project Management,Advanced,1.23,2025-10-01,346.71
U01165,CR00021,Data Analysis with Python,Data Science,Intermediate,3.6,2025-09-20,0.0
U01166,CR00053,React for Beginners,Web Development,Advanced,2.67,2025-06-19,0.0
U01166,CR00015,Leadership Essentials,Business,Beginner,1.96,2025-06-08,285.05
U01167,CR00030,Reinforcement Learning,Machine Learning,Intermediate,1.73,2025-10-20,0.0
U01167,CR00052,JavaScript Mastery,Web Development,Beginner,2.2,2025-07-08,0.0
U01167,CR00021,Data Analysis with Python,Data Science,Intermediate,3.6,2025-06-24,0.0
U01167,CR00044,Personal Finance,Finance,Intermediate,2.75,2025-06-05,119.04
U01167,CR00053,React for Beginners,Web Development,Advanced,2.67,2025-05-09,0.0
U01167,CR00033,Cybersecurity Fundamentals,Cybersecurity,Intermediate,3.93,2025-04-14,0.0
U01167,CR00056,Google Ads Mastery,Digital Marketing,Advanced,3.15,2025-04-07,212.39
U01167,CR00006,Graphic Design Basics,Design,Advanced,2.72,2025-03-28,276.37
U01167,CR00019,Content Marketing,Marketing,Advanced,2.98,2025-03-27,0.0
U01167,CR00051,HTML & CSS,Web Development,Advanced,1.3,2025-03-04,37.89
U01167,CR00013,Finance for Startups,Business,Advanced,2.0,2025-02-18,0.0
U01168,CR00051,HTML & CSS,Web Development,Advanced,1.3,2025-03-13,37.89
U01169,CR00026,Intro to Machine Learning,Machine Learning,Intermediate,4.73,2025-11-25,0.0
U01170,CR00046,AI for Beginners,Artificial Intelligence,Beginner,1.2,2025-12-07,248.1
U01170,CR00007,UI/UX Design,Design,Advanced,2.61,2025-11-08,0.0
U01170,CR00058,Social Media Strategy,Digital Marketing,Beginner,4.44,2025-10-02,0.0
U01170,CR00049,Deep Learning,Artificial Intelligence,Intermediate,3.11,2025-09-09,415.51
U01170,CR00017,SEO Mastery,Marketing,Advanced,4.79,2025-09-09,0.0
U01170,CR00001,Python Basics,Programming,Beginner,4.74,2025-08-24,472.28
U01170,CR00039,Project Planning,Project Management,Advanced,1.23,2025-08-07,346.71
U01170,CR00028,Deep Learning,Machine Learning,Advanced,3.89,2025-07-14,0.78
U01170,CR00047,Natural Language Processing,Artificial Intelligence,Intermediate,2.68,2025-07-09,89.59
U01170,CR00005,Full Stack Development,Programming,Beginner,1.28,2025-06-15,0.0
U01170,CR00015,Leadership Essentials,Business,Beginner,1.96,2025-06-11,285.05
U01170,CR00056,Google Ads Mastery,Digital Marketing,Advanced,3.15,2025-06-02,212.39
U01170,CR00011,Entrepreneurship 101,Business,Intermediate,2.69,2025-05-07,326.02
U01170,CR00038,Risk Management,Project Management,Intermediate,4.84,2025-01-09,342.61
U01171,CR00040,Leadership in Projects,Project Management,Beginner,1.51,2025-10-09,327.99
U01172,CR00056,Google Ads Mastery,Digital Marketing,Advanced,3.15,2025-04-04,212.39
U01172,CR00016,Digital Marketing,Marketing,Intermediate,4.72,2025-03-02,0.0
U01172,CR00047,Natural Language Processing,Artificial Intelligence,Intermediate,2.68,2025-01-03,89.59
U01173,CR00039,Project Planning,Project Management,Advanced,1.23,2025-07-19,346.71
U01173,CR00013,Finance for Startups,Business,Advanced,2.0,2025-03-12,0.0
U01173,CR00017,SEO Mastery,Marketing,Advanced,4.79,2025-01-07,0.0
U01174,CR00047,Natural Language Processing,Artificial Intelligence,Intermediate,2.68,2025-02-04,89.59
U01175,CR00008,Photoshop Mastery,Design,Advanced,1.52,2025-04-17,0.0
U01176,CR00014,Sales Mastery,Business,Advanced,3.15,2025-10-30,0.0
U01176,CR00048,AI Ethics,Artificial Intelligence,Beginner,3.64,2025-07-23,0.0
U01176,CR00036,Agile Project Management,Project Management,Beginner,4.68,2025-04-06,0.0
U01177,CR00058,Social Media Strategy,Digital Marketing,Beginner,4.44,2025-12-16,0.0
U01177,CR00041,Financial Accounting,Finance,Beginner,2.47,2025-12-16,53.86
U01177,CR00018,Social Media Marketing,Marketing,Advanced,2.01,2025-12-08,0.0
U01177,CR00006,Graphic Design Basics,Design,Advanced,2.72,2025-11-16,276.37
U01177,CR00043,Corporate Finance,Finance,Beginner,4.14,2025-11-15,0.0
U01177,CR00047,Natural Language Processing,Artificial Intelligence,Intermediate,2.68,2025-10-11,89.59
U01177,CR00009,Web Design Fundamentals,Design,Beginner,4.51,2025-10-11,0.0
U01177,CR00031,Network Security,Cybersecurity,Intermediate,1.91,2025-10-07,0.0
U01177,CR00004,Advanced Python,Programming,Beginner,2.88,2025-10-06,0.0
U01177,CR00020,Email Marketing,Marketing,Intermediate,4.11,2025-08-09,0.0
U01177,CR00022,Data Visualization,Data Science,Beginner,3.65,2025-02-10,0.0
U01177,CR00027,Neural Networks,Machine Learning,Advanced,1.81,2025-01-10,0.0
U01177,CR00044,Personal Finance,Finance,Intermediate,2.75,2025-01-02,119.04
U01178,CR00031,Network Security,Cybersecurity,Intermediate,1.91,2025-11-15,0.0
U01178,CR00022,Data Visualization,Data Science,Beginner,3.65,2025-08-18,0.0
U01179,CR00039,Project Planning,Project Management,Advanced,1.23,2025-11-13,346.71
U01179,CR00046,AI for Beginners,Artificial Intelligence,Beginner,1.2,2025-03-29,248.1
U01180,CR00021,Data Analysis with Python,Data Science,Intermediate,3.6,2025-12-19,0.0
U01180,CR00039,Project Planning,Project Management,Advanced,1.23,2025-12-16,346.71
U01180,CR00024,Big Data Analytics,Data Science,Advanced,2.57,2025-12-04,117.68
U01180,CR00055,Full-Stack Web Development,Web Development,Advanced,4.74,2025-11-05,57.32
U01180,CR00027,Neural Networks,Machine Learning,Advanced,1.81,2025-11-04,0.0
U01180,CR00050,Computer Vision,Artificial Intelligence,Beginner,4.55,2025-10-28,490.9
U01180,CR00058,Social Media Strategy,Digital Marketing,Beginner,4.44,2025-07-22,0.0
U01180,CR00006,Graphic Design Basics,Design,Advanced,2.72,2025-05-16,276.37
U01180,CR00044,Personal Finance,Finance,Intermediate,2.75,2025-04-27,119.04
U01180,CR00031,Network Security,Cybersecurity,Intermediate,1.91,2025-04-06,0.0
U01180,CR00025,Statistical Analysis,Data Science,Beginner,3.74,2025-03-07,299.57
U01180,CR00007,UI/UX Design,Design,Advanced,2.61,2025-02-11,0.0
U01180,CR00019,Content Marketing,Marketing,Advanced,2.98,2025-02-08,0.0
U01181,CR00003,C++ for Beginners,Programming,Beginner,3.85,2025-05-22,0.0
U01182,CR00011,Entrepreneurship 101,Business,Intermediate,2.69,2025-06-16,326.02
U01182,CR00055,Full-Stack Web Development,Web Development,Advanced,4.74,2025-05-26,57.32
U01182,CR00060,Content Creation,Digital Marketing,Beginner,2.14,2025-04-23,0.0
U01183,CR00045,Financial Modeling,Finance,Advanced,1.59,2025-09-28,0.0
U01183,CR00054,Backend Development with Node.js,Web Development,Beginner,3.32,2025-04-02,0.0
U01184,CR00041,Financial Accounting,Finance,Beginner,2.47,2025-09-08,53.86
U01185,CR00006,Graphic Design Basics,Design,Advanced,2.72,2025-03-15,276.37
U01185,CR00034,Data Encryption,Cybersecurity,Intermediate,1.35,2025-02-12,394.26
U01186,CR00048,AI Ethics,Artificial Intelligence,Beginner,3.64,2025-04-01,0.0
U01187,CR00032,Ethical Hacking,Cybersecurity,Advanced,2.38,2025-09-25,0.0
U01188,CR00030,Reinforcement Learning,Machine Learning,Intermediate,1.73,2025-04-18,0.0
U01189,CR00020,Email Marketing,Marketing,Intermediate,4.11,2025-01-10,0.0
U01190,CR00035,Cyber Threat Intelligence,Cybersecurity,Beginner,4.94,2025-07-17,0.0
U01191,CR00001,Python Basics,Programming,Beginner,4.74,2025-12-17,472.28
U01192,CR00020,Email Marketing,Marketing,Intermediate,4.11,2025-10-26,0.0
U01193,CR00012,Business Strategy,Business,Advanced,3.64,2025-12-20,487.92
U01193,CR00008,Photoshop Mastery,Design,Advanced,1.52,2025-02-04,0.0
U01194,CR00052,JavaScript Mastery,Web Development,Beginner,2.2,2025-01-22,0.0
U01195,CR00012,Business Strategy,Business,Advanced,3.64,2025-07-09,487.92
U01196,CR00006,Graphic Design Basics,Design,Advanced,2.72,2025-12-17,276.37
U01196,CR00028,Deep Learning,Machine Learning,Advanced,3.89,2025-12-08,0.78
U01197,CR00059,Affiliate Marketing,Digital Marketing,Intermediate,4.66,2025-11-28,0.0
U01197,CR00041,Financial Accounting,Finance,Beginner,2.47,2025-10-09,53.86
U01197,CR00007,UI/UX Design,Design,Advanced,2.61,2025-09-23,0.0
U01197,CR00036,Agile Project Management,Project Management,Beginner,4.68,2025-09-14,0.0
U01197,CR00026,Intro to Machine Learning,Machine Learning,Intermediate,4.73,2025-09-03,0.0
U01197,CR00013,Finance for Startups,Business,Advanced,2.0,2025-08-19,0.0
U01197,CR00033,Cybersecurity Fundamentals,Cybersecurity,Intermediate,3.93,2025-08-11,0.0
U01197,CR00031,Network Security,Cybersecurity,Intermediate,1.91,2025-07-05,0.0
U01197,CR00032,Ethical Hacking,Cybersecurity,Advanced,2.38,2025-06-24,0.0
U01197,CR00024,Big Data Analytics,Data Science,Advanced,2.57,2025-05-17,117.68
U01197,CR00021,Data Analysis with Python,Data Science,Intermediate,3.6,2025-03-25,0.0
U01197,CR00044,Personal Finance,Finance,Intermediate,2.75,2025-01-20,119.04
U01197,CR00015,Leadership Essentials,Business,Beginner,1.96,2025-01-18,285.05
U01197,CR00055,Full-Stack Web Development,Web Development,Advanced,4.74,2025-01-01,57.32
U01198,CR00008,Photoshop Mastery,Design,Advanced,1.52,2025-02-06,0.0
U01199,CR00053,React for Beginners,Web Development,Advanced,2.67,2025-07-11,0.0
U01200,CR00052,JavaScript Mastery,Web Development,Beginner,2.2,2025-02-28,0.0
U01201,CR00057,SEO for E-commerce,Digital Marketing,Advanced,3.89,2025-07-25,177.34
U01202,CR00010,3D Modeling,Design,Advanced,4.45,2025-09-16,0.0
U01203,CR00019,Content Marketing,Marketing,Advanced,2.98,2025-12-27,0.0
U01203,CR00039,Project Planning,Project Management,Advanced,1.23,2025-12-21,346.71
U01203,CR00018,Social Media Marketing,Marketing,Advanced,2.01,2025-10-21,0.0
U01203,CR00008,Photoshop Mastery,Design,Advanced,1.52,2025-10-20,0.0
U01203,CR00038,Risk Management,Project Management,Intermediate,4.84,2025-10-13,342.61
U01203,CR00055,Full-Stack Web Development,Web Development,Advanced,4.74,2025-09-25,57.32
U01203,CR00041,Financial Accounting,Finance,Beginner,2.47,2025-08-23,53.86
U01203,CR00048,AI Ethics,Artificial Intelligence,Beginner,3.64,2025-05-03,0.0
U01203,CR00011,Entrepreneurship 101,Business,Intermediate,2.69,2025-04-20,326.02
U01203,CR00028,Deep Learning,Machine Learning,Advanced,3.89,2025-03-22,0.78
U01203,CR00056,Google Ads Mastery,Digital Marketing,Advanced,3.15,2025-03-15,212.39
U01203,CR00031,Network Security,Cybersecurity,Intermediate,1.91,2025-03-12,0.0
U01203,CR00035,Cyber Threat Intelligence,Cybersecurity,Beginner,4.94,2025-03-08,0.0
U01203,CR00013,Finance for Startups,Business,Advanced,2.0,2025-02-24,0.0
U01203,CR00004,Advanced Python,Programming,Beginner,2.88,2025-01-06,0.0
U01203,CR00012,Business Strategy,Business,Advanced,3.64,2025-01-02,487.92
U01204,CR00018,Social Media Marketing,Marketing,Advanced,2.01,2025-09-24,0.0
U01204,CR00030,Reinforcement Learning,Machine Learning,Intermediate,1.73,2025-09-04,0.0
U01204,CR00027,Neural Networks,Machine Learning,Advanced,1.81,2025-02-15,0.0
U01205,CR00056,Google Ads Mastery,Digital Marketing,Advanced,3.15,2025-01-10,212.39
U01205,CR00024,Big Data Analytics,Data Science,Advanced,2.57,2025-01-08,117.68
U01206,CR00051,HTML & CSS,Web Development,Advanced,1.3,2025-02-21,37.89
U01207,CR00026,Intro to Machine Learning,Machine Learning,Intermediate,4.73,2025-02-23,0.0
U01208,CR00020,Email Marketing,Marketing,Intermediate,4.11,2025-05-30,0.0
U01209,CR00009,Web Design Fundamentals,Design,Beginner,4.51,2025-04-17,0.0
U01209,CR00054,Backend Development with Node.js,Web Development,Beginner,3.32,2025-03-01,0.0
U01210,CR00010,3D Modeling,Design,Advanced,4.45,2025-04-05,0.0
U01211,CR00050,Computer Vision,Artificial Intelligence,Beginner,4.55,2025-02-09,490.9
U01212,CR00010,3D Modeling,Design,Advanced,4.45,2025-12-27,0.0
U01213,CR00057,SEO for E-commerce,Digital Marketing,Advanced,3.89,2025-01-20,177.34
U01214,CR00027,Neural Networks,Machine Learning,Advanced,1.81,2025-10-05,0.0
U01215,CR00050,Computer Vision,Artificial Intelligence,Beginner,4.55,2025-04-15,490.9
U01216,CR00051,HTML & CSS,Web Development,Advanced,1.3,2025-06-10,37.89
U01217,CR00020,Email Marketing,Marketing,Intermediate,4.11,2025-06-15,0.0
U01218,CR00012,Business Strategy,Business,Advanced,3.64,2025-08-19,487.92
U01219,CR00024,Big Data Analytics,Data Science,Advanced,2.57,2025-11-11,117.68
U01220,CR00015,Leadership Essentials,Business,Beginner,1.96,2025-12-01,285.05
U01221,CR00004,Advanced Python,Programming,Beginner,2.88,2025-12-09,0.0
U01221,CR00048,AI Ethics,Artificial Intelligence,Beginner,3.64,2025-10-15,0.0
U01221,CR00040,Leadership in Projects,Project Management,Beginner,1.51,2025-10-02,327.99
U01221,CR00028,Deep Learning,Machine Learning,Advanced,3.89,2025-09-20,0.78
U01221,CR00020,Email Marketing,Marketing,Intermediate,4.11,2025-08-28,0.0
U01221,CR00015,Leadership Essentials,Business,Beginner,1.96,2025-08-26,285.05
U01221,CR00009,Web Design Fundamentals,Design,Beginner,4.51,2025-08-17,0.0
U01221,CR00053,React for Beginners,Web Development,Advanced,2.67,2025-05-11,0.0
U01221,CR00051,HTML & CSS,Web Development,Advanced,1.3,2025-03-17,37.89
U01221,CR00039,Project Planning,Project Management,Advanced,1.23,2025-03-17,346.71
U01221,CR00017,SEO Mastery,Marketing,Advanced,4.79,2025-01-26,0.0
U01221,CR00014,Sales Mastery,Business,Advanced,3.15,2025-01-20,0.0
U01221,CR00046,AI for Beginners,Artificial Intelligence,Beginner,1.2,2025-01-03,248.1
U01222,CR00049,Deep Learning,Artificial Intelligence,Intermediate,3.11,2025-10-01,415.51
U01222,CR00035,Cyber Threat Intelligence,Cybersecurity,Beginner,4.94,2025-09-14,0.0
U01222,CR00032,Ethical Hacking,Cybersecurity,Advanced,2.38,2025-01-14,0.0
U01223,CR00059,Affiliate Marketing,Digital Marketing,Intermediate,4.66,2025-03-23,0.0
U01224,CR00047,Natural Language Processing,Artificial Intelligence,Intermediate,2.68,2025-08-14,89.59
U01224,CR00002,Java Programming,Programming,Intermediate,2.43,2025-08-10,0.0
U01224,CR00012,Business Strategy,Business,Advanced,3.64,2025-07-12,487.92
U01224,CR00032,Ethical Hacking,Cybersecurity,Advanced,2.38,2025-06-29,0.0
U01224,CR00010,3D Modeling,Design,Advanced,4.45,2025-06-10,0.0
U01224,CR00051,HTML & CSS,Web Development,Advanced,1.3,2025-05-24,37.89
U01224,CR00015,Leadership Essentials,Business,Beginner,1.96,2025-05-12,285.05
U01224,CR00059,Affiliate Marketing,Digital Marketing,Intermediate,4.66,2025-04-02,0.0
U01224,CR00039,Project Planning,Project Management,Advanced,1.23,2025-02-17,346.71
U01224,CR00049,Deep Learning,Artificial Intelligence,Intermediate,3.11,2025-01-15,415.51
U01224,CR00037,Scrum Essentials,Project Management,Intermediate,3.45,2025-01-01,0.0
U01225,CR00021,Data Analysis with Python,Data Science,Intermediate,3.6,2025-09-16,0.0
U01225,CR00042,Investment Strategies,Finance,Intermediate,4.1,2025-05-14,0.0
U01226,CR00006,Graphic Design Basics,Design,Advanced,2.72,2025-08-14,276.37
U01226,CR00005,Full Stack Development,Programming,Beginner,1.28,2025-04-28,0.0
U01227,CR00040,Leadership in Projects,Project Management,Beginner,1.51,2025-01-10,327.99
U01228,CR00005,Full Stack Development,Programming,Beginner,1.28,2025-07-28,0.0
U01228,CR00034,Data Encryption,Cybersecurity,Intermediate,1.35,2025-06-13,394.26
U01228,CR00051,HTML & CSS,Web Development,Advanced,1.3,2025-03-17,37.89
U01228,CR00032,Ethical Hacking,Cybersecurity,Advanced,2.38,2025-01-06,0.0
U01229,CR00048,AI Ethics,Artificial Intelligence,Beginner,3.64,2025-11-10,0.0
U01229,CR00021,Data Analysis with Python,Data Science,Intermediate,3.6,2025-08-07,0.0
U01230,CR00035,Cyber Threat Intelligence,Cybersecurity,Beginner,4.94,2025-06-16,0.0
U01230,CR00051,HTML & CSS,Web Development,Advanced,1.3,2025-05-25,37.89
U01230,CR00026,Intro to Machine Learning,Machine Learning,Intermediate,4.73,2025-05-16,0.0
U01231,CR00036,Agile Project Management,Project Management,Beginner,4.68,2025-12-30,0.0
U01231,CR00055,Full-Stack Web Development,Web Development,Advanced,4.74,2025-12-29,57.32
U01231,CR00052,JavaScript Mastery,Web Development,Beginner,2.2,2025-12-11,0.0
U01231,CR00053,React for Beginners,Web Development,Advanced,2.67,2025-11-25,0.0
U01231,CR00056,Google Ads Mastery,Digital Marketing,Advanced,3.15,2025-09-28,212.39
U01231,CR00015,Leadership Essentials,Business,Beginner,1.96,2025-09-12,285.05
U01231,CR00039,Project Planning,Project Management,Advanced,1.23,2025-08-24,346.71
U01231,CR00032,Ethical Hacking,Cybersecurity,Advanced,2.38,2025-08-12,0.0
U01231,CR00005,Full Stack Development,Programming,Beginner,1.28,2025-08-05,0.0
U01231,CR00028,Deep Learning,Machine Learning,Advanced,3.89,2025-07-01,0.78
U01231,CR00049,Deep Learning,Artificial Intelligence,Intermediate,3.11,2025-06-30,415.51
U01231,CR00025,Statistical Analysis,Data Science,Beginner,3.74,2025-05-02,299.57
U01231,CR00003,C++ for Beginners,Programming,Beginner,3.85,2025-04-21,0.0
U01231,CR00057,SEO for E-commerce,Digital Marketing,Advanced,3.89,2025-03-29,177.34
U01232,CR00022,Data Visualization,Data Science,Beginner,3.65,2025-06-04,0.0
U01233,CR00046,AI for Beginners,Artificial Intelligence,Beginner,1.2,2025-11-21,248.1
U01233,CR00020,Email Marketing,Marketing,Intermediate,4.11,2025-11-20,0.0
U01233,CR00016,Digital Marketing,Marketing,Intermediate,4.72,2025-08-22,0.0
U01233,CR00021,Data Analysis with Python,Data Science,Intermediate,3.6,2025-06-22,0.0
U01233,CR00050,Computer Vision,Artificial Intelligence,Beginner,4.55,2025-05-05,490.9
U01233,CR00011,Entrepreneurship 101,Business,Intermediate,2.69,2025-04-20,326.02
U01233,CR00024,Big Data Analytics,Data Science,Advanced,2.57,2025-02-16,117.68
U01233,CR00040,Leadership in Projects,Project Management,Beginner,1.51,2025-02-06,327.99
U01233,CR00005,Full Stack Development,Programming,Beginner,1.28,2025-01-21,0.0
U01233,CR00041,Financial Accounting,Finance,Beginner,2.47,2025-01-17,53.86
U01233,CR00026,Intro to Machine Learning,Machine Learning,Intermediate,4.73,2025-01-09,0.0
U01234,CR00019,Content Marketing,Marketing,Advanced,2.98,2025-12-12,0.0
U01235,CR00030,Reinforcement Learning,Machine Learning,Intermediate,1.73,2025-12-01,0.0
U01235,CR00045,Financial Modeling,Finance,Advanced,1.59,2025-11-17,0.0
U01235,CR00050,Computer Vision,Artificial Intelligence,Beginner,4.55,2025-10-29,490.9
U01235,CR00055,Full-Stack Web Development,Web Development,Advanced,4.74,2025-10-09,57.32
U01235,CR00032,Ethical Hacking,Cybersecurity,Advanced,2.38,2025-08-07,0.0
U01235,CR00028,Deep Learning,Machine Learning,Advanced,3.89,2025-08-05,0.78
U01235,CR00046,AI for Beginners,Artificial Intelligence,Beginner,1.2,2025-05-22,248.1
U01235,CR00037,Scrum Essentials,Project Management,Intermediate,3.45,2025-04-25,0.0
U01235,CR00056,Google Ads Mastery,Digital Marketing,Advanced,3.15,2025-04-02,212.39
U01235,CR00057,SEO for E-commerce,Digital Marketing,Advanced,3.89,2025-04-02,177.34
U01235,CR00026,Intro to Machine Learning,Machine Learning,Intermediate,4.73,2025-02-26,0.0
U01235,CR00001,Python Basics,Programming,Beginner,4.74,2025-01-20,472.28
U01235,CR00053,React for Beginners,Web Development,Advanced,2.67,2025-01-17,0.0
U01235,CR00021,Data Analysis with Python,Data Science,Intermediate,3.6,2025-01-09,0.0
U01236,CR00021,Data Analysis with Python,Data Science,Intermediate,3.6,2025-11-01,0.0
U01237,CR00001,Python Basics,Programming,Beginner,4.74,2025-11-18,472.28
U01237,CR00023,Machine Learning Fundamentals,Data Science,Intermediate,3.02,2025-11-16,0.0
U01237,CR00025,Statistical Analysis,Data Science,Beginner,3.74,2025-11-01,299.57
U01237,CR00022,Data Visualization,Data Science,Beginner,3.65,2025-10-01,0.0
U01237,CR00006,Graphic Design Basics,Design,Advanced,2.72,2025-09-26,276.37
U01237,CR00036,Agile Project Management,Project Management,Beginner,4.68,2025-09-14,0.0
U01237,CR00053,React for Beginners,Web Development,Advanced,2.67,2025-08-03,0.0
U01237,CR00059,Affiliate Marketing,Digital Marketing,Intermediate,4.66,2025-07-20,0.0
U01237,CR00021,Data Analysis with Python,Data Science,Intermediate,3.6,2025-07-13,0.0
U01237,CR00057,SEO for E-commerce,Digital Marketing,Advanced,3.89,2025-06-28,177.34
U01237,CR00029,Natural Language Processing,Machine Learning,Beginner,1.13,2025-06-28,0.0
U01237,CR00041,Financial Accounting,Finance,Beginner,2.47,2025-02-20,53.86
U01237,CR00003,C++ for Beginners,Programming,Beginner,3.85,2025-01-23,0.0
U01238,CR00021,Data Analysis with Python,Data Science,Intermediate,3.6,2025-05-02,0.0
U01239,CR00021,Data Analysis with Python,Data Science,Intermediate,3.6,2025-12-12,0.0
U01239,CR00001,Python Basics,Programming,Beginner,4.74,2025-12-09,472.28
U01239,CR00029,Natural Language Processing,Machine Learning,Beginner,1.13,2025-08-15,0.0
U01239,CR00039,Project Planning,Project Management,Advanced,1.23,2025-08-02,346.71
U01239,CR00019,Content Marketing,Marketing,Advanced,2.98,2025-07-26,0.0
U01239,CR00046,AI for Beginners,Artificial Intelligence,Beginner,1.2,2025-04-27,248.1
U01239,CR00009,Web Design Fundamentals,Design,Beginner,4.51,2025-04-24,0.0
U01239,CR00015,Leadership Essentials,Business,Beginner,1.96,2025-04-08,285.05
U01239,CR00038,Risk Management,Project Management,Intermediate,4.84,2025-03-26,342.61
U01239,CR00012,Business Strategy,Business,Advanced,3.64,2025-03-23,487.92
U01239,CR00058,Social Media Strategy,Digital Marketing,Beginner,4.44,2025-02-09,0.0
U01239,CR00018,Social Media Marketing,Marketing,Advanced,2.01,2025-01-04,0.0
U01240,CR00027,Neural Networks,Machine Learning,Advanced,1.81,2025-11-27,0.0
U01241,CR00010,3D Modeling,Design,Advanced,4.45,2025-12-08,0.0
U01241,CR00013,Finance for Startups,Business,Advanced,2.0,2025-06-12,0.0
U01242,CR00032,Ethical Hacking,Cybersecurity,Advanced,2.38,2025-12-26,0.0
U01242,CR00051,HTML & CSS,Web Development,Advanced,1.3,2025-08-30,37.89
U01243,CR00007,UI/UX Design,Design,Advanced,2.61,2025-10-20,0.0
U01243,CR00011,Entrepreneurship 101,Business,Intermediate,2.69,2025-05-25,326.02
U01244,CR00012,Business Strategy,Business,Advanced,3.64,2025-12-24,487.92
U01244,CR00019,Content Marketing,Marketing,Advanced,2.98,2025-12-08,0.0
U01244,CR00030,Reinforcement Learning,Machine Learning,Intermediate,1.73,2025-12-01,0.0
U01244,CR00036,Agile Project Management,Project Management,Beginner,4.68,2025-10-14,0.0
U01244,CR00032,Ethical Hacking,Cybersecurity,Advanced,2.38,2025-10-08,0.0
U01244,CR00045,Financial Modeling,Finance,Advanced,1.59,2025-09-23,0.0
U01244,CR00053,React for Beginners,Web Development,Advanced,2.67,2025-07-11,0.0
U01244,CR00006,Graphic Design Basics,Design,Advanced,2.72,2025-05-13,276.37
U01244,CR00010,3D Modeling,Design,Advanced,4.45,2025-05-02,0.0
U01244,CR00057,SEO for E-commerce,Digital Marketing,Advanced,3.89,2025-05-02,177.34
U01244,CR00013,Finance for Startups,Business,Advanced,2.0,2025-05-01,0.0
U01244,CR00049,Deep Learning,Artificial Intelligence,Intermediate,3.11,2025-04-07,415.51
U01244,CR00016,Digital Marketing,Marketing,Intermediate,4.72,2025-02-28,0.0
U01244,CR00001,Python Basics,Programming,Beginner,4.74,2025-01-02,472.28
U01245,CR00048,AI Ethics,Artificial Intelligence,Beginner,3.64,2025-02-02,0.0
U01246,CR00030,Reinforcement Learning,Machine Learning,Intermediate,1.73,2025-12-27,0.0
U01246,CR00014,Sales Mastery,Business,Advanced,3.15,2025-05-11,0.0
U01247,CR00023,Machine Learning Fundamentals,Data Science,Intermediate,3.02,2025-07-09,0.0
U01248,CR00028,Deep Learning,Machine Learning,Advanced,3.89,2025-10-21,0.78
U01248,CR00007,UI/UX Design,Design,Advanced,2.61,2025-07-29,0.0
U01249,CR00003,C++ for Beginners,Programming,Beginner,3.85,2025-11-26,0.0
U01249,CR00005,Full Stack Development,Programming,Beginner,1.28,2025-10-06,0.0
U01249,CR00011,Entrepreneurship 101,Business,Intermediate,2.69,2025-09-24,326.02
U01249,CR00026,Intro to Machine Learning,Machine Learning,Intermediate,4.73,2025-09-03,0.0
U01249,CR00059,Affiliate Marketing,Digital Marketing,Intermediate,4.66,2025-08-14,0.0
U01249,CR00054,Backend Development with Node.js,Web Development,Beginner,3.32,2025-08-03,0.0
U01249,CR00013,Finance for Startups,Business,Advanced,2.0,2025-07-19,0.0
U01249,CR00047,Natural Language Processing,Artificial Intelligence,Intermediate,2.68,2025-06-25,89.59
U01249,CR00009,Web Design Fundamentals,Design,Beginner,4.51,2025-05-28,0.0
U01249,CR00025,Statistical Analysis,Data Science,Beginner,3.74,2025-05-15,299.57
U01249,CR00050,Computer Vision,Artificial Intelligence,Beginner,4.55,2025-05-06,490.9
U01249,CR00040,Leadership in Projects,Project Management,Beginner,1.51,2025-03-30,327.99
U01249,CR00015,Leadership Essentials,Business,Beginner,1.96,2025-03-11,285.05
U01249,CR00056,Google Ads Mastery,Digital Marketing,Advanced,3.15,2025-01-30,212.39
U01250,CR00060,Content Creation,Digital Marketing,Beginner,2.14,2025-12-27,0.0
U01250,CR00004,Advanced Python,Programming,Beginner,2.88,2025-12-06,0.0
U01250,CR00054,Backend Development with Node.js,Web Development,Beginner,3.32,2025-12-05,0.0
U01250,CR00018,Social Media Marketing,Marketing,Advanced,2.01,2025-11-21,0.0
U01250,CR00022,Data Visualization,Data Science,Beginner,3.65,2025-11-11,0.0
U01250,CR00032,Ethical Hacking,Cybersecurity,Advanced,2.38,2025-11-07,0.0
U01250,CR00056,Google Ads Mastery,Digital Marketing,Advanced,3.15,2025-09-04,212.39
U01250,CR00033,Cybersecurity Fundamentals,Cybersecurity,Intermediate,3.93,2025-08-12,0.0
U01250,CR00048,AI Ethics,Artificial Intelligence,Beginner,3.64,2025-08-12,0.0
U01250,CR00006,Graphic Design Basics,Design,Advanced,2.72,2025-06-27,276.37
U01250,CR00017,SEO Mastery,Marketing,Advanced,4.79,2025-06-03,0.0
U01250,CR00037,Scrum Essentials,Project Management,Intermediate,3.45,2025-04-29,0.0
U01250,CR00009,Web Design Fundamentals,Design,Beginner,4.51,2025-04-11,0.0
U01250,CR00027,Neural Networks,Machine Learning,Advanced,1.81,2025-04-03,0.0
U01250,CR00047,Natural Language Processing,Artificial Intelligence,Intermediate,2.68,2025-03-03,89.59
U01251,CR00013,Finance for Startups,Business,Advanced,2.0,2025-12-09,0.0
U01251,CR00019,Content Marketing,Marketing,Advanced,2.98,2025-06-15,0.0
U01252,CR00049,Deep Learning,Artificial Intelligence,Intermediate,3.11,2025-09-06,415.51
U01253,CR00056,Google Ads Mastery,Digital Marketing,Advanced,3.15,2025-06-08,212.39
U01254,CR00027,Neural Networks,Machine Learning,Advanced,1.81,2025-05-23,0.0
U01255,CR00057,SEO for E-commerce,Digital Marketing,Advanced,3.89,2025-11-27,177.34
U01255,CR00018,Social Media Marketing,Marketing,Advanced,2.01,2025-10-06,0.0
U01255,CR00028,Deep Learning,Machine Learning,Advanced,3.89,2025-06-23,0.78
U01255,CR00014,Sales Mastery,Business,Advanced,3.15,2025-01-18,0.0
U01256,CR00002,Java Programming,Programming,Intermediate,2.43,2025-03-21,0.0
U01257,CR00031,Network Security,Cybersecurity,Intermediate,1.91,2025-12-14,0.0
U01257,CR00017,SEO Mastery,Marketing,Advanced,4.79,2025-05-18,0.0
U01258,CR00050,Computer Vision,Artificial Intelligence,Beginner,4.55,2025-12-01,490.9
U01258,CR00029,Natural Language Processing,Machine Learning,Beginner,1.13,2025-08-02,0.0
U01258,CR00002,Java Programming,Programming,Intermediate,2.43,2025-05-15,0.0
U01258,CR00039,Project Planning,Project Management,Advanced,1.23,2025-03-03,346.71
U01259,CR00034,Data Encryption,Cybersecurity,Intermediate,1.35,2025-12-06,394.26
U01260,CR00022,Data Visualization,Data Science,Beginner,3.65,2025-01-05,0.0
U01261,CR00012,Business Strategy,Business,Advanced,3.64,2025-11-01,487.92
U01261,CR00018,Social Media Marketing,Marketing,Advanced,2.01,2025-10-28,0.0
U01261,CR00039,Project Planning,Project Management,Advanced,1.23,2025-05-26,346.71
U01261,CR00038,Risk Management,Project Management,Intermediate,4.84,2025-04-27,342.61
U01261,CR00007,UI/UX Design,Design,Advanced,2.61,2025-04-15,0.0
U01261,CR00054,Backend Development with Node.js,Web Development,Beginner,3.32,2025-04-14,0.0
U01261,CR00059,Affiliate Marketing,Digital Marketing,Intermediate,4.66,2025-04-02,0.0
U01261,CR00046,AI for Beginners,Artificial Intelligence,Beginner,1.2,2025-04-02,248.1
U01261,CR00024,Big Data Analytics,Data Science,Advanced,2.57,2025-03-06,117.68
U01261,CR00033,Cybersecurity Fundamentals,Cybersecurity,Intermediate,3.93,2025-03-01,0.0
U01261,CR00060,Content Creation,Digital Marketing,Beginner,2.14,2025-02-03,0.0
U01261,CR00029,Natural Language Processing,Machine Learning,Beginner,1.13,2025-02-01,0.0
U01261,CR00028,Deep Learning,Machine Learning,Advanced,3.89,2025-01-03,0.78
U01262,CR00060,Content Creation,Digital Marketing,Beginner,2.14,2025-11-25,0.0
U01262,CR00026,Intro to Machine Learning,Machine Learning,Intermediate,4.73,2025-08-13,0.0
U01262,CR00012,Business Strategy,Business,Advanced,3.64,2025-05-26,487.92
U01262,CR00047,Natural Language Processing,Artificial Intelligence,Intermediate,2.68,2025-03-12,89.59
U01263,CR00050,Computer Vision,Artificial Intelligence,Beginner,4.55,2025-09-03,490.9
U01264,CR00035,Cyber Threat Intelligence,Cybersecurity,Beginner,4.94,2025-12-15,0.0
U01265,CR00032,Ethical Hacking,Cybersecurity,Advanced,2.38,2025-02-20,0.0
U01265,CR00053,React for Beginners,Web Development,Advanced,2.67,2025-01-07,0.0
U01266,CR00005,Full Stack Development,Programming,Beginner,1.28,2025-12-29,0.0
U01266,CR00001,Python Basics,Programming,Beginner,4.74,2025-11-15,472.28
U01266,CR00033,Cybersecurity Fundamentals,Cybersecurity,Intermediate,3.93,2025-09-24,0.0
U01266,CR00046,AI for Beginners,Artificial Intelligence,Beginner,1.2,2025-08-29,248.1
U01266,CR00024,Big Data Analytics,Data Science,Advanced,2.57,2025-08-16,117.68
U01266,CR00015,Leadership Essentials,Business,Beginner,1.96,2025-07-11,285.05
U01266,CR00047,Natural Language Processing,Artificial Intelligence,Intermediate,2.68,2025-05-01,89.59
U01266,CR00056,Google Ads Mastery,Digital Marketing,Advanced,3.15,2025-04-12,212.39
U01266,CR00045,Financial Modeling,Finance,Advanced,1.59,2025-04-04,0.0
U01266,CR00023,Machine Learning Fundamentals,Data Science,Intermediate,3.02,2025-03-22,0.0
U01266,CR00012,Business Strategy,Business,Advanced,3.64,2025-03-20,487.92
U01266,CR00013,Finance for Startups,Business,Advanced,2.0,2025-02-11,0.0
U01266,CR00051,HTML & CSS,Web Development,Advanced,1.3,2025-01-20,37.89
U01266,CR00004,Advanced Python,Programming,Beginner,2.88,2025-01-11,0.0
U01267,CR00008,Photoshop Mastery,Design,Advanced,1.52,2025-12-20,0.0
U01267,CR00010,3D Modeling,Design,Advanced,4.45,2025-12-02,0.0
U01267,CR00034,Data Encryption,Cybersecurity,Intermediate,1.35,2025-09-29,394.26
U01267,CR00005,Full Stack Development,Programming,Beginner,1.28,2025-09-09,0.0
U01267,CR00049,Deep Learning,Artificial Intelligence,Intermediate,3.11,2025-08-27,415.51
U01267,CR00018,Social Media Marketing,Marketing,Advanced,2.01,2025-08-10,0.0
U01267,CR00009,Web Design Fundamentals,Design,Beginner,4.51,2025-07-22,0.0
U01267,CR00040,Leadership in Projects,Project Management,Beginner,1.51,2025-07-20,327.99
U01267,CR00053,React for Beginners,Web Development,Advanced,2.67,2025-07-04,0.0
U01267,CR00024,Big Data Analytics,Data Science,Advanced,2.57,2025-06-14,117.68
U01267,CR00031,Network Security,Cybersecurity,Intermediate,1.91,2025-03-18,0.0
U01267,CR00043,Corporate Finance,Finance,Beginner,4.14,2025-03-14,0.0
U01267,CR00011,Entrepreneurship 101,Business,Intermediate,2.69,2025-02-28,326.02
U01267,CR00058,Social Media Strategy,Digital Marketing,Beginner,4.44,2025-02-03,0.0
U01268,CR00021,Data Analysis with Python,Data Science,Intermediate,3.6,2025-11-21,0.0
U01268,CR00041,Financial Accounting,Finance,Beginner,2.47,2025-10-21,53.86
U01268,CR00014,Sales Mastery,Business,Advanced,3.15,2025-09-28,0.0
U01268,CR00030,Reinforcement Learning,Machine Learning,Intermediate,1.73,2025-09-22,0.0
U01268,CR00003,C++ for Beginners,Programming,Beginner,3.85,2025-08-08,0.0
U01268,CR00056,Google Ads Mastery,Digital Marketing,Advanced,3.15,2025-08-07,212.39
U01268,CR00023,Machine Learning Fundamentals,Data Science,Intermediate,3.02,2025-07-13,0.0
U01268,CR00035,Cyber Threat Intelligence,Cybersecurity,Beginner,4.94,2025-05-28,0.0
U01268,CR00043,Corporate Finance,Finance,Beginner,4.14,2025-04-18,0.0
U01268,CR00019,Content Marketing,Marketing,Advanced,2.98,2025-03-01,0.0
U01268,CR00057,SEO for E-commerce,Digital Marketing,Advanced,3.89,2025-01-28,177.34
U01268,CR00006,Graphic Design Basics,Design,Advanced,2.72,2025-01-24,276.37
U01268,CR00001,Python Basics,Programming,Beginner,4.74,2025-01-23,472.28
U01269,CR00011,Entrepreneurship 101,Business,Intermediate,2.69,2025-08-25,326.02
U01270,CR00014,Sales Mastery,Business,Advanced,3.15,2025-10-07,0.0
U01270,CR00009,Web Design Fundamentals,Design,Beginner,4.51,2025-08-01,0.0
U01271,CR00031,Network Security,Cybersecurity,Intermediate,1.91,2025-06-25,0.0
U01272,CR00010,3D Modeling,Design,Advanced,4.45,2025-09-23,0.0
U01273,CR00048,AI Ethics,Artificial Intelligence,Beginner,3.64,2025-07-28,0.0
U01274,CR00039,Project Planning,Project Management,Advanced,1.23,2025-04-17,346.71
U01275,CR00035,Cyber Threat Intelligence,Cybersecurity,Beginner,4.94,2025-05-15,0.0
U01276,CR00021,Data Analysis with Python,Data Science,Intermediate,3.6,2025-11-30,0.0
U01276,CR00042,Investment Strategies,Finance,Intermediate,4.1,2025-04-19,0.0
U01277,CR00004,Advanced Python,Programming,Beginner,2.88,2025-11-23,0.0
U01277,CR00032,Ethical Hacking,Cybersecurity,Advanced,2.38,2025-11-16,0.0
U01277,CR00020,Email Marketing,Marketing,Intermediate,4.11,2025-08-07,0.0
U01277,CR00033,Cybersecurity Fundamentals,Cybersecurity,Intermediate,3.93,2025-07-25,0.0
U01277,CR00043,Corporate Finance,Finance,Beginner,4.14,2025-06-15,0.0
U01277,CR00054,Backend Development with Node.js,Web Development,Beginner,3.32,2025-05-17,0.0
U01277,CR00045,Financial Modeling,Finance,Advanced,1.59,2025-04-17,0.0
U01277,CR00021,Data Analysis with Python,Data Science,Intermediate,3.6,2025-03-20,0.0
U01277,CR00057,SEO for E-commerce,Digital Marketing,Advanced,3.89,2025-02-21,177.34
U01277,CR00016,Digital Marketing,Marketing,Intermediate,4.72,2025-02-18,0.0
U01277,CR00010,3D Modeling,Design,Advanced,4.45,2025-02-08,0.0
U01277,CR00052,JavaScript Mastery,Web Development,Beginner,2.2,2025-01-10,0.0
U01278,CR00047,Natural Language Processing,Artificial Intelligence,Intermediate,2.68,2025-08-20,89.59
U01278,CR00054,Backend Development with Node.js,Web Development,Beginner,3.32,2025-07-04,0.0
U01279,CR00007,UI/UX Design,Design,Advanced,2.61,2025-09-15,0.0
U01279,CR00018,Social Media Marketing,Marketing,Advanced,2.01,2025-06-29,0.0
U01279,CR00025,Statistical Analysis,Data Science,Beginner,3.74,2025-03-11,299.57
U01280,CR00029,Natural Language Processing,Machine Learning,Beginner,1.13,2025-09-04,0.0
U01280,CR00046,AI for Beginners,Artificial Intelligence,Beginner,1.2,2025-08-10,248.1
U01280,CR00030,Reinforcement Learning,Machine Learning,Intermediate,1.73,2025-08-07,0.0
U01280,CR00048,AI Ethics,Artificial Intelligence,Beginner,3.64,2025-08-02,0.0
U01280,CR00027,Neural Networks,Machine Learning,Advanced,1.81,2025-05-23,0.0
U01280,CR00009,Web Design Fundamentals,Design,Beginner,4.51,2025-04-14,0.0
U01280,CR00003,C++ for Beginners,Programming,Beginner,3.85,2025-03-21,0.0
U01280,CR00015,Leadership Essentials,Business,Beginner,1.96,2025-03-16,285.05
U01280,CR00051,HTML & CSS,Web Development,Advanced,1.3,2025-03-01,37.89
U01280,CR00005,Full Stack Development,Programming,Beginner,1.28,2025-01-24,0.0
U01280,CR00038,Risk Management,Project Management,Intermediate,4.84,2025-01-17,342.61
U01280,CR00014,Sales Mastery,Business,Advanced,3.15,2025-01-06,0.0
U01281,CR00038,Risk Management,Project Management,Intermediate,4.84,2025-12-08,342.61
U01281,CR00045,Financial Modeling,Finance,Advanced,1.59,2025-11-15,0.0
U01281,CR00024,Big Data Analytics,Data Science,Advanced,2.57,2025-10-15,117.68
U01281,CR00022,Data Visualization,Data Science,Beginner,3.65,2025-07-27,0.0
U01281,CR00010,3D Modeling,Design,Advanced,4.45,2025-07-12,0.0
U01281,CR00018,Social Media Marketing,Marketing,Advanced,2.01,2025-06-26,0.0
U01281,CR00043,Corporate Finance,Finance,Beginner,4.14,2025-06-20,0.0
U01281,CR00019,Content Marketing,Marketing,Advanced,2.98,2025-06-07,0.0
U01281,CR00002,Java Programming,Programming,Intermediate,2.43,2025-05-09,0.0
U01281,CR00058,Social Media Strategy,Digital Marketing,Beginner,4.44,2025-03-12,0.0
U01281,CR00030,Reinforcement Learning,Machine Learning,Intermediate,1.73,2025-03-05,0.0
U01281,CR00011,Entrepreneurship 101,Business,Intermediate,2.69,2025-01-22,326.02
U01281,CR00047,Natural Language Processing,Artificial Intelligence,Intermediate,2.68,2025-01-09,89.59
U01282,CR00030,Reinforcement Learning,Machine Learning,Intermediate,1.73,2025-12-20,0.0
U01282,CR00009,Web Design Fundamentals,Design,Beginner,4.51,2025-07-05,0.0
U01282,CR00036,Agile Project Management,Project Management,Beginner,4.68,2025-07-01,0.0
U01283,CR00027,Neural Networks,Machine Learning,Advanced,1.81,2025-11-12,0.0
U01284,CR00042,Investment Strategies,Finance,Intermediate,4.1,2025-12-06,0.0
U01284,CR00053,React for Beginners,Web Development,Advanced,2.67,2025-12-06,0.0
U01284,CR00050,Computer Vision,Artificial Intelligence,Beginner,4.55,2025-11-29,490.9
U01284,CR00021,Data Analysis with Python,Data Science,Intermediate,3.6,2025-10-20,0.0
U01284,CR00056,Google Ads Mastery,Digital Marketing,Advanced,3.15,2025-07-21,212.39
U01284,CR00020,Email Marketing,Marketing,Intermediate,4.11,2025-06-06,0.0
U01284,CR00027,Neural Networks,Machine Learning,Advanced,1.81,2025-05-29,0.0
U01284,CR00045,Financial Modeling,Finance,Advanced,1.59,2025-05-22,0.0
U01284,CR00038,Risk Management,Project Management,Intermediate,4.84,2025-04-17,342.61
U01284,CR00025,Statistical Analysis,Data Science,Beginner,3.74,2025-02-14,299.57
U01284,CR00054,Backend Development with Node.js,Web Development,Beginner,3.32,2025-02-07,0.0
U01284,CR00006,Graphic Design Basics,Design,Advanced,2.72,2025-01-24,276.37
U01284,CR00040,Leadership in Projects,Project Management,Beginner,1.51,2025-01-20,327.99
U01284,CR00012,Business Strategy,Business,Advanced,3.64,2025-01-18,487.92
U01284,CR00005,Full Stack Development,Programming,Beginner,1.28,2025-01-07,0.0
U01285,CR00027,Neural Networks,Machine Learning,Advanced,1.81,2025-08-11,0.0
U01285,CR00016,Digital Marketing,Marketing,Intermediate,4.72,2025-07-21,0.0
U01285,CR00028,Deep Learning,Machine Learning,Advanced,3.89,2025-07-01,0.78
U01285,CR00029,Natural Language Processing,Machine Learning,Beginner,1.13,2025-05-22,0.0
U01286,CR00001,Python Basics,Programming,Beginner,4.74,2025-12-25,472.28
U01286,CR00025,Statistical Analysis,Data Science,Beginner,3.74,2025-12-09,299.57
U01286,CR00018,Social Media Marketing,Marketing,Advanced,2.01,2025-10-30,0.0
U01286,CR00023,Machine Learning Fundamentals,Data Science,Intermediate,3.02,2025-10-15,0.0
U01286,CR00058,Social Media Strategy,Digital Marketing,Beginner,4.44,2025-10-04,0.0
U01286,CR00015,Leadership Essentials,Business,Beginner,1.96,2025-08-15,285.05
U01286,CR00006,Graphic Design Basics,Design,Advanced,2.72,2025-06-27,276.37
U01286,CR00019,Content Marketing,Marketing,Advanced,2.98,2025-05-20,0.0
U01286,CR00022,Data Visualization,Data Science,Beginner,3.65,2025-04-17,0.0
U01286,CR00045,Financial Modeling,Finance,Advanced,1.59,2025-02-18,0.0
U01286,CR00042,Investment Strategies,Finance,Intermediate,4.1,2025-02-09,0.0
U01286,CR00012,Business Strategy,Business,Advanced,3.64,2025-02-07,487.92
U01286,CR00059,Affiliate Marketing,Digital Marketing,Intermediate,4.66,2025-02-05,0.0
U01287,CR00015,Leadership Essentials,Business,Beginner,1.96,2025-11-20,285.05
U01287,CR00050,Computer Vision,Artificial Intelligence,Beginner,4.55,2025-10-25,490.9
U01287,CR00016,Digital Marketing,Marketing,Intermediate,4.72,2025-10-18,0.0
U01287,CR00049,Deep Learning,Artificial Intelligence,Intermediate,3.11,2025-10-12,415.51
U01287,CR00008,Photoshop Mastery,Design,Advanced,1.52,2025-10-02,0.0
U01287,CR00029,Natural Language Processing,Machine Learning,Beginner,1.13,2025-08-24,0.0
U01287,CR00033,Cybersecurity Fundamentals,Cybersecurity,Intermediate,3.93,2025-08-02,0.0
U01287,CR00057,SEO for E-commerce,Digital Marketing,Advanced,3.89,2025-06-25,177.34
U01287,CR00002,Java Programming,Programming,Intermediate,2.43,2025-03-24,0.0
U01287,CR00006,Graphic Design Basics,Design,Advanced,2.72,2025-03-02,276.37
U01287,CR00043,Corporate Finance,Finance,Beginner,4.14,2025-02-17,0.0
U01287,CR00011,Entrepreneurship 101,Business,Intermediate,2.69,2025-02-11,326.02
U01288,CR00057,SEO for E-commerce,Digital Marketing,Advanced,3.89,2025-07-24,177.34
U01288,CR00033,Cybersecurity Fundamentals,Cybersecurity,Intermediate,3.93,2025-07-21,0.0
U01289,CR00007,UI/UX Design,Design,Advanced,2.61,2025-01-22,0.0
U01290,CR00054,Backend Development with Node.js,Web Development,Beginner,3.32,2025-11-25,0.0
U01290,CR00014,Sales Mastery,Business,Advanced,3.15,2025-11-18,0.0
U01290,CR00013,Finance for Startups,Business,Advanced,2.0,2025-10-17,0.0
U01290,CR00030,Reinforcement Learning,Machine Learning,Intermediate,1.73,2025-09-21,0.0
U01290,CR00025,Statistical Analysis,Data Science,Beginner,3.74,2025-08-26,299.57
U01290,CR00047,Natural Language Processing,Artificial Intelligence,Intermediate,2.68,2025-08-15,89.59
U01290,CR00005,Full Stack Development,Programming,Beginner,1.28,2025-08-06,0.0
U01290,CR00004,Advanced Python,Programming,Beginner,2.88,2025-06-28,0.0
U01290,CR00037,Scrum Essentials,Project Management,Intermediate,3.45,2025-06-12,0.0
U01290,CR00024,Big Data Analytics,Data Science,Advanced,2.57,2025-05-04,117.68
U01290,CR00010,3D Modeling,Design,Advanced,4.45,2025-03-12,0.0
U01290,CR00059,Affiliate Marketing,Digital Marketing,Intermediate,4.66,2025-01-15,0.0
U01290,CR00033,Cybersecurity Fundamentals,Cybersecurity,Intermediate,3.93,2025-01-13,0.0
U01290,CR00031,Network Security,Cybersecurity,Intermediate,1.91,2025-01-05,0.0
U01291,CR00053,React for Beginners,Web Development,Advanced,2.67,2025-05-07,0.0
U01292,CR00053,React for Beginners,Web Development,Advanced,2.67,2025-03-19,0.0
U01293,CR00034,Data Encryption,Cybersecurity,Intermediate,1.35,2025-07-25,394.26
U01294,CR00007,UI/UX Design,Design,Advanced,2.61,2025-05-07,0.0
U01295,CR00021,Data Analysis with Python,Data Science,Intermediate,3.6,2025-12-27,0.0
U01295,CR00044,Personal Finance,Finance,Intermediate,2.75,2025-08-06,119.04
U01295,CR00016,Digital Marketing,Marketing,Intermediate,4.72,2025-02-06,0.0
U01295,CR00006,Graphic Design Basics,Design,Advanced,2.72,2025-01-30,276.37
U01296,CR00036,Agile Project Management,Project Management,Beginner,4.68,2025-09-19,0.0
U01297,CR00027,Neural Networks,Machine Learning,Advanced,1.81,2025-07-21,0.0
U01298,CR00058,Social Media Strategy,Digital Marketing,Beginner,4.44,2025-09-04,0.0
U01299,CR00016,Digital Marketing,Marketing,Intermediate,4.72,2025-07-01,0.0
U01300,CR00014,Sales Mastery,Business,Advanced,3.15,2025-06-02,0.0
U01301,CR00058,Social Media Strategy,Digital Marketing,Beginner,4.44,2025-12-29,0.0
U01302,CR00054,Backend Development with Node.js,Web Development,Beginner,3.32,2025-09-30,0.0
U01302,CR00010,3D Modeling,Design,Advanced,4.45,2025-04-09,0.0
U01303,CR00024,Big Data Analytics,Data Science,Advanced,2.57,2025-11-02,117.68
U01303,CR00033,Cybersecurity Fundamentals,Cybersecurity,Intermediate,3.93,2025-09-03,0.0
U01304,CR00003,C++ for Beginners,Programming,Beginner,3.85,2025-12-09,0.0
U01304,CR00060,Content Creation,Digital Marketing,Beginner,2.14,2025-08-30,0.0
U01305,CR00036,Agile Project Management,Project Management,Beginner,4.68,2025-11-22,0.0
U01305,CR00045,Financial Modeling,Finance,Advanced,1.59,2025-11-09,0.0
U01305,CR00018,Social Media Marketing,Marketing,Advanced,2.01,2025-09-05,0.0
U01306,CR00053,React for Beginners,Web Development,Advanced,2.67,2025-08-26,0.0
U01307,CR00010,3D Modeling,Design,Advanced,4.45,2025-06-12,0.0
U01308,CR00032,Ethical Hacking,Cybersecurity,Advanced,2.38,2025-02-06,0.0
U01309,CR00022,Data Visualization,Data Science,Beginner,3.65,2025-09-07,0.0
U01309,CR00018,Social Media Marketing,Marketing,Advanced,2.01,2025-05-12,0.0
U01310,CR00042,Investment Strategies,Finance,Intermediate,4.1,2025-12-02,0.0
U01310,CR00007,UI/UX Design,Design,Advanced,2.61,2025-08-29,0.0
U01310,CR00020,Email Marketing,Marketing,Intermediate,4.11,2025-07-11,0.0
U01311,CR00040,Leadership in Projects,Project Management,Beginner,1.51,2025-03-04,327.99
U01312,CR00007,UI/UX Design,Design,Advanced,2.61,2025-03-26,0.0
U01313,CR00046,AI for Beginners,Artificial Intelligence,Beginner,1.2,2025-09-24,248.1
U01313,CR00016,Digital Marketing,Marketing,Intermediate,4.72,2025-02-11,0.0
U01313,CR00026,Intro to Machine Learning,Machine Learning,Intermediate,4.73,2025-01-25,0.0
U01314,CR00025,Statistical Analysis,Data Science,Beginner,3.74,2025-08-23,299.57
U01314,CR00020,Email Marketing,Marketing,Intermediate,4.11,2025-02-19,0.0
U01315,CR00011,Entrepreneurship 101,Business,Intermediate,2.69,2025-11-27,326.02
U01315,CR00054,Backend Development with Node.js,Web Development,Beginner,3.32,2025-11-19,0.0
U01315,CR00046,AI for Beginners,Artificial Intelligence,Beginner,1.2,2025-10-04,248.1
U01315,CR00025,Statistical Analysis,Data Science,Beginner,3.74,2025-08-04,299.57
U01315,CR00010,3D Modeling,Design,Advanced,4.45,2025-07-06,0.0
U01315,CR00039,Project Planning,Project Management,Advanced,1.23,2025-05-24,346.71
U01315,CR00032,Ethical Hacking,Cybersecurity,Advanced,2.38,2025-04-28,0.0
U01315,CR00053,React for Beginners,Web Development,Advanced,2.67,2025-03-07,0.0
U01315,CR00057,SEO for E-commerce,Digital Marketing,Advanced,3.89,2025-02-21,177.34
U01315,CR00005,Full Stack Development,Programming,Beginner,1.28,2025-02-17,0.0
U01315,CR00037,Scrum Essentials,Project Management,Intermediate,3.45,2025-02-09,0.0
U01315,CR00014,Sales Mastery,Business,Advanced,3.15,2025-02-05,0.0
U01315,CR00001,Python Basics,Programming,Beginner,4.74,2025-02-01,472.28
U01316,CR00014,Sales Mastery,Business,Advanced,3.15,2025-09-05,0.0
U01317,CR00045,Financial Modeling,Finance,Advanced,1.59,2025-07-27,0.0
U01318,CR00021,Data Analysis with Python,Data Science,Intermediate,3.6,2025-12-22,0.0
U01318,CR00051,HTML & CSS,Web Development,Advanced,1.3,2025-11-13,37.89
U01318,CR00018,Social Media Marketing,Marketing,Advanced,2.01,2025-11-07,0.0
U01318,CR00031,Network Security,Cybersecurity,Intermediate,1.91,2025-09-20,0.0
U01318,CR00033,Cybersecurity Fundamentals,Cybersecurity,Intermediate,3.93,2025-08-18,0.0
U01318,CR00027,Neural Networks,Machine Learning,Advanced,1.81,2025-05-27,0.0
U01318,CR00039,Project Planning,Project Management,Advanced,1.23,2025-05-18,346.71
U01318,CR00044,Personal Finance,Finance,Intermediate,2.75,2025-05-16,119.04
U01318,CR00042,Investment Strategies,Finance,Intermediate,4.1,2025-04-21,0.0
U01318,CR00010,3D Modeling,Design,Advanced,4.45,2025-04-20,0.0
U01318,CR00004,Advanced Python,Programming,Beginner,2.88,2025-04-17,0.0
U01318,CR00050,Computer Vision,Artificial Intelligence,Beginner,4.55,2025-04-07,490.9
U01318,CR00038,Risk Management,Project Management,Intermediate,4.84,2025-02-26,342.61
U01318,CR00014,Sales Mastery,Business,Advanced,3.15,2025-01-05,0.0
U01319,CR00016,Digital Marketing,Marketing,Intermediate,4.72,2025-09-25,0.0
U01320,CR00042,Investment Strategies,Finance,Intermediate,4.1,2025-11-25,0.0
U01320,CR00004,Advanced Python,Programming,Beginner,2.88,2025-10-09,0.0
U01320,CR00015,Leadership Essentials,Business,Beginner,1.96,2025-06-14,285.05
U01320,CR00032,Ethical Hacking,Cybersecurity,Advanced,2.38,2025-04-29,0.0
U01321,CR00027,Neural Networks,Machine Learning,Advanced,1.81,2025-11-13,0.0
U01321,CR00003,C++ for Beginners,Programming,Beginner,3.85,2025-11-09,0.0
U01321,CR00031,Network Security,Cybersecurity,Intermediate,1.91,2025-11-05,0.0
U01321,CR00011,Entrepreneurship 101,Business,Intermediate,2.69,2025-10-28,326.02
U01321,CR00029,Natural Language Processing,Machine Learning,Beginner,1.13,2025-10-23,0.0
U01321,CR00045,Financial Modeling,Finance,Advanced,1.59,2025-09-24,0.0
U01321,CR00028,Deep Learning,Machine Learning,Advanced,3.89,2025-07-30,0.78
U01321,CR00041,Financial Accounting,Finance,Beginner,2.47,2025-07-26,53.86
U01321,CR00010,3D Modeling,Design,Advanced,4.45,2025-06-21,0.0
U01321,CR00001,Python Basics,Programming,Beginner,4.74,2025-05-29,472.28
U01321,CR00060,Content Creation,Digital Marketing,Beginner,2.14,2025-03-09,0.0
U01321,CR00007,UI/UX Design,Design,Advanced,2.61,2025-03-02,0.0
U01321,CR00022,Data Visualization,Data Science,Beginner,3.65,2025-02-06,0.0
U01321,CR00013,Finance for Startups,Business,Advanced,2.0,2025-01-11,0.0
U01322,CR00032,Ethical Hacking,Cybersecurity,Advanced,2.38,2025-12-05,0.0
U01322,CR00019,Content Marketing,Marketing,Advanced,2.98,2025-11-11,0.0
U01322,CR00024,Big Data Analytics,Data Science,Advanced,2.57,2025-09-17,117.68
U01322,CR00026,Intro to Machine Learning,Machine Learning,Intermediate,4.73,2025-07-18,0.0
U01322,CR00023,Machine Learning Fundamentals,Data Science,Intermediate,3.02,2025-06-19,0.0
U01322,CR00059,Affiliate Marketing,Digital Marketing,Intermediate,4.66,2025-05-22,0.0
U01322,CR00045,Financial Modeling,Finance,Advanced,1.59,2025-05-13,0.0
U01322,CR00022,Data Visualization,Data Science,Beginner,3.65,2025-04-15,0.0
U01322,CR00053,React for Beginners,Web Development,Advanced,2.67,2025-02-15,0.0
U01322,CR00028,Deep Learning,Machine Learning,Advanced,3.89,2025-02-03,0.78
U01322,CR00025,Statistical Analysis,Data Science,Beginner,3.74,2025-01-26,299.57
U01322,CR00038,Risk Management,Project Management,Intermediate,4.84,2025-01-16,342.61
U01323,CR00003,C++ for Beginners,Programming,Beginner,3.85,2025-06-27,0.0
U01323,CR00037,Scrum Essentials,Project Management,Intermediate,3.45,2025-04-02,0.0
U01324,CR00059,Affiliate Marketing,Digital Marketing,Intermediate,4.66,2025-04-15,0.0
U01325,CR00057,SEO for E-commerce,Digital Marketing,Advanced,3.89,2025-09-22,177.34
U01325,CR00007,UI/UX Design,Design,Advanced,2.61,2025-06-02,0.0
U01326,CR00059,Affiliate Marketing,Digital Marketing,Intermediate,4.66,2025-08-06,0.0
U01326,CR00028,Deep Learning,Machine Learning,Advanced,3.89,2025-04-07,0.78
U01327,CR00012,Business Strategy,Business,Advanced,3.64,2025-09-26,487.92
U01328,CR00046,AI for Beginners,Artificial Intelligence,Beginner,1.2,2025-11-15,248.1
U01329,CR00006,Graphic Design Basics,Design,Advanced,2.72,2025-10-29,276.37
U01330,CR00048,AI Ethics,Artificial Intelligence,Beginner,3.64,2025-08-14,0.0
U01330,CR00013,Finance for Startups,Business,Advanced,2.0,2025-01-07,0.0
U01331,CR00023,Machine Learning Fundamentals,Data Science,Intermediate,3.02,2025-12-11,0.0
U01331,CR00051,HTML & CSS,Web Development,Advanced,1.3,2025-10-01,37.89
U01331,CR00024,Big Data Analytics,Data Science,Advanced,2.57,2025-09-18,117.68
U01331,CR00021,Data Analysis with Python,Data Science,Intermediate,3.6,2025-08-17,0.0
U01331,CR00046,AI for Beginners,Artificial Intelligence,Beginner,1.2,2025-06-25,248.1
U01331,CR00038,Risk Management,Project Management,Intermediate,4.84,2025-06-16,342.61
U01331,CR00019,Content Marketing,Marketing,Advanced,2.98,2025-06-11,0.0
U01331,CR00053,React for Beginners,Web Development,Advanced,2.67,2025-06-01,0.0
U01331,CR00004,Advanced Python,Programming,Beginner,2.88,2025-05-26,0.0
U01331,CR00005,Full Stack Development,Programming,Beginner,1.28,2025-04-01,0.0
U01331,CR00041,Financial Accounting,Finance,Beginner,2.47,2025-03-21,53.86
U01331,CR00018,Social Media Marketing,Marketing,Advanced,2.01,2025-02-23,0.0
U01331,CR00012,Business Strategy,Business,Advanced,3.64,2025-02-05,487.92
U01332,CR00044,Personal Finance,Finance,Intermediate,2.75,2025-12-28,119.04
U01332,CR00019,Content Marketing,Marketing,Advanced,2.98,2025-12-12,0.0
U01332,CR00016,Digital Marketing,Marketing,Intermediate,4.72,2025-11-16,0.0
U01332,CR00020,Email Marketing,Marketing,Intermediate,4.11,2025-11-12,0.0
U01332,CR00057,SEO for E-commerce,Digital Marketing,Advanced,3.89,2025-11-11,177.34
U01332,CR00007,UI/UX Design,Design,Advanced,2.61,2025-09-07,0.0
U01332,CR00040,Leadership in Projects,Project Management,Beginner,1.51,2025-09-05,327.99
U01332,CR00049,Deep Learning,Artificial Intelligence,Intermediate,3.11,2025-08-26,415.51
U01332,CR00051,HTML & CSS,Web Development,Advanced,1.3,2025-05-29,37.89
U01332,CR00008,Photoshop Mastery,Design,Advanced,1.52,2025-05-20,0.0
U01332,CR00021,Data Analysis with Python,Data Science,Intermediate,3.6,2025-05-10,0.0
U01332,CR00025,Statistical Analysis,Data Science,Beginner,3.74,2025-03-01,299.57
U01333,CR00007,UI/UX Design,Design,Advanced,2.61,2025-07-12,0.0
U01334,CR00047,Natural Language Processing,Artificial Intelligence,Intermediate,2.68,2025-12-05,89.59
U01334,CR00030,Reinforcement Learning,Machine Learning,Intermediate,1.73,2025-11-19,0.0
U01334,CR00010,3D Modeling,Design,Advanced,4.45,2025-11-14,0.0
U01334,CR00057,SEO for E-commerce,Digital Marketing,Advanced,3.89,2025-11-06,177.34
U01334,CR00052,JavaScript Mastery,Web Development,Beginner,2.2,2025-10-05,0.0
U01334,CR00023,Machine Learning Fundamentals,Data Science,Intermediate,3.02,2025-09-19,0.0
U01334,CR00013,Finance for Startups,Business,Advanced,2.0,2025-08-11,0.0
U01334,CR00035,Cyber Threat Intelligence,Cybersecurity,Beginner,4.94,2025-08-08,0.0
U01334,CR00033,Cybersecurity Fundamentals,Cybersecurity,Intermediate,3.93,2025-07-28,0.0
U01334,CR00036,Agile Project Management,Project Management,Beginner,4.68,2025-07-24,0.0
U01334,CR00008,Photoshop Mastery,Design,Advanced,1.52,2025-06-01,0.0
U01334,CR00034,Data Encryption,Cybersecurity,Intermediate,1.35,2025-05-06,394.26
U01334,CR00060,Content Creation,Digital Marketing,Beginner,2.14,2025-03-25,0.0
U01335,CR00026,Intro to Machine Learning,Machine Learning,Intermediate,4.73,2025-05-01,0.0
U01336,CR00024,Big Data Analytics,Data Science,Advanced,2.57,2025-12-24,117.68
U01336,CR00060,Content Creation,Digital Marketing,Beginner,2.14,2025-12-12,0.0
U01336,CR00045,Financial Modeling,Finance,Advanced,1.59,2025-12-05,0.0
U01336,CR00023,Machine Learning Fundamentals,Data Science,Intermediate,3.02,2025-11-11,0.0
U01336,CR00025,Statistical Analysis,Data Science,Beginner,3.74,2025-10-29,299.57
U01336,CR00020,Email Marketing,Marketing,Intermediate,4.11,2025-10-27,0.0
U01336,CR00053,React for Beginners,Web Development,Advanced,2.67,2025-10-22,0.0
U01336,CR00017,SEO Mastery,Marketing,Advanced,4.79,2025-07-15,0.0
U01336,CR00005,Full Stack Development,Programming,Beginner,1.28,2025-06-01,0.0
U01336,CR00027,Neural Networks,Machine Learning,Advanced,1.81,2025-05-18,0.0
U01336,CR00026,Intro to Machine Learning,Machine Learning,Intermediate,4.73,2025-05-01,0.0
U01336,CR00036,Agile Project Management,Project Management,Beginner,4.68,2025-02-26,0.0
U01336,CR00051,HTML & CSS,Web Development,Advanced,1.3,2025-01-26,37.89
U01336,CR00049,Deep Learning,Artificial Intelligence,Intermediate,3.11,2025-01-21,415.51
U01337,CR00034,Data Encryption,Cybersecurity,Intermediate,1.35,2025-12-16,394.26
U01337,CR00051,HTML & CSS,Web Development,Advanced,1.3,2025-12-10,37.89
U01337,CR00014,Sales Mastery,Business,Advanced,3.15,2025-11-24,0.0
U01337,CR00047,Natural Language Processing,Artificial Intelligence,Intermediate,2.68,2025-10-11,89.59
U01337,CR00037,Scrum Essentials,Project Management,Intermediate,3.45,2025-09-26,0.0
U01337,CR00001,Python Basics,Programming,Beginner,4.74,2025-09-12,472.28
U01337,CR00002,Java Programming,Programming,Intermediate,2.43,2025-07-21,0.0
U01337,CR00027,Neural Networks,Machine Learning,Advanced,1.81,2025-07-20,0.0
U01337,CR00032,Ethical Hacking,Cybersecurity,Advanced,2.38,2025-06-24,0.0
U01337,CR00053,React for Beginners,Web Development,Advanced,2.67,2025-06-11,0.0
U01337,CR00028,Deep Learning,Machine Learning,Advanced,3.89,2025-05-04,0.78
U01337,CR00058,Social Media Strategy,Digital Marketing,Beginner,4.44,2025-04-20,0.0
U01337,CR00017,SEO Mastery,Marketing,Advanced,4.79,2025-04-05,0.0
U01337,CR00045,Financial Modeling,Finance,Advanced,1.59,2025-02-21,0.0
U01337,CR00046,AI for Beginners,Artificial Intelligence,Beginner,1.2,2025-02-08,248.1
U01337,CR00026,Intro to Machine Learning,Machine Learning,Intermediate,4.73,2025-01-18,0.0
U01338,CR00032,Ethical Hacking,Cybersecurity,Advanced,2.38,2025-11-30,0.0
U01338,CR00053,React for Beginners,Web Development,Advanced,2.67,2025-10-18,0.0
U01338,CR00018,Social Media Marketing,Marketing,Advanced,2.01,2025-01-01,0.0
U01339,CR00049,Deep Learning,Artificial Intelligence,Intermediate,3.11,2025-08-24,415.51
U01339,CR00002,Java Programming,Programming,Intermediate,2.43,2025-05-06,0.0
U01340,CR00049,Deep Learning,Artificial Intelligence,Intermediate,3.11,2025-11-07,415.51
U01340,CR00005,Full Stack Development,Programming,Beginner,1.28,2025-09-04,0.0
U01341,CR00024,Big Data Analytics,Data Science,Advanced,2.57,2025-10-21,117.68
U01341,CR00022,Data Visualization,Data Science,Beginner,3.65,2025-10-06,0.0
U01341,CR00052,JavaScript Mastery,Web Development,Beginner,2.2,2025-05-25,0.0
U01342,CR00014,Sales Mastery,Business,Advanced,3.15,2025-05-16,0.0
U01342,CR00003,C++ for Beginners,Programming,Beginner,3.85,2025-01-17,0.0
U01343,CR00030,Reinforcement Learning,Machine Learning,Intermediate,1.73,2025-12-26,0.0
U01343,CR00059,Affiliate Marketing,Digital Marketing,Intermediate,4.66,2025-12-25,0.0
U01343,CR00034,Data Encryption,Cybersecurity,Intermediate,1.35,2025-11-08,394.26
U01343,CR00039,Project Planning,Project Management,Advanced,1.23,2025-10-28,346.71
U01343,CR00025,Statistical Analysis,Data Science,Beginner,3.74,2025-10-07,299.57
U01343,CR00004,Advanced Python,Programming,Beginner,2.88,2025-09-21,0.0
U01343,CR00038,Risk Management,Project Management,Intermediate,4.84,2025-09-18,342.61
U01343,CR00033,Cybersecurity Fundamentals,Cybersecurity,Intermediate,3.93,2025-08-08,0.0
U01343,CR00002,Java Programming,Programming,Intermediate,2.43,2025-08-04,0.0
U01343,CR00015,Leadership Essentials,Business,Beginner,1.96,2025-07-10,285.05
U01343,CR00057,SEO for E-commerce,Digital Marketing,Advanced,3.89,2025-05-01,177.34
U01343,CR00027,Neural Networks,Machine Learning,Advanced,1.81,2025-02-13,0.0
U01343,CR00041,Financial Accounting,Finance,Beginner,2.47,2025-02-04,53.86
U01343,CR00055,Full-Stack Web Development,Web Development,Advanced,4.74,2025-01-27,57.32
U01344,CR00020,Email Marketing,Marketing,Intermediate,4.11,2025-12-26,0.0
U01344,CR00037,Scrum Essentials,Project Management,Intermediate,3.45,2025-11-26,0.0
U01344,CR00036,Agile Project Management,Project Management,Beginner,4.68,2025-11-11,0.0
U01344,CR00038,Risk Management,Project Management,Intermediate,4.84,2025-09-11,342.61
U01344,CR00018,Social Media Marketing,Marketing,Advanced,2.01,2025-08-26,0.0
U01344,CR00046,AI for Beginners,Artificial Intelligence,Beginner,1.2,2025-07-25,248.1
U01344,CR00009,Web Design Fundamentals,Design,Beginner,4.51,2025-07-21,0.0
U01344,CR00008,Photoshop Mastery,Design,Advanced,1.52,2025-07-15,0.0
U01344,CR00007,UI/UX Design,Design,Advanced,2.61,2025-05-11,0.0
U01344,CR00047,Natural Language Processing,Artificial Intelligence,Intermediate,2.68,2025-03-03,89.59
U01344,CR00060,Content Creation,Digital Marketing,Beginner,2.14,2025-02-22,0.0
U01344,CR00004,Advanced Python,Programming,Beginner,2.88,2025-02-17,0.0
U01344,CR00045,Financial Modeling,Finance,Advanced,1.59,2025-01-11,0.0
U01344,CR00002,Java Programming,Programming,Intermediate,2.43,2025-01-06,0.0
U01345,CR00052,JavaScript Mastery,Web Development,Beginner,2.2,2025-02-23,0.0
U01346,CR00045,Financial Modeling,Finance,Advanced,1.59,2025-12-29,0.0
U01346,CR00007,UI/UX Design,Design,Advanced,2.61,2025-12-15,0.0
U01346,CR00049,Deep Learning,Artificial Intelligence,Intermediate,3.11,2025-10-14,415.51
U01346,CR00035,Cyber Threat Intelligence,Cybersecurity,Beginner,4.94,2025-09-02,0.0
U01346,CR00048,AI Ethics,Artificial Intelligence,Beginner,3.64,2025-08-29,0.0
U01346,CR00002,Java Programming,Programming,Intermediate,2.43,2025-08-15,0.0
U01346,CR00037,Scrum Essentials,Project Management,Intermediate,3.45,2025-08-14,0.0
U01346,CR00024,Big Data Analytics,Data Science,Advanced,2.57,2025-07-27,117.68
U01346,CR00031,Network Security,Cybersecurity,Intermediate,1.91,2025-07-26,0.0
U01346,CR00028,Deep Learning,Machine Learning,Advanced,3.89,2025-06-07,0.78
U01346,CR00058,Social Media Strategy,Digital Marketing,Beginner,4.44,2025-05-23,0.0
U01346,CR00039,Project Planning,Project Management,Advanced,1.23,2025-03-25,346.71
U01346,CR00051,HTML & CSS,Web Development,Advanced,1.3,2025-03-24,37.89
U01346,CR00019,Content Marketing,Marketing,Advanced,2.98,2025-03-19,0.0
U01346,CR00001,Python Basics,Programming,Beginner,4.74,2025-02-09,472.28
U01347,CR00045,Financial Modeling,Finance,Advanced,1.59,2025-11-07,0.0
U01347,CR00053,React for Beginners,Web Development,Advanced,2.67,2025-09-26,0.0
U01347,CR00022,Data Visualization,Data Science,Beginner,3.65,2025-09-05,0.0
U01347,CR00058,Social Media Strategy,Digital Marketing,Beginner,4.44,2025-08-03,0.0
U01347,CR00019,Content Marketing,Marketing,Advanced,2.98,2025-07-29,0.0
U01347,CR00028,Deep Learning,Machine Learning,Advanced,3.89,2025-06-09,0.78
U01347,CR00048,AI Ethics,Artificial Intelligence,Beginner,3.64,2025-06-03,0.0
U01347,CR00044,Personal Finance,Finance,Intermediate,2.75,2025-05-29,119.04
U01347,CR00015,Leadership Essentials,Business,Beginner,1.96,2025-05-10,285.05
U01347,CR00026,Intro to Machine Learning,Machine Learning,Intermediate,4.73,2025-05-01,0.0
U01347,CR00018,Social Media Marketing,Marketing,Advanced,2.01,2025-03-16,0.0
U01347,CR00049,Deep Learning,Artificial Intelligence,Intermediate,3.11,2025-02-15,415.51
U01347,CR00036,Agile Project Management,Project Management,Beginner,4.68,2025-01-01,0.0
U01348,CR00031,Network Security,Cybersecurity,Intermediate,1.91,2025-06-30,0.0
U01348,CR00009,Web Design Fundamentals,Design,Beginner,4.51,2025-06-24,0.0
U01349,CR00030,Reinforcement Learning,Machine Learning,Intermediate,1.73,2025-12-25,0.0
U01350,CR00009,Web Design Fundamentals,Design,Beginner,4.51,2025-12-13,0.0
U01350,CR00033,Cybersecurity Fundamentals,Cybersecurity,Intermediate,3.93,2025-11-23,0.0
U01350,CR00038,Risk Management,Project Management,Intermediate,4.84,2025-06-22,342.61
U01350,CR00022,Data Visualization,Data Science,Beginner,3.65,2025-06-05,0.0
U01350,CR00035,Cyber Threat Intelligence,Cybersecurity,Beginner,4.94,2025-05-23,0.0
U01350,CR00046,AI for Beginners,Artificial Intelligence,Beginner,1.2,2025-05-20,248.1
U01350,CR00015,Leadership Essentials,Business,Beginner,1.96,2025-04-22,285.05
U01350,CR00042,Investment Strategies,Finance,Intermediate,4.1,2025-04-17,0.0
U01350,CR00045,Financial Modeling,Finance,Advanced,1.59,2025-04-02,0.0
U01350,CR00056,Google Ads Mastery,Digital Marketing,Advanced,3.15,2025-02-14,212.39
U01350,CR00014,Sales Mastery,Business,Advanced,3.15,2025-02-07,0.0
U01350,CR00048,AI Ethics,Artificial Intelligence,Beginner,3.64,2025-01-29,0.0
U01350,CR00031,Network Security,Cybersecurity,Intermediate,1.91,2025-01-10,0.0
U01351,CR00037,Scrum Essentials,Project Management,Intermediate,3.45,2025-10-29,0.0
U01351,CR00028,Deep Learning,Machine Learning,Advanced,3.89,2025-08-07,0.78
U01352,CR00055,Full-Stack Web Development,Web Development,Advanced,4.74,2025-12-14,57.32
U01352,CR00054,Backend Development with Node.js,Web Development,Beginner,3.32,2025-10-18,0.0
U01352,CR00020,Email Marketing,Marketing,Intermediate,4.11,2025-07-29,0.0
U01352,CR00036,Agile Project Management,Project Management,Beginner,4.68,2025-07-25,0.0
U01352,CR00011,Entrepreneurship 101,Business,Intermediate,2.69,2025-06-24,326.02
U01352,CR00016,Digital Marketing,Marketing,Intermediate,4.72,2025-05-08,0.0
U01352,CR00049,Deep Learning,Artificial Intelligence,Intermediate,3.11,2025-05-03,415.51
U01352,CR00038,Risk Management,Project Management,Intermediate,4.84,2025-05-01,342.61
U01352,CR00043,Corporate Finance,Finance,Beginner,4.14,2025-04-30,0.0
U01352,CR00057,SEO for E-commerce,Digital Marketing,Advanced,3.89,2025-04-27,177.34
U01352,CR00018,Social Media Marketing,Marketing,Advanced,2.01,2025-04-23,0.0
U01352,CR00028,Deep Learning,Machine Learning,Advanced,3.89,2025-03-23,0.78
U01352,CR00003,C++ for Beginners,Programming,Beginner,3.85,2025-02-24,0.0
U01353,CR00052,JavaScript Mastery,Web Development,Beginner,2.2,2025-07-24,0.0
U01354,CR00010,3D Modeling,Design,Advanced,4.45,2025-11-13,0.0
U01354,CR00016,Digital Marketing,Marketing,Intermediate,4.72,2025-11-11,0.0
U01355,CR00020,Email Marketing,Marketing,Intermediate,4.11,2025-12-22,0.0
U01355,CR00018,Social Media Marketing,Marketing,Advanced,2.01,2025-10-04,0.0
U01355,CR00026,Intro to Machine Learning,Machine Learning,Intermediate,4.73,2025-08-02,0.0
U01355,CR00017,SEO Mastery,Marketing,Advanced,4.79,2025-06-22,0.0
U01355,CR00028,Deep Learning,Machine Learning,Advanced,3.89,2025-05-22,0.78
U01355,CR00001,Python Basics,Programming,Beginner,4.74,2025-04-19,472.28
U01355,CR00012,Business Strategy,Business,Advanced,3.64,2025-04-14,487.92
U01355,CR00032,Ethical Hacking,Cybersecurity,Advanced,2.38,2025-03-13,0.0
U01355,CR00006,Graphic Design Basics,Design,Advanced,2.72,2025-02-20,276.37
U01355,CR00019,Content Marketing,Marketing,Advanced,2.98,2025-02-07,0.0
U01355,CR00021,Data Analysis with Python,Data Science,Intermediate,3.6,2025-02-06,0.0
U01355,CR00014,Sales Mastery,Business,Advanced,3.15,2025-01-13,0.0
U01355,CR00056,Google Ads Mastery,Digital Marketing,Advanced,3.15,2025-01-08,212.39
U01356,CR00023,Machine Learning Fundamentals,Data Science,Intermediate,3.02,2025-12-08,0.0
U01356,CR00043,Corporate Finance,Finance,Beginner,4.14,2025-11-16,0.0
U01356,CR00047,Natural Language Processing,Artificial Intelligence,Intermediate,2.68,2025-10-15,89.59
U01357,CR00028,Deep Learning,Machine Learning,Advanced,3.89,2025-01-05,0.78
U01358,CR00051,HTML & CSS,Web Development,Advanced,1.3,2025-02-21,37.89
U01359,CR00009,Web Design Fundamentals,Design,Beginner,4.51,2025-11-11,0.0
U01359,CR00031,Network Security,Cybersecurity,Intermediate,1.91,2025-11-04,0.0
U01360,CR00044,Personal Finance,Finance,Intermediate,2.75,2025-04-14,119.04
U01361,CR00052,JavaScript Mastery,Web Development,Beginner,2.2,2025-05-25,0.0
U01362,CR00060,Content Creation,Digital Marketing,Beginner,2.14,2025-10-09,0.0
U01362,CR00048,AI Ethics,Artificial Intelligence,Beginner,3.64,2025-05-28,0.0
U01362,CR00019,Content Marketing,Marketing,Advanced,2.98,2025-01-04,0.0
U01363,CR00021,Data Analysis with Python,Data Science,Intermediate,3.6,2025-07-17,0.0
U01363,CR00019,Content Marketing,Marketing,Advanced,2.98,2025-06-08,0.0
U01364,CR00060,Content Creation,Digital Marketing,Beginner,2.14,2025-12-09,0.0
U01364,CR00019,Content Marketing,Marketing,Advanced,2.98,2025-11-30,0.0
U01364,CR00038,Risk Management,Project Management,Intermediate,4.84,2025-11-21,342.61
U01364,CR00006,Graphic Design Basics,Design,Advanced,2.72,2025-10-22,276.37
U01364,CR00009,Web Design Fundamentals,Design,Beginner,4.51,2025-10-17,0.0
U01364,CR00026,Intro to Machine Learning,Machine Learning,Intermediate,4.73,2025-10-09,0.0
U01364,CR00012,Business Strategy,Business,Advanced,3.64,2025-09-22,487.92
U01364,CR00058,Social Media Strategy,Digital Marketing,Beginner,4.44,2025-09-14,0.0
U01364,CR00023,Machine Learning Fundamentals,Data Science,Intermediate,3.02,2025-06-20,0.0
U01364,CR00049,Deep Learning,Artificial Intelligence,Intermediate,3.11,2025-06-07,415.51
U01364,CR00032,Ethical Hacking,Cybersecurity,Advanced,2.38,2025-04-19,0.0
U01364,CR00056,Google Ads Mastery,Digital Marketing,Advanced,3.15,2025-01-14,212.39
U01364,CR00031,Network Security,Cybersecurity,Intermediate,1.91,2025-01-10,0.0
U01365,CR00011,Entrepreneurship 101,Business,Intermediate,2.69,2025-12-21,326.02
U01365,CR00025,Statistical Analysis,Data Science,Beginner,3.74,2025-12-07,299.57
U01365,CR00006,Graphic Design Basics,Design,Advanced,2.72,2025-10-25,276.37
U01365,CR00003,C++ for Beginners,Programming,Beginner,3.85,2025-09-04,0.0
U01365,CR00040,Leadership in Projects,Project Management,Beginner,1.51,2025-08-27,327.99
U01365,CR00041,Financial Accounting,Finance,Beginner,2.47,2025-08-23,53.86
U01365,CR00057,SEO for E-commerce,Digital Marketing,Advanced,3.89,2025-08-21,177.34
U01365,CR00052,JavaScript Mastery,Web Development,Beginner,2.2,2025-06-01,0.0
U01365,CR00002,Java Programming,Programming,Intermediate,2.43,2025-05-30,0.0
U01365,CR00021,Data Analysis with Python,Data Science,Intermediate,3.6,2025-04-05,0.0
U01365,CR00026,Intro to Machine Learning,Machine Learning,Intermediate,4.73,2025-02-27,0.0
U01365,CR00042,Investment Strategies,Finance,Intermediate,4.1,2025-02-25,0.0
U01365,CR00046,AI for Beginners,Artificial Intelligence,Beginner,1.2,2025-02-20,248.1
U01365,CR00031,Network Security,Cybersecurity,Intermediate,1.91,2025-02-18,0.0
U01366,CR00045,Financial Modeling,Finance,Advanced,1.59,2025-01-08,0.0
U01367,CR00036,Agile Project Management,Project Management,Beginner,4.68,2025-03-03,0.0
U01368,CR00052,JavaScript Mastery,Web Development,Beginner,2.2,2025-08-08,0.0
U01369,CR00023,Machine Learning Fundamentals,Data Science,Intermediate,3.02,2025-04-28,0.0
U01370,CR00006,Graphic Design Basics,Design,Advanced,2.72,2025-05-29,276.37
U01370,CR00052,JavaScript Mastery,Web Development,Beginner,2.2,2025-05-09,0.0
U01370,CR00027,Neural Networks,Machine Learning,Advanced,1.81,2025-03-24,0.0
U01371,CR00023,Machine Learning Fundamentals,Data Science,Intermediate,3.02,2025-10-05,0.0
U01372,CR00059,Affiliate Marketing,Digital Marketing,Intermediate,4.66,2025-02-14,0.0
U01373,CR00033,Cybersecurity Fundamentals,Cybersecurity,Intermediate,3.93,2025-05-06,0.0
U01374,CR00060,Content Creation,Digital Marketing,Beginner,2.14,2025-04-08,0.0
U01375,CR00049,Deep Learning,Artificial Intelligence,Intermediate,3.11,2025-12-25,415.51
U01375,CR00029,Natural Language Processing,Machine Learning,Beginner,1.13,2025-12-02,0.0
U01375,CR00015,Leadership Essentials,Business,Beginner,1.96,2025-11-25,285.05
U01375,CR00016,Digital Marketing,Marketing,Intermediate,4.72,2025-10-04,0.0
U01375,CR00019,Content Marketing,Marketing,Advanced,2.98,2025-09-09,0.0
U01375,CR00040,Leadership in Projects,Project Management,Beginner,1.51,2025-07-30,327.99
U01375,CR00010,3D Modeling,Design,Advanced,4.45,2025-07-15,0.0
U01375,CR00025,Statistical Analysis,Data Science,Beginner,3.74,2025-05-04,299.57
U01375,CR00034,Data Encryption,Cybersecurity,Intermediate,1.35,2025-03-26,394.26
U01375,CR00059,Affiliate Marketing,Digital Marketing,Intermediate,4.66,2025-02-25,0.0
U01375,CR00056,Google Ads Mastery,Digital Marketing,Advanced,3.15,2025-02-01,212.39
U01375,CR00022,Data Visualization,Data Science,Beginner,3.65,2025-01-29,0.0
U01375,CR00017,SEO Mastery,Marketing,Advanced,4.79,2025-01-15,0.0
U01376,CR00036,Agile Project Management,Project Management,Beginner,4.68,2025-07-19,0.0
U01377,CR00047,Natural Language Processing,Artificial Intelligence,Intermediate,2.68,2025-12-21,89.59
U01377,CR00040,Leadership in Projects,Project Management,Beginner,1.51,2025-11-09,327.99
U01377,CR00049,Deep Learning,Artificial Intelligence,Intermediate,3.11,2025-07-15,415.51
U01377,CR00014,Sales Mastery,Business,Advanced,3.15,2025-01-04,0.0
U01378,CR00009,Web Design Fundamentals,Design,Beginner,4.51,2025-03-02,0.0
U01378,CR00001,Python Basics,Programming,Beginner,4.74,2025-01-06,472.28
U01379,CR00025,Statistical Analysis,Data Science,Beginner,3.74,2025-11-13,299.57
U01379,CR00029,Natural Language Processing,Machine Learning,Beginner,1.13,2025-10-15,0.0
U01380,CR00051,HTML & CSS,Web Development,Advanced,1.3,2025-10-25,37.89
U01381,CR00043,Corporate Finance,Finance,Beginner,4.14,2025-10-25,0.0
U01382,CR00011,Entrepreneurship 101,Business,Intermediate,2.69,2025-08-21,326.02
U01383,CR00033,Cybersecurity Fundamentals,Cybersecurity,Intermediate,3.93,2025-06-03,0.0
U01384,CR00019,Content Marketing,Marketing,Advanced,2.98,2025-08-26,0.0
U01384,CR00007,UI/UX Design,Design,Advanced,2.61,2025-06-01,0.0
U01384,CR00001,Python Basics,Programming,Beginner,4.74,2025-04-14,472.28
U01385,CR00043,Corporate Finance,Finance,Beginner,4.14,2025-11-09,0.0
U01386,CR00012,Business Strategy,Business,Advanced,3.64,2025-03-11,487.92
U01387,CR00022,Data Visualization,Data Science,Beginner,3.65,2025-06-16,0.0
U01388,CR00007,UI/UX Design,Design,Advanced,2.61,2025-05-09,0.0
U01389,CR00003,C++ for Beginners,Programming,Beginner,3.85,2025-04-01,0.0
U01390,CR00009,Web Design Fundamentals,Design,Beginner,4.51,2025-10-25,0.0
U01390,CR00013,Finance for Startups,Business,Advanced,2.0,2025-06-22,0.0
U01391,CR00014,Sales Mastery,Business,Advanced,3.15,2025-06-17,0.0
U01392,CR00005,Full Stack Development,Programming,Beginner,1.28,2025-11-28,0.0
U01392,CR00017,SEO Mastery,Marketing,Advanced,4.79,2025-01-19,0.0
U01392,CR00046,AI for Beginners,Artificial Intelligence,Beginner,1.2,2025-01-12,248.1
U01393,CR00023,Machine Learning Fundamentals,Data Science,Intermediate,3.02,2025-01-29,0.0
U01394,CR00051,HTML & CSS,Web Development,Advanced,1.3,2025-12-06,37.89
U01394,CR00060,Content Creation,Digital Marketing,Beginner,2.14,2025-11-17,0.0
U01394,CR00016,Digital Marketing,Marketing,Intermediate,4.72,2025-11-13,0.0
U01394,CR00035,Cyber Threat Intelligence,Cybersecurity,Beginner,4.94,2025-10-24,0.0
U01394,CR00025,Statistical Analysis,Data Science,Beginner,3.74,2025-10-16,299.57
U01394,CR00042,Investment Strategies,Finance,Intermediate,4.1,2025-08-17,0.0
U01394,CR00038,Risk Management,Project Management,Intermediate,4.84,2025-08-09,342.61
U01394,CR00054,Backend Development with Node.js,Web Development,Beginner,3.32,2025-07-29,0.0
U01394,CR00021,Data Analysis with Python,Data Science,Intermediate,3.6,2025-07-27,0.0
U01394,CR00022,Data Visualization,Data Science,Beginner,3.65,2025-06-02,0.0
U01394,CR00013,Finance for Startups,Business,Advanced,2.0,2025-04-14,0.0
U01394,CR00048,AI Ethics,Artificial Intelligence,Beginner,3.64,2025-04-06,0.0
U01394,CR00053,React for Beginners,Web Development,Advanced,2.67,2025-01-28,0.0
U01394,CR00037,Scrum Essentials,Project Management,Intermediate,3.45,2025-01-11,0.0
U01395,CR00051,HTML & CSS,Web Development,Advanced,1.3,2025-12-05,37.89
U01395,CR00021,Data Analysis with Python,Data Science,Intermediate,3.6,2025-11-06,0.0
U01395,CR00009,Web Design Fundamentals,Design,Beginner,4.51,2025-11-05,0.0
U01395,CR00027,Neural Networks,Machine Learning,Advanced,1.81,2025-10-12,0.0
U01395,CR00038,Risk Management,Project Management,Intermediate,4.84,2025-09-17,342.61
U01395,CR00042,Investment Strategies,Finance,Intermediate,4.1,2025-08-16,0.0
U01395,CR00015,Leadership Essentials,Business,Beginner,1.96,2025-05-20,285.05
U01395,CR00001,Python Basics,Programming,Beginner,4.74,2025-05-12,472.28
U01395,CR00007,UI/UX Design,Design,Advanced,2.61,2025-04-26,0.0
U01395,CR00008,Photoshop Mastery,Design,Advanced,1.52,2025-04-23,0.0
U01395,CR00037,Scrum Essentials,Project Management,Intermediate,3.45,2025-03-14,0.0
U01395,CR00031,Network Security,Cybersecurity,Intermediate,1.91,2025-02-16,0.0
U01395,CR00029,Natural Language Processing,Machine Learning,Beginner,1.13,2025-02-06,0.0
U01395,CR00004,Advanced Python,Programming,Beginner,2.88,2025-01-04,0.0
U01396,CR00002,Java Programming,Programming,Intermediate,2.43,2025-08-14,0.0
U01396,CR00059,Affiliate Marketing,Digital Marketing,Intermediate,4.66,2025-07-18,0.0
U01396,CR00034,Data Encryption,Cybersecurity,Intermediate,1.35,2025-03-06,394.26
U01397,CR00051,HTML & CSS,Web Development,Advanced,1.3,2025-11-05,37.89
U01397,CR00033,Cybersecurity Fundamentals,Cybersecurity,Intermediate,3.93,2025-10-28,0.0
U01397,CR00055,Full-Stack Web Development,Web Development,Advanced,4.74,2025-10-19,57.32
U01397,CR00052,JavaScript Mastery,Web Development,Beginner,2.2,2025-10-04,0.0
U01397,CR00022,Data Visualization,Data Science,Beginner,3.65,2025-10-01,0.0
U01397,CR00035,Cyber Threat Intelligence,Cybersecurity,Beginner,4.94,2025-08-20,0.0
U01397,CR00024,Big Data Analytics,Data Science,Advanced,2.57,2025-06-19,117.68
U01397,CR00037,Scrum Essentials,Project Management,Intermediate,3.45,2025-06-06,0.0
U01397,CR00015,Leadership Essentials,Business,Beginner,1.96,2025-05-16,285.05
U01397,CR00047,Natural Language Processing,Artificial Intelligence,Intermediate,2.68,2025-05-04,89.59
U01397,CR00043,Corporate Finance,Finance,Beginner,4.14,2025-02-26,0.0
U01397,CR00025,Statistical Analysis,Data Science,Beginner,3.74,2025-02-23,299.57
U01397,CR00002,Java Programming,Programming,Intermediate,2.43,2025-02-02,0.0
U01398,CR00053,React for Beginners,Web Development,Advanced,2.67,2025-02-17,0.0
U01399,CR00030,Reinforcement Learning,Machine Learning,Intermediate,1.73,2025-10-26,0.0
U01399,CR00003,C++ for Beginners,Programming,Beginner,3.85,2025-10-15,0.0
U01399,CR00051,HTML & CSS,Web Development,Advanced,1.3,2025-09-08,37.89
U01399,CR00055,Full-Stack Web Development,Web Development,Advanced,4.74,2025-09-06,57.32
U01399,CR00058,Social Media Strategy,Digital Marketing,Beginner,4.44,2025-08-09,0.0
U01399,CR00013,Finance for Startups,Business,Advanced,2.0,2025-07-21,0.0
U01399,CR00012,Business Strategy,Business,Advanced,3.64,2025-06-28,487.92
U01399,CR00043,Corporate Finance,Finance,Beginner,4.14,2025-06-26,0.0
U01399,CR00046,AI for Beginners,Artificial Intelligence,Beginner,1.2,2025-06-19,248.1
U01399,CR00028,Deep Learning,Machine Learning,Advanced,3.89,2025-03-20,0.78
U01399,CR00021,Data Analysis with Python,Data Science,Intermediate,3.6,2025-02-22,0.0
U01399,CR00060,Content Creation,Digital Marketing,Beginner,2.14,2025-02-04,0.0
U01399,CR00011,Entrepreneurship 101,Business,Intermediate,2.69,2025-02-01,326.02
U01399,CR00050,Computer Vision,Artificial Intelligence,Beginner,4.55,2025-01-09,490.9
U01399,CR00048,AI Ethics,Artificial Intelligence,Beginner,3.64,2025-01-07,0.0
U01399,CR00054,Backend Development with Node.js,Web Development,Beginner,3.32,2025-01-03,0.0
U01400,CR00048,AI Ethics,Artificial Intelligence,Beginner,3.64,2025-12-01,0.0
U01401,CR00040,Leadership in Projects,Project Management,Beginner,1.51,2025-11-06,327.99
U01402,CR00011,Entrepreneurship 101,Business,Intermediate,2.69,2025-10-15,326.02
U01402,CR00055,Full-Stack Web Development,Web Development,Advanced,4.74,2025-08-22,57.32
U01402,CR00048,AI Ethics,Artificial Intelligence,Beginner,3.64,2025-05-17,0.0
U01402,CR00026,Intro to Machine Learning,Machine Learning,Intermediate,4.73,2025-04-21,0.0
U01403,CR00031,Network Security,Cybersecurity,Intermediate,1.91,2025-05-14,0.0
U01404,CR00053,React for Beginners,Web Development,Advanced,2.67,2025-06-06,0.0
U01405,CR00039,Project Planning,Project Management,Advanced,1.23,2025-10-21,346.71
U01405,CR00020,Email Marketing,Marketing,Intermediate,4.11,2025-09-19,0.0
U01405,CR00057,SEO for E-commerce,Digital Marketing,Advanced,3.89,2025-09-17,177.34
U01405,CR00029,Natural Language Processing,Machine Learning,Beginner,1.13,2025-09-12,0.0
U01405,CR00053,React for Beginners,Web Development,Advanced,2.67,2025-08-14,0.0
U01405,CR00041,Financial Accounting,Finance,Beginner,2.47,2025-06-28,53.86
U01405,CR00044,Personal Finance,Finance,Intermediate,2.75,2025-06-17,119.04
U01405,CR00010,3D Modeling,Design,Advanced,4.45,2025-05-19,0.0
U01405,CR00051,HTML & CSS,Web Development,Advanced,1.3,2025-04-30,37.89
U01405,CR00014,Sales Mastery,Business,Advanced,3.15,2025-03-09,0.0
U01405,CR00025,Statistical Analysis,Data Science,Beginner,3.74,2025-03-02,299.57
U01405,CR00021,Data Analysis with Python,Data Science,Intermediate,3.6,2025-01-06,0.0
U01406,CR00053,React for Beginners,Web Development,Advanced,2.67,2025-01-10,0.0
U01407,CR00016,Digital Marketing,Marketing,Intermediate,4.72,2025-03-19,0.0
U01408,CR00004,Advanced Python,Programming,Beginner,2.88,2025-07-07,0.0
U01408,CR00054,Backend Development with Node.js,Web Development,Beginner,3.32,2025-06-11,0.0
U01409,CR00044,Personal Finance,Finance,Intermediate,2.75,2025-09-07,119.04
U01409,CR00045,Financial Modeling,Finance,Advanced,1.59,2025-06-02,0.0
U01409,CR00023,Machine Learning Fundamentals,Data Science,Intermediate,3.02,2025-03-10,0.0
U01409,CR00001,Python Basics,Programming,Beginner,4.74,2025-01-23,472.28
U01410,CR00051,HTML & CSS,Web Development,Advanced,1.3,2025-06-02,37.89
U01411,CR00029,Natural Language Processing,Machine Learning,Beginner,1.13,2025-12-15,0.0
U01411,CR00017,SEO Mastery,Marketing,Advanced,4.79,2025-11-28,0.0
U01411,CR00026,Intro to Machine Learning,Machine Learning,Intermediate,4.73,2025-10-24,0.0
U01411,CR00008,Photoshop Mastery,Design,Advanced,1.52,2025-10-20,0.0
U01411,CR00050,Computer Vision,Artificial Intelligence,Beginner,4.55,2025-10-11,490.9
U01411,CR00013,Finance for Startups,Business,Advanced,2.0,2025-09-21,0.0
U01411,CR00010,3D Modeling,Design,Advanced,4.45,2025-07-26,0.0
U01411,CR00004,Advanced Python,Programming,Beginner,2.88,2025-07-14,0.0
U01411,CR00057,SEO for E-commerce,Digital Marketing,Advanced,3.89,2025-06-20,177.34
U01411,CR00007,UI/UX Design,Design,Advanced,2.61,2025-06-16,0.0
U01411,CR00042,Investment Strategies,Finance,Intermediate,4.1,2025-03-25,0.0
U01411,CR00025,Statistical Analysis,Data Science,Beginner,3.74,2025-03-25,299.57
U01411,CR00009,Web Design Fundamentals,Design,Beginner,4.51,2025-02-26,0.0
U01411,CR00001,Python Basics,Programming,Beginner,4.74,2025-02-09,472.28
U01411,CR00023,Machine Learning Fundamentals,Data Science,Intermediate,3.02,2025-01-18,0.0
U01412,CR00028,Deep Learning,Machine Learning,Advanced,3.89,2025-09-13,0.78
U01412,CR00042,Investment Strategies,Finance,Intermediate,4.1,2025-02-18,0.0
U01412,CR00055,Full-Stack Web Development,Web Development,Advanced,4.74,2025-01-07,57.32
U01413,CR00030,Reinforcement Learning,Machine Learning,Intermediate,1.73,2025-05-02,0.0
U01414,CR00020,Email Marketing,Marketing,Intermediate,4.11,2025-11-06,0.0
U01414,CR00045,Financial Modeling,Finance,Advanced,1.59,2025-10-23,0.0
U01414,CR00034,Data Encryption,Cybersecurity,Intermediate,1.35,2025-10-04,394.26
U01414,CR00007,UI/UX Design,Design,Advanced,2.61,2025-09-27,0.0
U01414,CR00023,Machine Learning Fundamentals,Data Science,Intermediate,3.02,2025-09-23,0.0
U01414,CR00027,Neural Networks,Machine Learning,Advanced,1.81,2025-08-30,0.0
U01414,CR00059,Affiliate Marketing,Digital Marketing,Intermediate,4.66,2025-08-26,0.0
U01414,CR00043,Corporate Finance,Finance,Beginner,4.14,2025-08-16,0.0
U01414,CR00024,Big Data Analytics,Data Science,Advanced,2.57,2025-07-16,117.68
U01414,CR00011,Entrepreneurship 101,Business,Intermediate,2.69,2025-07-14,326.02
U01414,CR00055,Full-Stack Web Development,Web Development,Advanced,4.74,2025-06-05,57.32
U01414,CR00051,HTML & CSS,Web Development,Advanced,1.3,2025-05-22,37.89
U01414,CR00003,C++ for Beginners,Programming,Beginner,3.85,2025-02-22,0.0
U01414,CR00057,SEO for E-commerce,Digital Marketing,Advanced,3.89,2025-01-28,177.34
U01414,CR00033,Cybersecurity Fundamentals,Cybersecurity,Intermediate,3.93,2025-01-16,0.0
U01414,CR00047,Natural Language Processing,Artificial Intelligence,Intermediate,2.68,2025-01-15,89.59
U01415,CR00049,Deep Learning,Artificial Intelligence,Intermediate,3.11,2025-07-29,415.51
U01415,CR00006,Graphic Design Basics,Design,Advanced,2.72,2025-05-03,276.37
U01415,CR00034,Data Encryption,Cybersecurity,Intermediate,1.35,2025-01-22,394.26
U01416,CR00011,Entrepreneurship 101,Business,Intermediate,2.69,2025-09-10,326.02
U01416,CR00035,Cyber Threat Intelligence,Cybersecurity,Beginner,4.94,2025-03-01,0.0
U01417,CR00036,Agile Project Management,Project Management,Beginner,4.68,2025-10-19,0.0
U01417,CR00039,Project Planning,Project Management,Advanced,1.23,2025-03-29,346.71
U01418,CR00010,3D Modeling,Design,Advanced,4.45,2025-05-21,0.0
U01419,CR00040,Leadership in Projects,Project Management,Beginner,1.51,2025-02-14,327.99
U01419,CR00005,Full Stack Development,Programming,Beginner,1.28,2025-01-27,0.0
U01420,CR00015,Leadership Essentials,Business,Beginner,1.96,2025-09-01,285.05
U01420,CR00028,Deep Learning,Machine Learning,Advanced,3.89,2025-07-04,0.78
U01420,CR00041,Financial Accounting,Finance,Beginner,2.47,2025-05-05,53.86
U01421,CR00043,Corporate Finance,Finance,Beginner,4.14,2025-02-18,0.0
U01422,CR00042,Investment Strategies,Finance,Intermediate,4.1,2025-06-11,0.0
U01422,CR00050,Computer Vision,Artificial Intelligence,Beginner,4.55,2025-05-18,490.9
U01423,CR00010,3D Modeling,Design,Advanced,4.45,2025-08-03,0.0
U01424,CR00049,Deep Learning,Artificial Intelligence,Intermediate,3.11,2025-07-17,415.51
U01425,CR00036,Agile Project Management,Project Management,Beginner,4.68,2025-09-29,0.0
U01426,CR00047,Natural Language Processing,Artificial Intelligence,Intermediate,2.68,2025-10-15,89.59
U01427,CR00048,AI Ethics,Artificial Intelligence,Beginner,3.64,2025-05-14,0.0
U01428,CR00017,SEO Mastery,Marketing,Advanced,4.79,2025-12-26,0.0
U01429,CR00033,Cybersecurity Fundamentals,Cybersecurity,Intermediate,3.93,2025-11-21,0.0
U01429,CR00018,Social Media Marketing,Marketing,Advanced,2.01,2025-11-04,0.0
U01429,CR00007,UI/UX Design,Design,Advanced,2.61,2025-10-21,0.0
U01429,CR00036,Agile Project Management,Project Management,Beginner,4.68,2025-10-12,0.0
U01429,CR00009,Web Design Fundamentals,Design,Beginner,4.51,2025-10-07,0.0
U01429,CR00025,Statistical Analysis,Data Science,Beginner,3.74,2025-08-24,299.57
U01429,CR00035,Cyber Threat Intelligence,Cybersecurity,Beginner,4.94,2025-07-02,0.0
U01429,CR00042,Investment Strategies,Finance,Intermediate,4.1,2025-06-10,0.0
U01429,CR00058,Social Media Strategy,Digital Marketing,Beginner,4.44,2025-05-24,0.0
U01429,CR00001,Python Basics,Programming,Beginner,4.74,2025-05-15,472.28
U01429,CR00045,Financial Modeling,Finance,Advanced,1.59,2025-04-16,0.0
U01429,CR00010,3D Modeling,Design,Advanced,4.45,2025-03-21,0.0
U01429,CR00029,Natural Language Processing,Machine Learning,Beginner,1.13,2025-03-07,0.0
U01429,CR00055,Full-Stack Web Development,Web Development,Advanced,4.74,2025-02-21,57.32
U01429,CR00021,Data Analysis with Python,Data Science,Intermediate,3.6,2025-01-05,0.0
U01430,CR00010,3D Modeling,Design,Advanced,4.45,2025-12-03,0.0
U01430,CR00019,Content Marketing,Marketing,Advanced,2.98,2025-11-08,0.0
U01430,CR00039,Project Planning,Project Management,Advanced,1.23,2025-10-11,346.71
U01430,CR00001,Python Basics,Programming,Beginner,4.74,2025-10-03,472.28
U01430,CR00028,Deep Learning,Machine Learning,Advanced,3.89,2025-08-26,0.78
U01430,CR00057,SEO for E-commerce,Digital Marketing,Advanced,3.89,2025-06-16,177.34
U01430,CR00043,Corporate Finance,Finance,Beginner,4.14,2025-06-02,0.0
U01430,CR00033,Cybersecurity Fundamentals,Cybersecurity,Intermediate,3.93,2025-05-04,0.0
U01430,CR00032,Ethical Hacking,Cybersecurity,Advanced,2.38,2025-04-07,0.0
U01430,CR00007,UI/UX Design,Design,Advanced,2.61,2025-02-20,0.0
U01430,CR00035,Cyber Threat Intelligence,Cybersecurity,Beginner,4.94,2025-02-14,0.0
U01430,CR00025,Statistical Analysis,Data Science,Beginner,3.74,2025-02-07,299.57
U01430,CR00013,Finance for Startups,Business,Advanced,2.0,2025-02-06,0.0
U01431,CR00020,Email Marketing,Marketing,Intermediate,4.11,2025-09-23,0.0
U01431,CR00033,Cybersecurity Fundamentals,Cybersecurity,Intermediate,3.93,2025-04-13,0.0
U01432,CR00018,Social Media Marketing,Marketing,Advanced,2.01,2025-12-29,0.0
U01432,CR00033,Cybersecurity Fundamentals,Cybersecurity,Intermediate,3.93,2025-12-19,0.0
U01432,CR00057,SEO for E-commerce,Digital Marketing,Advanced,3.89,2025-09-21,177.34
U01432,CR00023,Machine Learning Fundamentals,Data Science,Intermediate,3.02,2025-06-18,0.0
U01432,CR00042,Investment Strategies,Finance,Intermediate,4.1,2025-05-04,0.0
U01432,CR00006,Graphic Design Basics,Design,Advanced,2.72,2025-04-08,276.37
U01432,CR00056,Google Ads Mastery,Digital Marketing,Advanced,3.15,2025-03-24,212.39
U01432,CR00034,Data Encryption,Cybersecurity,Intermediate,1.35,2025-03-13,394.26
U01432,CR00025,Statistical Analysis,Data Science,Beginner,3.74,2025-02-27,299.57
U01432,CR00003,C++ for Beginners,Programming,Beginner,3.85,2025-02-27,0.0
U01432,CR00049,Deep Learning,Artificial Intelligence,Intermediate,3.11,2025-02-23,415.51
U01432,CR00050,Computer Vision,Artificial Intelligence,Beginner,4.55,2025-02-09,490.9
U01433,CR00048,AI Ethics,Artificial Intelligence,Beginner,3.64,2025-12-05,0.0
U01433,CR00047,Natural Language Processing,Artificial Intelligence,Intermediate,2.68,2025-12-04,89.59
U01434,CR00047,Natural Language Processing,Artificial Intelligence,Intermediate,2.68,2025-12-29,89.59
U01434,CR00028,Deep Learning,Machine Learning,Advanced,3.89,2025-01-16,0.78
U01435,CR00052,JavaScript Mastery,Web Development,Beginner,2.2,2025-11-08,0.0
U01435,CR00025,Statistical Analysis,Data Science,Beginner,3.74,2025-10-11,299.57
U01435,CR00010,3D Modeling,Design,Advanced,4.45,2025-09-01,0.0
U01435,CR00044,Personal Finance,Finance,Intermediate,2.75,2025-08-20,119.04
U01435,CR00016,Digital Marketing,Marketing,Intermediate,4.72,2025-06-22,0.0
U01435,CR00034,Data Encryption,Cybersecurity,Intermediate,1.35,2025-06-01,394.26
U01435,CR00048,AI Ethics,Artificial Intelligence,Beginner,3.64,2025-05-24,0.0
U01435,CR00013,Finance for Startups,Business,Advanced,2.0,2025-03-30,0.0
U01435,CR00004,Advanced Python,Programming,Beginner,2.88,2025-03-20,0.0
U01435,CR00049,Deep Learning,Artificial Intelligence,Intermediate,3.11,2025-01-21,415.51
U01435,CR00056,Google Ads Mastery,Digital Marketing,Advanced,3.15,2025-01-21,212.39
U01435,CR00002,Java Programming,Programming,Intermediate,2.43,2025-01-11,0.0
U01435,CR00051,HTML & CSS,Web Development,Advanced,1.3,2025-01-04,37.89
U01436,CR00013,Finance for Startups,Business,Advanced,2.0,2025-06-05,0.0
U01436,CR00021,Data Analysis with Python,Data Science,Intermediate,3.6,2025-03-18,0.0
U01437,CR00043,Corporate Finance,Finance,Beginner,4.14,2025-06-05,0.0
U01438,CR00051,HTML & CSS,Web Development,Advanced,1.3,2025-11-18,37.89
U01438,CR00052,JavaScript Mastery,Web Development,Beginner,2.2,2025-06-05,0.0
U01438,CR00060,Content Creation,Digital Marketing,Beginner,2.14,2025-05-13,0.0
U01438,CR00048,AI Ethics,Artificial Intelligence,Beginner,3.64,2025-04-17,0.0
U01439,CR00040,Leadership in Projects,Project Management,Beginner,1.51,2025-06-06,327.99
U01440,CR00033,Cybersecurity Fundamentals,Cybersecurity,Intermediate,3.93,2025-12-08,0.0
U01440,CR00034,Data Encryption,Cybersecurity,Intermediate,1.35,2025-09-29,394.26
U01441,CR00040,Leadership in Projects,Project Management,Beginner,1.51,2025-03-20,327.99
U01442,CR00007,UI/UX Design,Design,Advanced,2.61,2025-11-28,0.0
U01442,CR00039,Project Planning,Project Management,Advanced,1.23,2025-10-25,346.71
U01442,CR00056,Google Ads Mastery,Digital Marketing,Advanced,3.15,2025-06-23,212.39
U01443,CR00007,UI/UX Design,Design,Advanced,2.61,2025-05-17,0.0
U01443,CR00048,AI Ethics,Artificial Intelligence,Beginner,3.64,2025-04-18,0.0
U01444,CR00039,Project Planning,Project Management,Advanced,1.23,2025-12-16,346.71
U01444,CR00047,Natural Language Processing,Artificial Intelligence,Intermediate,2.68,2025-04-01,89.59
U01445,CR00011,Entrepreneurship 101,Business,Intermediate,2.69,2025-12-05,326.02
U01445,CR00025,Statistical Analysis,Data Science,Beginner,3.74,2025-12-02,299.57
U01445,CR00016,Digital Marketing,Marketing,Intermediate,4.72,2025-11-10,0.0
U01445,CR00018,Social Media Marketing,Marketing,Advanced,2.01,2025-11-06,0.0
U01445,CR00054,Backend Development with Node.js,Web Development,Beginner,3.32,2025-10-23,0.0
U01445,CR00033,Cybersecurity Fundamentals,Cybersecurity,Intermediate,3.93,2025-09-29,0.0
U01445,CR00049,Deep Learning,Artificial Intelligence,Intermediate,3.11,2025-08-08,415.51
U01445,CR00029,Natural Language Processing,Machine Learning,Beginner,1.13,2025-07-30,0.0
U01445,CR00040,Leadership in Projects,Project Management,Beginner,1.51,2025-07-09,327.99
U01445,CR00057,SEO for E-commerce,Digital Marketing,Advanced,3.89,2025-06-19,177.34
U01445,CR00052,JavaScript Mastery,Web Development,Beginner,2.2,2025-03-17,0.0
U01445,CR00051,HTML & CSS,Web Development,Advanced,1.3,2025-02-09,37.89
U01446,CR00054,Backend Development with Node.js,Web Development,Beginner,3.32,2025-10-17,0.0
U01447,CR00014,Sales Mastery,Business,Advanced,3.15,2025-04-18,0.0
U01448,CR00021,Data Analysis with Python,Data Science,Intermediate,3.6,2025-03-26,0.0
U01449,CR00059,Affiliate Marketing,Digital Marketing,Intermediate,4.66,2025-07-28,0.0
U01449,CR00054,Backend Development with Node.js,Web Development,Beginner,3.32,2025-02-13,0.0
U01450,CR00030,Reinforcement Learning,Machine Learning,Intermediate,1.73,2025-11-30,0.0
U01450,CR00056,Google Ads Mastery,Digital Marketing,Advanced,3.15,2025-10-30,212.39
U01450,CR00010,3D Modeling,Design,Advanced,4.45,2025-09-15,0.0
U01450,CR00034,Data Encryption,Cybersecurity,Intermediate,1.35,2025-09-07,394.26
U01450,CR00016,Digital Marketing,Marketing,Intermediate,4.72,2025-07-07,0.0
U01450,CR00038,Risk Management,Project Management,Intermediate,4.84,2025-07-03,342.61
U01450,CR00048,AI Ethics,Artificial Intelligence,Beginner,3.64,2025-06-17,0.0
U01450,CR00047,Natural Language Processing,Artificial Intelligence,Intermediate,2.68,2025-06-16,89.59
U01450,CR00009,Web Design Fundamentals,Design,Beginner,4.51,2025-05-02,0.0
U01450,CR00028,Deep Learning,Machine Learning,Advanced,3.89,2025-04-16,0.78
U01450,CR00014,Sales Mastery,Business,Advanced,3.15,2025-02-16,0.0
U01451,CR00049,Deep Learning,Artificial Intelligence,Intermediate,3.11,2025-12-07,415.51
U01451,CR00022,Data Visualization,Data Science,Beginner,3.65,2025-08-26,0.0
U01451,CR00026,Intro to Machine Learning,Machine Learning,Intermediate,4.73,2025-07-15,0.0
U01451,CR00014,Sales Mastery,Business,Advanced,3.15,2025-06-18,0.0
U01451,CR00048,AI Ethics,Artificial Intelligence,Beginner,3.64,2025-04-25,0.0
U01451,CR00029,Natural Language Processing,Machine Learning,Beginner,1.13,2025-04-19,0.0
U01451,CR00050,Computer Vision,Artificial Intelligence,Beginner,4.55,2025-04-10,490.9
U01451,CR00052,JavaScript Mastery,Web Development,Beginner,2.2,2025-04-08,0.0
U01451,CR00045,Financial Modeling,Finance,Advanced,1.59,2025-02-13,0.0
U01451,CR00043,Corporate Finance,Finance,Beginner,4.14,2025-01-26,0.0
U01451,CR00016,Digital Marketing,Marketing,Intermediate,4.72,2025-01-01,0.0
U01452,CR00051,HTML & CSS,Web Development,Advanced,1.3,2025-11-28,37.89
U01452,CR00024,Big Data Analytics,Data Science,Advanced,2.57,2025-06-18,117.68
U01453,CR00058,Social Media Strategy,Digital Marketing,Beginner,4.44,2025-09-07,0.0
U01453,CR00031,Network Security,Cybersecurity,Intermediate,1.91,2025-08-27,0.0
U01454,CR00007,UI/UX Design,Design,Advanced,2.61,2025-12-26,0.0
U01454,CR00031,Network Security,Cybersecurity,Intermediate,1.91,2025-05-27,0.0
U01455,CR00055,Full-Stack Web Development,Web Development,Advanced,4.74,2025-12-24,57.32
U01455,CR00045,Financial Modeling,Finance,Advanced,1.59,2025-12-14,0.0
U01455,CR00021,Data Analysis with Python,Data Science,Intermediate,3.6,2025-09-16,0.0
U01455,CR00060,Content Creation,Digital Marketing,Beginner,2.14,2025-07-26,0.0
U01455,CR00034,Data Encryption,Cybersecurity,Intermediate,1.35,2025-06-19,394.26
U01455,CR00048,AI Ethics,Artificial Intelligence,Beginner,3.64,2025-05-27,0.0
U01455,CR00002,Java Programming,Programming,Intermediate,2.43,2025-05-22,0.0
U01455,CR00047,Natural Language Processing,Artificial Intelligence,Intermediate,2.68,2025-05-03,89.59
U01455,CR00019,Content Marketing,Marketing,Advanced,2.98,2025-04-24,0.0
U01455,CR00057,SEO for E-commerce,Digital Marketing,Advanced,3.89,2025-04-13,177.34
U01455,CR00052,JavaScript Mastery,Web Development,Beginner,2.2,2025-03-20,0.0
U01455,CR00026,Intro to Machine Learning,Machine Learning,Intermediate,4.73,2025-02-28,0.0
U01455,CR00006,Graphic Design Basics,Design,Advanced,2.72,2025-02-16,276.37
U01455,CR00036,Agile Project Management,Project Management,Beginner,4.68,2025-02-12,0.0
U01456,CR00043,Corporate Finance,Finance,Beginner,4.14,2025-10-04,0.0
U01457,CR00034,Data Encryption,Cybersecurity,Intermediate,1.35,2025-05-29,394.26
U01458,CR00013,Finance for Startups,Business,Advanced,2.0,2025-04-14,0.0
U01459,CR00005,Full Stack Development,Programming,Beginner,1.28,2025-02-10,0.0
U01460,CR00016,Digital Marketing,Marketing,Intermediate,4.72,2025-11-22,0.0
U01460,CR00053,React for Beginners,Web Development,Advanced,2.67,2025-08-05,0.0
U01460,CR00025,Statistical Analysis,Data Science,Beginner,3.74,2025-07-23,299.57
U01460,CR00056,Google Ads Mastery,Digital Marketing,Advanced,3.15,2025-06-17,212.39
U01460,CR00030,Reinforcement Learning,Machine Learning,Intermediate,1.73,2025-05-17,0.0
U01460,CR00039,Project Planning,Project Management,Advanced,1.23,2025-05-01,346.71
U01460,CR00037,Scrum Essentials,Project Management,Intermediate,3.45,2025-04-22,0.0
U01460,CR00022,Data Visualization,Data Science,Beginner,3.65,2025-03-15,0.0
U01460,CR00045,Financial Modeling,Finance,Advanced,1.59,2025-03-11,0.0
U01460,CR00035,Cyber Threat Intelligence,Cybersecurity,Beginner,4.94,2025-02-28,0.0
U01460,CR00015,Leadership Essentials,Business,Beginner,1.96,2025-02-16,285.05
U01460,CR00032,Ethical Hacking,Cybersecurity,Advanced,2.38,2025-02-13,0.0
U01460,CR00050,Computer Vision,Artificial Intelligence,Beginner,4.55,2025-01-11,490.9
U01461,CR00040,Leadership in Projects,Project Management,Beginner,1.51,2025-10-16,327.99
U01462,CR00056,Google Ads Mastery,Digital Marketing,Advanced,3.15,2025-06-15,212.39
U01463,CR00056,Google Ads Mastery,Digital Marketing,Advanced,3.15,2025-09-14,212.39
U01463,CR00035,Cyber Threat Intelligence,Cybersecurity,Beginner,4.94,2025-07-18,0.0
U01463,CR00043,Corporate Finance,Finance,Beginner,4.14,2025-06-11,0.0
U01463,CR00049,Deep Learning,Artificial Intelligence,Intermediate,3.11,2025-05-13,415.51
U01463,CR00030,Reinforcement Learning,Machine Learning,Intermediate,1.73,2025-04-27,0.0
U01463,CR00054,Backend Development with Node.js,Web Development,Beginner,3.32,2025-04-08,0.0
U01463,CR00052,JavaScript Mastery,Web Development,Beginner,2.2,2025-03-29,0.0
U01463,CR00005,Full Stack Development,Programming,Beginner,1.28,2025-03-24,0.0
U01463,CR00026,Intro to Machine Learning,Machine Learning,Intermediate,4.73,2025-03-18,0.0
U01463,CR00044,Personal Finance,Finance,Intermediate,2.75,2025-02-13,119.04
U01463,CR00060,Content Creation,Digital Marketing,Beginner,2.14,2025-02-06,0.0
U01463,CR00042,Investment Strategies,Finance,Intermediate,4.1,2025-01-10,0.0
U01463,CR00001,Python Basics,Programming,Beginner,4.74,2025-01-04,472.28
U01464,CR00009,Web Design Fundamentals,Design,Beginner,4.51,2025-08-21,0.0
U01465,CR00034,Data Encryption,Cybersecurity,Intermediate,1.35,2025-02-01,394.26
U01465,CR00026,Intro to Machine Learning,Machine Learning,Intermediate,4.73,2025-01-27,0.0
U01466,CR00010,3D Modeling,Design,Advanced,4.45,2025-11-14,0.0
U01466,CR00014,Sales Mastery,Business,Advanced,3.15,2025-07-01,0.0
U01467,CR00012,Business Strategy,Business,Advanced,3.64,2025-09-13,487.92
U01468,CR00032,Ethical Hacking,Cybersecurity,Advanced,2.38,2025-09-23,0.0
U01468,CR00025,Statistical Analysis,Data Science,Beginner,3.74,2025-01-15,299.57
U01469,CR00017,SEO Mastery,Marketing,Advanced,4.79,2025-10-30,0.0
U01469,CR00032,Ethical Hacking,Cybersecurity,Advanced,2.38,2025-01-05,0.0
U01470,CR00033,Cybersecurity Fundamentals,Cybersecurity,Intermediate,3.93,2025-06-25,0.0
U01470,CR00049,Deep Learning,Artificial Intelligence,Intermediate,3.11,2025-03-27,415.51
U01471,CR00048,AI Ethics,Artificial Intelligence,Beginner,3.64,2025-01-13,0.0
U01472,CR00007,UI/UX Design,Design,Advanced,2.61,2025-12-17,0.0
U01472,CR00034,Data Encryption,Cybersecurity,Intermediate,1.35,2025-11-05,394.26
U01472,CR00048,AI Ethics,Artificial Intelligence,Beginner,3.64,2025-10-14,0.0
U01472,CR00017,SEO Mastery,Marketing,Advanced,4.79,2025-10-13,0.0
U01472,CR00014,Sales Mastery,Business,Advanced,3.15,2025-09-23,0.0
U01472,CR00040,Leadership in Projects,Project Management,Beginner,1.51,2025-04-25,327.99
U01472,CR00011,Entrepreneurship 101,Business,Intermediate,2.69,2025-04-24,326.02
U01472,CR00035,Cyber Threat Intelligence,Cybersecurity,Beginner,4.94,2025-04-07,0.0
U01472,CR00051,HTML & CSS,Web Development,Advanced,1.3,2025-03-29,37.89
U01472,CR00032,Ethical Hacking,Cybersecurity,Advanced,2.38,2025-02-07,0.0
U01472,CR00003,C++ for Beginners,Programming,Beginner,3.85,2025-01-06,0.0
U01472,CR00016,Digital Marketing,Marketing,Intermediate,4.72,2025-01-04,0.0
U01473,CR00001,Python Basics,Programming,Beginner,4.74,2025-11-14,472.28
U01473,CR00022,Data Visualization,Data Science,Beginner,3.65,2025-10-10,0.0
U01473,CR00015,Leadership Essentials,Business,Beginner,1.96,2025-09-18,285.05
U01473,CR00024,Big Data Analytics,Data Science,Advanced,2.57,2025-08-25,117.68
U01473,CR00044,Personal Finance,Finance,Intermediate,2.75,2025-08-23,119.04
U01473,CR00041,Financial Accounting,Finance,Beginner,2.47,2025-08-13,53.86
U01473,CR00039,Project Planning,Project Management,Advanced,1.23,2025-08-06,346.71
U01473,CR00049,Deep Learning,Artificial Intelligence,Intermediate,3.11,2025-07-14,415.51
U01473,CR00034,Data Encryption,Cybersecurity,Intermediate,1.35,2025-07-05,394.26
U01473,CR00057,SEO for E-commerce,Digital Marketing,Advanced,3.89,2025-06-27,177.34
U01473,CR00014,Sales Mastery,Business,Advanced,3.15,2025-06-06,0.0
U01473,CR00048,AI Ethics,Artificial Intelligence,Beginner,3.64,2025-03-24,0.0
U01473,CR00008,Photoshop Mastery,Design,Advanced,1.52,2025-01-18,0.0
U01473,CR00058,Social Media Strategy,Digital Marketing,Beginner,4.44,2025-01-17,0.0
U01473,CR00004,Advanced Python,Programming,Beginner,2.88,2025-01-05,0.0
U01474,CR00053,React for Beginners,Web Development,Advanced,2.67,2025-05-07,0.0
U01474,CR00052,JavaScript Mastery,Web Development,Beginner,2.2,2025-03-25,0.0
U01475,CR00024,Big Data Analytics,Data Science,Advanced,2.57,2025-12-22,117.68
U01475,CR00042,Investment Strategies,Finance,Intermediate,4.1,2025-11-24,0.0
U01475,CR00015,Leadership Essentials,Business,Beginner,1.96,2025-10-11,285.05
U01475,CR00060,Content Creation,Digital Marketing,Beginner,2.14,2025-07-01,0.0
U01475,CR00056,Google Ads Mastery,Digital Marketing,Advanced,3.15,2025-05-23,212.39
U01475,CR00038,Risk Management,Project Management,Intermediate,4.84,2025-04-26,342.61
U01475,CR00046,AI for Beginners,Artificial Intelligence,Beginner,1.2,2025-04-12,248.1
U01475,CR00019,Content Marketing,Marketing,Advanced,2.98,2025-04-06,0.0
U01475,CR00048,AI Ethics,Artificial Intelligence,Beginner,3.64,2025-03-21,0.0
U01475,CR00053,React for Beginners,Web Development,Advanced,2.67,2025-03-01,0.0
U01475,CR00052,JavaScript Mastery,Web Development,Beginner,2.2,2025-02-07,0.0
U01475,CR00045,Financial Modeling,Finance,Advanced,1.59,2025-01-30,0.0
U01475,CR00010,3D Modeling,Design,Advanced,4.45,2025-01-23,0.0
U01475,CR00047,Natural Language Processing,Artificial Intelligence,Intermediate,2.68,2025-01-12,89.59
U01475,CR00014,Sales Mastery,Business,Advanced,3.15,2025-01-05,0.0
U01476,CR00011,Entrepreneurship 101,Business,Intermediate,2.69,2025-04-03,326.02
U01477,CR00060,Content Creation,Digital Marketing,Beginner,2.14,2025-11-19,0.0
U01478,CR00002,Java Programming,Programming,Intermediate,2.43,2025-04-10,0.0
U01479,CR00043,Corporate Finance,Finance,Beginner,4.14,2025-11-22,0.0
U01480,CR00028,Deep Learning,Machine Learning,Advanced,3.89,2025-01-26,0.78
U01481,CR00030,Reinforcement Learning,Machine Learning,Intermediate,1.73,2025-12-21,0.0
U01482,CR00052,JavaScript Mastery,Web Development,Beginner,2.2,2025-05-13,0.0
U01482,CR00050,Computer Vision,Artificial Intelligence,Beginner,4.55,2025-03-07,490.9
U01483,CR00009,Web Design Fundamentals,Design,Beginner,4.51,2025-03-10,0.0
U01484,CR00005,Full Stack Development,Programming,Beginner,1.28,2025-07-12,0.0
U01485,CR00043,Corporate Finance,Finance,Beginner,4.14,2025-05-26,0.0
U01486,CR00045,Financial Modeling,Finance,Advanced,1.59,2025-07-23,0.0
U01487,CR00008,Photoshop Mastery,Design,Advanced,1.52,2025-11-24,0.0
U01487,CR00059,Affiliate Marketing,Digital Marketing,Intermediate,4.66,2025-02-23,0.0
U01488,CR00026,Intro to Machine Learning,Machine Learning,Intermediate,4.73,2025-12-20,0.0
U01488,CR00002,Java Programming,Programming,Intermediate,2.43,2025-08-09,0.0
U01488,CR00019,Content Marketing,Marketing,Advanced,2.98,2025-08-07,0.0
U01488,CR00023,Machine Learning Fundamentals,Data Science,Intermediate,3.02,2025-07-29,0.0
U01488,CR00045,Financial Modeling,Finance,Advanced,1.59,2025-07-21,0.0
U01488,CR00052,JavaScript Mastery,Web Development,Beginner,2.2,2025-07-07,0.0
U01488,CR00022,Data Visualization,Data Science,Beginner,3.65,2025-06-21,0.0
U01488,CR00030,Reinforcement Learning,Machine Learning,Intermediate,1.73,2025-05-24,0.0
U01488,CR00001,Python Basics,Programming,Beginner,4.74,2025-05-17,472.28
U01488,CR00043,Corporate Finance,Finance,Beginner,4.14,2025-04-02,0.0
U01488,CR00051,HTML & CSS,Web Development,Advanced,1.3,2025-03-16,37.89
U01488,CR00047,Natural Language Processing,Artificial Intelligence,Intermediate,2.68,2025-01-13,89.59
U01489,CR00012,Business Strategy,Business,Advanced,3.64,2025-06-10,487.92
U01490,CR00031,Network Security,Cybersecurity,Intermediate,1.91,2025-10-18,0.0
U01491,CR00058,Social Media Strategy,Digital Marketing,Beginner,4.44,2025-08-24,0.0
U01491,CR00016,Digital Marketing,Marketing,Intermediate,4.72,2025-07-09,0.0
U01491,CR00059,Affiliate Marketing,Digital Marketing,Intermediate,4.66,2025-03-17,0.0
U01492,CR00059,Affiliate Marketing,Digital Marketing,Intermediate,4.66,2025-09-18,0.0
U01492,CR00043,Corporate Finance,Finance,Beginner,4.14,2025-09-10,0.0
U01492,CR00050,Computer Vision,Artificial Intelligence,Beginner,4.55,2025-06-26,490.9
U01492,CR00039,Project Planning,Project Management,Advanced,1.23,2025-02-01,346.71
U01493,CR00049,Deep Learning,Artificial Intelligence,Intermediate,3.11,2025-02-18,415.51
U01494,CR00032,Ethical Hacking,Cybersecurity,Advanced,2.38,2025-05-22,0.0
U01495,CR00037,Scrum Essentials,Project Management,Intermediate,3.45,2025-06-24,0.0
U01496,CR00043,Corporate Finance,Finance,Beginner,4.14,2025-11-17,0.0
U01496,CR00039,Project Planning,Project Management,Advanced,1.23,2025-11-04,346.71
U01496,CR00014,Sales Mastery,Business,Advanced,3.15,2025-11-01,0.0
U01496,CR00007,UI/UX Design,Design,Advanced,2.61,2025-10-15,0.0
U01496,CR00026,Intro to Machine Learning,Machine Learning,Intermediate,4.73,2025-08-09,0.0
U01496,CR00017,SEO Mastery,Marketing,Advanced,4.79,2025-07-29,0.0
U01496,CR00042,Investment Strategies,Finance,Intermediate,4.1,2025-07-29,0.0
U01496,CR00034,Data Encryption,Cybersecurity,Intermediate,1.35,2025-07-12,394.26
U01496,CR00028,Deep Learning,Machine Learning,Advanced,3.89,2025-06-23,0.78
U01496,CR00051,HTML & CSS,Web Development,Advanced,1.3,2025-04-22,37.89
U01496,CR00010,3D Modeling,Design,Advanced,4.45,2025-04-03,0.0
U01496,CR00012,Business Strategy,Business,Advanced,3.64,2025-02-27,487.92
U01496,CR00049,Deep Learning,Artificial Intelligence,Intermediate,3.11,2025-02-19,415.51
U01497,CR00045,Financial Modeling,Finance,Advanced,1.59,2025-12-05,0.0
U01497,CR00059,Affiliate Marketing,Digital Marketing,Intermediate,4.66,2025-12-04,0.0
U01497,CR00004,Advanced Python,Programming,Beginner,2.88,2025-11-25,0.0
U01497,CR00002,Java Programming,Programming,Intermediate,2.43,2025-11-07,0.0
U01497,CR00010,3D Modeling,Design,Advanced,4.45,2025-10-10,0.0
U01497,CR00052,JavaScript Mastery,Web Development,Beginner,2.2,2025-09-29,0.0
U01497,CR00039,Project Planning,Project Management,Advanced,1.23,2025-08-11,346.71
U01497,CR00050,Computer Vision,Artificial Intelligence,Beginner,4.55,2025-08-10,490.9
U01497,CR00053,React for Beginners,Web Development,Advanced,2.67,2025-05-19,0.0
U01497,CR00033,Cybersecurity Fundamentals,Cybersecurity,Intermediate,3.93,2025-05-14,0.0
U01497,CR00058,Social Media Strategy,Digital Marketing,Beginner,4.44,2025-03-24,0.0
U01497,CR00060,Content Creation,Digital Marketing,Beginner,2.14,2025-03-06,0.0
U01497,CR00022,Data Visualization,Data Science,Beginner,3.65,2025-02-15,0.0
U01498,CR00013,Finance for Startups,Business,Advanced,2.0,2025-02-17,0.0
U01499,CR00027,Neural Networks,Machine Learning,Advanced,1.81,2025-04-10,0.0
U01500,CR00032,Ethical Hacking,Cybersecurity,Advanced,2.38,2025-11-30,0.0
U01500,CR00021,Data Analysis with Python,Data Science,Intermediate,3.6,2025-10-24,0.0
U01500,CR00020,Email Marketing,Marketing,Intermediate,4.11,2025-08-30,0.0
U01500,CR00019,Content Marketing,Marketing,Advanced,2.98,2025-07-23,0.0
U01500,CR00058,Social Media Strategy,Digital Marketing,Beginner,4.44,2025-07-20,0.0
U01500,CR00012,Business Strategy,Business,Advanced,3.64,2025-07-01,487.92
U01500,CR00008,Photoshop Mastery,Design,Advanced,1.52,2025-06-06,0.0
U01500,CR00004,Advanced Python,Programming,Beginner,2.88,2025-05-20,0.0
U01500,CR00014,Sales Mastery,Business,Advanced,3.15,2025-05-08,0.0
U01500,CR00048,AI Ethics,Artificial Intelligence,Beginner,3.64,2025-03-15,0.0
U01500,CR00056,Google Ads Mastery,Digital Marketing,Advanced,3.15,2025-02-14,212.39
U01500,CR00041,Financial Accounting,Finance,Beginner,2.47,2025-01-10,53.86
U01500,CR00046,AI for Beginners,Artificial Intelligence,Beginner,1.2,2025-01-02,248.1
U01501,CR00044,Personal Finance,Finance,Intermediate,2.75,2025-02-26,119.04
U01502,CR00055,Full-Stack Web Development,Web Development,Advanced,4.74,2025-12-11,57.32
U01503,CR00006,Graphic Design Basics,Design,Advanced,2.72,2025-06-15,276.37
U01504,CR00001,Python Basics,Programming,Beginner,4.74,2025-09-18,472.28
U01505,CR00035,Cyber Threat Intelligence,Cybersecurity,Beginner,4.94,2025-11-08,0.0
U01505,CR00042,Investment Strategies,Finance,Intermediate,4.1,2025-10-28,0.0
U01505,CR00022,Data Visualization,Data Science,Beginner,3.65,2025-07-25,0.0
U01506,CR00045,Financial Modeling,Finance,Advanced,1.59,2025-12-16,0.0
U01506,CR00036,Agile Project Management,Project Management,Beginner,4.68,2025-12-01,0.0
U01506,CR00050,Computer Vision,Artificial Intelligence,Beginner,4.55,2025-11-15,490.9
U01506,CR00015,Leadership Essentials,Business,Beginner,1.96,2025-10-24,285.05
U01506,CR00043,Corporate Finance,Finance,Beginner,4.14,2025-10-16,0.0
U01506,CR00008,Photoshop Mastery,Design,Advanced,1.52,2025-09-27,0.0
U01506,CR00010,3D Modeling,Design,Advanced,4.45,2025-09-11,0.0
U01506,CR00021,Data Analysis with Python,Data Science,Intermediate,3.6,2025-08-17,0.0
U01506,CR00047,Natural Language Processing,Artificial Intelligence,Intermediate,2.68,2025-06-25,89.59
U01506,CR00057,SEO for E-commerce,Digital Marketing,Advanced,3.89,2025-05-06,177.34
U01506,CR00020,Email Marketing,Marketing,Intermediate,4.11,2025-04-23,0.0
U01506,CR00018,Social Media Marketing,Marketing,Advanced,2.01,2025-04-13,0.0
U01506,CR00024,Big Data Analytics,Data Science,Advanced,2.57,2025-04-04,117.68
U01506,CR00026,Intro to Machine Learning,Machine Learning,Intermediate,4.73,2025-01-19,0.0
U01506,CR00013,Finance for Startups,Business,Advanced,2.0,2025-01-12,0.0
U01507,CR00041,Financial Accounting,Finance,Beginner,2.47,2025-06-06,53.86
U01507,CR00013,Finance for Startups,Business,Advanced,2.0,2025-02-27,0.0
U01507,CR00025,Statistical Analysis,Data Science,Beginner,3.74,2025-01-15,299.57
U01508,CR00035,Cyber Threat Intelligence,Cybersecurity,Beginner,4.94,2025-08-24,0.0
U01509,CR00055,Full-Stack Web Development,Web Development,Advanced,4.74,2025-09-27,57.32
U01510,CR00029,Natural Language Processing,Machine Learning,Beginner,1.13,2025-04-30,0.0
U01510,CR00023,Machine Learning Fundamentals,Data Science,Intermediate,3.02,2025-03-28,0.0
U01511,CR00060,Content Creation,Digital Marketing,Beginner,2.14,2025-12-03,0.0
U01511,CR00015,Leadership Essentials,Business,Beginner,1.96,2025-11-22,285.05
U01511,CR00037,Scrum Essentials,Project Management,Intermediate,3.45,2025-11-20,0.0
U01511,CR00003,C++ for Beginners,Programming,Beginner,3.85,2025-09-05,0.0
U01511,CR00038,Risk Management,Project Management,Intermediate,4.84,2025-08-16,342.61
U01511,CR00008,Photoshop Mastery,Design,Advanced,1.52,2025-07-24,0.0
U01511,CR00006,Graphic Design Basics,Design,Advanced,2.72,2025-05-05,276.37
U01511,CR00007,UI/UX Design,Design,Advanced,2.61,2025-04-14,0.0
U01511,CR00036,Agile Project Management,Project Management,Beginner,4.68,2025-04-12,0.0
U01511,CR00043,Corporate Finance,Finance,Beginner,4.14,2025-04-05,0.0
U01511,CR00041,Financial Accounting,Finance,Beginner,2.47,2025-04-05,53.86
U01511,CR00042,Investment Strategies,Finance,Intermediate,4.1,2025-03-12,0.0
U01511,CR00014,Sales Mastery,Business,Advanced,3.15,2025-01-24,0.0
U01512,CR00060,Content Creation,Digital Marketing,Beginner,2.14,2025-12-03,0.0
U01512,CR00038,Risk Management,Project Management,Intermediate,4.84,2025-11-13,342.61
U01512,CR00031,Network Security,Cybersecurity,Intermediate,1.91,2025-10-28,0.0
U01512,CR00030,Reinforcement Learning,Machine Learning,Intermediate,1.73,2025-10-17,0.0
U01512,CR00025,Statistical Analysis,Data Science,Beginner,3.74,2025-09-24,299.57
U01512,CR00027,Neural Networks,Machine Learning,Advanced,1.81,2025-09-20,0.0
U01512,CR00015,Leadership Essentials,Business,Beginner,1.96,2025-07-21,285.05
U01512,CR00010,3D Modeling,Design,Advanced,4.45,2025-07-08,0.0
U01512,CR00019,Content Marketing,Marketing,Advanced,2.98,2025-05-09,0.0
U01512,CR00006,Graphic Design Basics,Design,Advanced,2.72,2025-05-04,276.37
U01512,CR00034,Data Encryption,Cybersecurity,Intermediate,1.35,2025-04-14,394.26
U01512,CR00018,Social Media Marketing,Marketing,Advanced,2.01,2025-01-02,0.0
U01513,CR00042,Investment Strategies,Finance,Intermediate,4.1,2025-06-05,0.0
U01514,CR00048,AI Ethics,Artificial Intelligence,Beginner,3.64,2025-02-13,0.0
U01515,CR00008,Photoshop Mastery,Design,Advanced,1.52,2025-10-06,0.0
U01516,CR00007,UI/UX Design,Design,Advanced,2.61,2025-03-13,0.0
U01517,CR00035,Cyber Threat Intelligence,Cybersecurity,Beginner,4.94,2025-12-21,0.0
U01517,CR00052,JavaScript Mastery,Web Development,Beginner,2.2,2025-09-08,0.0
U01517,CR00045,Financial Modeling,Finance,Advanced,1.59,2025-09-03,0.0
U01517,CR00050,Computer Vision,Artificial Intelligence,Beginner,4.55,2025-08-06,490.9
U01517,CR00014,Sales Mastery,Business,Advanced,3.15,2025-07-23,0.0
U01517,CR00040,Leadership in Projects,Project Management,Beginner,1.51,2025-07-09,327.99
U01517,CR00060,Content Creation,Digital Marketing,Beginner,2.14,2025-06-29,0.0
U01517,CR00046,AI for Beginners,Artificial Intelligence,Beginner,1.2,2025-06-18,248.1
U01517,CR00013,Finance for Startups,Business,Advanced,2.0,2025-05-29,0.0
U01517,CR00024,Big Data Analytics,Data Science,Advanced,2.57,2025-04-30,117.68
U01517,CR00010,3D Modeling,Design,Advanced,4.45,2025-04-01,0.0
U01517,CR00007,UI/UX Design,Design,Advanced,2.61,2025-03-27,0.0
U01517,CR00031,Network Security,Cybersecurity,Intermediate,1.91,2025-02-17,0.0
U01517,CR00026,Intro to Machine Learning,Machine Learning,Intermediate,4.73,2025-01-04,0.0
U01518,CR00050,Computer Vision,Artificial Intelligence,Beginner,4.55,2025-02-09,490.9
U01519,CR00008,Photoshop Mastery,Design,Advanced,1.52,2025-04-19,0.0
U01519,CR00020,Email Marketing,Marketing,Intermediate,4.11,2025-03-17,0.0
U01520,CR00059,Affiliate Marketing,Digital Marketing,Intermediate,4.66,2025-02-13,0.0
U01521,CR00040,Leadership in Projects,Project Management,Beginner,1.51,2025-11-27,327.99
U01522,CR00060,Content Creation,Digital Marketing,Beginner,2.14,2025-12-18,0.0
U01522,CR00046,AI for Beginners,Artificial Intelligence,Beginner,1.2,2025-11-23,248.1
U01522,CR00058,Social Media Strategy,Digital Marketing,Beginner,4.44,2025-11-19,0.0
U01522,CR00014,Sales Mastery,Business,Advanced,3.15,2025-10-29,0.0
U01522,CR00021,Data Analysis with Python,Data Science,Intermediate,3.6,2025-10-19,0.0
U01522,CR00026,Intro to Machine Learning,Machine Learning,Intermediate,4.73,2025-07-18,0.0
U01522,CR00003,C++ for Beginners,Programming,Beginner,3.85,2025-07-03,0.0
U01522,CR00031,Network Security,Cybersecurity,Intermediate,1.91,2025-06-01,0.0
U01522,CR00056,Google Ads Mastery,Digital Marketing,Advanced,3.15,2025-05-28,212.39
U01522,CR00032,Ethical Hacking,Cybersecurity,Advanced,2.38,2025-04-22,0.0
U01522,CR00027,Neural Networks,Machine Learning,Advanced,1.81,2025-03-07,0.0
U01522,CR00013,Finance for Startups,Business,Advanced,2.0,2025-02-11,0.0
U01522,CR00052,JavaScript Mastery,Web Development,Beginner,2.2,2025-01-10,0.0
U01522,CR00028,Deep Learning,Machine Learning,Advanced,3.89,2025-01-07,0.78
U01523,CR00030,Reinforcement Learning,Machine Learning,Intermediate,1.73,2025-04-04,0.0
U01524,CR00058,Social Media Strategy,Digital Marketing,Beginner,4.44,2025-05-05,0.0
U01525,CR00028,Deep Learning,Machine Learning,Advanced,3.89,2025-09-08,0.78
U01525,CR00039,Project Planning,Project Management,Advanced,1.23,2025-05-14,346.71
U01526,CR00040,Leadership in Projects,Project Management,Beginner,1.51,2025-11-17,327.99
U01526,CR00043,Corporate Finance,Finance,Beginner,4.14,2025-10-17,0.0
U01526,CR00056,Google Ads Mastery,Digital Marketing,Advanced,3.15,2025-09-29,212.39
U01526,CR00030,Reinforcement Learning,Machine Learning,Intermediate,1.73,2025-08-20,0.0
U01526,CR00036,Agile Project Management,Project Management,Beginner,4.68,2025-08-17,0.0
U01526,CR00017,SEO Mastery,Marketing,Advanced,4.79,2025-06-17,0.0
U01526,CR00038,Risk Management,Project Management,Intermediate,4.84,2025-06-07,342.61
U01526,CR00020,Email Marketing,Marketing,Intermediate,4.11,2025-06-05,0.0
U01526,CR00034,Data Encryption,Cybersecurity,Intermediate,1.35,2025-05-11,394.26
U01526,CR00012,Business Strategy,Business,Advanced,3.64,2025-03-03,487.92
U01526,CR00048,AI Ethics,Artificial Intelligence,Beginner,3.64,2025-02-03,0.0
U01526,CR00052,JavaScript Mastery,Web Development,Beginner,2.2,2025-01-11,0.0
U01527,CR00051,HTML & CSS,Web Development,Advanced,1.3,2025-11-11,37.89
U01528,CR00025,Statistical Analysis,Data Science,Beginner,3.74,2025-11-11,299.57
U01528,CR00022,Data Visualization,Data Science,Beginner,3.65,2025-10-08,0.0
U01528,CR00054,Backend Development with Node.js,Web Development,Beginner,3.32,2025-09-15,0.0
U01528,CR00015,Leadership Essentials,Business,Beginner,1.96,2025-09-15,285.05
U01528,CR00030,Reinforcement Learning,Machine Learning,Intermediate,1.73,2025-09-12,0.0
U01528,CR00011,Entrepreneurship 101,Business,Intermediate,2.69,2025-08-14,326.02
U01528,CR00001,Python Basics,Programming,Beginner,4.74,2025-07-30,472.28
U01528,CR00028,Deep Learning,Machine Learning,Advanced,3.89,2025-05-25,0.78
U01528,CR00006,Graphic Design Basics,Design,Advanced,2.72,2025-05-24,276.37
U01528,CR00049,Deep Learning,Artificial Intelligence,Intermediate,3.11,2025-05-20,415.51
U01528,CR00036,Agile Project Management,Project Management,Beginner,4.68,2025-02-28,0.0
U01528,CR00044,Personal Finance,Finance,Intermediate,2.75,2025-02-05,119.04
U01528,CR00009,Web Design Fundamentals,Design,Beginner,4.51,2025-01-25,0.0
U01528,CR00018,Social Media Marketing,Marketing,Advanced,2.01,2025-01-23,0.0
U01529,CR00042,Investment Strategies,Finance,Intermediate,4.1,2025-11-05,0.0
U01529,CR00035,Cyber Threat Intelligence,Cybersecurity,Beginner,4.94,2025-05-22,0.0
U01529,CR00027,Neural Networks,Machine Learning,Advanced,1.81,2025-05-09,0.0
U01530,CR00026,Intro to Machine Learning,Machine Learning,Intermediate,4.73,2025-11-03,0.0
U01530,CR00035,Cyber Threat Intelligence,Cybersecurity,Beginner,4.94,2025-10-03,0.0
U01530,CR00028,Deep Learning,Machine Learning,Advanced,3.89,2025-08-28,0.78
U01530,CR00023,Machine Learning Fundamentals,Data Science,Intermediate,3.02,2025-07-29,0.0
U01530,CR00027,Neural Networks,Machine Learning,Advanced,1.81,2025-07-02,0.0
U01530,CR00030,Reinforcement Learning,Machine Learning,Intermediate,1.73,2025-06-20,0.0
U01530,CR00019,Content Marketing,Marketing,Advanced,2.98,2025-06-14,0.0
U01530,CR00058,Social Media Strategy,Digital Marketing,Beginner,4.44,2025-03-28,0.0
U01530,CR00045,Financial Modeling,Finance,Advanced,1.59,2025-03-01,0.0
U01530,CR00041,Financial Accounting,Finance,Beginner,2.47,2025-02-14,53.86
U01530,CR00014,Sales Mastery,Business,Advanced,3.15,2025-02-13,0.0
U01530,CR00051,HTML & CSS,Web Development,Advanced,1.3,2025-02-12,37.89
U01530,CR00055,Full-Stack Web Development,Web Development,Advanced,4.74,2025-01-28,57.32
U01530,CR00013,Finance for Startups,Business,Advanced,2.0,2025-01-22,0.0
U01530,CR00034,Data Encryption,Cybersecurity,Intermediate,1.35,2025-01-21,394.26
U01531,CR00009,Web Design Fundamentals,Design,Beginner,4.51,2025-12-21,0.0
U01531,CR00010,3D Modeling,Design,Advanced,4.45,2025-11-17,0.0
U01531,CR00019,Content Marketing,Marketing,Advanced,2.98,2025-11-03,0.0
U01531,CR00021,Data Analysis with Python,Data Science,Intermediate,3.6,2025-10-19,0.0
U01531,CR00020,Email Marketing,Marketing,Intermediate,4.11,2025-09-20,0.0
U01531,CR00054,Backend Development with Node.js,Web Development,Beginner,3.32,2025-09-09,0.0
U01531,CR00043,Corporate Finance,Finance,Beginner,4.14,2025-07-27,0.0
U01531,CR00016,Digital Marketing,Marketing,Intermediate,4.72,2025-07-09,0.0
U01531,CR00022,Data Visualization,Data Science,Beginner,3.65,2025-04-17,0.0
U01531,CR00030,Reinforcement Learning,Machine Learning,Intermediate,1.73,2025-04-15,0.0
U01531,CR00048,AI Ethics,Artificial Intelligence,Beginner,3.64,2025-03-23,0.0
U01531,CR00039,Project Planning,Project Management,Advanced,1.23,2025-03-03,346.71
U01531,CR00006,Graphic Design Basics,Design,Advanced,2.72,2025-02-22,276.37
U01531,CR00037,Scrum Essentials,Project Management,Intermediate,3.45,2025-01-10,0.0
U01532,CR00023,Machine Learning Fundamentals,Data Science,Intermediate,3.02,2025-01-26,0.0
U01533,CR00041,Financial Accounting,Finance,Beginner,2.47,2025-11-17,53.86
U01533,CR00055,Full-Stack Web Development,Web Development,Advanced,4.74,2025-05-08,57.32
U01533,CR00009,Web Design Fundamentals,Design,Beginner,4.51,2025-02-24,0.0
U01534,CR00035,Cyber Threat Intelligence,Cybersecurity,Beginner,4.94,2025-03-19,0.0
U01535,CR00049,Deep Learning,Artificial Intelligence,Intermediate,3.11,2025-07-30,415.51
U01535,CR00051,HTML & CSS,Web Development,Advanced,1.3,2025-05-21,37.89
U01535,CR00050,Computer Vision,Artificial Intelligence,Beginner,4.55,2025-03-16,490.9
U01535,CR00037,Scrum Essentials,Project Management,Intermediate,3.45,2025-02-07,0.0
U01536,CR00056,Google Ads Mastery,Digital Marketing,Advanced,3.15,2025-12-11,212.39
U01536,CR00012,Business Strategy,Business,Advanced,3.64,2025-12-06,487.92
U01536,CR00014,Sales Mastery,Business,Advanced,3.15,2025-11-08,0.0
U01536,CR00017,SEO Mastery,Marketing,Advanced,4.79,2025-11-05,0.0
U01536,CR00034,Data Encryption,Cybersecurity,Intermediate,1.35,2025-09-06,394.26
U01536,CR00049,Deep Learning,Artificial Intelligence,Intermediate,3.11,2025-08-10,415.51
U01536,CR00003,C++ for Beginners,Programming,Beginner,3.85,2025-08-03,0.0
U01536,CR00046,AI for Beginners,Artificial Intelligence,Beginner,1.2,2025-06-24,248.1
U01536,CR00037,Scrum Essentials,Project Management,Intermediate,3.45,2025-06-23,0.0
U01536,CR00036,Agile Project Management,Project Management,Beginner,4.68,2025-04-24,0.0
U01536,CR00059,Affiliate Marketing,Digital Marketing,Intermediate,4.66,2025-03-13,0.0
U01536,CR00045,Financial Modeling,Finance,Advanced,1.59,2025-02-14,0.0
U01537,CR00049,Deep Learning,Artificial Intelligence,Intermediate,3.11,2025-12-11,415.51
U01537,CR00001,Python Basics,Programming,Beginner,4.74,2025-08-10,472.28
U01537,CR00023,Machine Learning Fundamentals,Data Science,Intermediate,3.02,2025-05-10,0.0
U01538,CR00049,Deep Learning,Artificial Intelligence,Intermediate,3.11,2025-12-10,415.51
U01539,CR00026,Intro to Machine Learning,Machine Learning,Intermediate,4.73,2025-03-04,0.0
U01540,CR00035,Cyber Threat Intelligence,Cybersecurity,Beginner,4.94,2025-12-07,0.0
U01541,CR00051,HTML & CSS,Web Development,Advanced,1.3,2025-11-23,37.89
U01541,CR00039,Project Planning,Project Management,Advanced,1.23,2025-09-18,346.71
U01541,CR00027,Neural Networks,Machine Learning,Advanced,1.81,2025-08-13,0.0
U01541,CR00025,Statistical Analysis,Data Science,Beginner,3.74,2025-01-30,299.57
U01542,CR00057,SEO for E-commerce,Digital Marketing,Advanced,3.89,2025-07-27,177.34
U01543,CR00041,Financial Accounting,Finance,Beginner,2.47,2025-11-21,53.86
U01543,CR00047,Natural Language Processing,Artificial Intelligence,Intermediate,2.68,2025-11-11,89.59
U01543,CR00053,React for Beginners,Web Development,Advanced,2.67,2025-10-02,0.0
U01543,CR00032,Ethical Hacking,Cybersecurity,Advanced,2.38,2025-07-21,0.0
U01543,CR00011,Entrepreneurship 101,Business,Intermediate,2.69,2025-07-19,326.02
U01543,CR00044,Personal Finance,Finance,Intermediate,2.75,2025-07-18,119.04
U01543,CR00037,Scrum Essentials,Project Management,Intermediate,3.45,2025-07-10,0.0
U01543,CR00030,Reinforcement Learning,Machine Learning,Intermediate,1.73,2025-06-22,0.0
U01543,CR00001,Python Basics,Programming,Beginner,4.74,2025-05-11,472.28
U01543,CR00021,Data Analysis with Python,Data Science,Intermediate,3.6,2025-05-03,0.0
U01543,CR00003,C++ for Beginners,Programming,Beginner,3.85,2025-04-17,0.0
U01543,CR00012,Business Strategy,Business,Advanced,3.64,2025-04-03,487.92
U01543,CR00025,Statistical Analysis,Data Science,Beginner,3.74,2025-03-06,299.57
U01543,CR00048,AI Ethics,Artificial Intelligence,Beginner,3.64,2025-02-24,0.0
U01543,CR00060,Content Creation,Digital Marketing,Beginner,2.14,2025-02-17,0.0
U01543,CR00042,Investment Strategies,Finance,Intermediate,4.1,2025-01-24,0.0
U01544,CR00044,Personal Finance,Finance,Intermediate,2.75,2025-07-15,119.04
U01545,CR00052,JavaScript Mastery,Web Development,Beginner,2.2,2025-12-08,0.0
U01546,CR00048,AI Ethics,Artificial Intelligence,Beginner,3.64,2025-05-08,0.0
U01547,CR00027,Neural Networks,Machine Learning,Advanced,1.81,2025-11-22,0.0
U01547,CR00008,Photoshop Mastery,Design,Advanced,1.52,2025-03-09,0.0
U01548,CR00004,Advanced Python,Programming,Beginner,2.88,2025-08-13,0.0
U01549,CR00060,Content Creation,Digital Marketing,Beginner,2.14,2025-06-04,0.0
U01550,CR00030,Reinforcement Learning,Machine Learning,Intermediate,1.73,2025-08-06,0.0
U01551,CR00019,Content Marketing,Marketing,Advanced,2.98,2025-08-26,0.0
U01552,CR00010,3D Modeling,Design,Advanced,4.45,2025-06-24,0.0
U01553,CR00027,Neural Networks,Machine Learning,Advanced,1.81,2025-12-30,0.0
U01553,CR00013,Finance for Startups,Business,Advanced,2.0,2025-12-24,0.0
U01553,CR00010,3D Modeling,Design,Advanced,4.45,2025-12-20,0.0
U01553,CR00056,Google Ads Mastery,Digital Marketing,Advanced,3.15,2025-09-03,212.39
U01553,CR00021,Data Analysis with Python,Data Science,Intermediate,3.6,2025-07-29,0.0
U01553,CR00005,Full Stack Development,Programming,Beginner,1.28,2025-07-04,0.0
U01553,CR00019,Content Marketing,Marketing,Advanced,2.98,2025-06-23,0.0
U01553,CR00014,Sales Mastery,Business,Advanced,3.15,2025-06-16,0.0
U01553,CR00023,Machine Learning Fundamentals,Data Science,Intermediate,3.02,2025-06-09,0.0
U01553,CR00029,Natural Language Processing,Machine Learning,Beginner,1.13,2025-06-01,0.0
U01553,CR00025,Statistical Analysis,Data Science,Beginner,3.74,2025-05-12,299.57
U01553,CR00044,Personal Finance,Finance,Intermediate,2.75,2025-03-14,119.04
U01553,CR00002,Java Programming,Programming,Intermediate,2.43,2025-02-26,0.0
U01553,CR00048,AI Ethics,Artificial Intelligence,Beginner,3.64,2025-02-16,0.0
U01553,CR00036,Agile Project Management,Project Management,Beginner,4.68,2025-01-20,0.0
U01554,CR00036,Agile Project Management,Project Management,Beginner,4.68,2025-09-24,0.0
U01554,CR00042,Investment Strategies,Finance,Intermediate,4.1,2025-09-22,0.0
U01554,CR00029,Natural Language Processing,Machine Learning,Beginner,1.13,2025-02-10,0.0
U01554,CR00033,Cybersecurity Fundamentals,Cybersecurity,Intermediate,3.93,2025-01-07,0.0
U01555,CR00022,Data Visualization,Data Science,Beginner,3.65,2025-04-01,0.0
U01556,CR00042,Investment Strategies,Finance,Intermediate,4.1,2025-05-24,0.0
U01556,CR00017,SEO Mastery,Marketing,Advanced,4.79,2025-02-04,0.0
U01557,CR00027,Neural Networks,Machine Learning,Advanced,1.81,2025-10-17,0.0
U01558,CR00055,Full-Stack Web Development,Web Development,Advanced,4.74,2025-11-05,57.32
U01559,CR00047,Natural Language Processing,Artificial Intelligence,Intermediate,2.68,2025-04-26,89.59
U01560,CR00021,Data Analysis with Python,Data Science,Intermediate,3.6,2025-12-17,0.0
U01561,CR00023,Machine Learning Fundamentals,Data Science,Intermediate,3.02,2025-05-13,0.0
U01562,CR00060,Content Creation,Digital Marketing,Beginner,2.14,2025-07-30,0.0
U01563,CR00042,Investment Strategies,Finance,Intermediate,4.1,2025-12-22,0.0
U01564,CR00039,Project Planning,Project Management,Advanced,1.23,2025-11-26,346.71
U01565,CR00056,Google Ads Mastery,Digital Marketing,Advanced,3.15,2025-01-29,212.39
U01566,CR00048,AI Ethics,Artificial Intelligence,Beginner,3.64,2025-08-20,0.0
U01567,CR00060,Content Creation,Digital Marketing,Beginner,2.14,2025-06-28,0.0
U01568,CR00013,Finance for Startups,Business,Advanced,2.0,2025-10-01,0.0
U01568,CR00042,Investment Strategies,Finance,Intermediate,4.1,2025-10-01,0.0
U01568,CR00049,Deep Learning,Artificial Intelligence,Intermediate,3.11,2025-01-09,415.51
U01569,CR00018,Social Media Marketing,Marketing,Advanced,2.01,2025-01-06,0.0
U01570,CR00011,Entrepreneurship 101,Business,Intermediate,2.69,2025-12-10,326.02
U01570,CR00043,Corporate Finance,Finance,Beginner,4.14,2025-06-04,0.0
U01571,CR00045,Financial Modeling,Finance,Advanced,1.59,2025-08-25,0.0
U01571,CR00032,Ethical Hacking,Cybersecurity,Advanced,2.38,2025-01-14,0.0
U01572,CR00041,Financial Accounting,Finance,Beginner,2.47,2025-07-02,53.86
U01573,CR00037,Scrum Essentials,Project Management,Intermediate,3.45,2025-09-26,0.0
U01573,CR00012,Business Strategy,Business,Advanced,3.64,2025-01-27,487.92
U01574,CR00039,Project Planning,Project Management,Advanced,1.23,2025-06-06,346.71
U01575,CR00003,C++ for Beginners,Programming,Beginner,3.85,2025-12-08,0.0
U01575,CR00050,Computer Vision,Artificial Intelligence,Beginner,4.55,2025-12-01,490.9
U01575,CR00028,Deep Learning,Machine Learning,Advanced,3.89,2025-10-08,0.78
U01575,CR00031,Network Security,Cybersecurity,Intermediate,1.91,2025-08-30,0.0
U01575,CR00022,Data Visualization,Data Science,Beginner,3.65,2025-08-11,0.0
U01575,CR00033,Cybersecurity Fundamentals,Cybersecurity,Intermediate,3.93,2025-08-04,0.0
U01575,CR00024,Big Data Analytics,Data Science,Advanced,2.57,2025-07-22,117.68
U01575,CR00051,HTML & CSS,Web Development,Advanced,1.3,2025-07-02,37.89
U01575,CR00025,Statistical Analysis,Data Science,Beginner,3.74,2025-06-28,299.57
U01575,CR00032,Ethical Hacking,Cybersecurity,Advanced,2.38,2025-05-09,0.0
U01575,CR00055,Full-Stack Web Development,Web Development,Advanced,4.74,2025-05-04,57.32
U01575,CR00015,Leadership Essentials,Business,Beginner,1.96,2025-03-19,285.05
U01575,CR00035,Cyber Threat Intelligence,Cybersecurity,Beginner,4.94,2025-01-20,0.0
U01576,CR00033,Cybersecurity Fundamentals,Cybersecurity,Intermediate,3.93,2025-09-21,0.0
U01576,CR00005,Full Stack Development,Programming,Beginner,1.28,2025-05-19,0.0
U01577,CR00008,Photoshop Mastery,Design,Advanced,1.52,2025-09-18,0.0
U01578,CR00022,Data Visualization,Data Science,Beginner,3.65,2025-12-25,0.0
U01578,CR00046,AI for Beginners,Artificial Intelligence,Beginner,1.2,2025-11-27,248.1
U01578,CR00041,Financial Accounting,Finance,Beginner,2.47,2025-10-28,53.86
U01578,CR00032,Ethical Hacking,Cybersecurity,Advanced,2.38,2025-09-06,0.0
U01578,CR00030,Reinforcement Learning,Machine Learning,Intermediate,1.73,2025-08-14,0.0
U01578,CR00011,Entrepreneurship 101,Business,Intermediate,2.69,2025-07-28,326.02
U01578,CR00044,Personal Finance,Finance,Intermediate,2.75,2025-06-24,119.04
U01578,CR00024,Big Data Analytics,Data Science,Advanced,2.57,2025-06-15,117.68
U01578,CR00033,Cybersecurity Fundamentals,Cybersecurity,Intermediate,3.93,2025-04-28,0.0
U01578,CR00002,Java Programming,Programming,Intermediate,2.43,2025-04-18,0.0
U01578,CR00057,SEO for E-commerce,Digital Marketing,Advanced,3.89,2025-04-18,177.34
U01578,CR00047,Natural Language Processing,Artificial Intelligence,Intermediate,2.68,2025-03-17,89.59
U01578,CR00006,Graphic Design Basics,Design,Advanced,2.72,2025-03-09,276.37
U01578,CR00037,Scrum Essentials,Project Management,Intermediate,3.45,2025-02-25,0.0
U01578,CR00026,Intro to Machine Learning,Machine Learning,Intermediate,4.73,2025-02-24,0.0
U01579,CR00045,Financial Modeling,Finance,Advanced,1.59,2025-06-04,0.0
U01580,CR00030,Reinforcement Learning,Machine Learning,Intermediate,1.73,2025-05-24,0.0
U01580,CR00034,Data Encryption,Cybersecurity,Intermediate,1.35,2025-01-19,394.26
U01581,CR00051,HTML & CSS,Web Development,Advanced,1.3,2025-06-09,37.89
U01581,CR00057,SEO for E-commerce,Digital Marketing,Advanced,3.89,2025-03-11,177.34
U01582,CR00020,Email Marketing,Marketing,Intermediate,4.11,2025-11-18,0.0
U01583,CR00037,Scrum Essentials,Project Management,Intermediate,3.45,2025-07-18,0.0
U01584,CR00058,Social Media Strategy,Digital Marketing,Beginner,4.44,2025-12-27,0.0
U01585,CR00025,Statistical Analysis,Data Science,Beginner,3.74,2025-10-10,299.57
U01585,CR00035,Cyber Threat Intelligence,Cybersecurity,Beginner,4.94,2025-09-28,0.0
U01585,CR00003,C++ for Beginners,Programming,Beginner,3.85,2025-08-04,0.0
U01585,CR00028,Deep Learning,Machine Learning,Advanced,3.89,2025-07-05,0.78
U01585,CR00059,Affiliate Marketing,Digital Marketing,Intermediate,4.66,2025-05-06,0.0
U01585,CR00043,Corporate Finance,Finance,Beginner,4.14,2025-05-01,0.0
U01585,CR00002,Java Programming,Programming,Intermediate,2.43,2025-03-01,0.0
U01585,CR00044,Personal Finance,Finance,Intermediate,2.75,2025-02-17,119.04
U01585,CR00001,Python Basics,Programming,Beginner,4.74,2025-02-05,472.28
U01585,CR00045,Financial Modeling,Finance,Advanced,1.59,2025-01-30,0.0
U01585,CR00029,Natural Language Processing,Machine Learning,Beginner,1.13,2025-01-22,0.0
U01586,CR00030,Reinforcement Learning,Machine Learning,Intermediate,1.73,2025-12-14,0.0
U01586,CR00027,Neural Networks,Machine Learning,Advanced,1.81,2025-12-10,0.0
U01586,CR00023,Machine Learning Fundamentals,Data Science,Intermediate,3.02,2025-10-16,0.0
U01586,CR00052,JavaScript Mastery,Web Development,Beginner,2.2,2025-08-13,0.0
U01586,CR00039,Project Planning,Project Management,Advanced,1.23,2025-08-12,346.71
U01586,CR00029,Natural Language Processing,Machine Learning,Beginner,1.13,2025-08-12,0.0
U01586,CR00035,Cyber Threat Intelligence,Cybersecurity,Beginner,4.94,2025-08-04,0.0
U01586,CR00015,Leadership Essentials,Business,Beginner,1.96,2025-07-27,285.05
U01586,CR00017,SEO Mastery,Marketing,Advanced,4.79,2025-07-16,0.0
U01586,CR00047,Natural Language Processing,Artificial Intelligence,Intermediate,2.68,2025-04-15,89.59
U01586,CR00036,Agile Project Management,Project Management,Beginner,4.68,2025-03-15,0.0
U01586,CR00022,Data Visualization,Data Science,Beginner,3.65,2025-01-30,0.0
U01586,CR00001,Python Basics,Programming,Beginner,4.74,2025-01-24,472.28
U01586,CR00048,AI Ethics,Artificial Intelligence,Beginner,3.64,2025-01-23,0.0
U01587,CR00033,Cybersecurity Fundamentals,Cybersecurity,Intermediate,3.93,2025-10-07,0.0
U01587,CR00051,HTML & CSS,Web Development,Advanced,1.3,2025-09-20,37.89
U01588,CR00037,Scrum Essentials,Project Management,Intermediate,3.45,2025-02-15,0.0
U01589,CR00035,Cyber Threat Intelligence,Cybersecurity,Beginner,4.94,2025-03-18,0.0
U01590,CR00036,Agile Project Management,Project Management,Beginner,4.68,2025-02-05,0.0
U01591,CR00048,AI Ethics,Artificial Intelligence,Beginner,3.64,2025-12-01,0.0
U01591,CR00032,Ethical Hacking,Cybersecurity,Advanced,2.38,2025-08-10,0.0
U01592,CR00054,Backend Development with Node.js,Web Development,Beginner,3.32,2025-10-06,0.0
U01592,CR00060,Content Creation,Digital Marketing,Beginner,2.14,2025-09-11,0.0
U01592,CR00031,Network Security,Cybersecurity,Intermediate,1.91,2025-09-04,0.0
U01592,CR00027,Neural Networks,Machine Learning,Advanced,1.81,2025-08-21,0.0
U01593,CR00058,Social Media Strategy,Digital Marketing,Beginner,4.44,2025-11-04,0.0
U01594,CR00051,HTML & CSS,Web Development,Advanced,1.3,2025-08-19,37.89
U01595,CR00049,Deep Learning,Artificial Intelligence,Intermediate,3.11,2025-12-09,415.51
U01595,CR00057,SEO for E-commerce,Digital Marketing,Advanced,3.89,2025-07-23,177.34
U01596,CR00029,Natural Language Processing,Machine Learning,Beginner,1.13,2025-08-27,0.0
U01596,CR00022,Data Visualization,Data Science,Beginner,3.65,2025-05-02,0.0
U01597,CR00025,Statistical Analysis,Data Science,Beginner,3.74,2025-01-02,299.57
U01598,CR00054,Backend Development with Node.js,Web Development,Beginner,3.32,2025-11-27,0.0
U01599,CR00019,Content Marketing,Marketing,Advanced,2.98,2025-08-15,0.0
U01600,CR00011,Entrepreneurship 101,Business,Intermediate,2.69,2025-06-15,326.02
U01601,CR00039,Project Planning,Project Management,Advanced,1.23,2025-08-04,346.71
U01601,CR00009,Web Design Fundamentals,Design,Beginner,4.51,2025-07-02,0.0
U01602,CR00004,Advanced Python,Programming,Beginner,2.88,2025-12-01,0.0
U01602,CR00022,Data Visualization,Data Science,Beginner,3.65,2025-10-03,0.0
U01602,CR00042,Investment Strategies,Finance,Intermediate,4.1,2025-09-13,0.0
U01602,CR00027,Neural Networks,Machine Learning,Advanced,1.81,2025-07-21,0.0
U01602,CR00030,Reinforcement Learning,Machine Learning,Intermediate,1.73,2025-05-11,0.0
U01602,CR00032,Ethical Hacking,Cybersecurity,Advanced,2.38,2025-05-01,0.0
U01602,CR00007,UI/UX Design,Design,Advanced,2.61,2025-04-28,0.0
U01602,CR00038,Risk Management,Project Management,Intermediate,4.84,2025-04-27,342.61
U01602,CR00058,Social Media Strategy,Digital Marketing,Beginner,4.44,2025-04-19,0.0
U01602,CR00059,Affiliate Marketing,Digital Marketing,Intermediate,4.66,2025-03-14,0.0
U01602,CR00048,AI Ethics,Artificial Intelligence,Beginner,3.64,2025-03-13,0.0
U01602,CR00050,Computer Vision,Artificial Intelligence,Beginner,4.55,2025-03-02,490.9
U01602,CR00051,HTML & CSS,Web Development,Advanced,1.3,2025-01-24,37.89
U01603,CR00045,Financial Modeling,Finance,Advanced,1.59,2025-09-19,0.0
U01603,CR00047,Natural Language Processing,Artificial Intelligence,Intermediate,2.68,2025-03-15,89.59
U01604,CR00037,Scrum Essentials,Project Management,Intermediate,3.45,2025-02-10,0.0
U01605,CR00055,Full-Stack Web Development,Web Development,Advanced,4.74,2025-11-19,57.32
U01606,CR00039,Project Planning,Project Management,Advanced,1.23,2025-04-30,346.71
U01607,CR00047,Natural Language Processing,Artificial Intelligence,Intermediate,2.68,2025-01-12,89.59
U01608,CR00030,Reinforcement Learning,Machine Learning,Intermediate,1.73,2025-04-18,0.0
U01609,CR00052,JavaScript Mastery,Web Development,Beginner,2.2,2025-08-26,0.0
U01610,CR00018,Social Media Marketing,Marketing,Advanced,2.01,2025-12-15,0.0
U01611,CR00018,Social Media Marketing,Marketing,Advanced,2.01,2025-07-01,0.0
U01612,CR00030,Reinforcement Learning,Machine Learning,Intermediate,1.73,2025-02-28,0.0
U01613,CR00035,Cyber Threat Intelligence,Cybersecurity,Beginner,4.94,2025-03-30,0.0
U01614,CR00059,Affiliate Marketing,Digital Marketing,Intermediate,4.66,2025-12-25,0.0
U01615,CR00027,Neural Networks,Machine Learning,Advanced,1.81,2025-03-24,0.0
U01616,CR00054,Backend Development with Node.js,Web Development,Beginner,3.32,2025-03-10,0.0
U01617,CR00005,Full Stack Development,Programming,Beginner,1.28,2025-10-19,0.0
U01618,CR00041,Financial Accounting,Finance,Beginner,2.47,2025-12-07,53.86
U01618,CR00045,Financial Modeling,Finance,Advanced,1.59,2025-09-25,0.0
U01618,CR00046,AI for Beginners,Artificial Intelligence,Beginner,1.2,2025-09-22,248.1
U01618,CR00017,SEO Mastery,Marketing,Advanced,4.79,2025-09-19,0.0
U01618,CR00051,HTML & CSS,Web Development,Advanced,1.3,2025-09-15,37.89
U01618,CR00009,Web Design Fundamentals,Design,Beginner,4.51,2025-08-27,0.0
U01618,CR00016,Digital Marketing,Marketing,Intermediate,4.72,2025-08-22,0.0
U01618,CR00056,Google Ads Mastery,Digital Marketing,Advanced,3.15,2025-08-14,212.39
U01618,CR00026,Intro to Machine Learning,Machine Learning,Intermediate,4.73,2025-08-12,0.0
U01618,CR00020,Email Marketing,Marketing,Intermediate,4.11,2025-03-29,0.0
U01618,CR00052,JavaScript Mastery,Web Development,Beginner,2.2,2025-03-11,0.0
U01618,CR00039,Project Planning,Project Management,Advanced,1.23,2025-02-18,346.71
U01618,CR00036,Agile Project Management,Project Management,Beginner,4.68,2025-02-13,0.0
U01619,CR00050,Computer Vision,Artificial Intelligence,Beginner,4.55,2025-05-15,490.9
U01620,CR00058,Social Media Strategy,Digital Marketing,Beginner,4.44,2025-06-20,0.0
U01621,CR00013,Finance for Startups,Business,Advanced,2.0,2025-05-09,0.0
U01621,CR00027,Neural Networks,Machine Learning,Advanced,1.81,2025-01-15,0.0
U01622,CR00028,Deep Learning,Machine Learning,Advanced,3.89,2025-03-01,0.78
U01623,CR00060,Content Creation,Digital Marketing,Beginner,2.14,2025-12-09,0.0
U01624,CR00059,Affiliate Marketing,Digital Marketing,Intermediate,4.66,2025-12-29,0.0
U01624,CR00049,Deep Learning,Artificial Intelligence,Intermediate,3.11,2025-12-15,415.51
U01624,CR00024,Big Data Analytics,Data Science,Advanced,2.57,2025-11-05,117.68
U01624,CR00006,Graphic Design Basics,Design,Advanced,2.72,2025-10-20,276.37
U01625,CR00036,Agile Project Management,Project Management,Beginner,4.68,2025-10-30,0.0
U01625,CR00034,Data Encryption,Cybersecurity,Intermediate,1.35,2025-10-26,394.26
U01625,CR00021,Data Analysis with Python,Data Science,Intermediate,3.6,2025-08-09,0.0
U01626,CR00043,Corporate Finance,Finance,Beginner,4.14,2025-08-19,0.0
U01627,CR00005,Full Stack Development,Programming,Beginner,1.28,2025-12-18,0.0
U01627,CR00044,Personal Finance,Finance,Intermediate,2.75,2025-12-12,119.04
U01627,CR00054,Backend Development with Node.js,Web Development,Beginner,3.32,2025-12-09,0.0
U01627,CR00042,Investment Strategies,Finance,Intermediate,4.1,2025-11-20,0.0
U01627,CR00040,Leadership in Projects,Project Management,Beginner,1.51,2025-10-17,327.99
U01627,CR00030,Reinforcement Learning,Machine Learning,Intermediate,1.73,2025-09-27,0.0
U01627,CR00035,Cyber Threat Intelligence,Cybersecurity,Beginner,4.94,2025-08-14,0.0
U01627,CR00008,Photoshop Mastery,Design,Advanced,1.52,2025-07-22,0.0
U01627,CR00007,UI/UX Design,Design,Advanced,2.61,2025-07-20,0.0
U01627,CR00021,Data Analysis with Python,Data Science,Intermediate,3.6,2025-06-07,0.0
U01627,CR00015,Leadership Essentials,Business,Beginner,1.96,2025-05-09,285.05
U01627,CR00033,Cybersecurity Fundamentals,Cybersecurity,Intermediate,3.93,2025-05-06,0.0
U01627,CR00028,Deep Learning,Machine Learning,Advanced,3.89,2025-01-14,0.78
U01628,CR00015,Leadership Essentials,Business,Beginner,1.96,2025-12-08,285.05
U01628,CR00047,Natural Language Processing,Artificial Intelligence,Intermediate,2.68,2025-12-04,89.59
U01628,CR00012,Business Strategy,Business,Advanced,3.64,2025-11-18,487.92
U01628,CR00030,Reinforcement Learning,Machine Learning,Intermediate,1.73,2025-10-25,0.0
U01628,CR00037,Scrum Essentials,Project Management,Intermediate,3.45,2025-10-15,0.0
U01628,CR00060,Content Creation,Digital Marketing,Beginner,2.14,2025-09-25,0.0
U01628,CR00018,Social Media Marketing,Marketing,Advanced,2.01,2025-09-01,0.0
U01628,CR00044,Personal Finance,Finance,Intermediate,2.75,2025-08-25,119.04
U01628,CR00045,Financial Modeling,Finance,Advanced,1.59,2025-08-19,0.0
U01628,CR00039,Project Planning,Project Management,Advanced,1.23,2025-08-08,346.71
U01628,CR00013,Finance for Startups,Business,Advanced,2.0,2025-05-09,0.0
U01628,CR00017,SEO Mastery,Marketing,Advanced,4.79,2025-03-25,0.0
U01628,CR00058,Social Media Strategy,Digital Marketing,Beginner,4.44,2025-03-10,0.0
U01628,CR00046,AI for Beginners,Artificial Intelligence,Beginner,1.2,2025-03-08,248.1
U01629,CR00041,Financial Accounting,Finance,Beginner,2.47,2025-01-29,53.86
U01630,CR00023,Machine Learning Fundamentals,Data Science,Intermediate,3.02,2025-10-23,0.0
U01631,CR00008,Photoshop Mastery,Design,Advanced,1.52,2025-10-17,0.0
U01631,CR00034,Data Encryption,Cybersecurity,Intermediate,1.35,2025-05-06,394.26
U01632,CR00033,Cybersecurity Fundamentals,Cybersecurity,Intermediate,3.93,2025-04-16,0.0
U01633,CR00036,Agile Project Management,Project Management,Beginner,4.68,2025-07-11,0.0
U01634,CR00023,Machine Learning Fundamentals,Data Science,Intermediate,3.02,2025-12-02,0.0
U01635,CR00023,Machine Learning Fundamentals,Data Science,Intermediate,3.02,2025-12-25,0.0
U01635,CR00041,Financial Accounting,Finance,Beginner,2.47,2025-12-24,53.86
U01635,CR00016,Digital Marketing,Marketing,Intermediate,4.72,2025-11-24,0.0
U01635,CR00009,Web Design Fundamentals,Design,Beginner,4.51,2025-11-17,0.0
U01635,CR00060,Content Creation,Digital Marketing,Beginner,2.14,2025-10-20,0.0
U01635,CR00053,React for Beginners,Web Development,Advanced,2.67,2025-10-13,0.0
U01635,CR00048,AI Ethics,Artificial Intelligence,Beginner,3.64,2025-09-08,0.0
U01635,CR00014,Sales Mastery,Business,Advanced,3.15,2025-09-08,0.0
U01635,CR00019,Content Marketing,Marketing,Advanced,2.98,2025-08-08,0.0
U01635,CR00057,SEO for E-commerce,Digital Marketing,Advanced,3.89,2025-08-05,177.34
U01635,CR00024,Big Data Analytics,Data Science,Advanced,2.57,2025-07-25,117.68
U01635,CR00034,Data Encryption,Cybersecurity,Intermediate,1.35,2025-06-20,394.26
U01635,CR00008,Photoshop Mastery,Design,Advanced,1.52,2025-05-13,0.0
U01635,CR00013,Finance for Startups,Business,Advanced,2.0,2025-03-19,0.0
U01636,CR00010,3D Modeling,Design,Advanced,4.45,2025-05-09,0.0
U01637,CR00044,Personal Finance,Finance,Intermediate,2.75,2025-10-06,119.04
U01637,CR00060,Content Creation,Digital Marketing,Beginner,2.14,2025-09-24,0.0
U01637,CR00054,Backend Development with Node.js,Web Development,Beginner,3.32,2025-09-16,0.0
U01637,CR00017,SEO Mastery,Marketing,Advanced,4.79,2025-08-28,0.0
U01637,CR00055,Full-Stack Web Development,Web Development,Advanced,4.74,2025-08-25,57.32
U01637,CR00035,Cyber Threat Intelligence,Cybersecurity,Beginner,4.94,2025-07-28,0.0
U01637,CR00001,Python Basics,Programming,Beginner,4.74,2025-07-10,472.28
U01637,CR00040,Leadership in Projects,Project Management,Beginner,1.51,2025-06-11,327.99
U01637,CR00043,Corporate Finance,Finance,Beginner,4.14,2025-05-30,0.0
U01637,CR00046,AI for Beginners,Artificial Intelligence,Beginner,1.2,2025-05-06,248.1
U01637,CR00026,Intro to Machine Learning,Machine Learning,Intermediate,4.73,2025-03-26,0.0
U01637,CR00058,Social Media Strategy,Digital Marketing,Beginner,4.44,2025-02-14,0.0
U01637,CR00038,Risk Management,Project Management,Intermediate,4.84,2025-02-09,342.61
U01638,CR00052,JavaScript Mastery,Web Development,Beginner,2.2,2025-08-26,0.0
U01639,CR00002,Java Programming,Programming,Intermediate,2.43,2025-01-08,0.0
U01640,CR00016,Digital Marketing,Marketing,Intermediate,4.72,2025-07-29,0.0
U01641,CR00042,Investment Strategies,Finance,Intermediate,4.1,2025-05-10,0.0
U01642,CR00022,Data Visualization,Data Science,Beginner,3.65,2025-05-18,0.0
U01643,CR00047,Natural Language Processing,Artificial Intelligence,Intermediate,2.68,2025-12-28,89.59
U01644,CR00013,Finance for Startups,Business,Advanced,2.0,2025-11-02,0.0
U01644,CR00012,Business Strategy,Business,Advanced,3.64,2025-09-24,487.92
U01644,CR00035,Cyber Threat Intelligence,Cybersecurity,Beginner,4.94,2025-03-27,0.0
U01645,CR00028,Deep Learning,Machine Learning,Advanced,3.89,2025-12-20,0.78
U01645,CR00020,Email Marketing,Marketing,Intermediate,4.11,2025-06-28,0.0
U01645,CR00013,Finance for Startups,Business,Advanced,2.0,2025-04-02,0.0
U01646,CR00002,Java Programming,Programming,Intermediate,2.43,2025-05-09,0.0
U01647,CR00058,Social Media Strategy,Digital Marketing,Beginner,4.44,2025-12-15,0.0
U01647,CR00035,Cyber Threat Intelligence,Cybersecurity,Beginner,4.94,2025-12-10,0.0
U01647,CR00032,Ethical Hacking,Cybersecurity,Advanced,2.38,2025-12-05,0.0
U01647,CR00034,Data Encryption,Cybersecurity,Intermediate,1.35,2025-09-30,394.26
U01647,CR00049,Deep Learning,Artificial Intelligence,Intermediate,3.11,2025-09-06,415.51
U01647,CR00037,Scrum Essentials,Project Management,Intermediate,3.45,2025-09-02,0.0
U01647,CR00052,JavaScript Mastery,Web Development,Beginner,2.2,2025-09-01,0.0
U01647,CR00017,SEO Mastery,Marketing,Advanced,4.79,2025-08-17,0.0
U01647,CR00021,Data Analysis with Python,Data Science,Intermediate,3.6,2025-08-11,0.0
U01647,CR00033,Cybersecurity Fundamentals,Cybersecurity,Intermediate,3.93,2025-08-02,0.0
U01647,CR00012,Business Strategy,Business,Advanced,3.64,2025-04-27,487.92
U01647,CR00048,AI Ethics,Artificial Intelligence,Beginner,3.64,2025-02-05,0.0
U01647,CR00043,Corporate Finance,Finance,Beginner,4.14,2025-01-25,0.0
U01648,CR00032,Ethical Hacking,Cybersecurity,Advanced,2.38,2025-11-26,0.0
U01648,CR00029,Natural Language Processing,Machine Learning,Beginner,1.13,2025-09-17,0.0
U01648,CR00028,Deep Learning,Machine Learning,Advanced,3.89,2025-06-26,0.78
U01648,CR00024,Big Data Analytics,Data Science,Advanced,2.57,2025-05-06,117.68
U01649,CR00011,Entrepreneurship 101,Business,Intermediate,2.69,2025-12-15,326.02
U01649,CR00037,Scrum Essentials,Project Management,Intermediate,3.45,2025-12-09,0.0
U01649,CR00007,UI/UX Design,Design,Advanced,2.61,2025-12-09,0.0
U01649,CR00050,Computer Vision,Artificial Intelligence,Beginner,4.55,2025-10-25,490.9
U01649,CR00053,React for Beginners,Web Development,Advanced,2.67,2025-09-20,0.0
U01649,CR00014,Sales Mastery,Business,Advanced,3.15,2025-09-18,0.0
U01649,CR00002,Java Programming,Programming,Intermediate,2.43,2025-08-21,0.0
U01649,CR00046,AI for Beginners,Artificial Intelligence,Beginner,1.2,2025-08-17,248.1
U01649,CR00040,Leadership in Projects,Project Management,Beginner,1.51,2025-07-24,327.99
U01649,CR00031,Network Security,Cybersecurity,Intermediate,1.91,2025-06-15,0.0
U01649,CR00049,Deep Learning,Artificial Intelligence,Intermediate,3.11,2025-05-26,415.51
U01649,CR00038,Risk Management,Project Management,Intermediate,4.84,2025-01-24,342.61
U01649,CR00019,Content Marketing,Marketing,Advanced,2.98,2025-01-01,0.0
U01650,CR00027,Neural Networks,Machine Learning,Advanced,1.81,2025-01-01,0.0
U01651,CR00056,Google Ads Mastery,Digital Marketing,Advanced,3.15,2025-01-24,212.39
U01652,CR00033,Cybersecurity Fundamentals,Cybersecurity,Intermediate,3.93,2025-10-09,0.0
U01652,CR00040,Leadership in Projects,Project Management,Beginner,1.51,2025-02-16,327.99
U01653,CR00007,UI/UX Design,Design,Advanced,2.61,2025-10-03,0.0
U01654,CR00049,Deep Learning,Artificial Intelligence,Intermediate,3.11,2025-11-02,415.51
U01654,CR00010,3D Modeling,Design,Advanced,4.45,2025-10-08,0.0
U01654,CR00001,Python Basics,Programming,Beginner,4.74,2025-09-07,472.28
U01654,CR00002,Java Programming,Programming,Intermediate,2.43,2025-09-06,0.0
U01654,CR00004,Advanced Python,Programming,Beginner,2.88,2025-09-05,0.0
U01654,CR00028,Deep Learning,Machine Learning,Advanced,3.89,2025-08-21,0.78
U01654,CR00032,Ethical Hacking,Cybersecurity,Advanced,2.38,2025-07-17,0.0
U01654,CR00007,UI/UX Design,Design,Advanced,2.61,2025-03-15,0.0
U01654,CR00050,Computer Vision,Artificial Intelligence,Beginner,4.55,2025-03-07,490.9
U01654,CR00013,Finance for Startups,Business,Advanced,2.0,2025-03-03,0.0
U01654,CR00056,Google Ads Mastery,Digital Marketing,Advanced,3.15,2025-02-16,212.39
U01654,CR00012,Business Strategy,Business,Advanced,3.64,2025-02-07,487.92
U01654,CR00015,Leadership Essentials,Business,Beginner,1.96,2025-01-16,285.05
U01654,CR00022,Data Visualization,Data Science,Beginner,3.65,2025-01-14,0.0
U01654,CR00039,Project Planning,Project Management,Advanced,1.23,2025-01-07,346.71
U01655,CR00027,Neural Networks,Machine Learning,Advanced,1.81,2025-12-03,0.0
U01656,CR00010,3D Modeling,Design,Advanced,4.45,2025-12-03,0.0
U01656,CR00004,Advanced Python,Programming,Beginner,2.88,2025-10-07,0.0
U01656,CR00057,SEO for E-commerce,Digital Marketing,Advanced,3.89,2025-08-08,177.34
U01656,CR00032,Ethical Hacking,Cybersecurity,Advanced,2.38,2025-07-06,0.0
U01656,CR00011,Entrepreneurship 101,Business,Intermediate,2.69,2025-06-15,326.02
U01656,CR00049,Deep Learning,Artificial Intelligence,Intermediate,3.11,2025-05-28,415.51
U01656,CR00014,Sales Mastery,Business,Advanced,3.15,2025-05-25,0.0
U01656,CR00052,JavaScript Mastery,Web Development,Beginner,2.2,2025-05-23,0.0
U01656,CR00031,Network Security,Cybersecurity,Intermediate,1.91,2025-04-21,0.0
U01656,CR00035,Cyber Threat Intelligence,Cybersecurity,Beginner,4.94,2025-02-12,0.0
U01656,CR00018,Social Media Marketing,Marketing,Advanced,2.01,2025-02-08,0.0
U01656,CR00033,Cybersecurity Fundamentals,Cybersecurity,Intermediate,3.93,2025-01-15,0.0
U01657,CR00022,Data Visualization,Data Science,Beginner,3.65,2025-01-01,0.0
U01658,CR00057,SEO for E-commerce,Digital Marketing,Advanced,3.89,2025-09-12,177.34
U01659,CR00056,Google Ads Mastery,Digital Marketing,Advanced,3.15,2025-11-24,212.39
U01659,CR00040,Leadership in Projects,Project Management,Beginner,1.51,2025-07-18,327.99
U01659,CR00036,Agile Project Management,Project Management,Beginner,4.68,2025-01-17,0.0
U01660,CR00055,Full-Stack Web Development,Web Development,Advanced,4.74,2025-10-07,57.32
U01660,CR00051,HTML & CSS,Web Development,Advanced,1.3,2025-04-16,37.89
U01661,CR00054,Backend Development with Node.js,Web Development,Beginner,3.32,2025-10-10,0.0
U01662,CR00042,Investment Strategies,Finance,Intermediate,4.1,2025-12-21,0.0
U01662,CR00049,Deep Learning,Artificial Intelligence,Intermediate,3.11,2025-12-18,415.51
U01662,CR00019,Content Marketing,Marketing,Advanced,2.98,2025-11-20,0.0
U01662,CR00025,Statistical Analysis,Data Science,Beginner,3.74,2025-09-07,299.57
U01662,CR00054,Backend Development with Node.js,Web Development,Beginner,3.32,2025-07-24,0.0
U01662,CR00045,Financial Modeling,Finance,Advanced,1.59,2025-07-04,0.0
U01662,CR00034,Data Encryption,Cybersecurity,Intermediate,1.35,2025-06-28,394.26
U01662,CR00044,Personal Finance,Finance,Intermediate,2.75,2025-06-07,119.04
U01662,CR00020,Email Marketing,Marketing,Intermediate,4.11,2025-05-16,0.0
U01662,CR00036,Agile Project Management,Project Management,Beginner,4.68,2025-05-03,0.0
U01662,CR00018,Social Media Marketing,Marketing,Advanced,2.01,2025-04-21,0.0
U01662,CR00057,SEO for E-commerce,Digital Marketing,Advanced,3.89,2025-03-15,177.34
U01662,CR00006,Graphic Design Basics,Design,Advanced,2.72,2025-03-13,276.37
U01662,CR00001,Python Basics,Programming,Beginner,4.74,2025-02-12,472.28
U01662,CR00009,Web Design Fundamentals,Design,Beginner,4.51,2025-01-26,0.0
U01663,CR00016,Digital Marketing,Marketing,Intermediate,4.72,2025-04-25,0.0
U01663,CR00005,Full Stack Development,Programming,Beginner,1.28,2025-03-18,0.0
U01664,CR00023,Machine Learning Fundamentals,Data Science,Intermediate,3.02,2025-12-11,0.0
U01664,CR00049,Deep Learning,Artificial Intelligence,Intermediate,3.11,2025-11-05,415.51
U01665,CR00021,Data Analysis with Python,Data Science,Intermediate,3.6,2025-09-22,0.0
U01665,CR00058,Social Media Strategy,Digital Marketing,Beginner,4.44,2025-09-12,0.0
U01665,CR00022,Data Visualization,Data Science,Beginner,3.65,2025-02-11,0.0
U01665,CR00043,Corporate Finance,Finance,Beginner,4.14,2025-02-11,0.0
U01666,CR00007,UI/UX Design,Design,Advanced,2.61,2025-12-13,0.0
U01666,CR00021,Data Analysis with Python,Data Science,Intermediate,3.6,2025-12-09,0.0
U01666,CR00056,Google Ads Mastery,Digital Marketing,Advanced,3.15,2025-10-04,212.39
U01666,CR00041,Financial Accounting,Finance,Beginner,2.47,2025-08-15,53.86
U01666,CR00048,AI Ethics,Artificial Intelligence,Beginner,3.64,2025-07-09,0.0
U01666,CR00051,HTML & CSS,Web Development,Advanced,1.3,2025-07-09,37.89
U01666,CR00010,3D Modeling,Design,Advanced,4.45,2025-06-25,0.0
U01666,CR00058,Social Media Strategy,Digital Marketing,Beginner,4.44,2025-06-17,0.0
U01666,CR00032,Ethical Hacking,Cybersecurity,Advanced,2.38,2025-05-29,0.0
U01666,CR00018,Social Media Marketing,Marketing,Advanced,2.01,2025-05-19,0.0
U01666,CR00060,Content Creation,Digital Marketing,Beginner,2.14,2025-04-04,0.0
U01666,CR00008,Photoshop Mastery,Design,Advanced,1.52,2025-03-25,0.0
U01666,CR00015,Leadership Essentials,Business,Beginner,1.96,2025-01-16,285.05
U01666,CR00054,Backend Development with Node.js,Web Development,Beginner,3.32,2025-01-10,0.0
U01667,CR00045,Financial Modeling,Finance,Advanced,1.59,2025-08-01,0.0
U01668,CR00029,Natural Language Processing,Machine Learning,Beginner,1.13,2025-08-09,0.0
U01669,CR00036,Agile Project Management,Project Management,Beginner,4.68,2025-09-15,0.0
U01669,CR00041,Financial Accounting,Finance,Beginner,2.47,2025-09-14,53.86
U01670,CR00054,Backend Development with Node.js,Web Development,Beginner,3.32,2025-10-21,0.0
U01671,CR00043,Corporate Finance,Finance,Beginner,4.14,2025-12-19,0.0
U01671,CR00058,Social Media Strategy,Digital Marketing,Beginner,4.44,2025-10-07,0.0
U01671,CR00041,Financial Accounting,Finance,Beginner,2.47,2025-09-24,53.86
U01671,CR00015,Leadership Essentials,Business,Beginner,1.96,2025-09-11,285.05
U01671,CR00024,Big Data Analytics,Data Science,Advanced,2.57,2025-09-05,117.68
U01671,CR00029,Natural Language Processing,Machine Learning,Beginner,1.13,2025-09-02,0.0
U01671,CR00005,Full Stack Development,Programming,Beginner,1.28,2025-06-17,0.0
U01671,CR00048,AI Ethics,Artificial Intelligence,Beginner,3.64,2025-06-10,0.0
U01671,CR00011,Entrepreneurship 101,Business,Intermediate,2.69,2025-04-30,326.02
U01671,CR00018,Social Media Marketing,Marketing,Advanced,2.01,2025-04-28,0.0
U01671,CR00045,Financial Modeling,Finance,Advanced,1.59,2025-04-06,0.0
U01671,CR00055,Full-Stack Web Development,Web Development,Advanced,4.74,2025-02-16,57.32
U01671,CR00042,Investment Strategies,Finance,Intermediate,4.1,2025-02-07,0.0
U01671,CR00033,Cybersecurity Fundamentals,Cybersecurity,Intermediate,3.93,2025-02-02,0.0
U01671,CR00022,Data Visualization,Data Science,Beginner,3.65,2025-01-10,0.0
U01672,CR00009,Web Design Fundamentals,Design,Beginner,4.51,2025-01-17,0.0
U01673,CR00030,Reinforcement Learning,Machine Learning,Intermediate,1.73,2025-07-23,0.0
U01674,CR00033,Cybersecurity Fundamentals,Cybersecurity,Intermediate,3.93,2025-11-26,0.0
U01674,CR00050,Computer Vision,Artificial Intelligence,Beginner,4.55,2025-11-17,490.9
U01674,CR00045,Financial Modeling,Finance,Advanced,1.59,2025-09-27,0.0
U01674,CR00015,Leadership Essentials,Business,Beginner,1.96,2025-09-21,285.05
U01674,CR00017,SEO Mastery,Marketing,Advanced,4.79,2025-09-17,0.0
U01674,CR00009,Web Design Fundamentals,Design,Beginner,4.51,2025-09-13,0.0
U01674,CR00034,Data Encryption,Cybersecurity,Intermediate,1.35,2025-06-24,394.26
U01674,CR00023,Machine Learning Fundamentals,Data Science,Intermediate,3.02,2025-05-25,0.0
U01674,CR00029,Natural Language Processing,Machine Learning,Beginner,1.13,2025-05-14,0.0
U01674,CR00019,Content Marketing,Marketing,Advanced,2.98,2025-05-01,0.0
U01674,CR00032,Ethical Hacking,Cybersecurity,Advanced,2.38,2025-04-24,0.0
U01674,CR00030,Reinforcement Learning,Machine Learning,Intermediate,1.73,2025-04-01,0.0
U01674,CR00041,Financial Accounting,Finance,Beginner,2.47,2025-03-01,53.86
U01674,CR00058,Social Media Strategy,Digital Marketing,Beginner,4.44,2025-02-19,0.0
U01675,CR00034,Data Encryption,Cybersecurity,Intermediate,1.35,2025-08-26,394.26
U01676,CR00017,SEO Mastery,Marketing,Advanced,4.79,2025-09-27,0.0
U01677,CR00007,UI/UX Design,Design,Advanced,2.61,2025-10-13,0.0
U01677,CR00014,Sales Mastery,Business,Advanced,3.15,2025-03-07,0.0
U01678,CR00026,Intro to Machine Learning,Machine Learning,Intermediate,4.73,2025-07-23,0.0
U01679,CR00010,3D Modeling,Design,Advanced,4.45,2025-08-22,0.0
U01680,CR00013,Finance for Startups,Business,Advanced,2.0,2025-04-06,0.0
U01681,CR00037,Scrum Essentials,Project Management,Intermediate,3.45,2025-01-25,0.0
U01682,CR00054,Backend Development with Node.js,Web Development,Beginner,3.32,2025-11-02,0.0
U01682,CR00059,Affiliate Marketing,Digital Marketing,Intermediate,4.66,2025-08-05,0.0
U01683,CR00011,Entrepreneurship 101,Business,Intermediate,2.69,2025-10-06,326.02
U01684,CR00032,Ethical Hacking,Cybersecurity,Advanced,2.38,2025-07-24,0.0
U01684,CR00045,Financial Modeling,Finance,Advanced,1.59,2025-06-29,0.0
U01685,CR00030,Reinforcement Learning,Machine Learning,Intermediate,1.73,2025-06-26,0.0
U01686,CR00018,Social Media Marketing,Marketing,Advanced,2.01,2025-11-16,0.0
U01687,CR00019,Content Marketing,Marketing,Advanced,2.98,2025-09-17,0.0
U01687,CR00017,SEO Mastery,Marketing,Advanced,4.79,2025-06-09,0.0
U01688,CR00054,Backend Development with Node.js,Web Development,Beginner,3.32,2025-03-26,0.0
U01688,CR00019,Content Marketing,Marketing,Advanced,2.98,2025-01-15,0.0
U01689,CR00054,Backend Development with Node.js,Web Development,Beginner,3.32,2025-08-11,0.0
U01690,CR00043,Corporate Finance,Finance,Beginner,4.14,2025-09-16,0.0
U01690,CR00048,AI Ethics,Artificial Intelligence,Beginner,3.64,2025-05-24,0.0
U01690,CR00035,Cyber Threat Intelligence,Cybersecurity,Beginner,4.94,2025-02-23,0.0
U01690,CR00009,Web Design Fundamentals,Design,Beginner,4.51,2025-02-21,0.0
U01691,CR00051,HTML & CSS,Web Development,Advanced,1.3,2025-01-11,37.89
U01692,CR00055,Full-Stack Web Development,Web Development,Advanced,4.74,2025-12-29,57.32
U01692,CR00037,Scrum Essentials,Project Management,Intermediate,3.45,2025-11-15,0.0
U01692,CR00025,Statistical Analysis,Data Science,Beginner,3.74,2025-11-13,299.57
U01692,CR00026,Intro to Machine Learning,Machine Learning,Intermediate,4.73,2025-10-24,0.0
U01692,CR00058,Social Media Strategy,Digital Marketing,Beginner,4.44,2025-10-23,0.0
U01692,CR00027,Neural Networks,Machine Learning,Advanced,1.81,2025-10-22,0.0
U01692,CR00006,Graphic Design Basics,Design,Advanced,2.72,2025-10-18,276.37
U01692,CR00045,Financial Modeling,Finance,Advanced,1.59,2025-10-14,0.0
U01692,CR00003,C++ for Beginners,Programming,Beginner,3.85,2025-07-17,0.0
U01692,CR00050,Computer Vision,Artificial Intelligence,Beginner,4.55,2025-07-05,490.9
U01692,CR00014,Sales Mastery,Business,Advanced,3.15,2025-06-30,0.0
U01692,CR00046,AI for Beginners,Artificial Intelligence,Beginner,1.2,2025-03-15,248.1
U01693,CR00006,Graphic Design Basics,Design,Advanced,2.72,2025-08-11,276.37
U01693,CR00053,React for Beginners,Web Development,Advanced,2.67,2025-04-12,0.0
U01694,CR00038,Risk Management,Project Management,Intermediate,4.84,2025-04-10,342.61
U01695,CR00020,Email Marketing,Marketing,Intermediate,4.11,2025-11-26,0.0
U01695,CR00019,Content Marketing,Marketing,Advanced,2.98,2025-11-05,0.0
U01695,CR00001,Python Basics,Programming,Beginner,4.74,2025-10-23,472.28
U01695,CR00044,Personal Finance,Finance,Intermediate,2.75,2025-09-04,119.04
U01695,CR00006,Graphic Design Basics,Design,Advanced,2.72,2025-08-23,276.37
U01695,CR00026,Intro to Machine Learning,Machine Learning,Intermediate,4.73,2025-08-11,0.0
U01695,CR00015,Leadership Essentials,Business,Beginner,1.96,2025-07-13,285.05
U01695,CR00007,UI/UX Design,Design,Advanced,2.61,2025-07-03,0.0
U01695,CR00055,Full-Stack Web Development,Web Development,Advanced,4.74,2025-06-30,57.32
U01695,CR00008,Photoshop Mastery,Design,Advanced,1.52,2025-06-27,0.0
U01695,CR00046,AI for Beginners,Artificial Intelligence,Beginner,1.2,2025-06-22,248.1
U01695,CR00033,Cybersecurity Fundamentals,Cybersecurity,Intermediate,3.93,2025-04-24,0.0
U01695,CR00031,Network Security,Cybersecurity,Intermediate,1.91,2025-03-15,0.0
U01696,CR00040,Leadership in Projects,Project Management,Beginner,1.51,2025-10-23,327.99
U01696,CR00059,Affiliate Marketing,Digital Marketing,Intermediate,4.66,2025-09-17,0.0
U01697,CR00060,Content Creation,Digital Marketing,Beginner,2.14,2025-03-30,0.0
U01698,CR00029,Natural Language Processing,Machine Learning,Beginner,1.13,2025-09-11,0.0
U01699,CR00042,Investment Strategies,Finance,Intermediate,4.1,2025-02-19,0.0
U01700,CR00011,Entrepreneurship 101,Business,Intermediate,2.69,2025-11-28,326.02
U01701,CR00024,Big Data Analytics,Data Science,Advanced,2.57,2025-11-04,117.68
U01702,CR00033,Cybersecurity Fundamentals,Cybersecurity,Intermediate,3.93,2025-11-16,0.0
U01702,CR00052,JavaScript Mastery,Web Development,Beginner,2.2,2025-10-03,0.0
U01702,CR00060,Content Creation,Digital Marketing,Beginner,2.14,2025-10-03,0.0
U01702,CR00044,Personal Finance,Finance,Intermediate,2.75,2025-09-01,119.04
U01702,CR00014,Sales Mastery,Business,Advanced,3.15,2025-08-13,0.0
U01702,CR00021,Data Analysis with Python,Data Science,Intermediate,3.6,2025-07-05,0.0
U01702,CR00035,Cyber Threat Intelligence,Cybersecurity,Beginner,4.94,2025-06-09,0.0
U01702,CR00009,Web Design Fundamentals,Design,Beginner,4.51,2025-05-11,0.0
U01702,CR00056,Google Ads Mastery,Digital Marketing,Advanced,3.15,2025-04-18,212.39
U01702,CR00025,Statistical Analysis,Data Science,Beginner,3.74,2025-03-22,299.57
U01702,CR00017,SEO Mastery,Marketing,Advanced,4.79,2025-03-21,0.0
U01702,CR00008,Photoshop Mastery,Design,Advanced,1.52,2025-02-27,0.0
U01702,CR00011,Entrepreneurship 101,Business,Intermediate,2.69,2025-02-01,326.02
U01702,CR00054,Backend Development with Node.js,Web Development,Beginner,3.32,2025-01-19,0.0
U01703,CR00019,Content Marketing,Marketing,Advanced,2.98,2025-08-14,0.0
U01703,CR00012,Business Strategy,Business,Advanced,3.64,2025-07-24,487.92
U01703,CR00033,Cybersecurity Fundamentals,Cybersecurity,Intermediate,3.93,2025-02-09,0.0
U01704,CR00047,Natural Language Processing,Artificial Intelligence,Intermediate,2.68,2025-05-30,89.59
U01704,CR00035,Cyber Threat Intelligence,Cybersecurity,Beginner,4.94,2025-05-15,0.0
U01705,CR00001,Python Basics,Programming,Beginner,4.74,2025-02-04,472.28
U01706,CR00003,C++ for Beginners,Programming,Beginner,3.85,2025-09-28,0.0
U01707,CR00017,SEO Mastery,Marketing,Advanced,4.79,2025-09-15,0.0
U01707,CR00044,Personal Finance,Finance,Intermediate,2.75,2025-08-15,119.04
U01707,CR00035,Cyber Threat Intelligence,Cybersecurity,Beginner,4.94,2025-05-20,0.0
U01708,CR00022,Data Visualization,Data Science,Beginner,3.65,2025-11-14,0.0
U01708,CR00024,Big Data Analytics,Data Science,Advanced,2.57,2025-10-15,117.68
U01708,CR00041,Financial Accounting,Finance,Beginner,2.47,2025-10-08,53.86
U01708,CR00030,Reinforcement Learning,Machine Learning,Intermediate,1.73,2025-09-17,0.0
U01708,CR00006,Graphic Design Basics,Design,Advanced,2.72,2025-09-11,276.37
U01708,CR00037,Scrum Essentials,Project Management,Intermediate,3.45,2025-09-09,0.0
U01708,CR00016,Digital Marketing,Marketing,Intermediate,4.72,2025-06-22,0.0
U01708,CR00018,Social Media Marketing,Marketing,Advanced,2.01,2025-05-28,0.0
U01708,CR00011,Entrepreneurship 101,Business,Intermediate,2.69,2025-05-03,326.02
U01708,CR00034,Data Encryption,Cybersecurity,Intermediate,1.35,2025-04-22,394.26
U01708,CR00005,Full Stack Development,Programming,Beginner,1.28,2025-04-21,0.0
U01708,CR00043,Corporate Finance,Finance,Beginner,4.14,2025-04-07,0.0
U01708,CR00040,Leadership in Projects,Project Management,Beginner,1.51,2025-03-05,327.99
U01708,CR00044,Personal Finance,Finance,Intermediate,2.75,2025-01-10,119.04
U01709,CR00060,Content Creation,Digital Marketing,Beginner,2.14,2025-02-05,0.0
U01710,CR00034,Data Encryption,Cybersecurity,Intermediate,1.35,2025-08-17,394.26
U01711,CR00041,Financial Accounting,Finance,Beginner,2.47,2025-09-08,53.86
U01712,CR00045,Financial Modeling,Finance,Advanced,1.59,2025-01-25,0.0
U01713,CR00019,Content Marketing,Marketing,Advanced,2.98,2025-12-22,0.0
U01713,CR00034,Data Encryption,Cybersecurity,Intermediate,1.35,2025-10-04,394.26
U01713,CR00055,Full-Stack Web Development,Web Development,Advanced,4.74,2025-06-30,57.32
U01713,CR00030,Reinforcement Learning,Machine Learning,Intermediate,1.73,2025-03-02,0.0
U01714,CR00023,Machine Learning Fundamentals,Data Science,Intermediate,3.02,2025-05-02,0.0
U01715,CR00009,Web Design Fundamentals,Design,Beginner,4.51,2025-07-16,0.0
U01716,CR00055,Full-Stack Web Development,Web Development,Advanced,4.74,2025-09-03,57.32
U01717,CR00025,Statistical Analysis,Data Science,Beginner,3.74,2025-05-15,299.57
U01718,CR00008,Photoshop Mastery,Design,Advanced,1.52,2025-05-28,0.0
U01719,CR00044,Personal Finance,Finance,Intermediate,2.75,2025-11-20,119.04
U01720,CR00006,Graphic Design Basics,Design,Advanced,2.72,2025-12-28,276.37
U01720,CR00009,Web Design Fundamentals,Design,Beginner,4.51,2025-12-10,0.0
U01720,CR00035,Cyber Threat Intelligence,Cybersecurity,Beginner,4.94,2025-12-06,0.0
U01720,CR00022,Data Visualization,Data Science,Beginner,3.65,2025-11-04,0.0
U01720,CR00060,Content Creation,Digital Marketing,Beginner,2.14,2025-10-14,0.0
U01720,CR00044,Personal Finance,Finance,Intermediate,2.75,2025-09-14,119.04
U01720,CR00038,Risk Management,Project Management,Intermediate,4.84,2025-09-05,342.61
U01720,CR00013,Finance for Startups,Business,Advanced,2.0,2025-08-20,0.0
U01720,CR00040,Leadership in Projects,Project Management,Beginner,1.51,2025-07-28,327.99
U01720,CR00023,Machine Learning Fundamentals,Data Science,Intermediate,3.02,2025-05-03,0.0
U01720,CR00024,Big Data Analytics,Data Science,Advanced,2.57,2025-02-22,117.68
U01720,CR00010,3D Modeling,Design,Advanced,4.45,2025-01-28,0.0
U01720,CR00045,Financial Modeling,Finance,Advanced,1.59,2025-01-14,0.0
U01720,CR00001,Python Basics,Programming,Beginner,4.74,2025-01-11,472.28
U01720,CR00003,C++ for Beginners,Programming,Beginner,3.85,2025-01-01,0.0
U01721,CR00053,React for Beginners,Web Development,Advanced,2.67,2025-11-19,0.0
U01721,CR00049,Deep Learning,Artificial Intelligence,Intermediate,3.11,2025-09-05,415.51
U01721,CR00051,HTML & CSS,Web Development,Advanced,1.3,2025-08-10,37.89
U01721,CR00055,Full-Stack Web Development,Web Development,Advanced,4.74,2025-07-30,57.32
U01721,CR00025,Statistical Analysis,Data Science,Beginner,3.74,2025-05-17,299.57
U01721,CR00036,Agile Project Management,Project Management,Beginner,4.68,2025-05-03,0.0
U01721,CR00020,Email Marketing,Marketing,Intermediate,4.11,2025-04-28,0.0
U01721,CR00014,Sales Mastery,Business,Advanced,3.15,2025-04-10,0.0
U01721,CR00048,AI Ethics,Artificial Intelligence,Beginner,3.64,2025-04-05,0.0
U01721,CR00002,Java Programming,Programming,Intermediate,2.43,2025-02-25,0.0
U01722,CR00027,Neural Networks,Machine Learning,Advanced,1.81,2025-08-20,0.0
U01723,CR00008,Photoshop Mastery,Design,Advanced,1.52,2025-10-05,0.0
U01724,CR00027,Neural Networks,Machine Learning,Advanced,1.81,2025-12-20,0.0
U01724,CR00048,AI Ethics,Artificial Intelligence,Beginner,3.64,2025-11-27,0.0
U01724,CR00005,Full Stack Development,Programming,Beginner,1.28,2025-11-24,0.0
U01724,CR00043,Corporate Finance,Finance,Beginner,4.14,2025-11-24,0.0
U01724,CR00032,Ethical Hacking,Cybersecurity,Advanced,2.38,2025-11-06,0.0
U01724,CR00045,Financial Modeling,Finance,Advanced,1.59,2025-10-19,0.0
U01724,CR00007,UI/UX Design,Design,Advanced,2.61,2025-09-17,0.0
U01724,CR00038,Risk Management,Project Management,Intermediate,4.84,2025-08-21,342.61
U01724,CR00034,Data Encryption,Cybersecurity,Intermediate,1.35,2025-08-21,394.26
U01724,CR00010,3D Modeling,Design,Advanced,4.45,2025-06-28,0.0
U01724,CR00002,Java Programming,Programming,Intermediate,2.43,2025-06-14,0.0
U01724,CR00009,Web Design Fundamentals,Design,Beginner,4.51,2025-06-08,0.0
U01724,CR00059,Affiliate Marketing,Digital Marketing,Intermediate,4.66,2025-05-25,0.0
U01724,CR00018,Social Media Marketing,Marketing,Advanced,2.01,2025-03-08,0.0
U01724,CR00050,Computer Vision,Artificial Intelligence,Beginner,4.55,2025-02-28,490.9
U01724,CR00014,Sales Mastery,Business,Advanced,3.15,2025-01-01,0.0
U01725,CR00029,Natural Language Processing,Machine Learning,Beginner,1.13,2025-07-15,0.0
U01725,CR00008,Photoshop Mastery,Design,Advanced,1.52,2025-05-08,0.0
U01726,CR00028,Deep Learning,Machine Learning,Advanced,3.89,2025-12-26,0.78
U01726,CR00014,Sales Mastery,Business,Advanced,3.15,2025-11-21,0.0
U01726,CR00019,Content Marketing,Marketing,Advanced,2.98,2025-10-13,0.0
U01726,CR00047,Natural Language Processing,Artificial Intelligence,Intermediate,2.68,2025-09-23,89.59
U01726,CR00037,Scrum Essentials,Project Management,Intermediate,3.45,2025-08-27,0.0
U01726,CR00054,Backend Development with Node.js,Web Development,Beginner,3.32,2025-07-25,0.0
U01726,CR00032,Ethical Hacking,Cybersecurity,Advanced,2.38,2025-07-20,0.0
U01726,CR00055,Full-Stack Web Development,Web Development,Advanced,4.74,2025-06-17,57.32
U01726,CR00015,Leadership Essentials,Business,Beginner,1.96,2025-06-02,285.05
U01726,CR00008,Photoshop Mastery,Design,Advanced,1.52,2025-05-08,0.0
U01726,CR00007,UI/UX Design,Design,Advanced,2.61,2025-04-28,0.0
U01726,CR00025,Statistical Analysis,Data Science,Beginner,3.74,2025-04-11,299.57
U01726,CR00006,Graphic Design Basics,Design,Advanced,2.72,2025-03-12,276.37
U01727,CR00033,Cybersecurity Fundamentals,Cybersecurity,Intermediate,3.93,2025-03-02,0.0
U01728,CR00009,Web Design Fundamentals,Design,Beginner,4.51,2025-12-06,0.0
U01728,CR00019,Content Marketing,Marketing,Advanced,2.98,2025-06-23,0.0
U01729,CR00002,Java Programming,Programming,Intermediate,2.43,2025-12-02,0.0
U01729,CR00011,Entrepreneurship 101,Business,Intermediate,2.69,2025-11-27,326.02
U01729,CR00039,Project Planning,Project Management,Advanced,1.23,2025-11-16,346.71
U01729,CR00042,Investment Strategies,Finance,Intermediate,4.1,2025-10-27,0.0
U01729,CR00041,Financial Accounting,Finance,Beginner,2.47,2025-09-14,53.86
U01729,CR00027,Neural Networks,Machine Learning,Advanced,1.81,2025-08-30,0.0
U01729,CR00007,UI/UX Design,Design,Advanced,2.61,2025-07-09,0.0
U01729,CR00040,Leadership in Projects,Project Management,Beginner,1.51,2025-06-21,327.99
U01729,CR00053,React for Beginners,Web Development,Advanced,2.67,2025-06-13,0.0
U01729,CR00025,Statistical Analysis,Data Science,Beginner,3.74,2025-05-27,299.57
U01729,CR00013,Finance for Startups,Business,Advanced,2.0,2025-05-11,0.0
U01729,CR00050,Computer Vision,Artificial Intelligence,Beginner,4.55,2025-03-12,490.9
U01729,CR00038,Risk Management,Project Management,Intermediate,4.84,2025-03-06,342.61
U01729,CR00022,Data Visualization,Data Science,Beginner,3.65,2025-01-13,0.0
U01729,CR00056,Google Ads Mastery,Digital Marketing,Advanced,3.15,2025-01-07,212.39
U01730,CR00007,UI/UX Design,Design,Advanced,2.61,2025-08-14,0.0
U01731,CR00042,Investment Strategies,Finance,Intermediate,4.1,2025-01-07,0.0
U01732,CR00016,Digital Marketing,Marketing,Intermediate,4.72,2025-08-05,0.0
U01732,CR00010,3D Modeling,Design,Advanced,4.45,2025-01-25,0.0
U01733,CR00037,Scrum Essentials,Project Management,Intermediate,3.45,2025-06-29,0.0
U01733,CR00025,Statistical Analysis,Data Science,Beginner,3.74,2025-05-02,299.57
U01733,CR00006,Graphic Design Basics,Design,Advanced,2.72,2025-04-28,276.37
U01733,CR00002,Java Programming,Programming,Intermediate,2.43,2025-04-26,0.0
U01734,CR00011,Entrepreneurship 101,Business,Intermediate,2.69,2025-07-12,326.02
U01734,CR00044,Personal Finance,Finance,Intermediate,2.75,2025-05-14,119.04
U01734,CR00008,Photoshop Mastery,Design,Advanced,1.52,2025-05-08,0.0
U01735,CR00055,Full-Stack Web Development,Web Development,Advanced,4.74,2025-06-24,57.32
U01736,CR00021,Data Analysis with Python,Data Science,Intermediate,3.6,2025-02-03,0.0
U01737,CR00005,Full Stack Development,Programming,Beginner,1.28,2025-12-10,0.0
U01738,CR00010,3D Modeling,Design,Advanced,4.45,2025-09-08,0.0
U01739,CR00019,Content Marketing,Marketing,Advanced,2.98,2025-10-04,0.0
U01740,CR00019,Content Marketing,Marketing,Advanced,2.98,2025-11-18,0.0
U01741,CR00004,Advanced Python,Programming,Beginner,2.88,2025-08-10,0.0
U01741,CR00023,Machine Learning Fundamentals,Data Science,Intermediate,3.02,2025-03-24,0.0
U01742,CR00043,Corporate Finance,Finance,Beginner,4.14,2025-12-06,0.0
U01742,CR00042,Investment Strategies,Finance,Intermediate,4.1,2025-07-05,0.0
U01743,CR00027,Neural Networks,Machine Learning,Advanced,1.81,2025-11-30,0.0
U01744,CR00016,Digital Marketing,Marketing,Intermediate,4.72,2025-07-09,0.0
U01744,CR00057,SEO for E-commerce,Digital Marketing,Advanced,3.89,2025-06-16,177.34
U01744,CR00012,Business Strategy,Business,Advanced,3.64,2025-04-20,487.92
U01744,CR00021,Data Analysis with Python,Data Science,Intermediate,3.6,2025-04-15,0.0
U01745,CR00023,Machine Learning Fundamentals,Data Science,Intermediate,3.02,2025-11-15,0.0
U01745,CR00018,Social Media Marketing,Marketing,Advanced,2.01,2025-11-13,0.0
U01745,CR00055,Full-Stack Web Development,Web Development,Advanced,4.74,2025-10-24,57.32
U01745,CR00039,Project Planning,Project Management,Advanced,1.23,2025-10-17,346.71
U01745,CR00021,Data Analysis with Python,Data Science,Intermediate,3.6,2025-10-12,0.0
U01745,CR00060,Content Creation,Digital Marketing,Beginner,2.14,2025-07-27,0.0
U01745,CR00049,Deep Learning,Artificial Intelligence,Intermediate,3.11,2025-06-02,415.51
U01745,CR00056,Google Ads Mastery,Digital Marketing,Advanced,3.15,2025-05-29,212.39
U01745,CR00022,Data Visualization,Data Science,Beginner,3.65,2025-04-27,0.0
U01745,CR00046,AI for Beginners,Artificial Intelligence,Beginner,1.2,2025-04-24,248.1
U01745,CR00038,Risk Management,Project Management,Intermediate,4.84,2025-04-17,342.61
U01745,CR00035,Cyber Threat Intelligence,Cybersecurity,Beginner,4.94,2025-04-04,0.0
U01745,CR00036,Agile Project Management,Project Management,Beginner,4.68,2025-02-14,0.0
U01746,CR00048,AI Ethics,Artificial Intelligence,Beginner,3.64,2025-12-06,0.0
U01746,CR00040,Leadership in Projects,Project Management,Beginner,1.51,2025-12-01,327.99
U01746,CR00056,Google Ads Mastery,Digital Marketing,Advanced,3.15,2025-11-05,212.39
U01746,CR00024,Big Data Analytics,Data Science,Advanced,2.57,2025-10-30,117.68
U01746,CR00058,Social Media Strategy,Digital Marketing,Beginner,4.44,2025-10-27,0.0
U01746,CR00001,Python Basics,Programming,Beginner,4.74,2025-09-26,472.28
U01746,CR00054,Backend Development with Node.js,Web Development,Beginner,3.32,2025-09-12,0.0
U01746,CR00025,Statistical Analysis,Data Science,Beginner,3.74,2025-08-09,299.57
U01746,CR00057,SEO for E-commerce,Digital Marketing,Advanced,3.89,2025-08-05,177.34
U01746,CR00037,Scrum Essentials,Project Management,Intermediate,3.45,2025-06-14,0.0
U01746,CR00007,UI/UX Design,Design,Advanced,2.61,2025-05-26,0.0
U01746,CR00005,Full Stack Development,Programming,Beginner,1.28,2025-03-19,0.0
U01746,CR00036,Agile Project Management,Project Management,Beginner,4.68,2025-02-20,0.0
U01746,CR00043,Corporate Finance,Finance,Beginner,4.14,2025-01-23,0.0
U01747,CR00054,Backend Development with Node.js,Web Development,Beginner,3.32,2025-09-15,0.0
U01747,CR00057,SEO for E-commerce,Digital Marketing,Advanced,3.89,2025-06-22,177.34
U01747,CR00020,Email Marketing,Marketing,Intermediate,4.11,2025-03-02,0.0
U01747,CR00037,Scrum Essentials,Project Management,Intermediate,3.45,2025-02-22,0.0
U01748,CR00034,Data Encryption,Cybersecurity,Intermediate,1.35,2025-12-13,394.26
U01749,CR00006,Graphic Design Basics,Design,Advanced,2.72,2025-10-07,276.37
U01750,CR00002,Java Programming,Programming,Intermediate,2.43,2025-08-16,0.0
U01750,CR00038,Risk Management,Project Management,Intermediate,4.84,2025-05-03,342.61
U01750,CR00015,Leadership Essentials,Business,Beginner,1.96,2025-04-24,285.05
U01750,CR00009,Web Design Fundamentals,Design,Beginner,4.51,2025-01-30,0.0
U01751,CR00028,Deep Learning,Machine Learning,Advanced,3.89,2025-03-19,0.78
U01752,CR00047,Natural Language Processing,Artificial Intelligence,Intermediate,2.68,2025-12-02,89.59
U01752,CR00056,Google Ads Mastery,Digital Marketing,Advanced,3.15,2025-09-19,212.39
U01752,CR00008,Photoshop Mastery,Design,Advanced,1.52,2025-03-23,0.0
U01752,CR00003,C++ for Beginners,Programming,Beginner,3.85,2025-03-10,0.0
U01753,CR00013,Finance for Startups,Business,Advanced,2.0,2025-09-05,0.0
U01754,CR00048,AI Ethics,Artificial Intelligence,Beginner,3.64,2025-06-29,0.0
U01755,CR00015,Leadership Essentials,Business,Beginner,1.96,2025-11-24,285.05
U01756,CR00005,Full Stack Development,Programming,Beginner,1.28,2025-03-30,0.0
U01756,CR00030,Reinforcement Learning,Machine Learning,Intermediate,1.73,2025-01-27,0.0
U01757,CR00004,Advanced Python,Programming,Beginner,2.88,2025-08-18,0.0
U01758,CR00011,Entrepreneurship 101,Business,Intermediate,2.69,2025-08-07,326.02
U01759,CR00006,Graphic Design Basics,Design,Advanced,2.72,2025-03-11,276.37
U01760,CR00050,Computer Vision,Artificial Intelligence,Beginner,4.55,2025-07-06,490.9
U01761,CR00014,Sales Mastery,Business,Advanced,3.15,2025-09-25,0.0
U01761,CR00030,Reinforcement Learning,Machine Learning,Intermediate,1.73,2025-02-12,0.0
U01762,CR00012,Business Strategy,Business,Advanced,3.64,2025-12-16,487.92
U01762,CR00011,Entrepreneurship 101,Business,Intermediate,2.69,2025-12-03,326.02
U01762,CR00038,Risk Management,Project Management,Intermediate,4.84,2025-10-23,342.61
U01762,CR00007,UI/UX Design,Design,Advanced,2.61,2025-09-09,0.0
U01762,CR00021,Data Analysis with Python,Data Science,Intermediate,3.6,2025-09-09,0.0
U01762,CR00017,SEO Mastery,Marketing,Advanced,4.79,2025-09-01,0.0
U01762,CR00048,AI Ethics,Artificial Intelligence,Beginner,3.64,2025-08-23,0.0
U01762,CR00020,Email Marketing,Marketing,Intermediate,4.11,2025-08-03,0.0
U01762,CR00055,Full-Stack Web Development,Web Development,Advanced,4.74,2025-07-26,57.32
U01762,CR00056,Google Ads Mastery,Digital Marketing,Advanced,3.15,2025-07-18,212.39
U01762,CR00018,Social Media Marketing,Marketing,Advanced,2.01,2025-07-14,0.0
U01762,CR00058,Social Media Strategy,Digital Marketing,Beginner,4.44,2025-06-23,0.0
U01762,CR00028,Deep Learning,Machine Learning,Advanced,3.89,2025-06-08,0.78
U01762,CR00005,Full Stack Development,Programming,Beginner,1.28,2025-05-24,0.0
U01762,CR00035,Cyber Threat Intelligence,Cybersecurity,Beginner,4.94,2025-04-20,0.0
U01763,CR00046,AI for Beginners,Artificial Intelligence,Beginner,1.2,2025-07-30,248.1
U01764,CR00015,Leadership Essentials,Business,Beginner,1.96,2025-10-20,285.05
U01764,CR00058,Social Media Strategy,Digital Marketing,Beginner,4.44,2025-08-02,0.0
U01765,CR00018,Social Media Marketing,Marketing,Advanced,2.01,2025-07-23,0.0
U01766,CR00039,Project Planning,Project Management,Advanced,1.23,2025-07-05,346.71
U01766,CR00035,Cyber Threat Intelligence,Cybersecurity,Beginner,4.94,2025-06-25,0.0
U01766,CR00006,Graphic Design Basics,Design,Advanced,2.72,2025-03-02,276.37
U01767,CR00058,Social Media Strategy,Digital Marketing,Beginner,4.44,2025-03-06,0.0
U01768,CR00033,Cybersecurity Fundamentals,Cybersecurity,Intermediate,3.93,2025-09-04,0.0
U01768,CR00010,3D Modeling,Design,Advanced,4.45,2025-04-30,0.0
U01769,CR00058,Social Media Strategy,Digital Marketing,Beginner,4.44,2025-08-21,0.0
U01769,CR00030,Reinforcement Learning,Machine Learning,Intermediate,1.73,2025-08-15,0.0
U01769,CR00020,Email Marketing,Marketing,Intermediate,4.11,2025-07-13,0.0
U01769,CR00041,Financial Accounting,Finance,Beginner,2.47,2025-01-30,53.86
U01770,CR00035,Cyber Threat Intelligence,Cybersecurity,Beginner,4.94,2025-09-27,0.0
U01770,CR00010,3D Modeling,Design,Advanced,4.45,2025-03-22,0.0
U01771,CR00039,Project Planning,Project Management,Advanced,1.23,2025-08-18,346.71
U01771,CR00028,Deep Learning,Machine Learning,Advanced,3.89,2025-06-01,0.78
U01771,CR00008,Photoshop Mastery,Design,Advanced,1.52,2025-02-19,0.0
U01772,CR00018,Social Media Marketing,Marketing,Advanced,2.01,2025-03-16,0.0
U01773,CR00036,Agile Project Management,Project Management,Beginner,4.68,2025-12-03,0.0
U01773,CR00050,Computer Vision,Artificial Intelligence,Beginner,4.55,2025-11-19,490.9
U01773,CR00045,Financial Modeling,Finance,Advanced,1.59,2025-11-11,0.0
U01773,CR00001,Python Basics,Programming,Beginner,4.74,2025-11-06,472.28
U01773,CR00041,Financial Accounting,Finance,Beginner,2.47,2025-10-23,53.86
U01773,CR00054,Backend Development with Node.js,Web Development,Beginner,3.32,2025-10-03,0.0
U01773,CR00043,Corporate Finance,Finance,Beginner,4.14,2025-09-28,0.0
U01773,CR00017,SEO Mastery,Marketing,Advanced,4.79,2025-09-23,0.0
U01773,CR00046,AI for Beginners,Artificial Intelligence,Beginner,1.2,2025-08-03,248.1
U01773,CR00015,Leadership Essentials,Business,Beginner,1.96,2025-04-07,285.05
U01773,CR00049,Deep Learning,Artificial Intelligence,Intermediate,3.11,2025-03-11,415.51
U01773,CR00057,SEO for E-commerce,Digital Marketing,Advanced,3.89,2025-02-22,177.34
U01773,CR00004,Advanced Python,Programming,Beginner,2.88,2025-02-09,0.0
U01773,CR00047,Natural Language Processing,Artificial Intelligence,Intermediate,2.68,2025-02-06,89.59
U01773,CR00011,Entrepreneurship 101,Business,Intermediate,2.69,2025-01-30,326.02
U01773,CR00051,HTML & CSS,Web Development,Advanced,1.3,2025-01-21,37.89
U01774,CR00035,Cyber Threat Intelligence,Cybersecurity,Beginner,4.94,2025-08-02,0.0
U01775,CR00008,Photoshop Mastery,Design,Advanced,1.52,2025-05-23,0.0
U01775,CR00036,Agile Project Management,Project Management,Beginner,4.68,2025-03-23,0.0
U01776,CR00014,Sales Mastery,Business,Advanced,3.15,2025-11-09,0.0
U01776,CR00060,Content Creation,Digital Marketing,Beginner,2.14,2025-05-03,0.0
U01777,CR00052,JavaScript Mastery,Web Development,Beginner,2.2,2025-12-09,0.0
U01778,CR00009,Web Design Fundamentals,Design,Beginner,4.51,2025-06-23,0.0
U01778,CR00021,Data Analysis with Python,Data Science,Intermediate,3.6,2025-04-11,0.0
U01779,CR00016,Digital Marketing,Marketing,Intermediate,4.72,2025-01-04,0.0
U01780,CR00039,Project Planning,Project Management,Advanced,1.23,2025-09-22,346.71
U01781,CR00037,Scrum Essentials,Project Management,Intermediate,3.45,2025-09-08,0.0
U01782,CR00003,C++ for Beginners,Programming,Beginner,3.85,2025-09-07,0.0
U01783,CR00037,Scrum Essentials,Project Management,Intermediate,3.45,2025-11-11,0.0
U01783,CR00014,Sales Mastery,Business,Advanced,3.15,2025-10-22,0.0
U01783,CR00055,Full-Stack Web Development,Web Development,Advanced,4.74,2025-08-22,57.32
U01784,CR00044,Personal Finance,Finance,Intermediate,2.75,2025-10-15,119.04
U01785,CR00026,Intro to Machine Learning,Machine Learning,Intermediate,4.73,2025-06-10,0.0
U01786,CR00044,Personal Finance,Finance,Intermediate,2.75,2025-12-24,119.04
U01786,CR00039,Project Planning,Project Management,Advanced,1.23,2025-12-09,346.71
U01786,CR00012,Business Strategy,Business,Advanced,3.64,2025-09-14,487.92
U01786,CR00036,Agile Project Management,Project Management,Beginner,4.68,2025-08-07,0.0
U01786,CR00042,Investment Strategies,Finance,Intermediate,4.1,2025-08-05,0.0
U01786,CR00031,Network Security,Cybersecurity,Intermediate,1.91,2025-07-28,0.0
U01786,CR00058,Social Media Strategy,Digital Marketing,Beginner,4.44,2025-07-14,0.0
U01786,CR00050,Computer Vision,Artificial Intelligence,Beginner,4.55,2025-07-07,490.9
U01786,CR00032,Ethical Hacking,Cybersecurity,Advanced,2.38,2025-06-04,0.0
U01786,CR00008,Photoshop Mastery,Design,Advanced,1.52,2025-05-06,0.0
U01786,CR00055,Full-Stack Web Development,Web Development,Advanced,4.74,2025-03-19,57.32
U01786,CR00051,HTML & CSS,Web Development,Advanced,1.3,2025-02-07,37.89
U01786,CR00043,Corporate Finance,Finance,Beginner,4.14,2025-01-25,0.0
U01787,CR00057,SEO for E-commerce,Digital Marketing,Advanced,3.89,2025-09-19,177.34
U01787,CR00047,Natural Language Processing,Artificial Intelligence,Intermediate,2.68,2025-02-18,89.59
U01788,CR00017,SEO Mastery,Marketing,Advanced,4.79,2025-05-06,0.0
U01788,CR00047,Natural Language Processing,Artificial Intelligence,Intermediate,2.68,2025-01-10,89.59
U01789,CR00023,Machine Learning Fundamentals,Data Science,Intermediate,3.02,2025-12-15,0.0
U01789,CR00021,Data Analysis with Python,Data Science,Intermediate,3.6,2025-11-05,0.0
U01789,CR00003,C++ for Beginners,Programming,Beginner,3.85,2025-11-01,0.0
U01789,CR00060,Content Creation,Digital Marketing,Beginner,2.14,2025-10-29,0.0
U01789,CR00039,Project Planning,Project Management,Advanced,1.23,2025-10-02,346.71
U01789,CR00025,Statistical Analysis,Data Science,Beginner,3.74,2025-09-15,299.57
U01789,CR00055,Full-Stack Web Development,Web Development,Advanced,4.74,2025-09-05,57.32
U01789,CR00033,Cybersecurity Fundamentals,Cybersecurity,Intermediate,3.93,2025-08-20,0.0
U01789,CR00056,Google Ads Mastery,Digital Marketing,Advanced,3.15,2025-08-08,212.39
U01789,CR00001,Python Basics,Programming,Beginner,4.74,2025-08-07,472.28
U01789,CR00008,Photoshop Mastery,Design,Advanced,1.52,2025-07-14,0.0
U01789,CR00041,Financial Accounting,Finance,Beginner,2.47,2025-05-10,53.86
U01789,CR00032,Ethical Hacking,Cybersecurity,Advanced,2.38,2025-04-05,0.0
U01789,CR00054,Backend Development with Node.js,Web Development,Beginner,3.32,2025-03-04,0.0
U01789,CR00036,Agile Project Management,Project Management,Beginner,4.68,2025-03-02,0.0
U01790,CR00025,Statistical Analysis,Data Science,Beginner,3.74,2025-06-25,299.57
U01791,CR00041,Financial Accounting,Finance,Beginner,2.47,2025-08-13,53.86
U01791,CR00017,SEO Mastery,Marketing,Advanced,4.79,2025-05-25,0.0
U01792,CR00041,Financial Accounting,Finance,Beginner,2.47,2025-08-08,53.86
U01793,CR00033,Cybersecurity Fundamentals,Cybersecurity,Intermediate,3.93,2025-02-07,0.0
U01794,CR00013,Finance for Startups,Business,Advanced,2.0,2025-03-09,0.0
U01795,CR00048,AI Ethics,Artificial Intelligence,Beginner,3.64,2025-12-02,0.0
U01795,CR00036,Agile Project Management,Project Management,Beginner,4.68,2025-11-07,0.0
U01795,CR00029,Natural Language Processing,Machine Learning,Beginner,1.13,2025-09-24,0.0
U01795,CR00039,Project Planning,Project Management,Advanced,1.23,2025-09-07,346.71
U01795,CR00003,C++ for Beginners,Programming,Beginner,3.85,2025-08-21,0.0
U01795,CR00045,Financial Modeling,Finance,Advanced,1.59,2025-07-21,0.0
U01795,CR00019,Content Marketing,Marketing,Advanced,2.98,2025-06-29,0.0
U01795,CR00055,Full-Stack Web Development,Web Development,Advanced,4.74,2025-06-02,57.32
U01795,CR00002,Java Programming,Programming,Intermediate,2.43,2025-04-15,0.0
U01795,CR00049,Deep Learning,Artificial Intelligence,Intermediate,3.11,2025-04-11,415.51
U01795,CR00059,Affiliate Marketing,Digital Marketing,Intermediate,4.66,2025-04-03,0.0
U01795,CR00011,Entrepreneurship 101,Business,Intermediate,2.69,2025-02-07,326.02
U01795,CR00027,Neural Networks,Machine Learning,Advanced,1.81,2025-01-11,0.0
U01796,CR00053,React for Beginners,Web Development,Advanced,2.67,2025-03-22,0.0
U01797,CR00050,Computer Vision,Artificial Intelligence,Beginner,4.55,2025-09-15,490.9
U01798,CR00012,Business Strategy,Business,Advanced,3.64,2025-10-06,487.92
U01799,CR00014,Sales Mastery,Business,Advanced,3.15,2025-12-05,0.0
U01800,CR00046,AI for Beginners,Artificial Intelligence,Beginner,1.2,2025-06-25,248.1
U01800,CR00021,Data Analysis with Python,Data Science,Intermediate,3.6,2025-05-20,0.0
U01801,CR00034,Data Encryption,Cybersecurity,Intermediate,1.35,2025-02-16,394.26
U01802,CR00006,Graphic Design Basics,Design,Advanced,2.72,2025-06-23,276.37
U01803,CR00004,Advanced Python,Programming,Beginner,2.88,2025-10-22,0.0
U01803,CR00038,Risk Management,Project Management,Intermediate,4.84,2025-05-17,342.61
U01803,CR00054,Backend Development with Node.js,Web Development,Beginner,3.32,2025-01-12,0.0
U01804,CR00058,Social Media Strategy,Digital Marketing,Beginner,4.44,2025-04-24,0.0
U01804,CR00019,Content Marketing,Marketing,Advanced,2.98,2025-03-10,0.0
U01805,CR00005,Full Stack Development,Programming,Beginner,1.28,2025-11-23,0.0
U01805,CR00033,Cybersecurity Fundamentals,Cybersecurity,Intermediate,3.93,2025-11-06,0.0
U01805,CR00055,Full-Stack Web Development,Web Development,Advanced,4.74,2025-09-29,57.32
U01805,CR00003,C++ for Beginners,Programming,Beginner,3.85,2025-09-06,0.0
U01805,CR00037,Scrum Essentials,Project Management,Intermediate,3.45,2025-09-05,0.0
U01805,CR00022,Data Visualization,Data Science,Beginner,3.65,2025-08-10,0.0
U01805,CR00030,Reinforcement Learning,Machine Learning,Intermediate,1.73,2025-08-02,0.0
U01805,CR00008,Photoshop Mastery,Design,Advanced,1.52,2025-07-29,0.0
U01805,CR00035,Cyber Threat Intelligence,Cybersecurity,Beginner,4.94,2025-07-10,0.0
U01805,CR00047,Natural Language Processing,Artificial Intelligence,Intermediate,2.68,2025-06-08,89.59
U01805,CR00053,React for Beginners,Web Development,Advanced,2.67,2025-03-05,0.0
U01805,CR00015,Leadership Essentials,Business,Beginner,1.96,2025-02-21,285.05
U01805,CR00013,Finance for Startups,Business,Advanced,2.0,2025-02-06,0.0
U01805,CR00052,JavaScript Mastery,Web Development,Beginner,2.2,2025-01-15,0.0
U01805,CR00031,Network Security,Cybersecurity,Intermediate,1.91,2025-01-05,0.0
U01806,CR00043,Corporate Finance,Finance,Beginner,4.14,2025-01-17,0.0
U01807,CR00019,Content Marketing,Marketing,Advanced,2.98,2025-09-04,0.0
U01807,CR00050,Computer Vision,Artificial Intelligence,Beginner,4.55,2025-01-25,490.9
U01808,CR00056,Google Ads Mastery,Digital Marketing,Advanced,3.15,2025-10-03,212.39
U01808,CR00001,Python Basics,Programming,Beginner,4.74,2025-02-17,472.28
U01808,CR00059,Affiliate Marketing,Digital Marketing,Intermediate,4.66,2025-02-01,0.0
U01809,CR00034,Data Encryption,Cybersecurity,Intermediate,1.35,2025-12-18,394.26
U01809,CR00030,Reinforcement Learning,Machine Learning,Intermediate,1.73,2025-12-13,0.0
U01809,CR00041,Financial Accounting,Finance,Beginner,2.47,2025-11-26,53.86
U01809,CR00054,Backend Development with Node.js,Web Development,Beginner,3.32,2025-11-23,0.0
U01809,CR00050,Computer Vision,Artificial Intelligence,Beginner,4.55,2025-11-06,490.9
U01809,CR00035,Cyber Threat Intelligence,Cybersecurity,Beginner,4.94,2025-09-03,0.0
U01809,CR00036,Agile Project Management,Project Management,Beginner,4.68,2025-08-22,0.0
U01809,CR00026,Intro to Machine Learning,Machine Learning,Intermediate,4.73,2025-08-17,0.0
U01809,CR00006,Graphic Design Basics,Design,Advanced,2.72,2025-07-24,276.37
U01809,CR00056,Google Ads Mastery,Digital Marketing,Advanced,3.15,2025-04-30,212.39
U01809,CR00037,Scrum Essentials,Project Management,Intermediate,3.45,2025-03-25,0.0
U01809,CR00058,Social Media Strategy,Digital Marketing,Beginner,4.44,2025-03-11,0.0
U01809,CR00045,Financial Modeling,Finance,Advanced,1.59,2025-02-24,0.0
U01810,CR00012,Business Strategy,Business,Advanced,3.64,2025-12-22,487.92
U01810,CR00054,Backend Development with Node.js,Web Development,Beginner,3.32,2025-12-16,0.0
U01810,CR00049,Deep Learning,Artificial Intelligence,Intermediate,3.11,2025-11-04,415.51
U01810,CR00024,Big Data Analytics,Data Science,Advanced,2.57,2025-11-02,117.68
U01810,CR00050,Computer Vision,Artificial Intelligence,Beginner,4.55,2025-10-10,490.9
U01810,CR00029,Natural Language Processing,Machine Learning,Beginner,1.13,2025-09-02,0.0
U01810,CR00010,3D Modeling,Design,Advanced,4.45,2025-07-22,0.0
U01810,CR00031,Network Security,Cybersecurity,Intermediate,1.91,2025-07-20,0.0
U01810,CR00039,Project Planning,Project Management,Advanced,1.23,2025-05-10,346.71
U01810,CR00013,Finance for Startups,Business,Advanced,2.0,2025-03-25,0.0
U01810,CR00055,Full-Stack Web Development,Web Development,Advanced,4.74,2025-03-14,57.32
U01810,CR00011,Entrepreneurship 101,Business,Intermediate,2.69,2025-02-09,326.02
U01810,CR00037,Scrum Essentials,Project Management,Intermediate,3.45,2025-02-09,0.0
U01810,CR00014,Sales Mastery,Business,Advanced,3.15,2025-01-26,0.0
U01810,CR00030,Reinforcement Learning,Machine Learning,Intermediate,1.73,2025-01-12,0.0
U01811,CR00045,Financial Modeling,Finance,Advanced,1.59,2025-11-07,0.0
U01812,CR00038,Risk Management,Project Management,Intermediate,4.84,2025-12-24,342.61
U01812,CR00051,HTML & CSS,Web Development,Advanced,1.3,2025-12-02,37.89
U01812,CR00060,Content Creation,Digital Marketing,Beginner,2.14,2025-11-22,0.0
U01812,CR00042,Investment Strategies,Finance,Intermediate,4.1,2025-11-18,0.0
U01812,CR00004,Advanced Python,Programming,Beginner,2.88,2025-10-22,0.0
U01812,CR00053,React for Beginners,Web Development,Advanced,2.67,2025-09-16,0.0
U01812,CR00035,Cyber Threat Intelligence,Cybersecurity,Beginner,4.94,2025-06-05,0.0
U01812,CR00019,Content Marketing,Marketing,Advanced,2.98,2025-05-28,0.0
U01812,CR00005,Full Stack Development,Programming,Beginner,1.28,2025-05-02,0.0
U01812,CR00008,Photoshop Mastery,Design,Advanced,1.52,2025-04-15,0.0
U01812,CR00025,Statistical Analysis,Data Science,Beginner,3.74,2025-04-09,299.57
U01812,CR00028,Deep Learning,Machine Learning,Advanced,3.89,2025-03-25,0.78
U01812,CR00024,Big Data Analytics,Data Science,Advanced,2.57,2025-03-10,117.68
U01812,CR00037,Scrum Essentials,Project Management,Intermediate,3.45,2025-01-29,0.0
U01812,CR00030,Reinforcement Learning,Machine Learning,Intermediate,1.73,2025-01-23,0.0
U01813,CR00022,Data Visualization,Data Science,Beginner,3.65,2025-03-03,0.0
U01814,CR00001,Python Basics,Programming,Beginner,4.74,2025-09-22,472.28
U01814,CR00030,Reinforcement Learning,Machine Learning,Intermediate,1.73,2025-08-08,0.0
U01814,CR00018,Social Media Marketing,Marketing,Advanced,2.01,2025-05-23,0.0
U01815,CR00009,Web Design Fundamentals,Design,Beginner,4.51,2025-08-28,0.0
U01816,CR00060,Content Creation,Digital Marketing,Beginner,2.14,2025-10-28,0.0
U01816,CR00022,Data Visualization,Data Science,Beginner,3.65,2025-03-30,0.0
U01817,CR00013,Finance for Startups,Business,Advanced,2.0,2025-04-18,0.0
U01818,CR00016,Digital Marketing,Marketing,Intermediate,4.72,2025-07-20,0.0
U01818,CR00041,Financial Accounting,Finance,Beginner,2.47,2025-07-07,53.86
U01819,CR00017,SEO Mastery,Marketing,Advanced,4.79,2025-08-14,0.0
U01820,CR00038,Risk Management,Project Management,Intermediate,4.84,2025-12-06,342.61
U01820,CR00013,Finance for Startups,Business,Advanced,2.0,2025-11-17,0.0
U01820,CR00057,SEO for E-commerce,Digital Marketing,Advanced,3.89,2025-10-22,177.34
U01820,CR00001,Python Basics,Programming,Beginner,4.74,2025-09-21,472.28
U01820,CR00007,UI/UX Design,Design,Advanced,2.61,2025-09-09,0.0
U01820,CR00042,Investment Strategies,Finance,Intermediate,4.1,2025-07-30,0.0
U01820,CR00022,Data Visualization,Data Science,Beginner,3.65,2025-07-09,0.0
U01820,CR00023,Machine Learning Fundamentals,Data Science,Intermediate,3.02,2025-06-28,0.0
U01820,CR00034,Data Encryption,Cybersecurity,Intermediate,1.35,2025-06-27,394.26
U01820,CR00046,AI for Beginners,Artificial Intelligence,Beginner,1.2,2025-06-14,248.1
U01820,CR00029,Natural Language Processing,Machine Learning,Beginner,1.13,2025-05-04,0.0
U01820,CR00019,Content Marketing,Marketing,Advanced,2.98,2025-03-21,0.0
U01820,CR00018,Social Media Marketing,Marketing,Advanced,2.01,2025-03-19,0.0
U01820,CR00015,Leadership Essentials,Business,Beginner,1.96,2025-01-28,285.05
U01820,CR00012,Business Strategy,Business,Advanced,3.64,2025-01-13,487.92
U01821,CR00014,Sales Mastery,Business,Advanced,3.15,2025-07-27,0.0
U01822,CR00007,UI/UX Design,Design,Advanced,2.61,2025-12-20,0.0
U01822,CR00042,Investment Strategies,Finance,Intermediate,4.1,2025-10-15,0.0
U01822,CR00044,Personal Finance,Finance,Intermediate,2.75,2025-10-10,119.04
U01822,CR00053,React for Beginners,Web Development,Advanced,2.67,2025-10-05,0.0
U01822,CR00014,Sales Mastery,Business,Advanced,3.15,2025-09-19,0.0
U01822,CR00030,Reinforcement Learning,Machine Learning,Intermediate,1.73,2025-09-14,0.0
U01822,CR00043,Corporate Finance,Finance,Beginner,4.14,2025-08-11,0.0
U01822,CR00040,Leadership in Projects,Project Management,Beginner,1.51,2025-06-29,327.99
U01822,CR00037,Scrum Essentials,Project Management,Intermediate,3.45,2025-06-28,0.0
U01822,CR00010,3D Modeling,Design,Advanced,4.45,2025-06-09,0.0
U01822,CR00058,Social Media Strategy,Digital Marketing,Beginner,4.44,2025-04-02,0.0
U01822,CR00027,Neural Networks,Machine Learning,Advanced,1.81,2025-03-11,0.0
U01822,CR00029,Natural Language Processing,Machine Learning,Beginner,1.13,2025-03-03,0.0
U01822,CR00048,AI Ethics,Artificial Intelligence,Beginner,3.64,2025-01-07,0.0
U01822,CR00018,Social Media Marketing,Marketing,Advanced,2.01,2025-01-05,0.0
U01823,CR00045,Financial Modeling,Finance,Advanced,1.59,2025-03-18,0.0
U01824,CR00040,Leadership in Projects,Project Management,Beginner,1.51,2025-12-03,327.99
U01825,CR00038,Risk Management,Project Management,Intermediate,4.84,2025-11-15,342.61
U01825,CR00008,Photoshop Mastery,Design,Advanced,1.52,2025-11-07,0.0
U01825,CR00020,Email Marketing,Marketing,Intermediate,4.11,2025-11-04,0.0
U01825,CR00045,Financial Modeling,Finance,Advanced,1.59,2025-09-06,0.0
U01825,CR00049,Deep Learning,Artificial Intelligence,Intermediate,3.11,2025-08-29,415.51
U01825,CR00058,Social Media Strategy,Digital Marketing,Beginner,4.44,2025-08-28,0.0
U01825,CR00052,JavaScript Mastery,Web Development,Beginner,2.2,2025-08-13,0.0
U01825,CR00030,Reinforcement Learning,Machine Learning,Intermediate,1.73,2025-05-13,0.0
U01825,CR00048,AI Ethics,Artificial Intelligence,Beginner,3.64,2025-05-08,0.0
U01825,CR00033,Cybersecurity Fundamentals,Cybersecurity,Intermediate,3.93,2025-05-07,0.0
U01825,CR00059,Affiliate Marketing,Digital Marketing,Intermediate,4.66,2025-05-04,0.0
U01825,CR00026,Intro to Machine Learning,Machine Learning,Intermediate,4.73,2025-05-04,0.0
U01825,CR00032,Ethical Hacking,Cybersecurity,Advanced,2.38,2025-03-11,0.0
U01825,CR00029,Natural Language Processing,Machine Learning,Beginner,1.13,2025-03-06,0.0
U01826,CR00060,Content Creation,Digital Marketing,Beginner,2.14,2025-09-29,0.0
U01827,CR00010,3D Modeling,Design,Advanced,4.45,2025-12-01,0.0
U01828,CR00057,SEO for E-commerce,Digital Marketing,Advanced,3.89,2025-03-27,177.34
U01829,CR00031,Network Security,Cybersecurity,Intermediate,1.91,2025-10-16,0.0
U01829,CR00042,Investment Strategies,Finance,Intermediate,4.1,2025-07-25,0.0
U01830,CR00051,HTML & CSS,Web Development,Advanced,1.3,2025-10-07,37.89
U01831,CR00001,Python Basics,Programming,Beginner,4.74,2025-09-28,472.28
U01832,CR00004,Advanced Python,Programming,Beginner,2.88,2025-01-16,0.0
U01833,CR00012,Business Strategy,Business,Advanced,3.64,2025-10-17,487.92
U01833,CR00017,SEO Mastery,Marketing,Advanced,4.79,2025-05-09,0.0
U01834,CR00030,Reinforcement Learning,Machine Learning,Intermediate,1.73,2025-12-05,0.0
U01835,CR00017,SEO Mastery,Marketing,Advanced,4.79,2025-12-07,0.0
U01835,CR00016,Digital Marketing,Marketing,Intermediate,4.72,2025-12-01,0.0
U01836,CR00025,Statistical Analysis,Data Science,Beginner,3.74,2025-07-24,299.57
U01837,CR00011,Entrepreneurship 101,Business,Intermediate,2.69,2025-05-05,326.02
U01838,CR00042,Investment Strategies,Finance,Intermediate,4.1,2025-05-19,0.0
U01838,CR00033,Cybersecurity Fundamentals,Cybersecurity,Intermediate,3.93,2025-04-02,0.0
U01839,CR00021,Data Analysis with Python,Data Science,Intermediate,3.6,2025-11-07,0.0
U01840,CR00019,Content Marketing,Marketing,Advanced,2.98,2025-11-26,0.0
U01840,CR00043,Corporate Finance,Finance,Beginner,4.14,2025-11-09,0.0
U01840,CR00035,Cyber Threat Intelligence,Cybersecurity,Beginner,4.94,2025-10-29,0.0
U01840,CR00003,C++ for Beginners,Programming,Beginner,3.85,2025-10-03,0.0
U01840,CR00002,Java Programming,Programming,Intermediate,2.43,2025-09-11,0.0
U01840,CR00024,Big Data Analytics,Data Science,Advanced,2.57,2025-09-10,117.68
U01840,CR00029,Natural Language Processing,Machine Learning,Beginner,1.13,2025-09-06,0.0
U01840,CR00027,Neural Networks,Machine Learning,Advanced,1.81,2025-09-05,0.0
U01840,CR00059,Affiliate Marketing,Digital Marketing,Intermediate,4.66,2025-08-11,0.0
U01840,CR00037,Scrum Essentials,Project Management,Intermediate,3.45,2025-05-03,0.0
U01840,CR00028,Deep Learning,Machine Learning,Advanced,3.89,2025-05-02,0.78
U01840,CR00015,Leadership Essentials,Business,Beginner,1.96,2025-04-25,285.05
U01840,CR00036,Agile Project Management,Project Management,Beginner,4.68,2025-01-28,0.0
U01840,CR00055,Full-Stack Web Development,Web Development,Advanced,4.74,2025-01-22,57.32
U01841,CR00031,Network Security,Cybersecurity,Intermediate,1.91,2025-02-25,0.0
U01842,CR00041,Financial Accounting,Finance,Beginner,2.47,2025-12-20,53.86
U01842,CR00046,AI for Beginners,Artificial Intelligence,Beginner,1.2,2025-11-18,248.1
U01842,CR00034,Data Encryption,Cybersecurity,Intermediate,1.35,2025-08-06,394.26
U01842,CR00020,Email Marketing,Marketing,Intermediate,4.11,2025-07-11,0.0
U01842,CR00009,Web Design Fundamentals,Design,Beginner,4.51,2025-07-07,0.0
U01842,CR00048,AI Ethics,Artificial Intelligence,Beginner,3.64,2025-07-04,0.0
U01842,CR00028,Deep Learning,Machine Learning,Advanced,3.89,2025-07-04,0.78
U01842,CR00037,Scrum Essentials,Project Management,Intermediate,3.45,2025-06-18,0.0
U01842,CR00045,Financial Modeling,Finance,Advanced,1.59,2025-06-06,0.0
U01842,CR00027,Neural Networks,Machine Learning,Advanced,1.81,2025-05-30,0.0
U01842,CR00001,Python Basics,Programming,Beginner,4.74,2025-04-11,472.28
U01842,CR00023,Machine Learning Fundamentals,Data Science,Intermediate,3.02,2025-03-20,0.0
U01842,CR00036,Agile Project Management,Project Management,Beginner,4.68,2025-01-14,0.0
U01843,CR00053,React for Beginners,Web Development,Advanced,2.67,2025-04-06,0.0
U01844,CR00023,Machine Learning Fundamentals,Data Science,Intermediate,3.02,2025-09-05,0.0
U01845,CR00010,3D Modeling,Design,Advanced,4.45,2025-02-01,0.0
U01846,CR00024,Big Data Analytics,Data Science,Advanced,2.57,2025-03-20,117.68
U01846,CR00035,Cyber Threat Intelligence,Cybersecurity,Beginner,4.94,2025-01-02,0.0
U01847,CR00031,Network Security,Cybersecurity,Intermediate,1.91,2025-04-20,0.0
U01848,CR00014,Sales Mastery,Business,Advanced,3.15,2025-12-21,0.0
U01849,CR00037,Scrum Essentials,Project Management,Intermediate,3.45,2025-11-16,0.0
U01850,CR00025,Statistical Analysis,Data Science,Beginner,3.74,2025-11-03,299.57
U01850,CR00021,Data Analysis with Python,Data Science,Intermediate,3.6,2025-03-19,0.0
U01850,CR00044,Personal Finance,Finance,Intermediate,2.75,2025-02-24,119.04
U01851,CR00038,Risk Management,Project Management,Intermediate,4.84,2025-11-08,342.61
U01851,CR00011,Entrepreneurship 101,Business,Intermediate,2.69,2025-11-06,326.02
U01851,CR00013,Finance for Startups,Business,Advanced,2.0,2025-09-04,0.0
U01851,CR00023,Machine Learning Fundamentals,Data Science,Intermediate,3.02,2025-03-13,0.0
U01852,CR00004,Advanced Python,Programming,Beginner,2.88,2025-09-21,0.0
U01852,CR00044,Personal Finance,Finance,Intermediate,2.75,2025-05-25,119.04
U01852,CR00034,Data Encryption,Cybersecurity,Intermediate,1.35,2025-04-21,394.26
U01852,CR00017,SEO Mastery,Marketing,Advanced,4.79,2025-02-12,0.0
U01853,CR00047,Natural Language Processing,Artificial Intelligence,Intermediate,2.68,2025-01-08,89.59
U01854,CR00028,Deep Learning,Machine Learning,Advanced,3.89,2025-11-24,0.78
U01854,CR00004,Advanced Python,Programming,Beginner,2.88,2025-11-08,0.0
U01854,CR00011,Entrepreneurship 101,Business,Intermediate,2.69,2025-09-20,326.02
U01854,CR00019,Content Marketing,Marketing,Advanced,2.98,2025-09-03,0.0
U01854,CR00051,HTML & CSS,Web Development,Advanced,1.3,2025-07-30,37.89
U01854,CR00056,Google Ads Mastery,Digital Marketing,Advanced,3.15,2025-07-20,212.39
U01854,CR00041,Financial Accounting,Finance,Beginner,2.47,2025-06-28,53.86
U01854,CR00055,Full-Stack Web Development,Web Development,Advanced,4.74,2025-06-04,57.32
U01854,CR00036,Agile Project Management,Project Management,Beginner,4.68,2025-04-20,0.0
U01854,CR00042,Investment Strategies,Finance,Intermediate,4.1,2025-03-04,0.0
U01854,CR00020,Email Marketing,Marketing,Intermediate,4.11,2025-01-27,0.0
U01854,CR00001,Python Basics,Programming,Beginner,4.74,2025-01-11,472.28
U01854,CR00023,Machine Learning Fundamentals,Data Science,Intermediate,3.02,2025-01-09,0.0
U01855,CR00041,Financial Accounting,Finance,Beginner,2.47,2025-04-03,53.86
U01856,CR00023,Machine Learning Fundamentals,Data Science,Intermediate,3.02,2025-02-26,0.0
U01857,CR00041,Financial Accounting,Finance,Beginner,2.47,2025-02-16,53.86
U01857,CR00010,3D Modeling,Design,Advanced,4.45,2025-01-01,0.0
U01858,CR00037,Scrum Essentials,Project Management,Intermediate,3.45,2025-04-12,0.0
U01859,CR00052,JavaScript Mastery,Web Development,Beginner,2.2,2025-04-27,0.0
U01860,CR00017,SEO Mastery,Marketing,Advanced,4.79,2025-12-14,0.0
U01860,CR00012,Business Strategy,Business,Advanced,3.64,2025-07-01,487.92
U01860,CR00005,Full Stack Development,Programming,Beginner,1.28,2025-01-11,0.0
U01861,CR00051,HTML & CSS,Web Development,Advanced,1.3,2025-09-01,37.89
U01861,CR00055,Full-Stack Web Development,Web Development,Advanced,4.74,2025-06-08,57.32
U01862,CR00059,Affiliate Marketing,Digital Marketing,Intermediate,4.66,2025-05-21,0.0
U01863,CR00038,Risk Management,Project Management,Intermediate,4.84,2025-11-01,342.61
U01864,CR00016,Digital Marketing,Marketing,Intermediate,4.72,2025-10-10,0.0
U01865,CR00005,Full Stack Development,Programming,Beginner,1.28,2025-11-28,0.0
U01865,CR00031,Network Security,Cybersecurity,Intermediate,1.91,2025-09-07,0.0
U01865,CR00004,Advanced Python,Programming,Beginner,2.88,2025-09-01,0.0
U01865,CR00045,Financial Modeling,Finance,Advanced,1.59,2025-03-06,0.0
U01866,CR00037,Scrum Essentials,Project Management,Intermediate,3.45,2025-02-24,0.0
U01867,CR00004,Advanced Python,Programming,Beginner,2.88,2025-11-25,0.0
U01867,CR00001,Python Basics,Programming,Beginner,4.74,2025-09-20,472.28
U01867,CR00054,Backend Development with Node.js,Web Development,Beginner,3.32,2025-08-23,0.0
U01867,CR00006,Graphic Design Basics,Design,Advanced,2.72,2025-07-20,276.37
U01867,CR00032,Ethical Hacking,Cybersecurity,Advanced,2.38,2025-07-09,0.0
U01867,CR00047,Natural Language Processing,Artificial Intelligence,Intermediate,2.68,2025-06-08,89.59
U01867,CR00041,Financial Accounting,Finance,Beginner,2.47,2025-06-06,53.86
U01867,CR00020,Email Marketing,Marketing,Intermediate,4.11,2025-05-20,0.0
U01867,CR00037,Scrum Essentials,Project Management,Intermediate,3.45,2025-04-24,0.0
U01867,CR00052,JavaScript Mastery,Web Development,Beginner,2.2,2025-04-13,0.0
U01867,CR00042,Investment Strategies,Finance,Intermediate,4.1,2025-04-05,0.0
U01867,CR00048,AI Ethics,Artificial Intelligence,Beginner,3.64,2025-03-04,0.0
U01867,CR00009,Web Design Fundamentals,Design,Beginner,4.51,2025-02-07,0.0
U01868,CR00031,Network Security,Cybersecurity,Intermediate,1.91,2025-12-23,0.0
U01868,CR00043,Corporate Finance,Finance,Beginner,4.14,2025-03-16,0.0
U01869,CR00031,Network Security,Cybersecurity,Intermediate,1.91,2025-10-01,0.0
U01870,CR00033,Cybersecurity Fundamentals,Cybersecurity,Intermediate,3.93,2025-12-17,0.0
U01871,CR00013,Finance for Startups,Business,Advanced,2.0,2025-12-29,0.0
U01871,CR00055,Full-Stack Web Development,Web Development,Advanced,4.74,2025-11-30,57.32
U01871,CR00052,JavaScript Mastery,Web Development,Beginner,2.2,2025-11-25,0.0
U01871,CR00011,Entrepreneurship 101,Business,Intermediate,2.69,2025-11-23,326.02
U01871,CR00026,Intro to Machine Learning,Machine Learning,Intermediate,4.73,2025-11-03,0.0
U01871,CR00022,Data Visualization,Data Science,Beginner,3.65,2025-10-16,0.0
U01871,CR00021,Data Analysis with Python,Data Science,Intermediate,3.6,2025-09-30,0.0
U01871,CR00049,Deep Learning,Artificial Intelligence,Intermediate,3.11,2025-09-21,415.51
U01871,CR00008,Photoshop Mastery,Design,Advanced,1.52,2025-08-19,0.0
U01871,CR00024,Big Data Analytics,Data Science,Advanced,2.57,2025-07-21,117.68
U01871,CR00033,Cybersecurity Fundamentals,Cybersecurity,Intermediate,3.93,2025-05-30,0.0
U01871,CR00007,UI/UX Design,Design,Advanced,2.61,2025-05-22,0.0
U01871,CR00035,Cyber Threat Intelligence,Cybersecurity,Beginner,4.94,2025-03-25,0.0
U01871,CR00037,Scrum Essentials,Project Management,Intermediate,3.45,2025-03-21,0.0
U01872,CR00034,Data Encryption,Cybersecurity,Intermediate,1.35,2025-11-16,394.26
U01872,CR00003,C++ for Beginners,Programming,Beginner,3.85,2025-11-04,0.0
U01872,CR00055,Full-Stack Web Development,Web Development,Advanced,4.74,2025-07-27,57.32
U01872,CR00008,Photoshop Mastery,Design,Advanced,1.52,2025-07-17,0.0
U01872,CR00012,Business Strategy,Business,Advanced,3.64,2025-06-12,487.92
U01872,CR00023,Machine Learning Fundamentals,Data Science,Intermediate,3.02,2025-06-09,0.0
U01872,CR00020,Email Marketing,Marketing,Intermediate,4.11,2025-05-19,0.0
U01872,CR00042,Investment Strategies,Finance,Intermediate,4.1,2025-05-17,0.0
U01872,CR00050,Computer Vision,Artificial Intelligence,Beginner,4.55,2025-04-21,490.9
U01872,CR00033,Cybersecurity Fundamentals,Cybersecurity,Intermediate,3.93,2025-04-16,0.0
U01872,CR00009,Web Design Fundamentals,Design,Beginner,4.51,2025-03-02,0.0
U01872,CR00040,Leadership in Projects,Project Management,Beginner,1.51,2025-01-30,327.99
U01872,CR00004,Advanced Python,Programming,Beginner,2.88,2025-01-17,0.0
U01872,CR00011,Entrepreneurship 101,Business,Intermediate,2.69,2025-01-10,326.02
U01873,CR00005,Full Stack Development,Programming,Beginner,1.28,2025-07-27,0.0
U01874,CR00049,Deep Learning,Artificial Intelligence,Intermediate,3.11,2025-01-06,415.51
U01875,CR00015,Leadership Essentials,Business,Beginner,1.96,2025-11-29,285.05
U01876,CR00002,Java Programming,Programming,Intermediate,2.43,2025-12-23,0.0
U01876,CR00035,Cyber Threat Intelligence,Cybersecurity,Beginner,4.94,2025-09-25,0.0
U01876,CR00005,Full Stack Development,Programming,Beginner,1.28,2025-09-10,0.0
U01876,CR00009,Web Design Fundamentals,Design,Beginner,4.51,2025-08-02,0.0
U01876,CR00038,Risk Management,Project Management,Intermediate,4.84,2025-07-29,342.61
U01876,CR00051,HTML & CSS,Web Development,Advanced,1.3,2025-07-28,37.89
U01876,CR00001,Python Basics,Programming,Beginner,4.74,2025-07-23,472.28
U01876,CR00053,React for Beginners,Web Development,Advanced,2.67,2025-07-13,0.0
U01876,CR00033,Cybersecurity Fundamentals,Cybersecurity,Intermediate,3.93,2025-06-04,0.0
U01876,CR00003,C++ for Beginners,Programming,Beginner,3.85,2025-03-03,0.0
U01876,CR00043,Corporate Finance,Finance,Beginner,4.14,2025-02-26,0.0
U01876,CR00013,Finance for Startups,Business,Advanced,2.0,2025-02-13,0.0
U01876,CR00042,Investment Strategies,Finance,Intermediate,4.1,2025-02-03,0.0
U01876,CR00044,Personal Finance,Finance,Intermediate,2.75,2025-01-24,119.04
U01877,CR00003,C++ for Beginners,Programming,Beginner,3.85,2025-12-16,0.0
U01877,CR00054,Backend Development with Node.js,Web Development,Beginner,3.32,2025-12-12,0.0
U01877,CR00058,Social Media Strategy,Digital Marketing,Beginner,4.44,2025-10-18,0.0
U01877,CR00039,Project Planning,Project Management,Advanced,1.23,2025-09-26,346.71
U01877,CR00019,Content Marketing,Marketing,Advanced,2.98,2025-09-15,0.0
U01877,CR00040,Leadership in Projects,Project Management,Beginner,1.51,2025-08-23,327.99
U01877,CR00059,Affiliate Marketing,Digital Marketing,Intermediate,4.66,2025-08-19,0.0
U01877,CR00027,Neural Networks,Machine Learning,Advanced,1.81,2025-07-06,0.0
U01877,CR00041,Financial Accounting,Finance,Beginner,2.47,2025-06-27,53.86
U01877,CR00023,Machine Learning Fundamentals,Data Science,Intermediate,3.02,2025-06-26,0.0
U01877,CR00050,Computer Vision,Artificial Intelligence,Beginner,4.55,2025-03-17,490.9
U01877,CR00018,Social Media Marketing,Marketing,Advanced,2.01,2025-01-06,0.0
U01878,CR00010,3D Modeling,Design,Advanced,4.45,2025-11-08,0.0
U01879,CR00044,Personal Finance,Finance,Intermediate,2.75,2025-12-24,119.04
U01879,CR00024,Big Data Analytics,Data Science,Advanced,2.57,2025-11-13,117.68
U01879,CR00052,JavaScript Mastery,Web Development,Beginner,2.2,2025-11-10,0.0
U01879,CR00049,Deep Learning,Artificial Intelligence,Intermediate,3.11,2025-10-01,415.51
U01879,CR00010,3D Modeling,Design,Advanced,4.45,2025-09-12,0.0
U01879,CR00034,Data Encryption,Cybersecurity,Intermediate,1.35,2025-08-08,394.26
U01879,CR00043,Corporate Finance,Finance,Beginner,4.14,2025-08-01,0.0
U01879,CR00045,Financial Modeling,Finance,Advanced,1.59,2025-07-10,0.0
U01879,CR00012,Business Strategy,Business,Advanced,3.64,2025-06-25,487.92
U01879,CR00030,Reinforcement Learning,Machine Learning,Intermediate,1.73,2025-06-03,0.0
U01879,CR00015,Leadership Essentials,Business,Beginner,1.96,2025-05-15,285.05
U01879,CR00028,Deep Learning,Machine Learning,Advanced,3.89,2025-03-01,0.78
U01879,CR00046,AI for Beginners,Artificial Intelligence,Beginner,1.2,2025-02-12,248.1
U01879,CR00008,Photoshop Mastery,Design,Advanced,1.52,2025-02-04,0.0
U01879,CR00025,Statistical Analysis,Data Science,Beginner,3.74,2025-01-28,299.57
U01880,CR00059,Affiliate Marketing,Digital Marketing,Intermediate,4.66,2025-09-30,0.0
U01880,CR00009,Web Design Fundamentals,Design,Beginner,4.51,2025-02-08,0.0
U01881,CR00039,Project Planning,Project Management,Advanced,1.23,2025-04-11,346.71
U01882,CR00014,Sales Mastery,Business,Advanced,3.15,2025-05-24,0.0
U01882,CR00051,HTML & CSS,Web Development,Advanced,1.3,2025-03-23,37.89
U01882,CR00055,Full-Stack Web Development,Web Development,Advanced,4.74,2025-01-02,57.32
U01883,CR00050,Computer Vision,Artificial Intelligence,Beginner,4.55,2025-07-09,490.9
U01884,CR00039,Project Planning,Project Management,Advanced,1.23,2025-01-04,346.71
U01885,CR00036,Agile Project Management,Project Management,Beginner,4.68,2025-12-23,0.0
U01886,CR00017,SEO Mastery,Marketing,Advanced,4.79,2025-10-18,0.0
U01887,CR00022,Data Visualization,Data Science,Beginner,3.65,2025-02-05,0.0
U01888,CR00033,Cybersecurity Fundamentals,Cybersecurity,Intermediate,3.93,2025-06-13,0.0
U01889,CR00007,UI/UX Design,Design,Advanced,2.61,2025-02-22,0.0
U01890,CR00045,Financial Modeling,Finance,Advanced,1.59,2025-06-15,0.0
U01891,CR00005,Full Stack Development,Programming,Beginner,1.28,2025-03-21,0.0
U01892,CR00052,JavaScript Mastery,Web Development,Beginner,2.2,2025-04-30,0.0
U01893,CR00039,Project Planning,Project Management,Advanced,1.23,2025-10-16,346.71
U01893,CR00011,Entrepreneurship 101,Business,Intermediate,2.69,2025-09-26,326.02
U01893,CR00057,SEO for E-commerce,Digital Marketing,Advanced,3.89,2025-07-28,177.34
U01893,CR00043,Corporate Finance,Finance,Beginner,4.14,2025-06-20,0.0
U01893,CR00034,Data Encryption,Cybersecurity,Intermediate,1.35,2025-06-14,394.26
U01893,CR00014,Sales Mastery,Business,Advanced,3.15,2025-06-10,0.0
U01893,CR00019,Content Marketing,Marketing,Advanced,2.98,2025-06-07,0.0
U01893,CR00048,AI Ethics,Artificial Intelligence,Beginner,3.64,2025-06-01,0.0
U01893,CR00016,Digital Marketing,Marketing,Intermediate,4.72,2025-04-19,0.0
U01893,CR00004,Advanced Python,Programming,Beginner,2.88,2025-04-15,0.0
U01893,CR00060,Content Creation,Digital Marketing,Beginner,2.14,2025-03-22,0.0
U01893,CR00041,Financial Accounting,Finance,Beginner,2.47,2025-02-25,53.86
U01894,CR00036,Agile Project Management,Project Management,Beginner,4.68,2025-08-09,0.0
U01895,CR00023,Machine Learning Fundamentals,Data Science,Intermediate,3.02,2025-07-10,0.0
U01896,CR00011,Entrepreneurship 101,Business,Intermediate,2.69,2025-12-28,326.02
U01896,CR00049,Deep Learning,Artificial Intelligence,Intermediate,3.11,2025-11-28,415.51
U01896,CR00060,Content Creation,Digital Marketing,Beginner,2.14,2025-11-02,0.0
U01896,CR00020,Email Marketing,Marketing,Intermediate,4.11,2025-09-21,0.0
U01896,CR00048,AI Ethics,Artificial Intelligence,Beginner,3.64,2025-09-03,0.0
U01896,CR00042,Investment Strategies,Finance,Intermediate,4.1,2025-08-14,0.0
U01896,CR00033,Cybersecurity Fundamentals,Cybersecurity,Intermediate,3.93,2025-07-15,0.0
U01896,CR00015,Leadership Essentials,Business,Beginner,1.96,2025-04-03,285.05
U01896,CR00005,Full Stack Development,Programming,Beginner,1.28,2025-02-28,0.0
U01896,CR00025,Statistical Analysis,Data Science,Beginner,3.74,2025-02-09,299.57
U01896,CR00026,Intro to Machine Learning,Machine Learning,Intermediate,4.73,2025-01-24,0.0
U01896,CR00034,Data Encryption,Cybersecurity,Intermediate,1.35,2025-01-08,394.26
U01897,CR00008,Photoshop Mastery,Design,Advanced,1.52,2025-03-04,0.0
U01898,CR00024,Big Data Analytics,Data Science,Advanced,2.57,2025-08-08,117.68
U01899,CR00054,Backend Development with Node.js,Web Development,Beginner,3.32,2025-02-09,0.0
U01899,CR00004,Advanced Python,Programming,Beginner,2.88,2025-01-03,0.0
U01900,CR00048,AI Ethics,Artificial Intelligence,Beginner,3.64,2025-12-18,0.0
U01900,CR00022,Data Visualization,Data Science,Beginner,3.65,2025-10-16,0.0
U01900,CR00019,Content Marketing,Marketing,Advanced,2.98,2025-10-10,0.0
U01900,CR00021,Data Analysis with Python,Data Science,Intermediate,3.6,2025-10-07,0.0
U01900,CR00053,React for Beginners,Web Development,Advanced,2.67,2025-09-17,0.0
U01900,CR00030,Reinforcement Learning,Machine Learning,Intermediate,1.73,2025-06-17,0.0
U01900,CR00055,Full-Stack Web Development,Web Development,Advanced,4.74,2025-04-13,57.32
U01900,CR00011,Entrepreneurship 101,Business,Intermediate,2.69,2025-04-06,326.02
U01900,CR00039,Project Planning,Project Management,Advanced,1.23,2025-02-12,346.71
U01900,CR00047,Natural Language Processing,Artificial Intelligence,Intermediate,2.68,2025-01-30,89.59
U01900,CR00012,Business Strategy,Business,Advanced,3.64,2025-01-13,487.92
U01901,CR00027,Neural Networks,Machine Learning,Advanced,1.81,2025-05-29,0.0
U01902,CR00055,Full-Stack Web Development,Web Development,Advanced,4.74,2025-05-06,57.32
U01903,CR00005,Full Stack Development,Programming,Beginner,1.28,2025-12-24,0.0
U01903,CR00028,Deep Learning,Machine Learning,Advanced,3.89,2025-11-24,0.78
U01903,CR00059,Affiliate Marketing,Digital Marketing,Intermediate,4.66,2025-11-04,0.0
U01903,CR00040,Leadership in Projects,Project Management,Beginner,1.51,2025-11-03,327.99
U01903,CR00019,Content Marketing,Marketing,Advanced,2.98,2025-10-09,0.0
U01903,CR00047,Natural Language Processing,Artificial Intelligence,Intermediate,2.68,2025-09-09,89.59
U01903,CR00057,SEO for E-commerce,Digital Marketing,Advanced,3.89,2025-08-05,177.34
U01903,CR00048,AI Ethics,Artificial Intelligence,Beginner,3.64,2025-08-01,0.0
U01903,CR00050,Computer Vision,Artificial Intelligence,Beginner,4.55,2025-06-03,490.9
U01903,CR00046,AI for Beginners,Artificial Intelligence,Beginner,1.2,2025-04-17,248.1
U01903,CR00013,Finance for Startups,Business,Advanced,2.0,2025-03-20,0.0
U01903,CR00032,Ethical Hacking,Cybersecurity,Advanced,2.38,2025-02-01,0.0
U01903,CR00042,Investment Strategies,Finance,Intermediate,4.1,2025-01-20,0.0
U01904,CR00012,Business Strategy,Business,Advanced,3.64,2025-04-11,487.92
U01905,CR00050,Computer Vision,Artificial Intelligence,Beginner,4.55,2025-08-23,490.9
U01905,CR00005,Full Stack Development,Programming,Beginner,1.28,2025-05-02,0.0
U01906,CR00046,AI for Beginners,Artificial Intelligence,Beginner,1.2,2025-10-10,248.1
U01906,CR00044,Personal Finance,Finance,Intermediate,2.75,2025-06-26,119.04
U01906,CR00021,Data Analysis with Python,Data Science,Intermediate,3.6,2025-06-13,0.0
U01906,CR00008,Photoshop Mastery,Design,Advanced,1.52,2025-06-11,0.0
U01906,CR00029,Natural Language Processing,Machine Learning,Beginner,1.13,2025-05-19,0.0
U01906,CR00052,JavaScript Mastery,Web Development,Beginner,2.2,2025-04-27,0.0
U01906,CR00018,Social Media Marketing,Marketing,Advanced,2.01,2025-04-19,0.0
U01906,CR00060,Content Creation,Digital Marketing,Beginner,2.14,2025-04-15,0.0
U01906,CR00017,SEO Mastery,Marketing,Advanced,4.79,2025-04-11,0.0
U01906,CR00023,Machine Learning Fundamentals,Data Science,Intermediate,3.02,2025-04-04,0.0
U01906,CR00007,UI/UX Design,Design,Advanced,2.61,2025-03-28,0.0
U01906,CR00015,Leadership Essentials,Business,Beginner,1.96,2025-02-18,285.05
U01906,CR00019,Content Marketing,Marketing,Advanced,2.98,2025-02-04,0.0
U01906,CR00040,Leadership in Projects,Project Management,Beginner,1.51,2025-01-26,327.99
U01906,CR00049,Deep Learning,Artificial Intelligence,Intermediate,3.11,2025-01-16,415.51
U01907,CR00060,Content Creation,Digital Marketing,Beginner,2.14,2025-12-23,0.0
U01907,CR00047,Natural Language Processing,Artificial Intelligence,Intermediate,2.68,2025-05-30,89.59
U01908,CR00057,SEO for E-commerce,Digital Marketing,Advanced,3.89,2025-12-26,177.34
U01908,CR00017,SEO Mastery,Marketing,Advanced,4.79,2025-11-07,0.0
U01908,CR00053,React for Beginners,Web Development,Advanced,2.67,2025-10-19,0.0
U01908,CR00040,Leadership in Projects,Project Management,Beginner,1.51,2025-10-05,327.99
U01908,CR00021,Data Analysis with Python,Data Science,Intermediate,3.6,2025-07-25,0.0
U01908,CR00007,UI/UX Design,Design,Advanced,2.61,2025-06-30,0.0
U01908,CR00055,Full-Stack Web Development,Web Development,Advanced,4.74,2025-06-10,57.32
U01908,CR00005,Full Stack Development,Programming,Beginner,1.28,2025-06-09,0.0
U01908,CR00048,AI Ethics,Artificial Intelligence,Beginner,3.64,2025-05-02,0.0
U01908,CR00009,Web Design Fundamentals,Design,Beginner,4.51,2025-04-26,0.0
U01908,CR00054,Backend Development with Node.js,Web Development,Beginner,3.32,2025-03-19,0.0
U01908,CR00011,Entrepreneurship 101,Business,Intermediate,2.69,2025-03-05,326.02
U01909,CR00051,HTML & CSS,Web Development,Advanced,1.3,2025-06-11,37.89
U01909,CR00018,Social Media Marketing,Marketing,Advanced,2.01,2025-02-09,0.0
U01909,CR00030,Reinforcement Learning,Machine Learning,Intermediate,1.73,2025-01-28,0.0
U01910,CR00057,SEO for E-commerce,Digital Marketing,Advanced,3.89,2025-07-13,177.34
U01911,CR00025,Statistical Analysis,Data Science,Beginner,3.74,2025-01-09,299.57
U01912,CR00023,Machine Learning Fundamentals,Data Science,Intermediate,3.02,2025-04-20,0.0
U01913,CR00004,Advanced Python,Programming,Beginner,2.88,2025-02-20,0.0
U01914,CR00007,UI/UX Design,Design,Advanced,2.61,2025-10-21,0.0
U01915,CR00049,Deep Learning,Artificial Intelligence,Intermediate,3.11,2025-06-12,415.51
U01915,CR00051,HTML & CSS,Web Development,Advanced,1.3,2025-04-11,37.89
U01916,CR00024,Big Data Analytics,Data Science,Advanced,2.57,2025-06-20,117.68
U01917,CR00017,SEO Mastery,Marketing,Advanced,4.79,2025-11-16,0.0
U01917,CR00056,Google Ads Mastery,Digital Marketing,Advanced,3.15,2025-11-09,212.39
U01917,CR00022,Data Visualization,Data Science,Beginner,3.65,2025-11-02,0.0
U01917,CR00059,Affiliate Marketing,Digital Marketing,Intermediate,4.66,2025-10-24,0.0
U01917,CR00032,Ethical Hacking,Cybersecurity,Advanced,2.38,2025-10-14,0.0
U01917,CR00018,Social Media Marketing,Marketing,Advanced,2.01,2025-09-15,0.0
U01917,CR00047,Natural Language Processing,Artificial Intelligence,Intermediate,2.68,2025-07-11,89.59
U01917,CR00031,Network Security,Cybersecurity,Intermediate,1.91,2025-06-27,0.0
U01917,CR00027,Neural Networks,Machine Learning,Advanced,1.81,2025-05-25,0.0
U01917,CR00021,Data Analysis with Python,Data Science,Intermediate,3.6,2025-05-11,0.0
U01917,CR00028,Deep Learning,Machine Learning,Advanced,3.89,2025-04-21,0.78
U01917,CR00051,HTML & CSS,Web Development,Advanced,1.3,2025-04-06,37.89
U01917,CR00023,Machine Learning Fundamentals,Data Science,Intermediate,3.02,2025-03-26,0.0
U01917,CR00040,Leadership in Projects,Project Management,Beginner,1.51,2025-01-13,327.99
U01917,CR00050,Computer Vision,Artificial Intelligence,Beginner,4.55,2025-01-09,490.9
U01918,CR00024,Big Data Analytics,Data Science,Advanced,2.57,2025-11-23,117.68
U01918,CR00002,Java Programming,Programming,Intermediate,2.43,2025-10-10,0.0
U01918,CR00053,React for Beginners,Web Development,Advanced,2.67,2025-09-25,0.0
U01918,CR00017,SEO Mastery,Marketing,Advanced,4.79,2025-09-11,0.0
U01918,CR00047,Natural Language Processing,Artificial Intelligence,Intermediate,2.68,2025-09-06,89.59
U01918,CR00029,Natural Language Processing,Machine Learning,Beginner,1.13,2025-09-01,0.0
U01918,CR00001,Python Basics,Programming,Beginner,4.74,2025-08-27,472.28
U01918,CR00030,Reinforcement Learning,Machine Learning,Intermediate,1.73,2025-06-28,0.0
U01918,CR00025,Statistical Analysis,Data Science,Beginner,3.74,2025-04-17,299.57
U01918,CR00018,Social Media Marketing,Marketing,Advanced,2.01,2025-03-14,0.0
U01918,CR00005,Full Stack Development,Programming,Beginner,1.28,2025-02-21,0.0
U01918,CR00008,Photoshop Mastery,Design,Advanced,1.52,2025-02-08,0.0
U01918,CR00023,Machine Learning Fundamentals,Data Science,Intermediate,3.02,2025-02-08,0.0
U01918,CR00032,Ethical Hacking,Cybersecurity,Advanced,2.38,2025-01-25,0.0
U01919,CR00005,Full Stack Development,Programming,Beginner,1.28,2025-03-10,0.0
U01920,CR00034,Data Encryption,Cybersecurity,Intermediate,1.35,2025-12-09,394.26
U01920,CR00056,Google Ads Mastery,Digital Marketing,Advanced,3.15,2025-10-25,212.39
U01920,CR00023,Machine Learning Fundamentals,Data Science,Intermediate,3.02,2025-09-28,0.0
U01920,CR00026,Intro to Machine Learning,Machine Learning,Intermediate,4.73,2025-09-13,0.0
U01920,CR00009,Web Design Fundamentals,Design,Beginner,4.51,2025-07-25,0.0
U01920,CR00022,Data Visualization,Data Science,Beginner,3.65,2025-07-10,0.0
U01920,CR00011,Entrepreneurship 101,Business,Intermediate,2.69,2025-07-03,326.02
U01920,CR00018,Social Media Marketing,Marketing,Advanced,2.01,2025-06-21,0.0
U01920,CR00007,UI/UX Design,Design,Advanced,2.61,2025-05-01,0.0
U01920,CR00047,Natural Language Processing,Artificial Intelligence,Intermediate,2.68,2025-02-23,89.59
U01920,CR00012,Business Strategy,Business,Advanced,3.64,2025-02-10,487.92
U01920,CR00024,Big Data Analytics,Data Science,Advanced,2.57,2025-01-20,117.68
U01920,CR00048,AI Ethics,Artificial Intelligence,Beginner,3.64,2025-01-09,0.0
U01921,CR00022,Data Visualization,Data Science,Beginner,3.65,2025-12-14,0.0
U01921,CR00048,AI Ethics,Artificial Intelligence,Beginner,3.64,2025-06-16,0.0
U01922,CR00036,Agile Project Management,Project Management,Beginner,4.68,2025-02-20,0.0
U01922,CR00031,Network Security,Cybersecurity,Intermediate,1.91,2025-02-06,0.0
U01923,CR00055,Full-Stack Web Development,Web Development,Advanced,4.74,2025-10-07,57.32
U01924,CR00054,Backend Development with Node.js,Web Development,Beginner,3.32,2025-12-11,0.0
U01924,CR00047,Natural Language Processing,Artificial Intelligence,Intermediate,2.68,2025-04-07,89.59
U01925,CR00025,Statistical Analysis,Data Science,Beginner,3.74,2025-08-22,299.57
U01926,CR00029,Natural Language Processing,Machine Learning,Beginner,1.13,2025-11-27,0.0
U01926,CR00045,Financial Modeling,Finance,Advanced,1.59,2025-11-16,0.0
U01926,CR00060,Content Creation,Digital Marketing,Beginner,2.14,2025-10-25,0.0
U01926,CR00038,Risk Management,Project Management,Intermediate,4.84,2025-09-18,342.61
U01926,CR00002,Java Programming,Programming,Intermediate,2.43,2025-08-24,0.0
U01926,CR00043,Corporate Finance,Finance,Beginner,4.14,2025-07-25,0.0
U01926,CR00054,Backend Development with Node.js,Web Development,Beginner,3.32,2025-07-23,0.0
U01926,CR00047,Natural Language Processing,Artificial Intelligence,Intermediate,2.68,2025-07-22,89.59
U01926,CR00007,UI/UX Design,Design,Advanced,2.61,2025-07-12,0.0
U01926,CR00015,Leadership Essentials,Business,Beginner,1.96,2025-06-19,285.05
U01926,CR00030,Reinforcement Learning,Machine Learning,Intermediate,1.73,2025-05-02,0.0
U01926,CR00001,Python Basics,Programming,Beginner,4.74,2025-04-24,472.28
U01926,CR00026,Intro to Machine Learning,Machine Learning,Intermediate,4.73,2025-04-14,0.0
U01927,CR00023,Machine Learning Fundamentals,Data Science,Intermediate,3.02,2025-12-27,0.0
U01928,CR00035,Cyber Threat Intelligence,Cybersecurity,Beginner,4.94,2025-03-15,0.0
U01929,CR00030,Reinforcement Learning,Machine Learning,Intermediate,1.73,2025-12-28,0.0
U01929,CR00015,Leadership Essentials,Business,Beginner,1.96,2025-12-23,285.05
U01929,CR00043,Corporate Finance,Finance,Beginner,4.14,2025-10-22,0.0
U01929,CR00003,C++ for Beginners,Programming,Beginner,3.85,2025-08-16,0.0
U01929,CR00028,Deep Learning,Machine Learning,Advanced,3.89,2025-06-23,0.78
U01929,CR00031,Network Security,Cybersecurity,Intermediate,1.91,2025-06-10,0.0
U01929,CR00040,Leadership in Projects,Project Management,Beginner,1.51,2025-06-09,327.99
U01929,CR00027,Neural Networks,Machine Learning,Advanced,1.81,2025-05-15,0.0
U01929,CR00002,Java Programming,Programming,Intermediate,2.43,2025-04-27,0.0
U01929,CR00024,Big Data Analytics,Data Science,Advanced,2.57,2025-03-21,117.68
U01929,CR00035,Cyber Threat Intelligence,Cybersecurity,Beginner,4.94,2025-03-21,0.0
U01929,CR00011,Entrepreneurship 101,Business,Intermediate,2.69,2025-02-02,326.02
U01929,CR00042,Investment Strategies,Finance,Intermediate,4.1,2025-01-03,0.0
U01929,CR00023,Machine Learning Fundamentals,Data Science,Intermediate,3.02,2025-01-01,0.0
U01930,CR00037,Scrum Essentials,Project Management,Intermediate,3.45,2025-02-11,0.0
U01931,CR00048,AI Ethics,Artificial Intelligence,Beginner,3.64,2025-11-28,0.0
U01931,CR00019,Content Marketing,Marketing,Advanced,2.98,2025-10-11,0.0
U01931,CR00015,Leadership Essentials,Business,Beginner,1.96,2025-10-09,285.05
U01931,CR00030,Reinforcement Learning,Machine Learning,Intermediate,1.73,2025-09-21,0.0
U01931,CR00038,Risk Management,Project Management,Intermediate,4.84,2025-09-12,342.61
U01931,CR00028,Deep Learning,Machine Learning,Advanced,3.89,2025-08-29,0.78
U01931,CR00004,Advanced Python,Programming,Beginner,2.88,2025-07-09,0.0
U01931,CR00027,Neural Networks,Machine Learning,Advanced,1.81,2025-06-30,0.0
U01931,CR00046,AI for Beginners,Artificial Intelligence,Beginner,1.2,2025-05-26,248.1
U01931,CR00034,Data Encryption,Cybersecurity,Intermediate,1.35,2025-04-07,394.26
U01931,CR00031,Network Security,Cybersecurity,Intermediate,1.91,2025-03-23,0.0
U01932,CR00049,Deep Learning,Artificial Intelligence,Intermediate,3.11,2025-01-30,415.51
U01933,CR00020,Email Marketing,Marketing,Intermediate,4.11,2025-03-23,0.0
U01933,CR00037,Scrum Essentials,Project Management,Intermediate,3.45,2025-02-05,0.0
U01934,CR00019,Content Marketing,Marketing,Advanced,2.98,2025-12-29,0.0
U01934,CR00017,SEO Mastery,Marketing,Advanced,4.79,2025-12-11,0.0
U01934,CR00049,Deep Learning,Artificial Intelligence,Intermediate,3.11,2025-11-14,415.51
U01934,CR00047,Natural Language Processing,Artificial Intelligence,Intermediate,2.68,2025-10-08,89.59
U01934,CR00050,Computer Vision,Artificial Intelligence,Beginner,4.55,2025-09-04,490.9
U01934,CR00008,Photoshop Mastery,Design,Advanced,1.52,2025-08-27,0.0
U01934,CR00048,AI Ethics,Artificial Intelligence,Beginner,3.64,2025-08-16,0.0
U01934,CR00035,Cyber Threat Intelligence,Cybersecurity,Beginner,4.94,2025-08-15,0.0
U01934,CR00028,Deep Learning,Machine Learning,Advanced,3.89,2025-07-25,0.78
U01934,CR00026,Intro to Machine Learning,Machine Learning,Intermediate,4.73,2025-06-14,0.0
U01934,CR00024,Big Data Analytics,Data Science,Advanced,2.57,2025-05-02,117.68
U01934,CR00014,Sales Mastery,Business,Advanced,3.15,2025-04-18,0.0
U01934,CR00039,Project Planning,Project Management,Advanced,1.23,2025-02-23,346.71
U01934,CR00006,Graphic Design Basics,Design,Advanced,2.72,2025-02-08,276.37
U01935,CR00002,Java Programming,Programming,Intermediate,2.43,2025-04-25,0.0
U01936,CR00058,Social Media Strategy,Digital Marketing,Beginner,4.44,2025-09-25,0.0
U01936,CR00033,Cybersecurity Fundamentals,Cybersecurity,Intermediate,3.93,2025-01-24,0.0
U01937,CR00048,AI Ethics,Artificial Intelligence,Beginner,3.64,2025-10-16,0.0
U01938,CR00043,Corporate Finance,Finance,Beginner,4.14,2025-10-24,0.0
U01938,CR00050,Computer Vision,Artificial Intelligence,Beginner,4.55,2025-09-15,490.9
U01939,CR00002,Java Programming,Programming,Intermediate,2.43,2025-12-24,0.0
U01939,CR00025,Statistical Analysis,Data Science,Beginner,3.74,2025-11-09,299.57
U01939,CR00019,Content Marketing,Marketing,Advanced,2.98,2025-08-11,0.0
U01939,CR00044,Personal Finance,Finance,Intermediate,2.75,2025-07-19,119.04
U01940,CR00042,Investment Strategies,Finance,Intermediate,4.1,2025-10-16,0.0
U01940,CR00006,Graphic Design Basics,Design,Advanced,2.72,2025-03-18,276.37
U01941,CR00047,Natural Language Processing,Artificial Intelligence,Intermediate,2.68,2025-08-02,89.59
U01942,CR00037,Scrum Essentials,Project Management,Intermediate,3.45,2025-09-11,0.0
U01943,CR00036,Agile Project Management,Project Management,Beginner,4.68,2025-12-22,0.0
U01943,CR00026,Intro to Machine Learning,Machine Learning,Intermediate,4.73,2025-12-10,0.0
U01943,CR00044,Personal Finance,Finance,Intermediate,2.75,2025-11-16,119.04
U01943,CR00059,Affiliate Marketing,Digital Marketing,Intermediate,4.66,2025-09-14,0.0
U01943,CR00001,Python Basics,Programming,Beginner,4.74,2025-09-11,472.28
U01943,CR00027,Neural Networks,Machine Learning,Advanced,1.81,2025-08-25,0.0
U01943,CR00030,Reinforcement Learning,Machine Learning,Intermediate,1.73,2025-06-26,0.0
U01943,CR00038,Risk Management,Project Management,Intermediate,4.84,2025-04-29,342.61
U01943,CR00042,Investment Strategies,Finance,Intermediate,4.1,2025-02-23,0.0
U01943,CR00025,Statistical Analysis,Data Science,Beginner,3.74,2025-02-07,299.57
U01943,CR00033,Cybersecurity Fundamentals,Cybersecurity,Intermediate,3.93,2025-01-25,0.0
U01943,CR00056,Google Ads Mastery,Digital Marketing,Advanced,3.15,2025-01-09,212.39
U01943,CR00035,Cyber Threat Intelligence,Cybersecurity,Beginner,4.94,2025-01-03,0.0
U01943,CR00041,Financial Accounting,Finance,Beginner,2.47,2025-01-03,53.86
U01944,CR00042,Investment Strategies,Finance,Intermediate,4.1,2025-09-11,0.0
U01944,CR00022,Data Visualization,Data Science,Beginner,3.65,2025-07-09,0.0
U01945,CR00038,Risk Management,Project Management,Intermediate,4.84,2025-07-03,342.61
U01946,CR00030,Reinforcement Learning,Machine Learning,Intermediate,1.73,2025-04-14,0.0
U01947,CR00042,Investment Strategies,Finance,Intermediate,4.1,2025-09-13,0.0
U01948,CR00006,Graphic Design Basics,Design,Advanced,2.72,2025-12-19,276.37
U01949,CR00030,Reinforcement Learning,Machine Learning,Intermediate,1.73,2025-07-04,0.0
U01950,CR00018,Social Media Marketing,Marketing,Advanced,2.01,2025-12-08,0.0
U01950,CR00030,Reinforcement Learning,Machine Learning,Intermediate,1.73,2025-10-16,0.0
U01951,CR00033,Cybersecurity Fundamentals,Cybersecurity,Intermediate,3.93,2025-10-15,0.0
U01951,CR00029,Natural Language Processing,Machine Learning,Beginner,1.13,2025-07-01,0.0
U01951,CR00035,Cyber Threat Intelligence,Cybersecurity,Beginner,4.94,2025-06-17,0.0
U01952,CR00029,Natural Language Processing,Machine Learning,Beginner,1.13,2025-12-20,0.0
U01952,CR00007,UI/UX Design,Design,Advanced,2.61,2025-12-11,0.0
U01953,CR00048,AI Ethics,Artificial Intelligence,Beginner,3.64,2025-11-23,0.0
U01953,CR00023,Machine Learning Fundamentals,Data Science,Intermediate,3.02,2025-10-10,0.0
U01953,CR00031,Network Security,Cybersecurity,Intermediate,1.91,2025-10-07,0.0
U01953,CR00021,Data Analysis with Python,Data Science,Intermediate,3.6,2025-09-21,0.0
U01953,CR00016,Digital Marketing,Marketing,Intermediate,4.72,2025-09-07,0.0
U01953,CR00025,Statistical Analysis,Data Science,Beginner,3.74,2025-08-29,299.57
U01953,CR00006,Graphic Design Basics,Design,Advanced,2.72,2025-08-08,276.37
U01953,CR00037,Scrum Essentials,Project Management,Intermediate,3.45,2025-07-22,0.0
U01953,CR00001,Python Basics,Programming,Beginner,4.74,2025-06-12,472.28
U01953,CR00014,Sales Mastery,Business,Advanced,3.15,2025-06-09,0.0
U01953,CR00051,HTML & CSS,Web Development,Advanced,1.3,2025-06-02,37.89
U01953,CR00026,Intro to Machine Learning,Machine Learning,Intermediate,4.73,2025-03-18,0.0
U01953,CR00002,Java Programming,Programming,Intermediate,2.43,2025-03-09,0.0
U01953,CR00057,SEO for E-commerce,Digital Marketing,Advanced,3.89,2025-02-05,177.34
U01953,CR00017,SEO Mastery,Marketing,Advanced,4.79,2025-02-01,0.0
U01954,CR00054,Backend Development with Node.js,Web Development,Beginner,3.32,2025-06-03,0.0
U01955,CR00043,Corporate Finance,Finance,Beginner,4.14,2025-11-24,0.0
U01956,CR00004,Advanced Python,Programming,Beginner,2.88,2025-03-15,0.0
U01957,CR00017,SEO Mastery,Marketing,Advanced,4.79,2025-11-24,0.0
U01958,CR00055,Full-Stack Web Development,Web Development,Advanced,4.74,2025-10-23,57.32
U01958,CR00042,Investment Strategies,Finance,Intermediate,4.1,2025-09-28,0.0
U01958,CR00025,Statistical Analysis,Data Science,Beginner,3.74,2025-09-23,299.57
U01958,CR00045,Financial Modeling,Finance,Advanced,1.59,2025-08-11,0.0
U01958,CR00008,Photoshop Mastery,Design,Advanced,1.52,2025-08-06,0.0
U01958,CR00044,Personal Finance,Finance,Intermediate,2.75,2025-06-13,119.04
U01958,CR00054,Backend Development with Node.js,Web Development,Beginner,3.32,2025-05-26,0.0
U01958,CR00038,Risk Management,Project Management,Intermediate,4.84,2025-05-17,342.61
U01958,CR00039,Project Planning,Project Management,Advanced,1.23,2025-05-11,346.71
U01958,CR00047,Natural Language Processing,Artificial Intelligence,Intermediate,2.68,2025-04-16,89.59
U01958,CR00011,Entrepreneurship 101,Business,Intermediate,2.69,2025-04-03,326.02
U01958,CR00017,SEO Mastery,Marketing,Advanced,4.79,2025-02-17,0.0
U01959,CR00044,Personal Finance,Finance,Intermediate,2.75,2025-12-03,119.04
U01959,CR00018,Social Media Marketing,Marketing,Advanced,2.01,2025-11-27,0.0
U01959,CR00034,Data Encryption,Cybersecurity,Intermediate,1.35,2025-11-19,394.26
U01959,CR00032,Ethical Hacking,Cybersecurity,Advanced,2.38,2025-10-29,0.0
U01959,CR00058,Social Media Strategy,Digital Marketing,Beginner,4.44,2025-08-12,0.0
U01959,CR00008,Photoshop Mastery,Design,Advanced,1.52,2025-06-15,0.0
U01959,CR00010,3D Modeling,Design,Advanced,4.45,2025-04-09,0.0
U01959,CR00039,Project Planning,Project Management,Advanced,1.23,2025-04-09,346.71
U01959,CR00059,Affiliate Marketing,Digital Marketing,Intermediate,4.66,2025-03-27,0.0
U01959,CR00017,SEO Mastery,Marketing,Advanced,4.79,2025-03-18,0.0
U01959,CR00022,Data Visualization,Data Science,Beginner,3.65,2025-01-19,0.0
U01959,CR00012,Business Strategy,Business,Advanced,3.64,2025-01-07,487.92
U01960,CR00011,Entrepreneurship 101,Business,Intermediate,2.69,2025-09-21,326.02
U01961,CR00028,Deep Learning,Machine Learning,Advanced,3.89,2025-11-18,0.78
U01961,CR00047,Natural Language Processing,Artificial Intelligence,Intermediate,2.68,2025-11-16,89.59
U01961,CR00021,Data Analysis with Python,Data Science,Intermediate,3.6,2025-11-15,0.0
U01961,CR00051,HTML & CSS,Web Development,Advanced,1.3,2025-10-29,37.89
U01961,CR00022,Data Visualization,Data Science,Beginner,3.65,2025-09-25,0.0
U01961,CR00036,Agile Project Management,Project Management,Beginner,4.68,2025-09-20,0.0
U01961,CR00026,Intro to Machine Learning,Machine Learning,Intermediate,4.73,2025-09-08,0.0
U01961,CR00041,Financial Accounting,Finance,Beginner,2.47,2025-09-02,53.86
U01961,CR00040,Leadership in Projects,Project Management,Beginner,1.51,2025-08-21,327.99
U01961,CR00039,Project Planning,Project Management,Advanced,1.23,2025-05-04,346.71
U01961,CR00005,Full Stack Development,Programming,Beginner,1.28,2025-04-13,0.0
U01961,CR00048,AI Ethics,Artificial Intelligence,Beginner,3.64,2025-04-12,0.0
U01961,CR00004,Advanced Python,Programming,Beginner,2.88,2025-02-25,0.0
U01961,CR00055,Full-Stack Web Development,Web Development,Advanced,4.74,2025-02-15,57.32
U01962,CR00040,Leadership in Projects,Project Management,Beginner,1.51,2025-11-19,327.99
U01962,CR00049,Deep Learning,Artificial Intelligence,Intermediate,3.11,2025-09-01,415.51
U01962,CR00023,Machine Learning Fundamentals,Data Science,Intermediate,3.02,2025-07-21,0.0
U01962,CR00030,Reinforcement Learning,Machine Learning,Intermediate,1.73,2025-07-15,0.0
U01962,CR00001,Python Basics,Programming,Beginner,4.74,2025-06-22,472.28
U01962,CR00009,Web Design Fundamentals,Design,Beginner,4.51,2025-03-15,0.0
U01962,CR00038,Risk Management,Project Management,Intermediate,4.84,2025-03-14,342.61
U01962,CR00010,3D Modeling,Design,Advanced,4.45,2025-03-10,0.0
U01962,CR00053,React for Beginners,Web Development,Advanced,2.67,2025-02-02,0.0
U01962,CR00058,Social Media Strategy,Digital Marketing,Beginner,4.44,2025-01-23,0.0
U01962,CR00013,Finance for Startups,Business,Advanced,2.0,2025-01-09,0.0
U01963,CR00040,Leadership in Projects,Project Management,Beginner,1.51,2025-11-19,327.99
U01964,CR00053,React for Beginners,Web Development,Advanced,2.67,2025-07-01,0.0
U01964,CR00058,Social Media Strategy,Digital Marketing,Beginner,4.44,2025-04-30,0.0
U01964,CR00006,Graphic Design Basics,Design,Advanced,2.72,2025-03-04,276.37
U01964,CR00023,Machine Learning Fundamentals,Data Science,Intermediate,3.02,2025-02-04,0.0
U01965,CR00042,Investment Strategies,Finance,Intermediate,4.1,2025-11-05,0.0
U01966,CR00032,Ethical Hacking,Cybersecurity,Advanced,2.38,2025-07-22,0.0
U01966,CR00002,Java Programming,Programming,Intermediate,2.43,2025-05-04,0.0
U01966,CR00046,AI for Beginners,Artificial Intelligence,Beginner,1.2,2025-04-13,248.1
U01966,CR00040,Leadership in Projects,Project Management,Beginner,1.51,2025-03-12,327.99
U01967,CR00031,Network Security,Cybersecurity,Intermediate,1.91,2025-11-30,0.0
U01968,CR00049,Deep Learning,Artificial Intelligence,Intermediate,3.11,2025-07-30,415.51
U01968,CR00058,Social Media Strategy,Digital Marketing,Beginner,4.44,2025-06-21,0.0
U01969,CR00046,AI for Beginners,Artificial Intelligence,Beginner,1.2,2025-04-04,248.1
U01970,CR00060,Content Creation,Digital Marketing,Beginner,2.14,2025-09-29,0.0
U01970,CR00017,SEO Mastery,Marketing,Advanced,4.79,2025-03-17,0.0
U01971,CR00017,SEO Mastery,Marketing,Advanced,4.79,2025-02-01,0.0
U01972,CR00003,C++ for Beginners,Programming,Beginner,3.85,2025-11-24,0.0
U01973,CR00002,Java Programming,Programming,Intermediate,2.43,2025-03-05,0.0
U01974,CR00010,3D Modeling,Design,Advanced,4.45,2025-09-02,0.0
U01974,CR00050,Computer Vision,Artificial Intelligence,Beginner,4.55,2025-06-07,490.9
U01975,CR00034,Data Encryption,Cybersecurity,Intermediate,1.35,2025-12-03,394.26
U01976,CR00026,Intro to Machine Learning,Machine Learning,Intermediate,4.73,2025-04-15,0.0
U01977,CR00047,Natural Language Processing,Artificial Intelligence,Intermediate,2.68,2025-06-07,89.59
U01977,CR00018,Social Media Marketing,Marketing,Advanced,2.01,2025-02-25,0.0
U01978,CR00047,Natural Language Processing,Artificial Intelligence,Intermediate,2.68,2025-10-18,89.59
U01979,CR00015,Leadership Essentials,Business,Beginner,1.96,2025-12-24,285.05
U01979,CR00054,Backend Development with Node.js,Web Development,Beginner,3.32,2025-11-20,0.0
U01979,CR00007,UI/UX Design,Design,Advanced,2.61,2025-10-20,0.0
U01979,CR00023,Machine Learning Fundamentals,Data Science,Intermediate,3.02,2025-10-08,0.0
U01979,CR00030,Reinforcement Learning,Machine Learning,Intermediate,1.73,2025-09-08,0.0
U01979,CR00009,Web Design Fundamentals,Design,Beginner,4.51,2025-07-20,0.0
U01979,CR00040,Leadership in Projects,Project Management,Beginner,1.51,2025-06-10,327.99
U01979,CR00025,Statistical Analysis,Data Science,Beginner,3.74,2025-05-24,299.57
U01979,CR00039,Project Planning,Project Management,Advanced,1.23,2025-05-22,346.71
U01979,CR00005,Full Stack Development,Programming,Beginner,1.28,2025-03-02,0.0
U01979,CR00019,Content Marketing,Marketing,Advanced,2.98,2025-02-11,0.0
U01979,CR00013,Finance for Startups,Business,Advanced,2.0,2025-01-03,0.0
U01980,CR00042,Investment Strategies,Finance,Intermediate,4.1,2025-12-12,0.0
U01981,CR00021,Data Analysis with Python,Data Science,Intermediate,3.6,2025-01-09,0.0
U01982,CR00006,Graphic Design Basics,Design,Advanced,2.72,2025-07-24,276.37
U01983,CR00041,Financial Accounting,Finance,Beginner,2.47,2025-08-10,53.86
U01984,CR00060,Content Creation,Digital Marketing,Beginner,2.14,2025-05-03,0.0
U01985,CR00054,Backend Development with Node.js,Web Development,Beginner,3.32,2025-06-20,0.0
U01986,CR00039,Project Planning,Project Management,Advanced,1.23,2025-01-29,346.71
U01987,CR00015,Leadership Essentials,Business,Beginner,1.96,2025-12-25,285.05
U01987,CR00043,Corporate Finance,Finance,Beginner,4.14,2025-12-20,0.0
U01987,CR00005,Full Stack Development,Programming,Beginner,1.28,2025-12-16,0.0
U01987,CR00012,Business Strategy,Business,Advanced,3.64,2025-10-15,487.92
U01987,CR00016,Digital Marketing,Marketing,Intermediate,4.72,2025-09-11,0.0
U01987,CR00022,Data Visualization,Data Science,Beginner,3.65,2025-08-10,0.0
U01987,CR00057,SEO for E-commerce,Digital Marketing,Advanced,3.89,2025-07-08,177.34
U01987,CR00041,Financial Accounting,Finance,Beginner,2.47,2025-06-28,53.86
U01987,CR00048,AI Ethics,Artificial Intelligence,Beginner,3.64,2025-06-22,0.0
U01987,CR00027,Neural Networks,Machine Learning,Advanced,1.81,2025-06-01,0.0
U01987,CR00054,Backend Development with Node.js,Web Development,Beginner,3.32,2025-04-21,0.0
U01987,CR00021,Data Analysis with Python,Data Science,Intermediate,3.6,2025-02-13,0.0
U01987,CR00040,Leadership in Projects,Project Management,Beginner,1.51,2025-01-03,327.99
U01988,CR00050,Computer Vision,Artificial Intelligence,Beginner,4.55,2025-09-26,490.9
U01989,CR00041,Financial Accounting,Finance,Beginner,2.47,2025-10-01,53.86
U01989,CR00023,Machine Learning Fundamentals,Data Science,Intermediate,3.02,2025-09-27,0.0
U01989,CR00018,Social Media Marketing,Marketing,Advanced,2.01,2025-09-09,0.0
U01989,CR00002,Java Programming,Programming,Intermediate,2.43,2025-08-02,0.0
U01989,CR00044,Personal Finance,Finance,Intermediate,2.75,2025-06-29,119.04
U01989,CR00027,Neural Networks,Machine Learning,Advanced,1.81,2025-06-22,0.0
U01989,CR00042,Investment Strategies,Finance,Intermediate,4.1,2025-05-21,0.0
U01989,CR00057,SEO for E-commerce,Digital Marketing,Advanced,3.89,2025-05-16,177.34
U01989,CR00022,Data Visualization,Data Science,Beginner,3.65,2025-03-08,0.0
U01989,CR00001,Python Basics,Programming,Beginner,4.74,2025-02-02,472.28
U01989,CR00053,React for Beginners,Web Development,Advanced,2.67,2025-01-29,0.0
U01989,CR00014,Sales Mastery,Business,Advanced,3.15,2025-01-26,0.0
U01989,CR00058,Social Media Strategy,Digital Marketing,Beginner,4.44,2025-01-04,0.0
U01990,CR00013,Finance for Startups,Business,Advanced,2.0,2025-03-25,0.0
U01990,CR00043,Corporate Finance,Finance,Beginner,4.14,2025-01-25,0.0
U01991,CR00051,HTML & CSS,Web Development,Advanced,1.3,2025-07-01,37.89
U01991,CR00011,Entrepreneurship 101,Business,Intermediate,2.69,2025-04-21,326.02
U01991,CR00008,Photoshop Mastery,Design,Advanced,1.52,2025-04-08,0.0
U01992,CR00039,Project Planning,Project Management,Advanced,1.23,2025-12-08,346.71
U01992,CR00037,Scrum Essentials,Project Management,Intermediate,3.45,2025-07-01,0.0
U01993,CR00052,JavaScript Mastery,Web Development,Beginner,2.2,2025-11-04,0.0
U01993,CR00001,Python Basics,Programming,Beginner,4.74,2025-09-29,472.28
U01993,CR00034,Data Encryption,Cybersecurity,Intermediate,1.35,2025-09-17,394.26
U01993,CR00042,Investment Strategies,Finance,Intermediate,4.1,2025-08-24,0.0
U01993,CR00054,Backend Development with Node.js,Web Development,Beginner,3.32,2025-07-23,0.0
U01993,CR00030,Reinforcement Learning,Machine Learning,Intermediate,1.73,2025-07-11,0.0
U01993,CR00013,Finance for Startups,Business,Advanced,2.0,2025-07-01,0.0
U01993,CR00031,Network Security,Cybersecurity,Intermediate,1.91,2025-06-30,0.0
U01993,CR00045,Financial Modeling,Finance,Advanced,1.59,2025-05-23,0.0
U01993,CR00026,Intro to Machine Learning,Machine Learning,Intermediate,4.73,2025-04-28,0.0
U01993,CR00029,Natural Language Processing,Machine Learning,Beginner,1.13,2025-04-22,0.0
U01993,CR00009,Web Design Fundamentals,Design,Beginner,4.51,2025-03-16,0.0
U01993,CR00041,Financial Accounting,Finance,Beginner,2.47,2025-03-10,53.86
U01993,CR00038,Risk Management,Project Management,Intermediate,4.84,2025-01-01,342.61
U01994,CR00057,SEO for E-commerce,Digital Marketing,Advanced,3.89,2025-12-21,177.34
U01994,CR00046,AI for Beginners,Artificial Intelligence,Beginner,1.2,2025-11-05,248.1
U01994,CR00001,Python Basics,Programming,Beginner,4.74,2025-10-20,472.28
U01994,CR00018,Social Media Marketing,Marketing,Advanced,2.01,2025-09-10,0.0
U01994,CR00031,Network Security,Cybersecurity,Intermediate,1.91,2025-08-27,0.0
U01994,CR00022,Data Visualization,Data Science,Beginner,3.65,2025-08-18,0.0
U01994,CR00052,JavaScript Mastery,Web Development,Beginner,2.2,2025-07-25,0.0
U01994,CR00048,AI Ethics,Artificial Intelligence,Beginner,3.64,2025-07-19,0.0
U01994,CR00017,SEO Mastery,Marketing,Advanced,4.79,2025-06-16,0.0
U01994,CR00028,Deep Learning,Machine Learning,Advanced,3.89,2025-03-13,0.78
U01994,CR00025,Statistical Analysis,Data Science,Beginner,3.74,2025-02-27,299.57
U01995,CR00027,Neural Networks,Machine Learning,Advanced,1.81,2025-11-17,0.0
U01996,CR00034,Data Encryption,Cybersecurity,Intermediate,1.35,2025-09-21,394.26
U01997,CR00039,Project Planning,Project Management,Advanced,1.23,2025-04-02,346.71
U01998,CR00053,React for Beginners,Web Development,Advanced,2.67,2025-12-30,0.0
U01998,CR00044,Personal Finance,Finance,Intermediate,2.75,2025-12-15,119.04
U01998,CR00034,Data Encryption,Cybersecurity,Intermediate,1.35,2025-11-02,394.26
U01998,CR00029,Natural Language Processing,Machine Learning,Beginner,1.13,2025-08-06,0.0
U01998,CR00047,Natural Language Processing,Artificial Intelligence,Intermediate,2.68,2025-08-04,89.59
U01998,CR00018,Social Media Marketing,Marketing,Advanced,2.01,2025-07-24,0.0
U01998,CR00013,Finance for Startups,Business,Advanced,2.0,2025-07-18,0.0
U01998,CR00030,Reinforcement Learning,Machine Learning,Intermediate,1.73,2025-06-29,0.0
U01998,CR00025,Statistical Analysis,Data Science,Beginner,3.74,2025-06-04,299.57
U01998,CR00033,Cybersecurity Fundamentals,Cybersecurity,Intermediate,3.93,2025-04-04,0.0
U01998,CR00059,Affiliate Marketing,Digital Marketing,Intermediate,4.66,2025-03-26,0.0
U01998,CR00056,Google Ads Mastery,Digital Marketing,Advanced,3.15,2025-03-02,212.39
U01998,CR00042,Investment Strategies,Finance,Intermediate,4.1,2025-03-02,0.0
U01998,CR00004,Advanced Python,Programming,Beginner,2.88,2025-01-14,0.0
U01998,CR00001,Python Basics,Programming,Beginner,4.74,2025-01-07,472.28
U01999,CR00050,Computer Vision,Artificial Intelligence,Beginner,4.55,2025-07-10,490.9
U01999,CR00049,Deep Learning,Artificial Intelligence,Intermediate,3.11,2025-03-20,415.51
U02000,CR00055,Full-Stack Web Development,Web Development,Advanced,4.74,2025-10-20,57.32
U02000,CR00008,Photoshop Mastery,Design,Advanced,1.52,2025-03-27,0.0
U02001,CR00027,Neural Networks,Machine Learning,Advanced,1.81,2025-11-12,0.0
U02002,CR00026,Intro to Machine Learning,Machine Learning,Intermediate,4.73,2025-07-19,0.0
U02003,CR00053,React for Beginners,Web Development,Advanced,2.67,2025-12-12,0.0
U02003,CR00017,SEO Mastery,Marketing,Advanced,4.79,2025-08-27,0.0
U02003,CR00050,Computer Vision,Artificial Intelligence,Beginner,4.55,2025-07-24,490.9
U02003,CR00045,Financial Modeling,Finance,Advanced,1.59,2025-05-03,0.0
U02004,CR00038,Risk Management,Project Management,Intermediate,4.84,2025-05-15,342.61
U02005,CR00043,Corporate Finance,Finance,Beginner,4.14,2025-08-18,0.0
U02006,CR00031,Network Security,Cybersecurity,Intermediate,1.91,2025-09-04,0.0
U02007,CR00043,Corporate Finance,Finance,Beginner,4.14,2025-01-21,0.0
U02008,CR00020,Email Marketing,Marketing,Intermediate,4.11,2025-02-26,0.0
U02009,CR00025,Statistical Analysis,Data Science,Beginner,3.74,2025-04-30,299.57
U02010,CR00054,Backend Development with Node.js,Web Development,Beginner,3.32,2025-12-17,0.0
U02010,CR00059,Affiliate Marketing,Digital Marketing,Intermediate,4.66,2025-10-05,0.0
U02010,CR00019,Content Marketing,Marketing,Advanced,2.98,2025-10-02,0.0
U02010,CR00028,Deep Learning,Machine Learning,Advanced,3.89,2025-09-26,0.78
U02010,CR00006,Graphic Design Basics,Design,Advanced,2.72,2025-09-02,276.37
U02010,CR00001,Python Basics,Programming,Beginner,4.74,2025-07-30,472.28
U02010,CR00020,Email Marketing,Marketing,Intermediate,4.11,2025-05-10,0.0
U02010,CR00035,Cyber Threat Intelligence,Cybersecurity,Beginner,4.94,2025-05-04,0.0
U02010,CR00058,Social Media Strategy,Digital Marketing,Beginner,4.44,2025-04-25,0.0
U02010,CR00040,Leadership in Projects,Project Management,Beginner,1.51,2025-03-23,327.99
U02010,CR00046,AI for Beginners,Artificial Intelligence,Beginner,1.2,2025-02-08,248.1
U02010,CR00038,Risk Management,Project Management,Intermediate,4.84,2025-01-29,342.61
U02010,CR00052,JavaScript Mastery,Web Development,Beginner,2.2,2025-01-16,0.0
U02010,CR00056,Google Ads Mastery,Digital Marketing,Advanced,3.15,2025-01-14,212.39
U02011,CR00054,Backend Development with Node.js,Web Development,Beginner,3.32,2025-10-29,0.0
U02012,CR00051,HTML & CSS,Web Development,Advanced,1.3,2025-08-10,37.89
U02013,CR00048,AI Ethics,Artificial Intelligence,Beginner,3.64,2025-03-08,0.0
U02013,CR00010,3D Modeling,Design,Advanced,4.45,2025-01-30,0.0
U02014,CR00028,Deep Learning,Machine Learning,Advanced,3.89,2025-11-04,0.78
U02014,CR00035,Cyber Threat Intelligence,Cybersecurity,Beginner,4.94,2025-10-19,0.0
U02014,CR00041,Financial Accounting,Finance,Beginner,2.47,2025-04-03,53.86
U02015,CR00007,UI/UX Design,Design,Advanced,2.61,2025-12-05,0.0
U02015,CR00031,Network Security,Cybersecurity,Intermediate,1.91,2025-11-16,0.0
U02015,CR00038,Risk Management,Project Management,Intermediate,4.84,2025-10-12,342.61
U02015,CR00034,Data Encryption,Cybersecurity,Intermediate,1.35,2025-09-23,394.26
U02015,CR00001,Python Basics,Programming,Beginner,4.74,2025-09-17,472.28
U02015,CR00036,Agile Project Management,Project Management,Beginner,4.68,2025-05-27,0.0
U02015,CR00052,JavaScript Mastery,Web Development,Beginner,2.2,2025-05-27,0.0
U02015,CR00014,Sales Mastery,Business,Advanced,3.15,2025-05-27,0.0
U02015,CR00054,Backend Development with Node.js,Web Development,Beginner,3.32,2025-04-19,0.0
U02015,CR00043,Corporate Finance,Finance,Beginner,4.14,2025-03-19,0.0
U02015,CR00002,Java Programming,Programming,Intermediate,2.43,2025-03-05,0.0
U02015,CR00018,Social Media Marketing,Marketing,Advanced,2.01,2025-03-02,0.0
U02015,CR00016,Digital Marketing,Marketing,Intermediate,4.72,2025-02-18,0.0
U02015,CR00048,AI Ethics,Artificial Intelligence,Beginner,3.64,2025-02-13,0.0
U02016,CR00048,AI Ethics,Artificial Intelligence,Beginner,3.64,2025-12-20,0.0
U02017,CR00003,C++ for Beginners,Programming,Beginner,3.85,2025-05-24,0.0
U02017,CR00041,Financial Accounting,Finance,Beginner,2.47,2025-01-22,53.86
U02018,CR00005,Full Stack Development,Programming,Beginner,1.28,2025-02-22,0.0
U02019,CR00056,Google Ads Mastery,Digital Marketing,Advanced,3.15,2025-11-02,212.39
U02019,CR00055,Full-Stack Web Development,Web Development,Advanced,4.74,2025-04-27,57.32
U02019,CR00054,Backend Development with Node.js,Web Development,Beginner,3.32,2025-03-11,0.0
U02020,CR00029,Natural Language Processing,Machine Learning,Beginner,1.13,2025-01-15,0.0
U02021,CR00032,Ethical Hacking,Cybersecurity,Advanced,2.38,2025-06-29,0.0
U02022,CR00002,Java Programming,Programming,Intermediate,2.43,2025-10-21,0.0
U02022,CR00008,Photoshop Mastery,Design,Advanced,1.52,2025-09-18,0.0
U02022,CR00034,Data Encryption,Cybersecurity,Intermediate,1.35,2025-09-08,394.26
U02022,CR00001,Python Basics,Programming,Beginner,4.74,2025-08-12,472.28
U02022,CR00051,HTML & CSS,Web Development,Advanced,1.3,2025-07-01,37.89
U02022,CR00041,Financial Accounting,Finance,Beginner,2.47,2025-04-26,53.86
U02022,CR00027,Neural Networks,Machine Learning,Advanced,1.81,2025-04-10,0.0
U02022,CR00005,Full Stack Development,Programming,Beginner,1.28,2025-04-05,0.0
U02022,CR00022,Data Visualization,Data Science,Beginner,3.65,2025-03-13,0.0
U02022,CR00004,Advanced Python,Programming,Beginner,2.88,2025-03-05,0.0
U02022,CR00059,Affiliate Marketing,Digital Marketing,Intermediate,4.66,2025-01-17,0.0
U02023,CR00004,Advanced Python,Programming,Beginner,2.88,2025-07-08,0.0
U02023,CR00037,Scrum Essentials,Project Management,Intermediate,3.45,2025-02-20,0.0
U02024,CR00058,Social Media Strategy,Digital Marketing,Beginner,4.44,2025-11-18,0.0
U02024,CR00013,Finance for Startups,Business,Advanced,2.0,2025-08-04,0.0
U02025,CR00006,Graphic Design Basics,Design,Advanced,2.72,2025-05-07,276.37
U02026,CR00029,Natural Language Processing,Machine Learning,Beginner,1.13,2025-04-15,0.0
U02027,CR00060,Content Creation,Digital Marketing,Beginner,2.14,2025-12-20,0.0
U02028,CR00053,React for Beginners,Web Development,Advanced,2.67,2025-08-17,0.0
U02028,CR00007,UI/UX Design,Design,Advanced,2.61,2025-01-19,0.0
U02029,CR00038,Risk Management,Project Management,Intermediate,4.84,2025-05-04,342.61
U02030,CR00024,Big Data Analytics,Data Science,Advanced,2.57,2025-02-04,117.68
U02031,CR00044,Personal Finance,Finance,Intermediate,2.75,2025-08-26,119.04
U02031,CR00029,Natural Language Processing,Machine Learning,Beginner,1.13,2025-06-21,0.0
U02032,CR00053,React for Beginners,Web Development,Advanced,2.67,2025-06-22,0.0
U02032,CR00037,Scrum Essentials,Project Management,Intermediate,3.45,2025-02-24,0.0
U02033,CR00019,Content Marketing,Marketing,Advanced,2.98,2025-11-07,0.0
U02034,CR00024,Big Data Analytics,Data Science,Advanced,2.57,2025-06-05,117.68
U02035,CR00036,Agile Project Management,Project Management,Beginner,4.68,2025-12-25,0.0
U02035,CR00043,Corporate Finance,Finance,Beginner,4.14,2025-12-17,0.0
U02035,CR00013,Finance for Startups,Business,Advanced,2.0,2025-11-17,0.0
U02035,CR00056,Google Ads Mastery,Digital Marketing,Advanced,3.15,2025-10-09,212.39
U02035,CR00006,Graphic Design Basics,Design,Advanced,2.72,2025-09-28,276.37
U02035,CR00004,Advanced Python,Programming,Beginner,2.88,2025-09-09,0.0
U02035,CR00026,Intro to Machine Learning,Machine Learning,Intermediate,4.73,2025-09-05,0.0
U02035,CR00005,Full Stack Development,Programming,Beginner,1.28,2025-08-24,0.0
U02035,CR00045,Financial Modeling,Finance,Advanced,1.59,2025-08-13,0.0
U02035,CR00027,Neural Networks,Machine Learning,Advanced,1.81,2025-07-12,0.0
U02035,CR00008,Photoshop Mastery,Design,Advanced,1.52,2025-06-03,0.0
U02035,CR00015,Leadership Essentials,Business,Beginner,1.96,2025-04-17,285.05
U02035,CR00038,Risk Management,Project Management,Intermediate,4.84,2025-04-16,342.61
U02035,CR00049,Deep Learning,Artificial Intelligence,Intermediate,3.11,2025-02-22,415.51
U02035,CR00053,React for Beginners,Web Development,Advanced,2.67,2025-01-16,0.0
U02036,CR00027,Neural Networks,Machine Learning,Advanced,1.81,2025-07-17,0.0
U02036,CR00047,Natural Language Processing,Artificial Intelligence,Intermediate,2.68,2025-04-09,89.59
U02037,CR00040,Leadership in Projects,Project Management,Beginner,1.51,2025-10-16,327.99
U02037,CR00042,Investment Strategies,Finance,Intermediate,4.1,2025-05-27,0.0
U02038,CR00003,C++ for Beginners,Programming,Beginner,3.85,2025-11-18,0.0
U02038,CR00038,Risk Management,Project Management,Intermediate,4.84,2025-11-14,342.61
U02038,CR00027,Neural Networks,Machine Learning,Advanced,1.81,2025-10-16,0.0
U02038,CR00019,Content Marketing,Marketing,Advanced,2.98,2025-10-16,0.0
U02038,CR00010,3D Modeling,Design,Advanced,4.45,2025-10-04,0.0
U02038,CR00023,Machine Learning Fundamentals,Data Science,Intermediate,3.02,2025-08-11,0.0
U02038,CR00035,Cyber Threat Intelligence,Cybersecurity,Beginner,4.94,2025-06-08,0.0
U02038,CR00057,SEO for E-commerce,Digital Marketing,Advanced,3.89,2025-06-01,177.34
U02038,CR00037,Scrum Essentials,Project Management,Intermediate,3.45,2025-03-29,0.0
U02038,CR00053,React for Beginners,Web Development,Advanced,2.67,2025-03-17,0.0
U02038,CR00036,Agile Project Management,Project Management,Beginner,4.68,2025-02-18,0.0
U02039,CR00015,Leadership Essentials,Business,Beginner,1.96,2025-12-10,285.05
U02039,CR00004,Advanced Python,Programming,Beginner,2.88,2025-10-30,0.0
U02039,CR00025,Statistical Analysis,Data Science,Beginner,3.74,2025-09-14,299.57
U02039,CR00044,Personal Finance,Finance,Intermediate,2.75,2025-09-06,119.04
U02039,CR00048,AI Ethics,Artificial Intelligence,Beginner,3.64,2025-08-28,0.0
U02039,CR00009,Web Design Fundamentals,Design,Beginner,4.51,2025-08-15,0.0
U02039,CR00016,Digital Marketing,Marketing,Intermediate,4.72,2025-06-21,0.0
U02039,CR00037,Scrum Essentials,Project Management,Intermediate,3.45,2025-04-05,0.0
U02039,CR00006,Graphic Design Basics,Design,Advanced,2.72,2025-04-01,276.37
U02039,CR00046,AI for Beginners,Artificial Intelligence,Beginner,1.2,2025-03-29,248.1
U02039,CR00035,Cyber Threat Intelligence,Cybersecurity,Beginner,4.94,2025-03-15,0.0
U02039,CR00012,Business Strategy,Business,Advanced,3.64,2025-03-08,487.92
U02039,CR00057,SEO for E-commerce,Digital Marketing,Advanced,3.89,2025-01-07,177.34
U02040,CR00021,Data Analysis with Python,Data Science,Intermediate,3.6,2025-09-13,0.0
U02041,CR00027,Neural Networks,Machine Learning,Advanced,1.81,2025-10-20,0.0
U02041,CR00051,HTML & CSS,Web Development,Advanced,1.3,2025-10-16,37.89
U02041,CR00009,Web Design Fundamentals,Design,Beginner,4.51,2025-06-09,0.0
U02042,CR00037,Scrum Essentials,Project Management,Intermediate,3.45,2025-11-28,0.0
U02043,CR00014,Sales Mastery,Business,Advanced,3.15,2025-04-18,0.0
U02044,CR00003,C++ for Beginners,Programming,Beginner,3.85,2025-10-21,0.0
U02044,CR00033,Cybersecurity Fundamentals,Cybersecurity,Intermediate,3.93,2025-04-17,0.0
U02045,CR00028,Deep Learning,Machine Learning,Advanced,3.89,2025-03-06,0.78
U02046,CR00054,Backend Development with Node.js,Web Development,Beginner,3.32,2025-10-25,0.0
U02047,CR00036,Agile Project Management,Project Management,Beginner,4.68,2025-05-10,0.0
U02048,CR00047,Natural Language Processing,Artificial Intelligence,Intermediate,2.68,2025-09-21,89.59
U02049,CR00046,AI for Beginners,Artificial Intelligence,Beginner,1.2,2025-08-17,248.1
U02050,CR00022,Data Visualization,Data Science,Beginner,3.65,2025-12-15,0.0
U02050,CR00052,JavaScript Mastery,Web Development,Beginner,2.2,2025-12-13,0.0
U02050,CR00060,Content Creation,Digital Marketing,Beginner,2.14,2025-01-26,0.0
U02051,CR00038,Risk Management,Project Management,Intermediate,4.84,2025-04-24,342.61
U02052,CR00015,Leadership Essentials,Business,Beginner,1.96,2025-09-29,285.05
U02052,CR00012,Business Strategy,Business,Advanced,3.64,2025-03-23,487.92
U02053,CR00013,Finance for Startups,Business,Advanced,2.0,2025-03-12,0.0
U02054,CR00052,JavaScript Mastery,Web Development,Beginner,2.2,2025-11-18,0.0
U02054,CR00002,Java Programming,Programming,Intermediate,2.43,2025-11-10,0.0
U02055,CR00034,Data Encryption,Cybersecurity,Intermediate,1.35,2025-12-16,394.26
U02055,CR00014,Sales Mastery,Business,Advanced,3.15,2025-11-12,0.0
U02055,CR00001,Python Basics,Programming,Beginner,4.74,2025-10-09,472.28
U02055,CR00035,Cyber Threat Intelligence,Cybersecurity,Beginner,4.94,2025-09-06,0.0
U02055,CR00043,Corporate Finance,Finance,Beginner,4.14,2025-09-02,0.0
U02055,CR00040,Leadership in Projects,Project Management,Beginner,1.51,2025-08-04,327.99
U02055,CR00027,Neural Networks,Machine Learning,Advanced,1.81,2025-07-26,0.0
U02055,CR00012,Business Strategy,Business,Advanced,3.64,2025-07-15,487.92
U02055,CR00004,Advanced Python,Programming,Beginner,2.88,2025-07-08,0.0
U02055,CR00008,Photoshop Mastery,Design,Advanced,1.52,2025-06-10,0.0
U02055,CR00018,Social Media Marketing,Marketing,Advanced,2.01,2025-04-22,0.0
U02055,CR00059,Affiliate Marketing,Digital Marketing,Intermediate,4.66,2025-04-14,0.0
U02055,CR00006,Graphic Design Basics,Design,Advanced,2.72,2025-02-05,276.37
U02055,CR00036,Agile Project Management,Project Management,Beginner,4.68,2025-01-25,0.0
U02056,CR00045,Financial Modeling,Finance,Advanced,1.59,2025-04-24,0.0
U02057,CR00048,AI Ethics,Artificial Intelligence,Beginner,3.64,2025-11-04,0.0
U02057,CR00031,Network Security,Cybersecurity,Intermediate,1.91,2025-10-13,0.0
U02058,CR00032,Ethical Hacking,Cybersecurity,Advanced,2.38,2025-12-29,0.0
U02058,CR00001,Python Basics,Programming,Beginner,4.74,2025-12-19,472.28
U02058,CR00004,Advanced Python,Programming,Beginner,2.88,2025-10-14,0.0
U02058,CR00060,Content Creation,Digital Marketing,Beginner,2.14,2025-09-14,0.0
U02058,CR00045,Financial Modeling,Finance,Advanced,1.59,2025-09-05,0.0
U02058,CR00033,Cybersecurity Fundamentals,Cybersecurity,Intermediate,3.93,2025-09-02,0.0
U02058,CR00026,Intro to Machine Learning,Machine Learning,Intermediate,4.73,2025-08-28,0.0
U02058,CR00054,Backend Development with Node.js,Web Development,Beginner,3.32,2025-08-06,0.0
U02058,CR00024,Big Data Analytics,Data Science,Advanced,2.57,2025-06-18,117.68
U02058,CR00058,Social Media Strategy,Digital Marketing,Beginner,4.44,2025-06-01,0.0
U02058,CR00052,JavaScript Mastery,Web Development,Beginner,2.2,2025-04-20,0.0
U02058,CR00046,AI for Beginners,Artificial Intelligence,Beginner,1.2,2025-03-02,248.1
U02058,CR00049,Deep Learning,Artificial Intelligence,Intermediate,3.11,2025-02-13,415.51
U02059,CR00019,Content Marketing,Marketing,Advanced,2.98,2025-03-28,0.0
U02060,CR00021,Data Analysis with Python,Data Science,Intermediate,3.6,2025-12-08,0.0
U02060,CR00022,Data Visualization,Data Science,Beginner,3.65,2025-03-14,0.0
U02060,CR00032,Ethical Hacking,Cybersecurity,Advanced,2.38,2025-03-01,0.0
U02061,CR00024,Big Data Analytics,Data Science,Advanced,2.57,2025-01-06,117.68
U02062,CR00032,Ethical Hacking,Cybersecurity,Advanced,2.38,2025-10-16,0.0
U02063,CR00051,HTML & CSS,Web Development,Advanced,1.3,2025-03-28,37.89
U02063,CR00008,Photoshop Mastery,Design,Advanced,1.52,2025-03-24,0.0
U02064,CR00002,Java Programming,Programming,Intermediate,2.43,2025-12-18,0.0
U02064,CR00024,Big Data Analytics,Data Science,Advanced,2.57,2025-11-06,117.68
U02064,CR00037,Scrum Essentials,Project Management,Intermediate,3.45,2025-11-06,0.0
U02064,CR00027,Neural Networks,Machine Learning,Advanced,1.81,2025-09-23,0.0
U02064,CR00048,AI Ethics,Artificial Intelligence,Beginner,3.64,2025-09-07,0.0
U02064,CR00044,Personal Finance,Finance,Intermediate,2.75,2025-08-13,119.04
U02064,CR00012,Business Strategy,Business,Advanced,3.64,2025-07-05,487.92
U02064,CR00040,Leadership in Projects,Project Management,Beginner,1.51,2025-07-02,327.99
U02064,CR00058,Social Media Strategy,Digital Marketing,Beginner,4.44,2025-06-04,0.0
U02064,CR00043,Corporate Finance,Finance,Beginner,4.14,2025-05-04,0.0
U02064,CR00054,Backend Development with Node.js,Web Development,Beginner,3.32,2025-04-05,0.0
U02064,CR00010,3D Modeling,Design,Advanced,4.45,2025-03-13,0.0
U02064,CR00006,Graphic Design Basics,Design,Advanced,2.72,2025-02-03,276.37
U02064,CR00046,AI for Beginners,Artificial Intelligence,Beginner,1.2,2025-01-22,248.1
U02064,CR00050,Computer Vision,Artificial Intelligence,Beginner,4.55,2025-01-01,490.9
U02065,CR00032,Ethical Hacking,Cybersecurity,Advanced,2.38,2025-12-11,0.0
U02065,CR00018,Social Media Marketing,Marketing,Advanced,2.01,2025-10-08,0.0
U02066,CR00026,Intro to Machine Learning,Machine Learning,Intermediate,4.73,2025-05-07,0.0
U02067,CR00021,Data Analysis with Python,Data Science,Intermediate,3.6,2025-08-18,0.0
U02068,CR00058,Social Media Strategy,Digital Marketing,Beginner,4.44,2025-11-25,0.0
U02068,CR00001,Python Basics,Programming,Beginner,4.74,2025-11-09,472.28
U02068,CR00044,Personal Finance,Finance,Intermediate,2.75,2025-09-27,119.04
U02068,CR00009,Web Design Fundamentals,Design,Beginner,4.51,2025-08-15,0.0
U02068,CR00003,C++ for Beginners,Programming,Beginner,3.85,2025-08-08,0.0
U02068,CR00014,Sales Mastery,Business,Advanced,3.15,2025-07-02,0.0
U02068,CR00015,Leadership Essentials,Business,Beginner,1.96,2025-06-28,285.05
U02068,CR00010,3D Modeling,Design,Advanced,4.45,2025-06-26,0.0
U02068,CR00055,Full-Stack Web Development,Web Development,Advanced,4.74,2025-06-25,57.32
U02068,CR00004,Advanced Python,Programming,Beginner,2.88,2025-05-03,0.0
U02068,CR00060,Content Creation,Digital Marketing,Beginner,2.14,2025-04-25,0.0
U02068,CR00025,Statistical Analysis,Data Science,Beginner,3.74,2025-04-22,299.57
U02068,CR00005,Full Stack Development,Programming,Beginner,1.28,2025-03-17,0.0
U02069,CR00021,Data Analysis with Python,Data Science,Intermediate,3.6,2025-12-13,0.0
U02070,CR00038,Risk Management,Project Management,Intermediate,4.84,2025-03-08,342.61
U02071,CR00045,Financial Modeling,Finance,Advanced,1.59,2025-12-06,0.0
U02071,CR00042,Investment Strategies,Finance,Intermediate,4.1,2025-12-01,0.0
U02071,CR00023,Machine Learning Fundamentals,Data Science,Intermediate,3.02,2025-09-24,0.0
U02071,CR00048,AI Ethics,Artificial Intelligence,Beginner,3.64,2025-08-30,0.0
U02071,CR00059,Affiliate Marketing,Digital Marketing,Intermediate,4.66,2025-06-21,0.0
U02071,CR00011,Entrepreneurship 101,Business,Intermediate,2.69,2025-06-17,326.02
U02071,CR00047,Natural Language Processing,Artificial Intelligence,Intermediate,2.68,2025-05-03,89.59
U02071,CR00054,Backend Development with Node.js,Web Development,Beginner,3.32,2025-04-19,0.0
U02071,CR00026,Intro to Machine Learning,Machine Learning,Intermediate,4.73,2025-04-10,0.0
U02071,CR00013,Finance for Startups,Business,Advanced,2.0,2025-03-17,0.0
U02071,CR00029,Natural Language Processing,Machine Learning,Beginner,1.13,2025-03-03,0.0
U02071,CR00050,Computer Vision,Artificial Intelligence,Beginner,4.55,2025-02-25,490.9
U02071,CR00017,SEO Mastery,Marketing,Advanced,4.79,2025-01-28,0.0
U02072,CR00018,Social Media Marketing,Marketing,Advanced,2.01,2025-07-27,0.0
U02073,CR00051,HTML & CSS,Web Development,Advanced,1.3,2025-12-24,37.89
U02073,CR00021,Data Analysis with Python,Data Science,Intermediate,3.6,2025-03-04,0.0
U02074,CR00060,Content Creation,Digital Marketing,Beginner,2.14,2025-12-18,0.0
U02074,CR00003,C++ for Beginners,Programming,Beginner,3.85,2025-11-26,0.0
U02074,CR00027,Neural Networks,Machine Learning,Advanced,1.81,2025-11-01,0.0
U02074,CR00012,Business Strategy,Business,Advanced,3.64,2025-10-25,487.92
U02074,CR00046,AI for Beginners,Artificial Intelligence,Beginner,1.2,2025-10-24,248.1
U02074,CR00047,Natural Language Processing,Artificial Intelligence,Intermediate,2.68,2025-10-19,89.59
U02074,CR00041,Financial Accounting,Finance,Beginner,2.47,2025-07-15,53.86
U02074,CR00022,Data Visualization,Data Science,Beginner,3.65,2025-06-22,0.0
U02074,CR00034,Data Encryption,Cybersecurity,Intermediate,1.35,2025-06-07,394.26
U02074,CR00024,Big Data Analytics,Data Science,Advanced,2.57,2025-06-04,117.68
U02074,CR00018,Social Media Marketing,Marketing,Advanced,2.01,2025-04-25,0.0
U02074,CR00025,Statistical Analysis,Data Science,Beginner,3.74,2025-04-07,299.57
U02074,CR00028,Deep Learning,Machine Learning,Advanced,3.89,2025-04-05,0.78
U02074,CR00020,Email Marketing,Marketing,Intermediate,4.11,2025-02-03,0.0
U02075,CR00042,Investment Strategies,Finance,Intermediate,4.1,2025-12-26,0.0
U02076,CR00007,UI/UX Design,Design,Advanced,2.61,2025-04-04,0.0
U02077,CR00040,Leadership in Projects,Project Management,Beginner,1.51,2025-12-27,327.99
U02077,CR00008,Photoshop Mastery,Design,Advanced,1.52,2025-11-13,0.0
U02077,CR00023,Machine Learning Fundamentals,Data Science,Intermediate,3.02,2025-10-04,0.0
U02077,CR00003,C++ for Beginners,Programming,Beginner,3.85,2025-08-24,0.0
U02077,CR00059,Affiliate Marketing,Digital Marketing,Intermediate,4.66,2025-08-18,0.0
U02077,CR00050,Computer Vision,Artificial Intelligence,Beginner,4.55,2025-07-30,490.9
U02077,CR00051,HTML & CSS,Web Development,Advanced,1.3,2025-07-11,37.89
U02077,CR00013,Finance for Startups,Business,Advanced,2.0,2025-07-11,0.0
U02077,CR00053,React for Beginners,Web Development,Advanced,2.67,2025-07-11,0.0
U02077,CR00020,Email Marketing,Marketing,Intermediate,4.11,2025-06-06,0.0
U02077,CR00058,Social Media Strategy,Digital Marketing,Beginner,4.44,2025-02-23,0.0
U02077,CR00036,Agile Project Management,Project Management,Beginner,4.68,2025-02-15,0.0
U02077,CR00032,Ethical Hacking,Cybersecurity,Advanced,2.38,2025-01-29,0.0
U02077,CR00052,JavaScript Mastery,Web Development,Beginner,2.2,2025-01-02,0.0
U02078,CR00055,Full-Stack Web Development,Web Development,Advanced,4.74,2025-11-05,57.32
U02078,CR00015,Leadership Essentials,Business,Beginner,1.96,2025-05-30,285.05
U02079,CR00031,Network Security,Cybersecurity,Intermediate,1.91,2025-01-02,0.0
U02080,CR00050,Computer Vision,Artificial Intelligence,Beginner,4.55,2025-12-29,490.9
U02080,CR00038,Risk Management,Project Management,Intermediate,4.84,2025-06-06,342.61
U02081,CR00008,Photoshop Mastery,Design,Advanced,1.52,2025-06-05,0.0
U02081,CR00044,Personal Finance,Finance,Intermediate,2.75,2025-03-07,119.04
U02082,CR00052,JavaScript Mastery,Web Development,Beginner,2.2,2025-06-16,0.0
U02083,CR00052,JavaScript Mastery,Web Development,Beginner,2.2,2025-06-07,0.0
U02083,CR00012,Business Strategy,Business,Advanced,3.64,2025-04-29,487.92
U02084,CR00028,Deep Learning,Machine Learning,Advanced,3.89,2025-07-24,0.78
U02084,CR00002,Java Programming,Programming,Intermediate,2.43,2025-05-17,0.0
U02084,CR00020,Email Marketing,Marketing,Intermediate,4.11,2025-01-27,0.0
U02085,CR00008,Photoshop Mastery,Design,Advanced,1.52,2025-10-02,0.0
U02086,CR00021,Data Analysis with Python,Data Science,Intermediate,3.6,2025-12-02,0.0
U02086,CR00038,Risk Management,Project Management,Intermediate,4.84,2025-06-28,342.61
U02087,CR00036,Agile Project Management,Project Management,Beginner,4.68,2025-08-07,0.0
U02088,CR00020,Email Marketing,Marketing,Intermediate,4.11,2025-03-23,0.0
U02089,CR00048,AI Ethics,Artificial Intelligence,Beginner,3.64,2025-02-02,0.0
U02090,CR00022,Data Visualization,Data Science,Beginner,3.65,2025-09-09,0.0
U02091,CR00051,HTML & CSS,Web Development,Advanced,1.3,2025-12-21,37.89
U02091,CR00029,Natural Language Processing,Machine Learning,Beginner,1.13,2025-04-03,0.0
U02091,CR00031,Network Security,Cybersecurity,Intermediate,1.91,2025-02-16,0.0
U02092,CR00047,Natural Language Processing,Artificial Intelligence,Intermediate,2.68,2025-02-19,89.59
U02093,CR00058,Social Media Strategy,Digital Marketing,Beginner,4.44,2025-05-20,0.0
U02093,CR00046,AI for Beginners,Artificial Intelligence,Beginner,1.2,2025-01-22,248.1
U02094,CR00031,Network Security,Cybersecurity,Intermediate,1.91,2025-12-21,0.0
U02094,CR00005,Full Stack Development,Programming,Beginner,1.28,2025-10-10,0.0
U02094,CR00034,Data Encryption,Cybersecurity,Intermediate,1.35,2025-09-04,394.26
U02094,CR00043,Corporate Finance,Finance,Beginner,4.14,2025-08-14,0.0
U02094,CR00054,Backend Development with Node.js,Web Development,Beginner,3.32,2025-07-30,0.0
U02094,CR00042,Investment Strategies,Finance,Intermediate,4.1,2025-06-18,0.0
U02094,CR00036,Agile Project Management,Project Management,Beginner,4.68,2025-05-11,0.0
U02094,CR00021,Data Analysis with Python,Data Science,Intermediate,3.6,2025-04-11,0.0
U02094,CR00014,Sales Mastery,Business,Advanced,3.15,2025-03-01,0.0
U02094,CR00029,Natural Language Processing,Machine Learning,Beginner,1.13,2025-02-01,0.0
U02094,CR00058,Social Media Strategy,Digital Marketing,Beginner,4.44,2025-01-22,0.0
U02095,CR00044,Personal Finance,Finance,Intermediate,2.75,2025-11-26,119.04
U02096,CR00027,Neural Networks,Machine Learning,Advanced,1.81,2025-12-22,0.0
U02096,CR00010,3D Modeling,Design,Advanced,4.45,2025-12-07,0.0
U02096,CR00013,Finance for Startups,Business,Advanced,2.0,2025-12-06,0.0
U02096,CR00030,Reinforcement Learning,Machine Learning,Intermediate,1.73,2025-11-05,0.0
U02096,CR00026,Intro to Machine Learning,Machine Learning,Intermediate,4.73,2025-09-04,0.0
U02096,CR00049,Deep Learning,Artificial Intelligence,Intermediate,3.11,2025-08-19,415.51
U02096,CR00017,SEO Mastery,Marketing,Advanced,4.79,2025-08-13,0.0
U02096,CR00048,AI Ethics,Artificial Intelligence,Beginner,3.64,2025-07-11,0.0
U02096,CR00020,Email Marketing,Marketing,Intermediate,4.11,2025-07-10,0.0
U02096,CR00003,C++ for Beginners,Programming,Beginner,3.85,2025-07-07,0.0
U02096,CR00038,Risk Management,Project Management,Intermediate,4.84,2025-03-26,342.61
U02096,CR00055,Full-Stack Web Development,Web Development,Advanced,4.74,2025-03-26,57.32
U02096,CR00021,Data Analysis with Python,Data Science,Intermediate,3.6,2025-03-07,0.0
U02097,CR00040,Leadership in Projects,Project Management,Beginner,1.51,2025-11-28,327.99
U02097,CR00009,Web Design Fundamentals,Design,Beginner,4.51,2025-10-09,0.0
U02098,CR00006,Graphic Design Basics,Design,Advanced,2.72,2025-12-29,276.37
U02098,CR00051,HTML & CSS,Web Development,Advanced,1.3,2025-12-04,37.89
U02098,CR00054,Backend Development with Node.js,Web Development,Beginner,3.32,2025-10-04,0.0
U02098,CR00014,Sales Mastery,Business,Advanced,3.15,2025-10-02,0.0
U02098,CR00030,Reinforcement Learning,Machine Learning,Intermediate,1.73,2025-08-21,0.0
U02098,CR00018,Social Media Marketing,Marketing,Advanced,2.01,2025-06-19,0.0
U02098,CR00056,Google Ads Mastery,Digital Marketing,Advanced,3.15,2025-05-14,212.39
U02098,CR00027,Neural Networks,Machine Learning,Advanced,1.81,2025-04-18,0.0
U02098,CR00015,Leadership Essentials,Business,Beginner,1.96,2025-03-12,285.05
U02098,CR00011,Entrepreneurship 101,Business,Intermediate,2.69,2025-03-01,326.02
U02098,CR00036,Agile Project Management,Project Management,Beginner,4.68,2025-02-23,0.0
U02098,CR00023,Machine Learning Fundamentals,Data Science,Intermediate,3.02,2025-02-05,0.0
U02098,CR00060,Content Creation,Digital Marketing,Beginner,2.14,2025-01-23,0.0
U02099,CR00034,Data Encryption,Cybersecurity,Intermediate,1.35,2025-03-27,394.26
U02100,CR00046,AI for Beginners,Artificial Intelligence,Beginner,1.2,2025-02-21,248.1
U02101,CR00051,HTML & CSS,Web Development,Advanced,1.3,2025-03-29,37.89
U02102,CR00033,Cybersecurity Fundamentals,Cybersecurity,Intermediate,3.93,2025-11-07,0.0
U02102,CR00042,Investment Strategies,Finance,Intermediate,4.1,2025-07-23,0.0
U02102,CR00007,UI/UX Design,Design,Advanced,2.61,2025-06-08,0.0
U02103,CR00048,AI Ethics,Artificial Intelligence,Beginner,3.64,2025-08-06,0.0
U02103,CR00003,C++ for Beginners,Programming,Beginner,3.85,2025-06-17,0.0
U02103,CR00001,Python Basics,Programming,Beginner,4.74,2025-01-17,472.28
U02104,CR00021,Data Analysis with Python,Data Science,Intermediate,3.6,2025-08-11,0.0
U02105,CR00034,Data Encryption,Cybersecurity,Intermediate,1.35,2025-05-23,394.26
U02106,CR00032,Ethical Hacking,Cybersecurity,Advanced,2.38,2025-12-12,0.0
U02107,CR00048,AI Ethics,Artificial Intelligence,Beginner,3.64,2025-12-04,0.0
U02107,CR00045,Financial Modeling,Finance,Advanced,1.59,2025-11-16,0.0
U02108,CR00029,Natural Language Processing,Machine Learning,Beginner,1.13,2025-01-07,0.0
U02109,CR00053,React for Beginners,Web Development,Advanced,2.67,2025-07-08,0.0
U02110,CR00006,Graphic Design Basics,Design,Advanced,2.72,2025-11-26,276.37
U02111,CR00033,Cybersecurity Fundamentals,Cybersecurity,Intermediate,3.93,2025-05-13,0.0
U02112,CR00036,Agile Project Management,Project Management,Beginner,4.68,2025-07-03,0.0
U02112,CR00022,Data Visualization,Data Science,Beginner,3.65,2025-06-23,0.0
U02113,CR00040,Leadership in Projects,Project Management,Beginner,1.51,2025-07-26,327.99
U02113,CR00037,Scrum Essentials,Project Management,Intermediate,3.45,2025-05-15,0.0
U02114,CR00060,Content Creation,Digital Marketing,Beginner,2.14,2025-02-09,0.0
U02115,CR00029,Natural Language Processing,Machine Learning,Beginner,1.13,2025-04-08,0.0
U02116,CR00038,Risk Management,Project Management,Intermediate,4.84,2025-04-29,342.61
U02117,CR00004,Advanced Python,Programming,Beginner,2.88,2025-03-08,0.0
U02118,CR00003,C++ for Beginners,Programming,Beginner,3.85,2025-01-13,0.0
U02119,CR00031,Network Security,Cybersecurity,Intermediate,1.91,2025-03-01,0.0
U02120,CR00047,Natural Language Processing,Artificial Intelligence,Intermediate,2.68,2025-02-04,89.59
U02120,CR00031,Network Security,Cybersecurity,Intermediate,1.91,2025-01-21,0.0
U02121,CR00049,Deep Learning,Artificial Intelligence,Intermediate,3.11,2025-10-09,415.51
U02122,CR00010,3D Modeling,Design,Advanced,4.45,2025-12-29,0.0
U02122,CR00036,Agile Project Management,Project Management,Beginner,4.68,2025-11-04,0.0
U02123,CR00049,Deep Learning,Artificial Intelligence,Intermediate,3.11,2025-11-05,415.51
U02123,CR00042,Investment Strategies,Finance,Intermediate,4.1,2025-09-18,0.0
U02124,CR00054,Backend Development with Node.js,Web Development,Beginner,3.32,2025-09-10,0.0
U02125,CR00042,Investment Strategies,Finance,Intermediate,4.1,2025-12-26,0.0
U02125,CR00048,AI Ethics,Artificial Intelligence,Beginner,3.64,2025-12-18,0.0
U02125,CR00024,Big Data Analytics,Data Science,Advanced,2.57,2025-12-05,117.68
U02125,CR00038,Risk Management,Project Management,Intermediate,4.84,2025-11-27,342.61
U02125,CR00001,Python Basics,Programming,Beginner,4.74,2025-11-09,472.28
U02125,CR00018,Social Media Marketing,Marketing,Advanced,2.01,2025-08-24,0.0
U02125,CR00025,Statistical Analysis,Data Science,Beginner,3.74,2025-07-12,299.57
U02125,CR00019,Content Marketing,Marketing,Advanced,2.98,2025-06-13,0.0
U02125,CR00029,Natural Language Processing,Machine Learning,Beginner,1.13,2025-04-26,0.0
U02125,CR00055,Full-Stack Web Development,Web Development,Advanced,4.74,2025-04-14,57.32
U02125,CR00006,Graphic Design Basics,Design,Advanced,2.72,2025-03-03,276.37
U02125,CR00046,AI for Beginners,Artificial Intelligence,Beginner,1.2,2025-02-21,248.1
U02125,CR00013,Finance for Startups,Business,Advanced,2.0,2025-01-03,0.0
U02126,CR00030,Reinforcement Learning,Machine Learning,Intermediate,1.73,2025-08-16,0.0
U02127,CR00033,Cybersecurity Fundamentals,Cybersecurity,Intermediate,3.93,2025-12-15,0.0
U02127,CR00052,JavaScript Mastery,Web Development,Beginner,2.2,2025-09-25,0.0
U02128,CR00008,Photoshop Mastery,Design,Advanced,1.52,2025-11-18,0.0
U02129,CR00058,Social Media Strategy,Digital Marketing,Beginner,4.44,2025-09-26,0.0
U02129,CR00004,Advanced Python,Programming,Beginner,2.88,2025-06-09,0.0
U02130,CR00056,Google Ads Mastery,Digital Marketing,Advanced,3.15,2025-03-03,212.39
U02131,CR00060,Content Creation,Digital Marketing,Beginner,2.14,2025-02-04,0.0
U02132,CR00054,Backend Development with Node.js,Web Development,Beginner,3.32,2025-05-19,0.0
U02132,CR00003,C++ for Beginners,Programming,Beginner,3.85,2025-01-01,0.0
U02133,CR00028,Deep Learning,Machine Learning,Advanced,3.89,2025-08-03,0.78
U02133,CR00010,3D Modeling,Design,Advanced,4.45,2025-07-14,0.0
U02134,CR00043,Corporate Finance,Finance,Beginner,4.14,2025-02-23,0.0
U02135,CR00043,Corporate Finance,Finance,Beginner,4.14,2025-07-22,0.0
U02136,CR00014,Sales Mastery,Business,Advanced,3.15,2025-03-26,0.0
U02137,CR00015,Leadership Essentials,Business,Beginner,1.96,2025-10-02,285.05
U02138,CR00050,Computer Vision,Artificial Intelligence,Beginner,4.55,2025-02-07,490.9
U02138,CR00027,Neural Networks,Machine Learning,Advanced,1.81,2025-01-09,0.0
U02139,CR00028,Deep Learning,Machine Learning,Advanced,3.89,2025-01-10,0.78
U02140,CR00011,Entrepreneurship 101,Business,Intermediate,2.69,2025-11-16,326.02
U02141,CR00006,Graphic Design Basics,Design,Advanced,2.72,2025-12-28,276.37
U02141,CR00042,Investment Strategies,Finance,Intermediate,4.1,2025-07-20,0.0
U02142,CR00042,Investment Strategies,Finance,Intermediate,4.1,2025-07-14,0.0
U02142,CR00032,Ethical Hacking,Cybersecurity,Advanced,2.38,2025-06-26,0.0
U02142,CR00056,Google Ads Mastery,Digital Marketing,Advanced,3.15,2025-05-11,212.39
U02142,CR00019,Content Marketing,Marketing,Advanced,2.98,2025-05-11,0.0
U02143,CR00024,Big Data Analytics,Data Science,Advanced,2.57,2025-12-16,117.68
U02143,CR00051,HTML & CSS,Web Development,Advanced,1.3,2025-05-19,37.89
U02143,CR00031,Network Security,Cybersecurity,Intermediate,1.91,2025-05-05,0.0
U02144,CR00008,Photoshop Mastery,Design,Advanced,1.52,2025-11-02,0.0
U02144,CR00038,Risk Management,Project Management,Intermediate,4.84,2025-10-21,342.61
U02144,CR00023,Machine Learning Fundamentals,Data Science,Intermediate,3.02,2025-09-16,0.0
U02144,CR00052,JavaScript Mastery,Web Development,Beginner,2.2,2025-08-30,0.0
U02144,CR00001,Python Basics,Programming,Beginner,4.74,2025-08-12,472.28
U02144,CR00049,Deep Learning,Artificial Intelligence,Intermediate,3.11,2025-07-08,415.51
U02144,CR00018,Social Media Marketing,Marketing,Advanced,2.01,2025-06-05,0.0
U02144,CR00034,Data Encryption,Cybersecurity,Intermediate,1.35,2025-05-19,394.26
U02144,CR00041,Financial Accounting,Finance,Beginner,2.47,2025-05-09,53.86
U02144,CR00016,Digital Marketing,Marketing,Intermediate,4.72,2025-04-15,0.0
U02144,CR00048,AI Ethics,Artificial Intelligence,Beginner,3.64,2025-03-11,0.0
U02144,CR00053,React for Beginners,Web Development,Advanced,2.67,2025-02-15,0.0
U02144,CR00033,Cybersecurity Fundamentals,Cybersecurity,Intermediate,3.93,2025-02-09,0.0
U02144,CR00047,Natural Language Processing,Artificial Intelligence,Intermediate,2.68,2025-01-18,89.59
U02145,CR00053,React for Beginners,Web Development,Advanced,2.67,2025-04-26,0.0
U02146,CR00018,Social Media Marketing,Marketing,Advanced,2.01,2025-12-13,0.0
U02147,CR00024,Big Data Analytics,Data Science,Advanced,2.57,2025-12-04,117.68
U02147,CR00055,Full-Stack Web Development,Web Development,Advanced,4.74,2025-12-03,57.32
U02147,CR00013,Finance for Startups,Business,Advanced,2.0,2025-11-13,0.0
U02147,CR00047,Natural Language Processing,Artificial Intelligence,Intermediate,2.68,2025-11-13,89.59
U02147,CR00034,Data Encryption,Cybersecurity,Intermediate,1.35,2025-11-11,394.26
U02147,CR00016,Digital Marketing,Marketing,Intermediate,4.72,2025-11-04,0.0
U02147,CR00002,Java Programming,Programming,Intermediate,2.43,2025-10-04,0.0
U02147,CR00001,Python Basics,Programming,Beginner,4.74,2025-09-28,472.28
U02147,CR00051,HTML & CSS,Web Development,Advanced,1.3,2025-09-16,37.89
U02147,CR00060,Content Creation,Digital Marketing,Beginner,2.14,2025-07-29,0.0
U02147,CR00042,Investment Strategies,Finance,Intermediate,4.1,2025-07-24,0.0
U02147,CR00038,Risk Management,Project Management,Intermediate,4.84,2025-06-19,342.61
U02147,CR00052,JavaScript Mastery,Web Development,Beginner,2.2,2025-03-03,0.0
U02147,CR00006,Graphic Design Basics,Design,Advanced,2.72,2025-02-22,276.37
U02147,CR00033,Cybersecurity Fundamentals,Cybersecurity,Intermediate,3.93,2025-01-25,0.0
U02148,CR00039,Project Planning,Project Management,Advanced,1.23,2025-06-15,346.71
U02149,CR00042,Investment Strategies,Finance,Intermediate,4.1,2025-11-21,0.0
U02149,CR00041,Financial Accounting,Finance,Beginner,2.47,2025-11-10,53.86
U02149,CR00035,Cyber Threat Intelligence,Cybersecurity,Beginner,4.94,2025-10-03,0.0
U02149,CR00031,Network Security,Cybersecurity,Intermediate,1.91,2025-10-02,0.0
U02149,CR00056,Google Ads Mastery,Digital Marketing,Advanced,3.15,2025-09-25,212.39
U02149,CR00012,Business Strategy,Business,Advanced,3.64,2025-09-15,487.92
U02149,CR00021,Data Analysis with Python,Data Science,Intermediate,3.6,2025-07-02,0.0
U02149,CR00033,Cybersecurity Fundamentals,Cybersecurity,Intermediate,3.93,2025-06-22,0.0
U02149,CR00006,Graphic Design Basics,Design,Advanced,2.72,2025-05-30,276.37
U02149,CR00023,Machine Learning Fundamentals,Data Science,Intermediate,3.02,2025-04-27,0.0
U02149,CR00028,Deep Learning,Machine Learning,Advanced,3.89,2025-03-25,0.78
U02149,CR00029,Natural Language Processing,Machine Learning,Beginner,1.13,2025-02-21,0.0
U02149,CR00057,SEO for E-commerce,Digital Marketing,Advanced,3.89,2025-02-21,177.34
U02149,CR00009,Web Design Fundamentals,Design,Beginner,4.51,2025-02-13,0.0
U02149,CR00017,SEO Mastery,Marketing,Advanced,4.79,2025-01-29,0.0
U02150,CR00031,Network Security,Cybersecurity,Intermediate,1.91,2025-07-25,0.0
U02151,CR00039,Project Planning,Project Management,Advanced,1.23,2025-12-11,346.71
U02151,CR00001,Python Basics,Programming,Beginner,4.74,2025-11-16,472.28
U02151,CR00004,Advanced Python,Programming,Beginner,2.88,2025-11-09,0.0
U02151,CR00049,Deep Learning,Artificial Intelligence,Intermediate,3.11,2025-10-13,415.51
U02151,CR00048,AI Ethics,Artificial Intelligence,Beginner,3.64,2025-10-06,0.0
U02151,CR00038,Risk Management,Project Management,Intermediate,4.84,2025-09-23,342.61
U02151,CR00056,Google Ads Mastery,Digital Marketing,Advanced,3.15,2025-08-21,212.39
U02151,CR00025,Statistical Analysis,Data Science,Beginner,3.74,2025-08-14,299.57
U02151,CR00047,Natural Language Processing,Artificial Intelligence,Intermediate,2.68,2025-07-14,89.59
U02151,CR00009,Web Design Fundamentals,Design,Beginner,4.51,2025-06-18,0.0
U02151,CR00043,Corporate Finance,Finance,Beginner,4.14,2025-04-05,0.0
U02151,CR00020,Email Marketing,Marketing,Intermediate,4.11,2025-03-08,0.0
U02151,CR00041,Financial Accounting,Finance,Beginner,2.47,2025-01-25,53.86
U02152,CR00017,SEO Mastery,Marketing,Advanced,4.79,2025-12-21,0.0
U02152,CR00034,Data Encryption,Cybersecurity,Intermediate,1.35,2025-11-14,394.26
U02152,CR00038,Risk Management,Project Management,Intermediate,4.84,2025-11-09,342.61
U02152,CR00050,Computer Vision,Artificial Intelligence,Beginner,4.55,2025-11-08,490.9
U02152,CR00039,Project Planning,Project Management,Advanced,1.23,2025-08-05,346.71
U02152,CR00031,Network Security,Cybersecurity,Intermediate,1.91,2025-07-29,0.0
U02152,CR00001,Python Basics,Programming,Beginner,4.74,2025-07-16,472.28
U02152,CR00006,Graphic Design Basics,Design,Advanced,2.72,2025-05-29,276.37
U02152,CR00037,Scrum Essentials,Project Management,Intermediate,3.45,2025-05-07,0.0
U02152,CR00054,Backend Development with Node.js,Web Development,Beginner,3.32,2025-03-14,0.0
U02152,CR00022,Data Visualization,Data Science,Beginner,3.65,2025-03-07,0.0
U02152,CR00030,Reinforcement Learning,Machine Learning,Intermediate,1.73,2025-02-20,0.0
U02152,CR00052,JavaScript Mastery,Web Development,Beginner,2.2,2025-01-24,0.0
U02153,CR00025,Statistical Analysis,Data Science,Beginner,3.74,2025-12-01,299.57
U02153,CR00004,Advanced Python,Programming,Beginner,2.88,2025-11-14,0.0
U02153,CR00018,Social Media Marketing,Marketing,Advanced,2.01,2025-10-28,0.0
U02153,CR00044,Personal Finance,Finance,Intermediate,2.75,2025-10-08,119.04
U02153,CR00036,Agile Project Management,Project Management,Beginner,4.68,2025-10-03,0.0
U02153,CR00031,Network Security,Cybersecurity,Intermediate,1.91,2025-08-06,0.0
U02153,CR00043,Corporate Finance,Finance,Beginner,4.14,2025-07-10,0.0
U02153,CR00027,Neural Networks,Machine Learning,Advanced,1.81,2025-06-04,0.0
U02153,CR00040,Leadership in Projects,Project Management,Beginner,1.51,2025-06-02,327.99
U02153,CR00051,HTML & CSS,Web Development,Advanced,1.3,2025-04-06,37.89
U02153,CR00022,Data Visualization,Data Science,Beginner,3.65,2025-04-04,0.0
U02153,CR00001,Python Basics,Programming,Beginner,4.74,2025-03-04,472.28
U02153,CR00049,Deep Learning,Artificial Intelligence,Intermediate,3.11,2025-01-06,415.51
U02154,CR00026,Intro to Machine Learning,Machine Learning,Intermediate,4.73,2025-12-13,0.0
U02154,CR00039,Project Planning,Project Management,Advanced,1.23,2025-11-14,346.71
U02154,CR00050,Computer Vision,Artificial Intelligence,Beginner,4.55,2025-05-06,490.9
U02155,CR00056,Google Ads Mastery,Digital Marketing,Advanced,3.15,2025-11-14,212.39
U02155,CR00029,Natural Language Processing,Machine Learning,Beginner,1.13,2025-10-24,0.0
U02155,CR00014,Sales Mastery,Business,Advanced,3.15,2025-09-25,0.0
U02155,CR00031,Network Security,Cybersecurity,Intermediate,1.91,2025-08-29,0.0
U02155,CR00025,Statistical Analysis,Data Science,Beginner,3.74,2025-07-22,299.57
U02155,CR00041,Financial Accounting,Finance,Beginner,2.47,2025-07-05,53.86
U02155,CR00055,Full-Stack Web Development,Web Development,Advanced,4.74,2025-06-14,57.32
U02155,CR00009,Web Design Fundamentals,Design,Beginner,4.51,2025-06-10,0.0
U02155,CR00021,Data Analysis with Python,Data Science,Intermediate,3.6,2025-05-18,0.0
U02155,CR00022,Data Visualization,Data Science,Beginner,3.65,2025-05-05,0.0
U02155,CR00018,Social Media Marketing,Marketing,Advanced,2.01,2025-04-15,0.0
U02155,CR00023,Machine Learning Fundamentals,Data Science,Intermediate,3.02,2025-04-05,0.0
U02155,CR00045,Financial Modeling,Finance,Advanced,1.59,2025-02-09,0.0
U02155,CR00004,Advanced Python,Programming,Beginner,2.88,2025-02-03,0.0
U02156,CR00021,Data Analysis with Python,Data Science,Intermediate,3.6,2025-01-03,0.0
U02157,CR00026,Intro to Machine Learning,Machine Learning,Intermediate,4.73,2025-11-03,0.0
U02157,CR00017,SEO Mastery,Marketing,Advanced,4.79,2025-08-12,0.0
U02157,CR00048,AI Ethics,Artificial Intelligence,Beginner,3.64,2025-05-06,0.0
U02158,CR00029,Natural Language Processing,Machine Learning,Beginner,1.13,2025-12-09,0.0
U02158,CR00001,Python Basics,Programming,Beginner,4.74,2025-09-29,472.28
U02158,CR00006,Graphic Design Basics,Design,Advanced,2.72,2025-05-15,276.37
U02158,CR00042,Investment Strategies,Finance,Intermediate,4.1,2025-04-16,0.0
U02159,CR00059,Affiliate Marketing,Digital Marketing,Intermediate,4.66,2025-11-02,0.0
U02159,CR00040,Leadership in Projects,Project Management,Beginner,1.51,2025-04-13,327.99
U02160,CR00018,Social Media Marketing,Marketing,Advanced,2.01,2025-09-23,0.0
U02161,CR00016,Digital Marketing,Marketing,Intermediate,4.72,2025-12-05,0.0
U02161,CR00028,Deep Learning,Machine Learning,Advanced,3.89,2025-12-03,0.78
U02161,CR00006,Graphic Design Basics,Design,Advanced,2.72,2025-11-11,276.37
U02161,CR00012,Business Strategy,Business,Advanced,3.64,2025-10-12,487.92
U02161,CR00037,Scrum Essentials,Project Management,Intermediate,3.45,2025-10-10,0.0
U02161,CR00017,SEO Mastery,Marketing,Advanced,4.79,2025-08-02,0.0
U02161,CR00029,Natural Language Processing,Machine Learning,Beginner,1.13,2025-07-03,0.0
U02161,CR00008,Photoshop Mastery,Design,Advanced,1.52,2025-07-01,0.0
U02161,CR00023,Machine Learning Fundamentals,Data Science,Intermediate,3.02,2025-06-01,0.0
U02161,CR00007,UI/UX Design,Design,Advanced,2.61,2025-04-03,0.0
U02161,CR00018,Social Media Marketing,Marketing,Advanced,2.01,2025-04-01,0.0
U02161,CR00055,Full-Stack Web Development,Web Development,Advanced,4.74,2025-03-30,57.32
U02161,CR00036,Agile Project Management,Project Management,Beginner,4.68,2025-03-23,0.0
U02161,CR00022,Data Visualization,Data Science,Beginner,3.65,2025-03-11,0.0
U02162,CR00060,Content Creation,Digital Marketing,Beginner,2.14,2025-07-18,0.0
U02163,CR00052,JavaScript Mastery,Web Development,Beginner,2.2,2025-07-18,0.0
U02164,CR00003,C++ for Beginners,Programming,Beginner,3.85,2025-12-02,0.0
U02165,CR00053,React for Beginners,Web Development,Advanced,2.67,2025-07-08,0.0
U02166,CR00029,Natural Language Processing,Machine Learning,Beginner,1.13,2025-09-02,0.0
U02167,CR00030,Reinforcement Learning,Machine Learning,Intermediate,1.73,2025-12-15,0.0
U02167,CR00038,Risk Management,Project Management,Intermediate,4.84,2025-11-25,342.61
U02167,CR00023,Machine Learning Fundamentals,Data Science,Intermediate,3.02,2025-09-04,0.0
U02168,CR00043,Corporate Finance,Finance,Beginner,4.14,2025-09-12,0.0
U02169,CR00031,Network Security,Cybersecurity,Intermediate,1.91,2025-09-04,0.0
U02170,CR00001,Python Basics,Programming,Beginner,4.74,2025-04-05,472.28
U02171,CR00022,Data Visualization,Data Science,Beginner,3.65,2025-10-12,0.0
U02171,CR00055,Full-Stack Web Development,Web Development,Advanced,4.74,2025-05-12,57.32
U02172,CR00019,Content Marketing,Marketing,Advanced,2.98,2025-10-27,0.0
U02173,CR00011,Entrepreneurship 101,Business,Intermediate,2.69,2025-03-14,326.02
U02174,CR00038,Risk Management,Project Management,Intermediate,4.84,2025-12-28,342.61
U02174,CR00008,Photoshop Mastery,Design,Advanced,1.52,2025-12-11,0.0
U02174,CR00016,Digital Marketing,Marketing,Intermediate,4.72,2025-12-08,0.0
U02174,CR00053,React for Beginners,Web Development,Advanced,2.67,2025-11-29,0.0
U02174,CR00006,Graphic Design Basics,Design,Advanced,2.72,2025-11-27,276.37
U02174,CR00002,Java Programming,Programming,Intermediate,2.43,2025-09-22,0.0
U02174,CR00059,Affiliate Marketing,Digital Marketing,Intermediate,4.66,2025-09-14,0.0
U02174,CR00005,Full Stack Development,Programming,Beginner,1.28,2025-08-20,0.0
U02174,CR00049,Deep Learning,Artificial Intelligence,Intermediate,3.11,2025-07-27,415.51
U02174,CR00047,Natural Language Processing,Artificial Intelligence,Intermediate,2.68,2025-07-26,89.59
U02174,CR00044,Personal Finance,Finance,Intermediate,2.75,2025-07-02,119.04
U02174,CR00050,Computer Vision,Artificial Intelligence,Beginner,4.55,2025-06-10,490.9
U02174,CR00004,Advanced Python,Programming,Beginner,2.88,2025-04-25,0.0
U02174,CR00041,Financial Accounting,Finance,Beginner,2.47,2025-02-23,53.86
U02175,CR00043,Corporate Finance,Finance,Beginner,4.14,2025-12-05,0.0
U02175,CR00027,Neural Networks,Machine Learning,Advanced,1.81,2025-05-22,0.0
U02176,CR00024,Big Data Analytics,Data Science,Advanced,2.57,2025-11-02,117.68
U02177,CR00001,Python Basics,Programming,Beginner,4.74,2025-03-10,472.28
U02178,CR00033,Cybersecurity Fundamentals,Cybersecurity,Intermediate,3.93,2025-07-25,0.0
U02179,CR00002,Java Programming,Programming,Intermediate,2.43,2025-04-25,0.0
U02179,CR00019,Content Marketing,Marketing,Advanced,2.98,2025-03-20,0.0
U02180,CR00045,Financial Modeling,Finance,Advanced,1.59,2025-08-23,0.0
U02180,CR00013,Finance for Startups,Business,Advanced,2.0,2025-07-28,0.0
U02180,CR00004,Advanced Python,Programming,Beginner,2.88,2025-07-27,0.0
U02180,CR00007,UI/UX Design,Design,Advanced,2.61,2025-07-01,0.0
U02181,CR00038,Risk Management,Project Management,Intermediate,4.84,2025-12-08,342.61
U02181,CR00060,Content Creation,Digital Marketing,Beginner,2.14,2025-10-13,0.0
U02182,CR00013,Finance for Startups,Business,Advanced,2.0,2025-07-15,0.0
U02182,CR00021,Data Analysis with Python,Data Science,Intermediate,3.6,2025-05-17,0.0
U02183,CR00024,Big Data Analytics,Data Science,Advanced,2.57,2025-12-21,117.68
U02184,CR00057,SEO for E-commerce,Digital Marketing,Advanced,3.89,2025-05-24,177.34
U02184,CR00022,Data Visualization,Data Science,Beginner,3.65,2025-01-25,0.0
U02185,CR00009,Web Design Fundamentals,Design,Beginner,4.51,2025-10-25,0.0
U02185,CR00059,Affiliate Marketing,Digital Marketing,Intermediate,4.66,2025-02-21,0.0
U02186,CR00030,Reinforcement Learning,Machine Learning,Intermediate,1.73,2025-11-14,0.0
U02186,CR00051,HTML & CSS,Web Development,Advanced,1.3,2025-09-30,37.89
U02186,CR00011,Entrepreneurship 101,Business,Intermediate,2.69,2025-07-16,326.02
U02186,CR00035,Cyber Threat Intelligence,Cybersecurity,Beginner,4.94,2025-05-04,0.0
U02187,CR00055,Full-Stack Web Development,Web Development,Advanced,4.74,2025-09-04,57.32
U02187,CR00026,Intro to Machine Learning,Machine Learning,Intermediate,4.73,2025-08-09,0.0
U02188,CR00005,Full Stack Development,Programming,Beginner,1.28,2025-01-09,0.0
U02189,CR00035,Cyber Threat Intelligence,Cybersecurity,Beginner,4.94,2025-07-24,0.0
U02190,CR00051,HTML & CSS,Web Development,Advanced,1.3,2025-12-18,37.89
U02190,CR00026,Intro to Machine Learning,Machine Learning,Intermediate,4.73,2025-09-22,0.0
U02190,CR00049,Deep Learning,Artificial Intelligence,Intermediate,3.11,2025-09-08,415.51
U02190,CR00052,JavaScript Mastery,Web Development,Beginner,2.2,2025-07-24,0.0
U02191,CR00003,C++ for Beginners,Programming,Beginner,3.85,2025-11-17,0.0
U02191,CR00004,Advanced Python,Programming,Beginner,2.88,2025-09-12,0.0
U02191,CR00051,HTML & CSS,Web Development,Advanced,1.3,2025-07-24,37.89
U02191,CR00005,Full Stack Development,Programming,Beginner,1.28,2025-01-01,0.0
U02192,CR00018,Social Media Marketing,Marketing,Advanced,2.01,2025-06-25,0.0
U02192,CR00026,Intro to Machine Learning,Machine Learning,Intermediate,4.73,2025-06-23,0.0
U02193,CR00058,Social Media Strategy,Digital Marketing,Beginner,4.44,2025-11-27,0.0
U02193,CR00035,Cyber Threat Intelligence,Cybersecurity,Beginner,4.94,2025-05-26,0.0
U02194,CR00050,Computer Vision,Artificial Intelligence,Beginner,4.55,2025-11-27,490.9
U02194,CR00025,Statistical Analysis,Data Science,Beginner,3.74,2025-03-28,299.57
U02195,CR00013,Finance for Startups,Business,Advanced,2.0,2025-05-12,0.0
U02196,CR00046,AI for Beginners,Artificial Intelligence,Beginner,1.2,2025-10-26,248.1
U02197,CR00026,Intro to Machine Learning,Machine Learning,Intermediate,4.73,2025-09-24,0.0
U02197,CR00017,SEO Mastery,Marketing,Advanced,4.79,2025-06-16,0.0
U02198,CR00030,Reinforcement Learning,Machine Learning,Intermediate,1.73,2025-12-29,0.0
U02198,CR00027,Neural Networks,Machine Learning,Advanced,1.81,2025-02-13,0.0
U02199,CR00045,Financial Modeling,Finance,Advanced,1.59,2025-11-27,0.0
U02199,CR00053,React for Beginners,Web Development,Advanced,2.67,2025-11-20,0.0
U02199,CR00041,Financial Accounting,Finance,Beginner,2.47,2025-11-17,53.86
U02199,CR00016,Digital Marketing,Marketing,Intermediate,4.72,2025-11-17,0.0
U02199,CR00011,Entrepreneurship 101,Business,Intermediate,2.69,2025-11-02,326.02
U02199,CR00015,Leadership Essentials,Business,Beginner,1.96,2025-10-14,285.05
U02199,CR00055,Full-Stack Web Development,Web Development,Advanced,4.74,2025-09-26,57.32
U02199,CR00052,JavaScript Mastery,Web Development,Beginner,2.2,2025-08-04,0.0
U02199,CR00019,Content Marketing,Marketing,Advanced,2.98,2025-05-29,0.0
U02199,CR00023,Machine Learning Fundamentals,Data Science,Intermediate,3.02,2025-05-23,0.0
U02199,CR00048,AI Ethics,Artificial Intelligence,Beginner,3.64,2025-02-25,0.0
U02199,CR00044,Personal Finance,Finance,Intermediate,2.75,2025-02-15,119.04
U02200,CR00038,Risk Management,Project Management,Intermediate,4.84,2025-11-05,342.61
U02200,CR00006,Graphic Design Basics,Design,Advanced,2.72,2025-06-21,276.37
U02201,CR00011,Entrepreneurship 101,Business,Intermediate,2.69,2025-06-06,326.02
U02202,CR00026,Intro to Machine Learning,Machine Learning,Intermediate,4.73,2025-07-09,0.0
U02203,CR00035,Cyber Threat Intelligence,Cybersecurity,Beginner,4.94,2025-12-25,0.0
U02204,CR00040,Leadership in Projects,Project Management,Beginner,1.51,2025-05-11,327.99
U02205,CR00022,Data Visualization,Data Science,Beginner,3.65,2025-12-08,0.0
U02206,CR00021,Data Analysis with Python,Data Science,Intermediate,3.6,2025-10-30,0.0
U02206,CR00043,Corporate Finance,Finance,Beginner,4.14,2025-10-09,0.0
U02206,CR00023,Machine Learning Fundamentals,Data Science,Intermediate,3.02,2025-01-16,0.0
U02207,CR00013,Finance for Startups,Business,Advanced,2.0,2025-03-11,0.0
U02208,CR00040,Leadership in Projects,Project Management,Beginner,1.51,2025-11-24,327.99
U02208,CR00019,Content Marketing,Marketing,Advanced,2.98,2025-08-18,0.0
U02209,CR00052,JavaScript Mastery,Web Development,Beginner,2.2,2025-04-17,0.0
U02210,CR00017,SEO Mastery,Marketing,Advanced,4.79,2025-09-18,0.0
U02211,CR00020,Email Marketing,Marketing,Intermediate,4.11,2025-03-08,0.0
U02212,CR00049,Deep Learning,Artificial Intelligence,Intermediate,3.11,2025-12-09,415.51
U02212,CR00054,Backend Development with Node.js,Web Development,Beginner,3.32,2025-10-26,0.0
U02212,CR00042,Investment Strategies,Finance,Intermediate,4.1,2025-09-30,0.0
U02212,CR00008,Photoshop Mastery,Design,Advanced,1.52,2025-09-14,0.0
U02212,CR00013,Finance for Startups,Business,Advanced,2.0,2025-08-04,0.0
U02212,CR00022,Data Visualization,Data Science,Beginner,3.65,2025-07-29,0.0
U02212,CR00024,Big Data Analytics,Data Science,Advanced,2.57,2025-07-23,117.68
U02212,CR00035,Cyber Threat Intelligence,Cybersecurity,Beginner,4.94,2025-05-29,0.0
U02212,CR00058,Social Media Strategy,Digital Marketing,Beginner,4.44,2025-05-01,0.0
U02212,CR00009,Web Design Fundamentals,Design,Beginner,4.51,2025-04-29,0.0
U02212,CR00060,Content Creation,Digital Marketing,Beginner,2.14,2025-04-03,0.0
U02212,CR00015,Leadership Essentials,Business,Beginner,1.96,2025-03-09,285.05
U02212,CR00039,Project Planning,Project Management,Advanced,1.23,2025-03-01,346.71
U02212,CR00029,Natural Language Processing,Machine Learning,Beginner,1.13,2025-02-12,0.0
U02212,CR00023,Machine Learning Fundamentals,Data Science,Intermediate,3.02,2025-02-09,0.0
U02213,CR00038,Risk Management,Project Management,Intermediate,4.84,2025-07-22,342.61
U02214,CR00015,Leadership Essentials,Business,Beginner,1.96,2025-09-11,285.05
U02214,CR00023,Machine Learning Fundamentals,Data Science,Intermediate,3.02,2025-06-21,0.0
U02214,CR00009,Web Design Fundamentals,Design,Beginner,4.51,2025-04-23,0.0
U02214,CR00051,HTML & CSS,Web Development,Advanced,1.3,2025-04-18,37.89
U02215,CR00021,Data Analysis with Python,Data Science,Intermediate,3.6,2025-12-26,0.0
U02215,CR00042,Investment Strategies,Finance,Intermediate,4.1,2025-11-13,0.0
U02215,CR00013,Finance for Startups,Business,Advanced,2.0,2025-11-12,0.0
U02215,CR00028,Deep Learning,Machine Learning,Advanced,3.89,2025-11-11,0.78
U02215,CR00031,Network Security,Cybersecurity,Intermediate,1.91,2025-10-12,0.0
U02215,CR00039,Project Planning,Project Management,Advanced,1.23,2025-09-27,346.71
U02215,CR00017,SEO Mastery,Marketing,Advanced,4.79,2025-03-19,0.0
U02215,CR00043,Corporate Finance,Finance,Beginner,4.14,2025-03-17,0.0
U02215,CR00046,AI for Beginners,Artificial Intelligence,Beginner,1.2,2025-03-12,248.1
U02215,CR00058,Social Media Strategy,Digital Marketing,Beginner,4.44,2025-03-07,0.0
U02215,CR00004,Advanced Python,Programming,Beginner,2.88,2025-02-06,0.0
U02216,CR00047,Natural Language Processing,Artificial Intelligence,Intermediate,2.68,2025-01-07,89.59
U02216,CR00014,Sales Mastery,Business,Advanced,3.15,2025-01-07,0.0
U02217,CR00030,Reinforcement Learning,Machine Learning,Intermediate,1.73,2025-12-15,0.0
U02217,CR00010,3D Modeling,Design,Advanced,4.45,2025-12-03,0.0
U02217,CR00060,Content Creation,Digital Marketing,Beginner,2.14,2025-09-25,0.0
U02217,CR00038,Risk Management,Project Management,Intermediate,4.84,2025-09-22,342.61
U02217,CR00015,Leadership Essentials,Business,Beginner,1.96,2025-08-06,285.05
U02217,CR00055,Full-Stack Web Development,Web Development,Advanced,4.74,2025-07-15,57.32
U02217,CR00004,Advanced Python,Programming,Beginner,2.88,2025-06-12,0.0
U02217,CR00051,HTML & CSS,Web Development,Advanced,1.3,2025-06-08,37.89
U02217,CR00018,Social Media Marketing,Marketing,Advanced,2.01,2025-06-07,0.0
U02217,CR00009,Web Design Fundamentals,Design,Beginner,4.51,2025-05-30,0.0
U02217,CR00031,Network Security,Cybersecurity,Intermediate,1.91,2025-05-27,0.0
U02217,CR00029,Natural Language Processing,Machine Learning,Beginner,1.13,2025-04-06,0.0
U02217,CR00013,Finance for Startups,Business,Advanced,2.0,2025-04-03,0.0
U02217,CR00017,SEO Mastery,Marketing,Advanced,4.79,2025-03-13,0.0
U02218,CR00019,Content Marketing,Marketing,Advanced,2.98,2025-02-10,0.0
U02219,CR00002,Java Programming,Programming,Intermediate,2.43,2025-08-09,0.0
U02220,CR00001,Python Basics,Programming,Beginner,4.74,2025-04-26,472.28
U02221,CR00016,Digital Marketing,Marketing,Intermediate,4.72,2025-11-18,0.0
U02222,CR00034,Data Encryption,Cybersecurity,Intermediate,1.35,2025-11-03,394.26
U02223,CR00043,Corporate Finance,Finance,Beginner,4.14,2025-10-20,0.0
U02224,CR00013,Finance for Startups,Business,Advanced,2.0,2025-12-29,0.0
U02224,CR00010,3D Modeling,Design,Advanced,4.45,2025-12-27,0.0
U02224,CR00048,AI Ethics,Artificial Intelligence,Beginner,3.64,2025-12-19,0.0
U02224,CR00002,Java Programming,Programming,Intermediate,2.43,2025-12-05,0.0
U02224,CR00039,Project Planning,Project Management,Advanced,1.23,2025-10-28,346.71
U02224,CR00046,AI for Beginners,Artificial Intelligence,Beginner,1.2,2025-10-13,248.1
U02224,CR00030,Reinforcement Learning,Machine Learning,Intermediate,1.73,2025-07-05,0.0
U02224,CR00057,SEO for E-commerce,Digital Marketing,Advanced,3.89,2025-05-19,177.34
U02224,CR00019,Content Marketing,Marketing,Advanced,2.98,2025-04-26,0.0
U02224,CR00005,Full Stack Development,Programming,Beginner,1.28,2025-03-25,0.0
U02224,CR00059,Affiliate Marketing,Digital Marketing,Intermediate,4.66,2025-03-11,0.0
U02224,CR00016,Digital Marketing,Marketing,Intermediate,4.72,2025-02-26,0.0
U02224,CR00031,Network Security,Cybersecurity,Intermediate,1.91,2025-02-06,0.0
U02225,CR00044,Personal Finance,Finance,Intermediate,2.75,2025-11-30,119.04
U02225,CR00031,Network Security,Cybersecurity,Intermediate,1.91,2025-08-01,0.0
U02226,CR00050,Computer Vision,Artificial Intelligence,Beginner,4.55,2025-06-14,490.9
U02226,CR00008,Photoshop Mastery,Design,Advanced,1.52,2025-02-24,0.0
U02227,CR00034,Data Encryption,Cybersecurity,Intermediate,1.35,2025-02-08,394.26
U02228,CR00042,Investment Strategies,Finance,Intermediate,4.1,2025-08-04,0.0
U02228,CR00003,C++ for Beginners,Programming,Beginner,3.85,2025-07-27,0.0
U02229,CR00031,Network Security,Cybersecurity,Intermediate,1.91,2025-12-05,0.0
U02229,CR00003,C++ for Beginners,Programming,Beginner,3.85,2025-07-24,0.0
U02230,CR00042,Investment Strategies,Finance,Intermediate,4.1,2025-08-02,0.0
U02231,CR00054,Backend Development with Node.js,Web Development,Beginner,3.32,2025-12-26,0.0
U02231,CR00024,Big Data Analytics,Data Science,Advanced,2.57,2025-12-10,117.68
U02231,CR00036,Agile Project Management,Project Management,Beginner,4.68,2025-09-13,0.0
U02231,CR00022,Data Visualization,Data Science,Beginner,3.65,2025-08-01,0.0
U02231,CR00056,Google Ads Mastery,Digital Marketing,Advanced,3.15,2025-07-28,212.39
U02231,CR00012,Business Strategy,Business,Advanced,3.64,2025-07-11,487.92
U02231,CR00005,Full Stack Development,Programming,Beginner,1.28,2025-05-26,0.0
U02231,CR00007,UI/UX Design,Design,Advanced,2.61,2025-05-14,0.0
U02231,CR00017,SEO Mastery,Marketing,Advanced,4.79,2025-04-25,0.0
U02231,CR00035,Cyber Threat Intelligence,Cybersecurity,Beginner,4.94,2025-04-04,0.0
U02231,CR00043,Corporate Finance,Finance,Beginner,4.14,2025-03-26,0.0
U02231,CR00052,JavaScript Mastery,Web Development,Beginner,2.2,2025-02-13,0.0
U02231,CR00002,Java Programming,Programming,Intermediate,2.43,2025-01-20,0.0
U02232,CR00008,Photoshop Mastery,Design,Advanced,1.52,2025-04-24,0.0
U02233,CR00058,Social Media Strategy,Digital Marketing,Beginner,4.44,2025-11-27,0.0
U02233,CR00025,Statistical Analysis,Data Science,Beginner,3.74,2025-04-07,299.57
U02234,CR00045,Financial Modeling,Finance,Advanced,1.59,2025-06-25,0.0
U02235,CR00051,HTML & CSS,Web Development,Advanced,1.3,2025-09-23,37.89
U02235,CR00025,Statistical Analysis,Data Science,Beginner,3.74,2025-09-22,299.57
U02236,CR00030,Reinforcement Learning,Machine Learning,Intermediate,1.73,2025-10-17,0.0
U02237,CR00035,Cyber Threat Intelligence,Cybersecurity,Beginner,4.94,2025-12-21,0.0
U02238,CR00014,Sales Mastery,Business,Advanced,3.15,2025-11-21,0.0
U02239,CR00010,3D Modeling,Design,Advanced,4.45,2025-01-18,0.0
U02240,CR00003,C++ for Beginners,Programming,Beginner,3.85,2025-07-13,0.0
U02241,CR00041,Financial Accounting,Finance,Beginner,2.47,2025-11-02,53.86
U02241,CR00046,AI for Beginners,Artificial Intelligence,Beginner,1.2,2025-09-14,248.1
U02242,CR00058,Social Media Strategy,Digital Marketing,Beginner,4.44,2025-09-26,0.0
U02243,CR00020,Email Marketing,Marketing,Intermediate,4.11,2025-06-28,0.0
U02244,CR00055,Full-Stack Web Development,Web Development,Advanced,4.74,2025-12-03,57.32
U02245,CR00001,Python Basics,Programming,Beginner,4.74,2025-07-05,472.28
U02246,CR00047,Natural Language Processing,Artificial Intelligence,Intermediate,2.68,2025-11-29,89.59
U02247,CR00056,Google Ads Mastery,Digital Marketing,Advanced,3.15,2025-10-13,212.39
U02248,CR00023,Machine Learning Fundamentals,Data Science,Intermediate,3.02,2025-12-18,0.0
U02248,CR00055,Full-Stack Web Development,Web Development,Advanced,4.74,2025-11-14,57.32
U02248,CR00016,Digital Marketing,Marketing,Intermediate,4.72,2025-11-10,0.0
U02248,CR00008,Photoshop Mastery,Design,Advanced,1.52,2025-11-03,0.0
U02248,CR00001,Python Basics,Programming,Beginner,4.74,2025-09-20,472.28
U02248,CR00034,Data Encryption,Cybersecurity,Intermediate,1.35,2025-08-17,394.26
U02248,CR00040,Leadership in Projects,Project Management,Beginner,1.51,2025-08-10,327.99
U02248,CR00005,Full Stack Development,Programming,Beginner,1.28,2025-05-25,0.0
U02248,CR00020,Email Marketing,Marketing,Intermediate,4.11,2025-05-24,0.0
U02248,CR00014,Sales Mastery,Business,Advanced,3.15,2025-05-12,0.0
U02248,CR00029,Natural Language Processing,Machine Learning,Beginner,1.13,2025-04-28,0.0
U02248,CR00054,Backend Development with Node.js,Web Development,Beginner,3.32,2025-02-21,0.0
U02248,CR00045,Financial Modeling,Finance,Advanced,1.59,2025-02-15,0.0
U02248,CR00022,Data Visualization,Data Science,Beginner,3.65,2025-01-20,0.0
U02249,CR00024,Big Data Analytics,Data Science,Advanced,2.57,2025-06-24,117.68
U02249,CR00007,UI/UX Design,Design,Advanced,2.61,2025-06-19,0.0
U02250,CR00003,C++ for Beginners,Programming,Beginner,3.85,2025-11-23,0.0
U02250,CR00024,Big Data Analytics,Data Science,Advanced,2.57,2025-11-23,117.68
U02250,CR00047,Natural Language Processing,Artificial Intelligence,Intermediate,2.68,2025-11-02,89.59
U02250,CR00012,Business Strategy,Business,Advanced,3.64,2025-10-03,487.92
U02250,CR00051,HTML & CSS,Web Development,Advanced,1.3,2025-10-02,37.89
U02250,CR00038,Risk Management,Project Management,Intermediate,4.84,2025-09-08,342.61
U02250,CR00052,JavaScript Mastery,Web Development,Beginner,2.2,2025-08-22,0.0
U02250,CR00043,Corporate Finance,Finance,Beginner,4.14,2025-07-30,0.0
U02250,CR00016,Digital Marketing,Marketing,Intermediate,4.72,2025-07-18,0.0
U02250,CR00019,Content Marketing,Marketing,Advanced,2.98,2025-06-30,0.0
U02250,CR00036,Agile Project Management,Project Management,Beginner,4.68,2025-05-09,0.0
U02250,CR00039,Project Planning,Project Management,Advanced,1.23,2025-04-19,346.71
U02250,CR00020,Email Marketing,Marketing,Intermediate,4.11,2025-01-06,0.0
U02251,CR00014,Sales Mastery,Business,Advanced,3.15,2025-11-03,0.0
U02252,CR00007,UI/UX Design,Design,Advanced,2.61,2025-08-08,0.0
U02252,CR00053,React for Beginners,Web Development,Advanced,2.67,2025-02-03,0.0
U02253,CR00018,Social Media Marketing,Marketing,Advanced,2.01,2025-06-21,0.0
U02254,CR00054,Backend Development with Node.js,Web Development,Beginner,3.32,2025-12-21,0.0
U02254,CR00011,Entrepreneurship 101,Business,Intermediate,2.69,2025-09-26,326.02
U02254,CR00059,Affiliate Marketing,Digital Marketing,Intermediate,4.66,2025-09-23,0.0
U02254,CR00004,Advanced Python,Programming,Beginner,2.88,2025-09-21,0.0
U02254,CR00018,Social Media Marketing,Marketing,Advanced,2.01,2025-09-18,0.0
U02254,CR00009,Web Design Fundamentals,Design,Beginner,4.51,2025-08-27,0.0
U02254,CR00013,Finance for Startups,Business,Advanced,2.0,2025-08-15,0.0
U02254,CR00021,Data Analysis with Python,Data Science,Intermediate,3.6,2025-08-13,0.0
U02254,CR00032,Ethical Hacking,Cybersecurity,Advanced,2.38,2025-06-13,0.0
U02254,CR00007,UI/UX Design,Design,Advanced,2.61,2025-06-03,0.0
U02254,CR00029,Natural Language Processing,Machine Learning,Beginner,1.13,2025-05-03,0.0
U02254,CR00052,JavaScript Mastery,Web Development,Beginner,2.2,2025-05-02,0.0
U02254,CR00044,Personal Finance,Finance,Intermediate,2.75,2025-03-02,119.04
U02254,CR00023,Machine Learning Fundamentals,Data Science,Intermediate,3.02,2025-02-01,0.0
U02254,CR00049,Deep Learning,Artificial Intelligence,Intermediate,3.11,2025-01-07,415.51
U02255,CR00048,AI Ethics,Artificial Intelligence,Beginner,3.64,2025-07-07,0.0
U02255,CR00047,Natural Language Processing,Artificial Intelligence,Intermediate,2.68,2025-01-09,89.59
U02256,CR00032,Ethical Hacking,Cybersecurity,Advanced,2.38,2025-09-05,0.0
U02257,CR00021,Data Analysis with Python,Data Science,Intermediate,3.6,2025-04-01,0.0
U02258,CR00044,Personal Finance,Finance,Intermediate,2.75,2025-12-07,119.04
U02258,CR00053,React for Beginners,Web Development,Advanced,2.67,2025-12-03,0.0
U02258,CR00025,Statistical Analysis,Data Science,Beginner,3.74,2025-12-02,299.57
U02258,CR00020,Email Marketing,Marketing,Intermediate,4.11,2025-11-08,0.0
U02258,CR00019,Content Marketing,Marketing,Advanced,2.98,2025-09-16,0.0
U02258,CR00009,Web Design Fundamentals,Design,Beginner,4.51,2025-09-01,0.0
U02258,CR00051,HTML & CSS,Web Development,Advanced,1.3,2025-08-23,37.89
U02258,CR00012,Business Strategy,Business,Advanced,3.64,2025-08-02,487.92
U02258,CR00011,Entrepreneurship 101,Business,Intermediate,2.69,2025-06-29,326.02
U02258,CR00033,Cybersecurity Fundamentals,Cybersecurity,Intermediate,3.93,2025-06-18,0.0
U02258,CR00026,Intro to Machine Learning,Machine Learning,Intermediate,4.73,2025-05-24,0.0
U02258,CR00010,3D Modeling,Design,Advanced,4.45,2025-05-03,0.0
U02258,CR00039,Project Planning,Project Management,Advanced,1.23,2025-04-13,346.71
U02258,CR00003,C++ for Beginners,Programming,Beginner,3.85,2025-04-09,0.0
U02258,CR00005,Full Stack Development,Programming,Beginner,1.28,2025-03-04,0.0
U02258,CR00032,Ethical Hacking,Cybersecurity,Advanced,2.38,2025-01-26,0.0
U02259,CR00014,Sales Mastery,Business,Advanced,3.15,2025-02-24,0.0
U02259,CR00044,Personal Finance,Finance,Intermediate,2.75,2025-01-25,119.04
U02260,CR00039,Project Planning,Project Management,Advanced,1.23,2025-07-11,346.71
U02261,CR00005,Full Stack Development,Programming,Beginner,1.28,2025-05-18,0.0
U02262,CR00053,React for Beginners,Web Development,Advanced,2.67,2025-12-21,0.0
U02262,CR00022,Data Visualization,Data Science,Beginner,3.65,2025-09-15,0.0
U02262,CR00009,Web Design Fundamentals,Design,Beginner,4.51,2025-05-28,0.0
U02263,CR00039,Project Planning,Project Management,Advanced,1.23,2025-11-26,346.71
U02264,CR00005,Full Stack Development,Programming,Beginner,1.28,2025-06-04,0.0
U02264,CR00049,Deep Learning,Artificial Intelligence,Intermediate,3.11,2025-04-28,415.51
U02265,CR00034,Data Encryption,Cybersecurity,Intermediate,1.35,2025-11-28,394.26
U02265,CR00060,Content Creation,Digital Marketing,Beginner,2.14,2025-10-28,0.0
U02266,CR00050,Computer Vision,Artificial Intelligence,Beginner,4.55,2025-03-20,490.9
U02267,CR00033,Cybersecurity Fundamentals,Cybersecurity,Intermediate,3.93,2025-05-24,0.0
U02268,CR00045,Financial Modeling,Finance,Advanced,1.59,2025-04-08,0.0
U02268,CR00023,Machine Learning Fundamentals,Data Science,Intermediate,3.02,2025-01-24,0.0
U02269,CR00059,Affiliate Marketing,Digital Marketing,Intermediate,4.66,2025-12-09,0.0
U02270,CR00012,Business Strategy,Business,Advanced,3.64,2025-07-29,487.92
U02270,CR00019,Content Marketing,Marketing,Advanced,2.98,2025-05-19,0.0
U02270,CR00054,Backend Development with Node.js,Web Development,Beginner,3.32,2025-01-04,0.0
U02271,CR00010,3D Modeling,Design,Advanced,4.45,2025-06-06,0.0
U02271,CR00055,Full-Stack Web Development,Web Development,Advanced,4.74,2025-04-30,57.32
U02272,CR00032,Ethical Hacking,Cybersecurity,Advanced,2.38,2025-05-04,0.0
U02273,CR00017,SEO Mastery,Marketing,Advanced,4.79,2025-04-15,0.0
U02274,CR00010,3D Modeling,Design,Advanced,4.45,2025-11-06,0.0
U02274,CR00057,SEO for E-commerce,Digital Marketing,Advanced,3.89,2025-03-02,177.34
U02275,CR00059,Affiliate Marketing,Digital Marketing,Intermediate,4.66,2025-11-05,0.0
U02275,CR00017,SEO Mastery,Marketing,Advanced,4.79,2025-08-06,0.0
U02276,CR00045,Financial Modeling,Finance,Advanced,1.59,2025-04-28,0.0
U02277,CR00033,Cybersecurity Fundamentals,Cybersecurity,Intermediate,3.93,2025-05-10,0.0
U02278,CR00018,Social Media Marketing,Marketing,Advanced,2.01,2025-04-19,0.0
U02279,CR00052,JavaScript Mastery,Web Development,Beginner,2.2,2025-09-15,0.0
U02280,CR00058,Social Media Strategy,Digital Marketing,Beginner,4.44,2025-10-08,0.0
U02280,CR00049,Deep Learning,Artificial Intelligence,Intermediate,3.11,2025-04-18,415.51
U02281,CR00006,Graphic Design Basics,Design,Advanced,2.72,2025-09-22,276.37
U02282,CR00007,UI/UX Design,Design,Advanced,2.61,2025-07-21,0.0
U02283,CR00060,Content Creation,Digital Marketing,Beginner,2.14,2025-02-09,0.0
U02284,CR00055,Full-Stack Web Development,Web Development,Advanced,4.74,2025-10-05,57.32
U02284,CR00029,Natural Language Processing,Machine Learning,Beginner,1.13,2025-09-28,0.0
U02284,CR00050,Computer Vision,Artificial Intelligence,Beginner,4.55,2025-09-27,490.9
U02284,CR00041,Financial Accounting,Finance,Beginner,2.47,2025-09-25,53.86
U02284,CR00052,JavaScript Mastery,Web Development,Beginner,2.2,2025-09-18,0.0
U02284,CR00005,Full Stack Development,Programming,Beginner,1.28,2025-09-18,0.0
U02284,CR00009,Web Design Fundamentals,Design,Beginner,4.51,2025-09-17,0.0
U02284,CR00059,Affiliate Marketing,Digital Marketing,Intermediate,4.66,2025-09-13,0.0
U02284,CR00014,Sales Mastery,Business,Advanced,3.15,2025-08-06,0.0
U02284,CR00051,HTML & CSS,Web Development,Advanced,1.3,2025-06-29,37.89
U02284,CR00058,Social Media Strategy,Digital Marketing,Beginner,4.44,2025-06-04,0.0
U02284,CR00012,Business Strategy,Business,Advanced,3.64,2025-03-18,487.92
U02284,CR00008,Photoshop Mastery,Design,Advanced,1.52,2025-02-12,0.0
U02285,CR00057,SEO for E-commerce,Digital Marketing,Advanced,3.89,2025-08-07,177.34
U02285,CR00004,Advanced Python,Programming,Beginner,2.88,2025-01-15,0.0
U02286,CR00011,Entrepreneurship 101,Business,Intermediate,2.69,2025-12-01,326.02
U02287,CR00056,Google Ads Mastery,Digital Marketing,Advanced,3.15,2025-03-01,212.39
U02288,CR00039,Project Planning,Project Management,Advanced,1.23,2025-12-25,346.71
U02288,CR00048,AI Ethics,Artificial Intelligence,Beginner,3.64,2025-12-17,0.0
U02288,CR00020,Email Marketing,Marketing,Intermediate,4.11,2025-12-15,0.0
U02288,CR00001,Python Basics,Programming,Beginner,4.74,2025-12-02,472.28
U02288,CR00030,Reinforcement Learning,Machine Learning,Intermediate,1.73,2025-08-20,0.0
U02288,CR00008,Photoshop Mastery,Design,Advanced,1.52,2025-08-11,0.0
U02288,CR00021,Data Analysis with Python,Data Science,Intermediate,3.6,2025-07-21,0.0
U02288,CR00006,Graphic Design Basics,Design,Advanced,2.72,2025-07-20,276.37
U02288,CR00053,React for Beginners,Web Development,Advanced,2.67,2025-07-11,0.0
U02288,CR00004,Advanced Python,Programming,Beginner,2.88,2025-06-26,0.0
U02288,CR00022,Data Visualization,Data Science,Beginner,3.65,2025-06-11,0.0
U02288,CR00033,Cybersecurity Fundamentals,Cybersecurity,Intermediate,3.93,2025-06-10,0.0
U02288,CR00055,Full-Stack Web Development,Web Development,Advanced,4.74,2025-04-27,57.32
U02288,CR00031,Network Security,Cybersecurity,Intermediate,1.91,2025-02-21,0.0
U02288,CR00015,Leadership Essentials,Business,Beginner,1.96,2025-02-11,285.05
U02289,CR00013,Finance for Startups,Business,Advanced,2.0,2025-04-04,0.0
U02290,CR00016,Digital Marketing,Marketing,Intermediate,4.72,2025-12-11,0.0
U02290,CR00042,Investment Strategies,Finance,Intermediate,4.1,2025-11-22,0.0
U02290,CR00053,React for Beginners,Web Development,Advanced,2.67,2025-11-18,0.0
U02290,CR00027,Neural Networks,Machine Learning,Advanced,1.81,2025-10-09,0.0
U02290,CR00002,Java Programming,Programming,Intermediate,2.43,2025-08-27,0.0
U02290,CR00008,Photoshop Mastery,Design,Advanced,1.52,2025-08-27,0.0
U02290,CR00035,Cyber Threat Intelligence,Cybersecurity,Beginner,4.94,2025-07-30,0.0
U02290,CR00045,Financial Modeling,Finance,Advanced,1.59,2025-06-25,0.0
U02290,CR00006,Graphic Design Basics,Design,Advanced,2.72,2025-03-28,276.37
U02290,CR00020,Email Marketing,Marketing,Intermediate,4.11,2025-03-28,0.0
U02290,CR00021,Data Analysis with Python,Data Science,Intermediate,3.6,2025-03-27,0.0
U02290,CR00019,Content Marketing,Marketing,Advanced,2.98,2025-03-10,0.0
U02290,CR00015,Leadership Essentials,Business,Beginner,1.96,2025-02-27,285.05
U02290,CR00050,Computer Vision,Artificial Intelligence,Beginner,4.55,2025-02-07,490.9
U02290,CR00013,Finance for Startups,Business,Advanced,2.0,2025-01-15,0.0
U02291,CR00017,SEO Mastery,Marketing,Advanced,4.79,2025-12-11,0.0
U02291,CR00055,Full-Stack Web Development,Web Development,Advanced,4.74,2025-03-11,57.32
U02292,CR00008,Photoshop Mastery,Design,Advanced,1.52,2025-02-05,0.0
U02293,CR00012,Business Strategy,Business,Advanced,3.64,2025-09-03,487.92
U02294,CR00041,Financial Accounting,Finance,Beginner,2.47,2025-05-18,53.86
U02295,CR00022,Data Visualization,Data Science,Beginner,3.65,2025-02-02,0.0
U02296,CR00038,Risk Management,Project Management,Intermediate,4.84,2025-04-19,342.61
U02297,CR00001,Python Basics,Programming,Beginner,4.74,2025-12-11,472.28
U02298,CR00044,Personal Finance,Finance,Intermediate,2.75,2025-09-17,119.04
U02299,CR00035,Cyber Threat Intelligence,Cybersecurity,Beginner,4.94,2025-10-26,0.0
U02299,CR00054,Backend Development with Node.js,Web Development,Beginner,3.32,2025-07-18,0.0
U02300,CR00005,Full Stack Development,Programming,Beginner,1.28,2025-12-14,0.0
U02300,CR00038,Risk Management,Project Management,Intermediate,4.84,2025-11-25,342.61
U02300,CR00051,HTML & CSS,Web Development,Advanced,1.3,2025-09-23,37.89
U02300,CR00032,Ethical Hacking,Cybersecurity,Advanced,2.38,2025-09-01,0.0
U02300,CR00041,Financial Accounting,Finance,Beginner,2.47,2025-08-22,53.86
U02300,CR00058,Social Media Strategy,Digital Marketing,Beginner,4.44,2025-08-07,0.0
U02300,CR00052,JavaScript Mastery,Web Development,Beginner,2.2,2025-07-09,0.0
U02300,CR00040,Leadership in Projects,Project Management,Beginner,1.51,2025-05-18,327.99
U02300,CR00023,Machine Learning Fundamentals,Data Science,Intermediate,3.02,2025-05-15,0.0
U02300,CR00031,Network Security,Cybersecurity,Intermediate,1.91,2025-05-15,0.0
U02300,CR00016,Digital Marketing,Marketing,Intermediate,4.72,2025-05-04,0.0
U02300,CR00001,Python Basics,Programming,Beginner,4.74,2025-04-13,472.28
U02300,CR00009,Web Design Fundamentals,Design,Beginner,4.51,2025-03-11,0.0
U02300,CR00006,Graphic Design Basics,Design,Advanced,2.72,2025-01-07,276.37
U02300,CR00007,UI/UX Design,Design,Advanced,2.61,2025-01-07,0.0
U02301,CR00022,Data Visualization,Data Science,Beginner,3.65,2025-10-23,0.0
U02301,CR00046,AI for Beginners,Artificial Intelligence,Beginner,1.2,2025-08-14,248.1
U02301,CR00058,Social Media Strategy,Digital Marketing,Beginner,4.44,2025-07-30,0.0
U02301,CR00009,Web Design Fundamentals,Design,Beginner,4.51,2025-06-20,0.0
U02301,CR00005,Full Stack Development,Programming,Beginner,1.28,2025-05-18,0.0
U02301,CR00021,Data Analysis with Python,Data Science,Intermediate,3.6,2025-04-15,0.0
U02301,CR00031,Network Security,Cybersecurity,Intermediate,1.91,2025-04-01,0.0
U02301,CR00026,Intro to Machine Learning,Machine Learning,Intermediate,4.73,2025-03-10,0.0
U02301,CR00025,Statistical Analysis,Data Science,Beginner,3.74,2025-03-08,299.57
U02301,CR00059,Affiliate Marketing,Digital Marketing,Intermediate,4.66,2025-02-22,0.0
U02301,CR00035,Cyber Threat Intelligence,Cybersecurity,Beginner,4.94,2025-02-12,0.0
U02301,CR00023,Machine Learning Fundamentals,Data Science,Intermediate,3.02,2025-02-02,0.0
U02301,CR00019,Content Marketing,Marketing,Advanced,2.98,2025-01-03,0.0
U02302,CR00031,Network Security,Cybersecurity,Intermediate,1.91,2025-04-23,0.0
U02302,CR00015,Leadership Essentials,Business,Beginner,1.96,2025-04-03,285.05
U02303,CR00035,Cyber Threat Intelligence,Cybersecurity,Beginner,4.94,2025-02-08,0.0
U02304,CR00005,Full Stack Development,Programming,Beginner,1.28,2025-06-13,0.0
U02305,CR00038,Risk Management,Project Management,Intermediate,4.84,2025-05-03,342.61
U02306,CR00049,Deep Learning,Artificial Intelligence,Intermediate,3.11,2025-12-23,415.51
U02306,CR00029,Natural Language Processing,Machine Learning,Beginner,1.13,2025-12-08,0.0
U02306,CR00055,Full-Stack Web Development,Web Development,Advanced,4.74,2025-11-28,57.32
U02306,CR00058,Social Media Strategy,Digital Marketing,Beginner,4.44,2025-08-20,0.0
U02306,CR00010,3D Modeling,Design,Advanced,4.45,2025-07-12,0.0
U02306,CR00041,Financial Accounting,Finance,Beginner,2.47,2025-06-28,53.86
U02306,CR00009,Web Design Fundamentals,Design,Beginner,4.51,2025-06-27,0.0
U02306,CR00013,Finance for Startups,Business,Advanced,2.0,2025-06-20,0.0
U02306,CR00001,Python Basics,Programming,Beginner,4.74,2025-06-10,472.28
U02306,CR00015,Leadership Essentials,Business,Beginner,1.96,2025-06-09,285.05
U02306,CR00040,Leadership in Projects,Project Management,Beginner,1.51,2025-06-02,327.99
U02306,CR00056,Google Ads Mastery,Digital Marketing,Advanced,3.15,2025-05-18,212.39
U02306,CR00026,Intro to Machine Learning,Machine Learning,Intermediate,4.73,2025-04-08,0.0
U02307,CR00046,AI for Beginners,Artificial Intelligence,Beginner,1.2,2025-09-28,248.1
U02308,CR00019,Content Marketing,Marketing,Advanced,2.98,2025-11-26,0.0
U02309,CR00051,HTML & CSS,Web Development,Advanced,1.3,2025-05-15,37.89
U02309,CR00055,Full-Stack Web Development,Web Development,Advanced,4.74,2025-05-12,57.32
U02309,CR00045,Financial Modeling,Finance,Advanced,1.59,2025-04-06,0.0
U02310,CR00028,Deep Learning,Machine Learning,Advanced,3.89,2025-06-20,0.78
U02311,CR00020,Email Marketing,Marketing,Intermediate,4.11,2025-06-15,0.0
U02311,CR00021,Data Analysis with Python,Data Science,Intermediate,3.6,2025-03-16,0.0
U02311,CR00024,Big Data Analytics,Data Science,Advanced,2.57,2025-01-27,117.68
U02312,CR00033,Cybersecurity Fundamentals,Cybersecurity,Intermediate,3.93,2025-07-15,0.0
U02313,CR00007,UI/UX Design,Design,Advanced,2.61,2025-04-30,0.0
U02314,CR00057,SEO for E-commerce,Digital Marketing,Advanced,3.89,2025-06-12,177.34
U02315,CR00018,Social Media Marketing,Marketing,Advanced,2.01,2025-11-06,0.0
U02315,CR00024,Big Data Analytics,Data Science,Advanced,2.57,2025-10-29,117.68
U02315,CR00043,Corporate Finance,Finance,Beginner,4.14,2025-10-23,0.0
U02315,CR00016,Digital Marketing,Marketing,Intermediate,4.72,2025-09-28,0.0
U02315,CR00052,JavaScript Mastery,Web Development,Beginner,2.2,2025-07-13,0.0
U02315,CR00038,Risk Management,Project Management,Intermediate,4.84,2025-07-08,342.61
U02315,CR00041,Financial Accounting,Finance,Beginner,2.47,2025-06-09,53.86
U02315,CR00014,Sales Mastery,Business,Advanced,3.15,2025-05-02,0.0
U02315,CR00042,Investment Strategies,Finance,Intermediate,4.1,2025-04-23,0.0
U02315,CR00015,Leadership Essentials,Business,Beginner,1.96,2025-03-30,285.05
U02315,CR00022,Data Visualization,Data Science,Beginner,3.65,2025-02-20,0.0
U02315,CR00058,Social Media Strategy,Digital Marketing,Beginner,4.44,2025-02-13,0.0
U02315,CR00047,Natural Language Processing,Artificial Intelligence,Intermediate,2.68,2025-01-28,89.59
U02315,CR00048,AI Ethics,Artificial Intelligence,Beginner,3.64,2025-01-07,0.0
U02316,CR00011,Entrepreneurship 101,Business,Intermediate,2.69,2025-12-22,326.02
U02316,CR00047,Natural Language Processing,Artificial Intelligence,Intermediate,2.68,2025-11-14,89.59
U02317,CR00018,Social Media Marketing,Marketing,Advanced,2.01,2025-08-25,0.0
U02317,CR00055,Full-Stack Web Development,Web Development,Advanced,4.74,2025-05-12,57.32
U02318,CR00015,Leadership Essentials,Business,Beginner,1.96,2025-07-23,285.05
U02319,CR00046,AI for Beginners,Artificial Intelligence,Beginner,1.2,2025-05-16,248.1
U02320,CR00045,Financial Modeling,Finance,Advanced,1.59,2025-09-11,0.0
U02320,CR00037,Scrum Essentials,Project Management,Intermediate,3.45,2025-08-19,0.0
U02320,CR00056,Google Ads Mastery,Digital Marketing,Advanced,3.15,2025-05-11,212.39
U02321,CR00001,Python Basics,Programming,Beginner,4.74,2025-11-01,472.28
U02321,CR00024,Big Data Analytics,Data Science,Advanced,2.57,2025-06-07,117.68
U02322,CR00031,Network Security,Cybersecurity,Intermediate,1.91,2025-10-05,0.0
U02323,CR00051,HTML & CSS,Web Development,Advanced,1.3,2025-11-23,37.89
U02324,CR00023,Machine Learning Fundamentals,Data Science,Intermediate,3.02,2025-11-05,0.0
U02324,CR00007,UI/UX Design,Design,Advanced,2.61,2025-06-12,0.0
U02324,CR00011,Entrepreneurship 101,Business,Intermediate,2.69,2025-02-11,326.02
U02325,CR00057,SEO for E-commerce,Digital Marketing,Advanced,3.89,2025-07-24,177.34
U02326,CR00047,Natural Language Processing,Artificial Intelligence,Intermediate,2.68,2025-11-12,89.59
U02326,CR00050,Computer Vision,Artificial Intelligence,Beginner,4.55,2025-09-26,490.9
U02327,CR00022,Data Visualization,Data Science,Beginner,3.65,2025-09-16,0.0
U02328,CR00020,Email Marketing,Marketing,Intermediate,4.11,2025-11-25,0.0
U02328,CR00049,Deep Learning,Artificial Intelligence,Intermediate,3.11,2025-11-06,415.51
U02328,CR00007,UI/UX Design,Design,Advanced,2.61,2025-05-20,0.0
U02329,CR00020,Email Marketing,Marketing,Intermediate,4.11,2025-03-25,0.0
U02330,CR00054,Backend Development with Node.js,Web Development,Beginner,3.32,2025-11-15,0.0
U02331,CR00029,Natural Language Processing,Machine Learning,Beginner,1.13,2025-09-25,0.0
U02331,CR00008,Photoshop Mastery,Design,Advanced,1.52,2025-07-21,0.0
U02332,CR00006,Graphic Design Basics,Design,Advanced,2.72,2025-06-14,276.37
U02332,CR00028,Deep Learning,Machine Learning,Advanced,3.89,2025-05-25,0.78
U02333,CR00003,C++ for Beginners,Programming,Beginner,3.85,2025-10-23,0.0
U02333,CR00053,React for Beginners,Web Development,Advanced,2.67,2025-05-10,0.0
U02333,CR00049,Deep Learning,Artificial Intelligence,Intermediate,3.11,2025-01-14,415.51
U02334,CR00017,SEO Mastery,Marketing,Advanced,4.79,2025-09-08,0.0
U02334,CR00028,Deep Learning,Machine Learning,Advanced,3.89,2025-05-23,0.78
U02335,CR00028,Deep Learning,Machine Learning,Advanced,3.89,2025-03-12,0.78
U02336,CR00040,Leadership in Projects,Project Management,Beginner,1.51,2025-12-08,327.99
U02336,CR00030,Reinforcement Learning,Machine Learning,Intermediate,1.73,2025-10-24,0.0
U02336,CR00007,UI/UX Design,Design,Advanced,2.61,2025-09-25,0.0
U02336,CR00042,Investment Strategies,Finance,Intermediate,4.1,2025-08-17,0.0
U02336,CR00038,Risk Management,Project Management,Intermediate,4.84,2025-08-14,342.61
U02336,CR00031,Network Security,Cybersecurity,Intermediate,1.91,2025-08-01,0.0
U02336,CR00044,Personal Finance,Finance,Intermediate,2.75,2025-07-22,119.04
U02336,CR00047,Natural Language Processing,Artificial Intelligence,Intermediate,2.68,2025-06-20,89.59
U02336,CR00023,Machine Learning Fundamentals,Data Science,Intermediate,3.02,2025-06-08,0.0
U02336,CR00057,SEO for E-commerce,Digital Marketing,Advanced,3.89,2025-06-07,177.34
U02336,CR00041,Financial Accounting,Finance,Beginner,2.47,2025-05-08,53.86
U02336,CR00024,Big Data Analytics,Data Science,Advanced,2.57,2025-04-25,117.68
U02336,CR00045,Financial Modeling,Finance,Advanced,1.59,2025-03-06,0.0
U02336,CR00005,Full Stack Development,Programming,Beginner,1.28,2025-02-22,0.0
U02337,CR00040,Leadership in Projects,Project Management,Beginner,1.51,2025-11-28,327.99
U02337,CR00014,Sales Mastery,Business,Advanced,3.15,2025-11-10,0.0
U02337,CR00046,AI for Beginners,Artificial Intelligence,Beginner,1.2,2025-11-07,248.1
U02337,CR00002,Java Programming,Programming,Intermediate,2.43,2025-10-26,0.0
U02337,CR00001,Python Basics,Programming,Beginner,4.74,2025-10-15,472.28
U02337,CR00036,Agile Project Management,Project Management,Beginner,4.68,2025-08-13,0.0
U02337,CR00003,C++ for Beginners,Programming,Beginner,3.85,2025-07-12,0.0
U02337,CR00015,Leadership Essentials,Business,Beginner,1.96,2025-07-09,285.05
U02337,CR00018,Social Media Marketing,Marketing,Advanced,2.01,2025-05-19,0.0
U02337,CR00019,Content Marketing,Marketing,Advanced,2.98,2025-04-12,0.0
U02337,CR00053,React for Beginners,Web Development,Advanced,2.67,2025-03-16,0.0
U02337,CR00038,Risk Management,Project Management,Intermediate,4.84,2025-01-07,342.61
U02337,CR00013,Finance for Startups,Business,Advanced,2.0,2025-01-04,0.0
U02338,CR00042,Investment Strategies,Finance,Intermediate,4.1,2025-06-27,0.0
U02339,CR00015,Leadership Essentials,Business,Beginner,1.96,2025-09-20,285.05
U02340,CR00026,Intro to Machine Learning,Machine Learning,Intermediate,4.73,2025-06-23,0.0
U02340,CR00051,HTML & CSS,Web Development,Advanced,1.3,2025-05-06,37.89
U02341,CR00036,Agile Project Management,Project Management,Beginner,4.68,2025-11-29,0.0
U02341,CR00022,Data Visualization,Data Science,Beginner,3.65,2025-11-27,0.0
U02341,CR00047,Natural Language Processing,Artificial Intelligence,Intermediate,2.68,2025-11-23,89.59
U02341,CR00028,Deep Learning,Machine Learning,Advanced,3.89,2025-10-14,0.78
U02341,CR00046,AI for Beginners,Artificial Intelligence,Beginner,1.2,2025-08-01,248.1
U02341,CR00033,Cybersecurity Fundamentals,Cybersecurity,Intermediate,3.93,2025-07-30,0.0
U02341,CR00017,SEO Mastery,Marketing,Advanced,4.79,2025-07-03,0.0
U02341,CR00035,Cyber Threat Intelligence,Cybersecurity,Beginner,4.94,2025-06-18,0.0
U02341,CR00006,Graphic Design Basics,Design,Advanced,2.72,2025-05-04,276.37
U02341,CR00019,Content Marketing,Marketing,Advanced,2.98,2025-05-01,0.0
U02341,CR00042,Investment Strategies,Finance,Intermediate,4.1,2025-04-02,0.0
U02341,CR00052,JavaScript Mastery,Web Development,Beginner,2.2,2025-02-15,0.0
U02341,CR00038,Risk Management,Project Management,Intermediate,4.84,2025-01-30,342.61
U02342,CR00027,Neural Networks,Machine Learning,Advanced,1.81,2025-07-16,0.0
U02342,CR00047,Natural Language Processing,Artificial Intelligence,Intermediate,2.68,2025-03-18,89.59
U02343,CR00029,Natural Language Processing,Machine Learning,Beginner,1.13,2025-09-26,0.0
U02343,CR00039,Project Planning,Project Management,Advanced,1.23,2025-07-27,346.71
U02343,CR00028,Deep Learning,Machine Learning,Advanced,3.89,2025-07-24,0.78
U02343,CR00056,Google Ads Mastery,Digital Marketing,Advanced,3.15,2025-06-11,212.39
U02344,CR00051,HTML & CSS,Web Development,Advanced,1.3,2025-12-18,37.89
U02344,CR00056,Google Ads Mastery,Digital Marketing,Advanced,3.15,2025-11-14,212.39
U02344,CR00050,Computer Vision,Artificial Intelligence,Beginner,4.55,2025-11-14,490.9
U02344,CR00014,Sales Mastery,Business,Advanced,3.15,2025-11-01,0.0
U02344,CR00018,Social Media Marketing,Marketing,Advanced,2.01,2025-10-06,0.0
U02344,CR00043,Corporate Finance,Finance,Beginner,4.14,2025-09-20,0.0
U02344,CR00059,Affiliate Marketing,Digital Marketing,Intermediate,4.66,2025-08-16,0.0
U02344,CR00003,C++ for Beginners,Programming,Beginner,3.85,2025-08-06,0.0
U02344,CR00021,Data Analysis with Python,Data Science,Intermediate,3.6,2025-07-16,0.0
U02344,CR00039,Project Planning,Project Management,Advanced,1.23,2025-07-16,346.71
U02344,CR00022,Data Visualization,Data Science,Beginner,3.65,2025-04-27,0.0
U02344,CR00052,JavaScript Mastery,Web Development,Beginner,2.2,2025-04-24,0.0
U02344,CR00037,Scrum Essentials,Project Management,Intermediate,3.45,2025-01-21,0.0
U02344,CR00046,AI for Beginners,Artificial Intelligence,Beginner,1.2,2025-01-20,248.1
U02345,CR00056,Google Ads Mastery,Digital Marketing,Advanced,3.15,2025-10-16,212.39
U02345,CR00027,Neural Networks,Machine Learning,Advanced,1.81,2025-09-20,0.0
U02345,CR00032,Ethical Hacking,Cybersecurity,Advanced,2.38,2025-07-29,0.0
U02345,CR00004,Advanced Python,Programming,Beginner,2.88,2025-07-22,0.0
U02345,CR00035,Cyber Threat Intelligence,Cybersecurity,Beginner,4.94,2025-07-15,0.0
U02345,CR00010,3D Modeling,Design,Advanced,4.45,2025-07-02,0.0
U02345,CR00028,Deep Learning,Machine Learning,Advanced,3.89,2025-06-12,0.78
U02345,CR00005,Full Stack Development,Programming,Beginner,1.28,2025-06-10,0.0
U02345,CR00026,Intro to Machine Learning,Machine Learning,Intermediate,4.73,2025-06-06,0.0
U02345,CR00012,Business Strategy,Business,Advanced,3.64,2025-05-30,487.92
U02345,CR00002,Java Programming,Programming,Intermediate,2.43,2025-03-29,0.0
U02345,CR00039,Project Planning,Project Management,Advanced,1.23,2025-02-28,346.71
U02345,CR00043,Corporate Finance,Finance,Beginner,4.14,2025-01-26,0.0
U02346,CR00034,Data Encryption,Cybersecurity,Intermediate,1.35,2025-08-17,394.26
U02347,CR00033,Cybersecurity Fundamentals,Cybersecurity,Intermediate,3.93,2025-07-09,0.0
U02348,CR00031,Network Security,Cybersecurity,Intermediate,1.91,2025-10-03,0.0
U02349,CR00035,Cyber Threat Intelligence,Cybersecurity,Beginner,4.94,2025-11-21,0.0
U02349,CR00060,Content Creation,Digital Marketing,Beginner,2.14,2025-10-18,0.0
U02349,CR00016,Digital Marketing,Marketing,Intermediate,4.72,2025-10-07,0.0
U02349,CR00007,UI/UX Design,Design,Advanced,2.61,2025-09-11,0.0
U02349,CR00026,Intro to Machine Learning,Machine Learning,Intermediate,4.73,2025-07-19,0.0
U02349,CR00056,Google Ads Mastery,Digital Marketing,Advanced,3.15,2025-06-29,212.39
U02349,CR00032,Ethical Hacking,Cybersecurity,Advanced,2.38,2025-05-02,0.0
U02349,CR00020,Email Marketing,Marketing,Intermediate,4.11,2025-03-25,0.0
U02349,CR00012,Business Strategy,Business,Advanced,3.64,2025-03-23,487.92
U02349,CR00053,React for Beginners,Web Development,Advanced,2.67,2025-03-08,0.0
U02349,CR00043,Corporate Finance,Finance,Beginner,4.14,2025-02-07,0.0
U02349,CR00052,JavaScript Mastery,Web Development,Beginner,2.2,2025-01-28,0.0
U02349,CR00058,Social Media Strategy,Digital Marketing,Beginner,4.44,2025-01-23,0.0
U02349,CR00040,Leadership in Projects,Project Management,Beginner,1.51,2025-01-18,327.99
U02350,CR00057,SEO for E-commerce,Digital Marketing,Advanced,3.89,2025-09-06,177.34
U02350,CR00024,Big Data Analytics,Data Science,Advanced,2.57,2025-03-11,117.68
U02351,CR00043,Corporate Finance,Finance,Beginner,4.14,2025-05-08,0.0
U02351,CR00052,JavaScript Mastery,Web Development,Beginner,2.2,2025-03-11,0.0
U02352,CR00023,Machine Learning Fundamentals,Data Science,Intermediate,3.02,2025-11-27,0.0
U02352,CR00042,Investment Strategies,Finance,Intermediate,4.1,2025-07-04,0.0
U02352,CR00025,Statistical Analysis,Data Science,Beginner,3.74,2025-01-05,299.57
U02353,CR00058,Social Media Strategy,Digital Marketing,Beginner,4.44,2025-05-07,0.0
U02354,CR00012,Business Strategy,Business,Advanced,3.64,2025-08-05,487.92
U02355,CR00044,Personal Finance,Finance,Intermediate,2.75,2025-03-02,119.04
U02356,CR00045,Financial Modeling,Finance,Advanced,1.59,2025-03-05,0.0
U02357,CR00014,Sales Mastery,Business,Advanced,3.15,2025-09-30,0.0
U02357,CR00002,Java Programming,Programming,Intermediate,2.43,2025-07-22,0.0
U02358,CR00006,Graphic Design Basics,Design,Advanced,2.72,2025-10-20,276.37
U02358,CR00025,Statistical Analysis,Data Science,Beginner,3.74,2025-09-28,299.57
U02358,CR00050,Computer Vision,Artificial Intelligence,Beginner,4.55,2025-02-19,490.9
U02358,CR00027,Neural Networks,Machine Learning,Advanced,1.81,2025-01-26,0.0
U02359,CR00060,Content Creation,Digital Marketing,Beginner,2.14,2025-07-16,0.0
U02359,CR00023,Machine Learning Fundamentals,Data Science,Intermediate,3.02,2025-07-12,0.0
U02360,CR00045,Financial Modeling,Finance,Advanced,1.59,2025-11-20,0.0
U02361,CR00023,Machine Learning Fundamentals,Data Science,Intermediate,3.02,2025-07-15,0.0
U02361,CR00040,Leadership in Projects,Project Management,Beginner,1.51,2025-05-17,327.99
U02362,CR00008,Photoshop Mastery,Design,Advanced,1.52,2025-02-08,0.0
U02363,CR00012,Business Strategy,Business,Advanced,3.64,2025-03-12,487.92
U02364,CR00025,Statistical Analysis,Data Science,Beginner,3.74,2025-05-21,299.57
U02365,CR00023,Machine Learning Fundamentals,Data Science,Intermediate,3.02,2025-02-17,0.0
U02366,CR00016,Digital Marketing,Marketing,Intermediate,4.72,2025-08-27,0.0
U02367,CR00014,Sales Mastery,Business,Advanced,3.15,2025-08-06,0.0
U02368,CR00055,Full-Stack Web Development,Web Development,Advanced,4.74,2025-12-14,57.32
U02368,CR00006,Graphic Design Basics,Design,Advanced,2.72,2025-12-11,276.37
U02368,CR00024,Big Data Analytics,Data Science,Advanced,2.57,2025-11-06,117.68
U02368,CR00019,Content Marketing,Marketing,Advanced,2.98,2025-01-27,0.0
U02369,CR00017,SEO Mastery,Marketing,Advanced,4.79,2025-10-30,0.0
U02369,CR00060,Content Creation,Digital Marketing,Beginner,2.14,2025-04-14,0.0
U02370,CR00007,UI/UX Design,Design,Advanced,2.61,2025-12-30,0.0
U02370,CR00015,Leadership Essentials,Business,Beginner,1.96,2025-12-27,285.05
U02370,CR00051,HTML & CSS,Web Development,Advanced,1.3,2025-12-20,37.89
U02370,CR00036,Agile Project Management,Project Management,Beginner,4.68,2025-12-12,0.0
U02370,CR00041,Financial Accounting,Finance,Beginner,2.47,2025-11-03,53.86
U02370,CR00002,Java Programming,Programming,Intermediate,2.43,2025-10-16,0.0
U02370,CR00011,Entrepreneurship 101,Business,Intermediate,2.69,2025-07-18,326.02
U02370,CR00047,Natural Language Processing,Artificial Intelligence,Intermediate,2.68,2025-07-15,89.59
U02370,CR00025,Statistical Analysis,Data Science,Beginner,3.74,2025-05-04,299.57
U02370,CR00016,Digital Marketing,Marketing,Intermediate,4.72,2025-04-15,0.0
U02370,CR00021,Data Analysis with Python,Data Science,Intermediate,3.6,2025-03-22,0.0
U02370,CR00019,Content Marketing,Marketing,Advanced,2.98,2025-03-17,0.0
U02370,CR00028,Deep Learning,Machine Learning,Advanced,3.89,2025-01-14,0.78
U02370,CR00059,Affiliate Marketing,Digital Marketing,Intermediate,4.66,2025-01-12,0.0
U02371,CR00030,Reinforcement Learning,Machine Learning,Intermediate,1.73,2025-12-26,0.0
U02371,CR00046,AI for Beginners,Artificial Intelligence,Beginner,1.2,2025-12-04,248.1
U02371,CR00033,Cybersecurity Fundamentals,Cybersecurity,Intermediate,3.93,2025-11-14,0.0
U02371,CR00003,C++ for Beginners,Programming,Beginner,3.85,2025-11-03,0.0
U02371,CR00011,Entrepreneurship 101,Business,Intermediate,2.69,2025-10-14,326.02
U02371,CR00024,Big Data Analytics,Data Science,Advanced,2.57,2025-09-29,117.68
U02371,CR00049,Deep Learning,Artificial Intelligence,Intermediate,3.11,2025-09-25,415.51
U02371,CR00015,Leadership Essentials,Business,Beginner,1.96,2025-07-29,285.05
U02371,CR00008,Photoshop Mastery,Design,Advanced,1.52,2025-05-11,0.0
U02371,CR00035,Cyber Threat Intelligence,Cybersecurity,Beginner,4.94,2025-03-19,0.0
U02371,CR00007,UI/UX Design,Design,Advanced,2.61,2025-02-23,0.0
U02371,CR00057,SEO for E-commerce,Digital Marketing,Advanced,3.89,2025-01-02,177.34
U02372,CR00021,Data Analysis with Python,Data Science,Intermediate,3.6,2025-10-15,0.0
U02372,CR00035,Cyber Threat Intelligence,Cybersecurity,Beginner,4.94,2025-09-02,0.0
U02372,CR00059,Affiliate Marketing,Digital Marketing,Intermediate,4.66,2025-01-28,0.0
U02373,CR00021,Data Analysis with Python,Data Science,Intermediate,3.6,2025-12-01,0.0
U02373,CR00012,Business Strategy,Business,Advanced,3.64,2025-10-29,487.92
U02374,CR00028,Deep Learning,Machine Learning,Advanced,3.89,2025-10-25,0.78
U02374,CR00010,3D Modeling,Design,Advanced,4.45,2025-10-13,0.0
U02374,CR00026,Intro to Machine Learning,Machine Learning,Intermediate,4.73,2025-06-19,0.0
U02375,CR00006,Graphic Design Basics,Design,Advanced,2.72,2025-08-25,276.37
U02376,CR00007,UI/UX Design,Design,Advanced,2.61,2025-06-20,0.0
U02377,CR00058,Social Media Strategy,Digital Marketing,Beginner,4.44,2025-12-15,0.0
U02377,CR00014,Sales Mastery,Business,Advanced,3.15,2025-08-16,0.0
U02378,CR00059,Affiliate Marketing,Digital Marketing,Intermediate,4.66,2025-06-16,0.0
U02379,CR00019,Content Marketing,Marketing,Advanced,2.98,2025-11-12,0.0
U02379,CR00014,Sales Mastery,Business,Advanced,3.15,2025-03-12,0.0
U02380,CR00054,Backend Development with Node.js,Web Development,Beginner,3.32,2025-12-13,0.0
U02380,CR00011,Entrepreneurship 101,Business,Intermediate,2.69,2025-03-17,326.02
U02380,CR00034,Data Encryption,Cybersecurity,Intermediate,1.35,2025-01-05,394.26
U02381,CR00049,Deep Learning,Artificial Intelligence,Intermediate,3.11,2025-05-28,415.51
U02382,CR00050,Computer Vision,Artificial Intelligence,Beginner,4.55,2025-08-07,490.9
U02383,CR00016,Digital Marketing,Marketing,Intermediate,4.72,2025-04-23,0.0
U02384,CR00029,Natural Language Processing,Machine Learning,Beginner,1.13,2025-06-16,0.0
U02384,CR00048,AI Ethics,Artificial Intelligence,Beginner,3.64,2025-04-11,0.0
U02384,CR00044,Personal Finance,Finance,Intermediate,2.75,2025-03-02,119.04
U02385,CR00035,Cyber Threat Intelligence,Cybersecurity,Beginner,4.94,2025-08-26,0.0
U02386,CR00025,Statistical Analysis,Data Science,Beginner,3.74,2025-10-03,299.57
U02386,CR00003,C++ for Beginners,Programming,Beginner,3.85,2025-06-09,0.0
U02386,CR00026,Intro to Machine Learning,Machine Learning,Intermediate,4.73,2025-04-08,0.0
U02386,CR00009,Web Design Fundamentals,Design,Beginner,4.51,2025-02-13,0.0
U02387,CR00008,Photoshop Mastery,Design,Advanced,1.52,2025-05-05,0.0
U02388,CR00039,Project Planning,Project Management,Advanced,1.23,2025-08-11,346.71
U02389,CR00014,Sales Mastery,Business,Advanced,3.15,2025-08-14,0.0
U02389,CR00057,SEO for E-commerce,Digital Marketing,Advanced,3.89,2025-07-25,177.34
U02390,CR00002,Java Programming,Programming,Intermediate,2.43,2025-11-07,0.0
U02390,CR00001,Python Basics,Programming,Beginner,4.74,2025-06-28,472.28
U02391,CR00032,Ethical Hacking,Cybersecurity,Advanced,2.38,2025-01-15,0.0
U02392,CR00056,Google Ads Mastery,Digital Marketing,Advanced,3.15,2025-07-25,212.39
U02392,CR00037,Scrum Essentials,Project Management,Intermediate,3.45,2025-01-19,0.0
U02393,CR00054,Backend Development with Node.js,Web Development,Beginner,3.32,2025-05-25,0.0
U02394,CR00025,Statistical Analysis,Data Science,Beginner,3.74,2025-08-21,299.57
U02395,CR00036,Agile Project Management,Project Management,Beginner,4.68,2025-06-15,0.0
U02395,CR00058,Social Media Strategy,Digital Marketing,Beginner,4.44,2025-03-15,0.0
U02395,CR00033,Cybersecurity Fundamentals,Cybersecurity,Intermediate,3.93,2025-02-14,0.0
U02396,CR00056,Google Ads Mastery,Digital Marketing,Advanced,3.15,2025-03-04,212.39
U02397,CR00003,C++ for Beginners,Programming,Beginner,3.85,2025-04-08,0.0
U02398,CR00046,AI for Beginners,Artificial Intelligence,Beginner,1.2,2025-08-23,248.1
U02398,CR00028,Deep Learning,Machine Learning,Advanced,3.89,2025-05-15,0.78
U02399,CR00018,Social Media Marketing,Marketing,Advanced,2.01,2025-10-23,0.0
U02400,CR00059,Affiliate Marketing,Digital Marketing,Intermediate,4.66,2025-11-12,0.0
U02401,CR00050,Computer Vision,Artificial Intelligence,Beginner,4.55,2025-05-24,490.9
U02402,CR00014,Sales Mastery,Business,Advanced,3.15,2025-11-02,0.0
U02403,CR00032,Ethical Hacking,Cybersecurity,Advanced,2.38,2025-08-14,0.0
U02404,CR00041,Financial Accounting,Finance,Beginner,2.47,2025-06-22,53.86
U02404,CR00036,Agile Project Management,Project Management,Beginner,4.68,2025-06-09,0.0
U02405,CR00054,Backend Development with Node.js,Web Development,Beginner,3.32,2025-06-29,0.0
U02406,CR00051,HTML & CSS,Web Development,Advanced,1.3,2025-04-15,37.89
U02406,CR00006,Graphic Design Basics,Design,Advanced,2.72,2025-02-11,276.37
U02407,CR00003,C++ for Beginners,Programming,Beginner,3.85,2025-07-28,0.0
U02407,CR00035,Cyber Threat Intelligence,Cybersecurity,Beginner,4.94,2025-05-13,0.0
U02408,CR00029,Natural Language Processing,Machine Learning,Beginner,1.13,2025-05-15,0.0
U02409,CR00030,Reinforcement Learning,Machine Learning,Intermediate,1.73,2025-09-23,0.0
U02410,CR00020,Email Marketing,Marketing,Intermediate,4.11,2025-12-24,0.0
U02410,CR00034,Data Encryption,Cybersecurity,Intermediate,1.35,2025-09-20,394.26
U02410,CR00017,SEO Mastery,Marketing,Advanced,4.79,2025-06-27,0.0
U02410,CR00039,Project Planning,Project Management,Advanced,1.23,2025-06-16,346.71
U02410,CR00059,Affiliate Marketing,Digital Marketing,Intermediate,4.66,2025-05-25,0.0
U02410,CR00051,HTML & CSS,Web Development,Advanced,1.3,2025-05-10,37.89
U02410,CR00057,SEO for E-commerce,Digital Marketing,Advanced,3.89,2025-04-29,177.34
U02410,CR00022,Data Visualization,Data Science,Beginner,3.65,2025-03-15,0.0
U02410,CR00026,Intro to Machine Learning,Machine Learning,Intermediate,4.73,2025-02-25,0.0
U02410,CR00042,Investment Strategies,Finance,Intermediate,4.1,2025-02-25,0.0
U02410,CR00003,C++ for Beginners,Programming,Beginner,3.85,2025-02-09,0.0
U02410,CR00012,Business Strategy,Business,Advanced,3.64,2025-02-05,487.92
U02411,CR00051,HTML & CSS,Web Development,Advanced,1.3,2025-08-16,37.89
U02412,CR00019,Content Marketing,Marketing,Advanced,2.98,2025-09-26,0.0
U02413,CR00017,SEO Mastery,Marketing,Advanced,4.79,2025-08-23,0.0
U02413,CR00042,Investment Strategies,Finance,Intermediate,4.1,2025-03-08,0.0
U02414,CR00001,Python Basics,Programming,Beginner,4.74,2025-08-21,472.28
U02414,CR00042,Investment Strategies,Finance,Intermediate,4.1,2025-07-09,0.0
U02414,CR00003,C++ for Beginners,Programming,Beginner,3.85,2025-06-22,0.0
U02415,CR00027,Neural Networks,Machine Learning,Advanced,1.81,2025-11-17,0.0
U02415,CR00006,Graphic Design Basics,Design,Advanced,2.72,2025-11-05,276.37
U02415,CR00056,Google Ads Mastery,Digital Marketing,Advanced,3.15,2025-10-08,212.39
U02415,CR00048,AI Ethics,Artificial Intelligence,Beginner,3.64,2025-09-17,0.0
U02415,CR00059,Affiliate Marketing,Digital Marketing,Intermediate,4.66,2025-08-06,0.0
U02415,CR00044,Personal Finance,Finance,Intermediate,2.75,2025-08-04,119.04
U02415,CR00011,Entrepreneurship 101,Business,Intermediate,2.69,2025-06-03,326.02
U02415,CR00005,Full Stack Development,Programming,Beginner,1.28,2025-05-21,0.0
U02415,CR00047,Natural Language Processing,Artificial Intelligence,Intermediate,2.68,2025-02-21,89.59
U02415,CR00041,Financial Accounting,Finance,Beginner,2.47,2025-01-16,53.86
U02415,CR00050,Computer Vision,Artificial Intelligence,Beginner,4.55,2025-01-15,490.9
U02416,CR00010,3D Modeling,Design,Advanced,4.45,2025-08-04,0.0
U02417,CR00018,Social Media Marketing,Marketing,Advanced,2.01,2025-09-23,0.0
U02418,CR00030,Reinforcement Learning,Machine Learning,Intermediate,1.73,2025-05-27,0.0
U02419,CR00023,Machine Learning Fundamentals,Data Science,Intermediate,3.02,2025-10-03,0.0
U02420,CR00020,Email Marketing,Marketing,Intermediate,4.11,2025-05-19,0.0
U02421,CR00042,Investment Strategies,Finance,Intermediate,4.1,2025-04-17,0.0
U02422,CR00055,Full-Stack Web Development,Web Development,Advanced,4.74,2025-11-14,57.32
U02423,CR00040,Leadership in Projects,Project Management,Beginner,1.51,2025-10-10,327.99
U02423,CR00024,Big Data Analytics,Data Science,Advanced,2.57,2025-07-13,117.68
U02424,CR00026,Intro to Machine Learning,Machine Learning,Intermediate,4.73,2025-07-23,0.0
U02425,CR00009,Web Design Fundamentals,Design,Beginner,4.51,2025-10-26,0.0
U02425,CR00048,AI Ethics,Artificial Intelligence,Beginner,3.64,2025-03-01,0.0
U02426,CR00025,Statistical Analysis,Data Science,Beginner,3.74,2025-09-17,299.57
U02427,CR00037,Scrum Essentials,Project Management,Intermediate,3.45,2025-08-09,0.0
U02427,CR00055,Full-Stack Web Development,Web Development,Advanced,4.74,2025-07-15,57.32
U02427,CR00056,Google Ads Mastery,Digital Marketing,Advanced,3.15,2025-07-12,212.39
U02427,CR00007,UI/UX Design,Design,Advanced,2.61,2025-07-11,0.0
U02427,CR00033,Cybersecurity Fundamentals,Cybersecurity,Intermediate,3.93,2025-06-29,0.0
U02427,CR00028,Deep Learning,Machine Learning,Advanced,3.89,2025-06-18,0.78
U02427,CR00059,Affiliate Marketing,Digital Marketing,Intermediate,4.66,2025-05-16,0.0
U02427,CR00015,Leadership Essentials,Business,Beginner,1.96,2025-04-20,285.05
U02427,CR00035,Cyber Threat Intelligence,Cybersecurity,Beginner,4.94,2025-04-16,0.0
U02427,CR00030,Reinforcement Learning,Machine Learning,Intermediate,1.73,2025-03-17,0.0
U02427,CR00051,HTML & CSS,Web Development,Advanced,1.3,2025-03-08,37.89
U02427,CR00023,Machine Learning Fundamentals,Data Science,Intermediate,3.02,2025-03-01,0.0
U02427,CR00054,Backend Development with Node.js,Web Development,Beginner,3.32,2025-02-07,0.0
U02427,CR00025,Statistical Analysis,Data Science,Beginner,3.74,2025-01-13,299.57
U02427,CR00043,Corporate Finance,Finance,Beginner,4.14,2025-01-01,0.0
U02428,CR00050,Computer Vision,Artificial Intelligence,Beginner,4.55,2025-05-02,490.9
U02428,CR00055,Full-Stack Web Development,Web Development,Advanced,4.74,2025-03-10,57.32
U02429,CR00004,Advanced Python,Programming,Beginner,2.88,2025-10-28,0.0
U02429,CR00005,Full Stack Development,Programming,Beginner,1.28,2025-09-25,0.0
U02429,CR00031,Network Security,Cybersecurity,Intermediate,1.91,2025-06-01,0.0
U02430,CR00054,Backend Development with Node.js,Web Development,Beginner,3.32,2025-08-19,0.0
U02431,CR00040,Leadership in Projects,Project Management,Beginner,1.51,2025-04-10,327.99
U02432,CR00019,Content Marketing,Marketing,Advanced,2.98,2025-12-09,0.0
U02432,CR00013,Finance for Startups,Business,Advanced,2.0,2025-11-10,0.0
U02432,CR00039,Project Planning,Project Management,Advanced,1.23,2025-10-03,346.71
U02432,CR00033,Cybersecurity Fundamentals,Cybersecurity,Intermediate,3.93,2025-10-01,0.0
U02432,CR00005,Full Stack Development,Programming,Beginner,1.28,2025-09-26,0.0
U02432,CR00030,Reinforcement Learning,Machine Learning,Intermediate,1.73,2025-09-19,0.0
U02432,CR00054,Backend Development with Node.js,Web Development,Beginner,3.32,2025-08-29,0.0
U02432,CR00058,Social Media Strategy,Digital Marketing,Beginner,4.44,2025-08-19,0.0
U02432,CR00040,Leadership in Projects,Project Management,Beginner,1.51,2025-08-16,327.99
U02432,CR00060,Content Creation,Digital Marketing,Beginner,2.14,2025-05-07,0.0
U02432,CR00021,Data Analysis with Python,Data Science,Intermediate,3.6,2025-04-29,0.0
U02432,CR00001,Python Basics,Programming,Beginner,4.74,2025-04-12,472.28
U02432,CR00025,Statistical Analysis,Data Science,Beginner,3.74,2025-04-02,299.57
U02432,CR00055,Full-Stack Web Development,Web Development,Advanced,4.74,2025-01-11,57.32
U02432,CR00047,Natural Language Processing,Artificial Intelligence,Intermediate,2.68,2025-01-11,89.59
U02433,CR00024,Big Data Analytics,Data Science,Advanced,2.57,2025-04-17,117.68
U02434,CR00003,C++ for Beginners,Programming,Beginner,3.85,2025-09-08,0.0
U02435,CR00012,Business Strategy,Business,Advanced,3.64,2025-10-18,487.92
U02436,CR00054,Backend Development with Node.js,Web Development,Beginner,3.32,2025-08-16,0.0
U02436,CR00024,Big Data Analytics,Data Science,Advanced,2.57,2025-07-20,117.68
U02436,CR00040,Leadership in Projects,Project Management,Beginner,1.51,2025-02-06,327.99
U02437,CR00019,Content Marketing,Marketing,Advanced,2.98,2025-11-17,0.0
U02438,CR00032,Ethical Hacking,Cybersecurity,Advanced,2.38,2025-11-17,0.0
U02439,CR00006,Graphic Design Basics,Design,Advanced,2.72,2025-08-18,276.37
U02440,CR00020,Email Marketing,Marketing,Intermediate,4.11,2025-02-22,0.0
U02441,CR00058,Social Media Strategy,Digital Marketing,Beginner,4.44,2025-04-09,0.0
U02442,CR00042,Investment Strategies,Finance,Intermediate,4.1,2025-11-25,0.0
U02443,CR00055,Full-Stack Web Development,Web Development,Advanced,4.74,2025-11-03,57.32
U02443,CR00051,HTML & CSS,Web Development,Advanced,1.3,2025-05-14,37.89
U02444,CR00031,Network Security,Cybersecurity,Intermediate,1.91,2025-10-16,0.0
U02445,CR00049,Deep Learning,Artificial Intelligence,Intermediate,3.11,2025-12-24,415.51
U02445,CR00018,Social Media Marketing,Marketing,Advanced,2.01,2025-12-20,0.0
U02445,CR00042,Investment Strategies,Finance,Intermediate,4.1,2025-12-18,0.0
U02445,CR00051,HTML & CSS,Web Development,Advanced,1.3,2025-12-06,37.89
U02445,CR00058,Social Media Strategy,Digital Marketing,Beginner,4.44,2025-12-04,0.0
U02445,CR00031,Network Security,Cybersecurity,Intermediate,1.91,2025-11-27,0.0
U02445,CR00012,Business Strategy,Business,Advanced,3.64,2025-11-03,487.92
U02445,CR00041,Financial Accounting,Finance,Beginner,2.47,2025-10-26,53.86
U02445,CR00030,Reinforcement Learning,Machine Learning,Intermediate,1.73,2025-08-24,0.0
U02445,CR00037,Scrum Essentials,Project Management,Intermediate,3.45,2025-08-16,0.0
U02445,CR00034,Data Encryption,Cybersecurity,Intermediate,1.35,2025-06-10,394.26
U02445,CR00026,Intro to Machine Learning,Machine Learning,Intermediate,4.73,2025-05-27,0.0
U02445,CR00024,Big Data Analytics,Data Science,Advanced,2.57,2025-03-20,117.68
U02445,CR00029,Natural Language Processing,Machine Learning,Beginner,1.13,2025-02-19,0.0
U02446,CR00050,Computer Vision,Artificial Intelligence,Beginner,4.55,2025-12-07,490.9
U02446,CR00054,Backend Development with Node.js,Web Development,Beginner,3.32,2025-09-30,0.0
U02447,CR00010,3D Modeling,Design,Advanced,4.45,2025-04-06,0.0
U02448,CR00042,Investment Strategies,Finance,Intermediate,4.1,2025-09-16,0.0
U02448,CR00008,Photoshop Mastery,Design,Advanced,1.52,2025-05-22,0.0
U02449,CR00015,Leadership Essentials,Business,Beginner,1.96,2025-06-27,285.05
U02450,CR00030,Reinforcement Learning,Machine Learning,Intermediate,1.73,2025-01-25,0.0
U02451,CR00005,Full Stack Development,Programming,Beginner,1.28,2025-09-10,0.0
U02451,CR00017,SEO Mastery,Marketing,Advanced,4.79,2025-08-02,0.0
U02452,CR00005,Full Stack Development,Programming,Beginner,1.28,2025-11-28,0.0
U02452,CR00010,3D Modeling,Design,Advanced,4.45,2025-06-02,0.0
U02453,CR00056,Google Ads Mastery,Digital Marketing,Advanced,3.15,2025-11-11,212.39
U02454,CR00013,Finance for Startups,Business,Advanced,2.0,2025-07-02,0.0
U02454,CR00053,React for Beginners,Web Development,Advanced,2.67,2025-05-29,0.0
U02455,CR00013,Finance for Startups,Business,Advanced,2.0,2025-03-01,0.0
U02456,CR00033,Cybersecurity Fundamentals,Cybersecurity,Intermediate,3.93,2025-06-29,0.0
U02457,CR00023,Machine Learning Fundamentals,Data Science,Intermediate,3.02,2025-04-06,0.0
U02458,CR00024,Big Data Analytics,Data Science,Advanced,2.57,2025-12-16,117.68
U02458,CR00011,Entrepreneurship 101,Business,Intermediate,2.69,2025-10-26,326.02
U02459,CR00014,Sales Mastery,Business,Advanced,3.15,2025-12-24,0.0
U02459,CR00004,Advanced Python,Programming,Beginner,2.88,2025-12-20,0.0
U02459,CR00034,Data Encryption,Cybersecurity,Intermediate,1.35,2025-12-04,394.26
U02459,CR00010,3D Modeling,Design,Advanced,4.45,2025-11-27,0.0
U02459,CR00041,Financial Accounting,Finance,Beginner,2.47,2025-11-18,53.86
U02459,CR00058,Social Media Strategy,Digital Marketing,Beginner,4.44,2025-11-16,0.0
U02459,CR00023,Machine Learning Fundamentals,Data Science,Intermediate,3.02,2025-10-06,0.0
U02459,CR00016,Digital Marketing,Marketing,Intermediate,4.72,2025-08-30,0.0
U02459,CR00008,Photoshop Mastery,Design,Advanced,1.52,2025-08-22,0.0
U02459,CR00057,SEO for E-commerce,Digital Marketing,Advanced,3.89,2025-07-03,177.34
U02459,CR00043,Corporate Finance,Finance,Beginner,4.14,2025-05-17,0.0
U02459,CR00029,Natural Language Processing,Machine Learning,Beginner,1.13,2025-04-13,0.0
U02460,CR00032,Ethical Hacking,Cybersecurity,Advanced,2.38,2025-11-16,0.0
U02461,CR00032,Ethical Hacking,Cybersecurity,Advanced,2.38,2025-06-23,0.0
U02461,CR00014,Sales Mastery,Business,Advanced,3.15,2025-04-26,0.0
U02462,CR00040,Leadership in Projects,Project Management,Beginner,1.51,2025-03-05,327.99
U02463,CR00036,Agile Project Management,Project Management,Beginner,4.68,2025-08-18,0.0
U02464,CR00003,C++ for Beginners,Programming,Beginner,3.85,2025-08-14,0.0
U02465,CR00004,Advanced Python,Programming,Beginner,2.88,2025-12-14,0.0
U02465,CR00009,Web Design Fundamentals,Design,Beginner,4.51,2025-06-12,0.0
U02466,CR00016,Digital Marketing,Marketing,Intermediate,4.72,2025-07-17,0.0
U02466,CR00047,Natural Language Processing,Artificial Intelligence,Intermediate,2.68,2025-05-29,89.59
U02466,CR00006,Graphic Design Basics,Design,Advanced,2.72,2025-04-13,276.37
U02466,CR00023,Machine Learning Fundamentals,Data Science,Intermediate,3.02,2025-02-12,0.0
U02467,CR00060,Content Creation,Digital Marketing,Beginner,2.14,2025-06-21,0.0
U02468,CR00026,Intro to Machine Learning,Machine Learning,Intermediate,4.73,2025-07-05,0.0
U02468,CR00022,Data Visualization,Data Science,Beginner,3.65,2025-03-11,0.0
U02468,CR00059,Affiliate Marketing,Digital Marketing,Intermediate,4.66,2025-02-04,0.0
U02469,CR00005,Full Stack Development,Programming,Beginner,1.28,2025-12-11,0.0
U02469,CR00054,Backend Development with Node.js,Web Development,Beginner,3.32,2025-05-29,0.0
U02470,CR00006,Graphic Design Basics,Design,Advanced,2.72,2025-12-16,276.37
U02470,CR00029,Natural Language Processing,Machine Learning,Beginner,1.13,2025-11-25,0.0
U02470,CR00010,3D Modeling,Design,Advanced,4.45,2025-11-05,0.0
U02470,CR00015,Leadership Essentials,Business,Beginner,1.96,2025-10-26,285.05
U02470,CR00022,Data Visualization,Data Science,Beginner,3.65,2025-09-26,0.0
U02470,CR00054,Backend Development with Node.js,Web Development,Beginner,3.32,2025-07-04,0.0
U02470,CR00007,UI/UX Design,Design,Advanced,2.61,2025-06-13,0.0
U02470,CR00033,Cybersecurity Fundamentals,Cybersecurity,Intermediate,3.93,2025-05-15,0.0
U02470,CR00053,React for Beginners,Web Development,Advanced,2.67,2025-05-07,0.0
U02470,CR00041,Financial Accounting,Finance,Beginner,2.47,2025-04-24,53.86
U02470,CR00030,Reinforcement Learning,Machine Learning,Intermediate,1.73,2025-04-02,0.0
U02470,CR00045,Financial Modeling,Finance,Advanced,1.59,2025-01-30,0.0
U02470,CR00044,Personal Finance,Finance,Intermediate,2.75,2025-01-26,119.04
U02471,CR00011,Entrepreneurship 101,Business,Intermediate,2.69,2025-01-03,326.02
U02472,CR00043,Corporate Finance,Finance,Beginner,4.14,2025-01-04,0.0
U02473,CR00035,Cyber Threat Intelligence,Cybersecurity,Beginner,4.94,2025-09-13,0.0
U02474,CR00030,Reinforcement Learning,Machine Learning,Intermediate,1.73,2025-05-23,0.0
U02475,CR00016,Digital Marketing,Marketing,Intermediate,4.72,2025-06-25,0.0
U02476,CR00032,Ethical Hacking,Cybersecurity,Advanced,2.38,2025-08-29,0.0
U02477,CR00038,Risk Management,Project Management,Intermediate,4.84,2025-10-17,342.61
U02478,CR00050,Computer Vision,Artificial Intelligence,Beginner,4.55,2025-07-03,490.9
U02478,CR00033,Cybersecurity Fundamentals,Cybersecurity,Intermediate,3.93,2025-02-17,0.0
U02479,CR00058,Social Media Strategy,Digital Marketing,Beginner,4.44,2025-10-15,0.0
U02479,CR00015,Leadership Essentials,Business,Beginner,1.96,2025-07-05,285.05
U02479,CR00005,Full Stack Development,Programming,Beginner,1.28,2025-06-12,0.0
U02479,CR00020,Email Marketing,Marketing,Intermediate,4.11,2025-01-04,0.0
U02480,CR00059,Affiliate Marketing,Digital Marketing,Intermediate,4.66,2025-09-26,0.0
U02481,CR00019,Content Marketing,Marketing,Advanced,2.98,2025-05-10,0.0
U02482,CR00027,Neural Networks,Machine Learning,Advanced,1.81,2025-11-11,0.0
U02482,CR00048,AI Ethics,Artificial Intelligence,Beginner,3.64,2025-01-07,0.0
U02483,CR00035,Cyber Threat Intelligence,Cybersecurity,Beginner,4.94,2025-10-09,0.0
U02484,CR00015,Leadership Essentials,Business,Beginner,1.96,2025-07-16,285.05
U02484,CR00052,JavaScript Mastery,Web Development,Beginner,2.2,2025-04-27,0.0
U02484,CR00002,Java Programming,Programming,Intermediate,2.43,2025-03-07,0.0
U02484,CR00045,Financial Modeling,Finance,Advanced,1.59,2025-01-21,0.0
U02485,CR00026,Intro to Machine Learning,Machine Learning,Intermediate,4.73,2025-12-26,0.0
U02485,CR00008,Photoshop Mastery,Design,Advanced,1.52,2025-12-10,0.0
U02485,CR00055,Full-Stack Web Development,Web Development,Advanced,4.74,2025-11-17,57.32
U02485,CR00020,Email Marketing,Marketing,Intermediate,4.11,2025-10-03,0.0
U02485,CR00019,Content Marketing,Marketing,Advanced,2.98,2025-09-09,0.0
U02485,CR00017,SEO Mastery,Marketing,Advanced,4.79,2025-08-12,0.0
U02485,CR00045,Financial Modeling,Finance,Advanced,1.59,2025-07-04,0.0
U02485,CR00003,C++ for Beginners,Programming,Beginner,3.85,2025-06-08,0.0
U02485,CR00001,Python Basics,Programming,Beginner,4.74,2025-06-07,472.28
U02485,CR00052,JavaScript Mastery,Web Development,Beginner,2.2,2025-05-10,0.0
U02485,CR00041,Financial Accounting,Finance,Beginner,2.47,2025-05-09,53.86
U02485,CR00021,Data Analysis with Python,Data Science,Intermediate,3.6,2025-05-08,0.0
U02485,CR00058,Social Media Strategy,Digital Marketing,Beginner,4.44,2025-04-24,0.0
U02485,CR00051,HTML & CSS,Web Development,Advanced,1.3,2025-03-20,37.89
U02486,CR00057,SEO for E-commerce,Digital Marketing,Advanced,3.89,2025-12-02,177.34
U02486,CR00059,Affiliate Marketing,Digital Marketing,Intermediate,4.66,2025-01-30,0.0
U02487,CR00019,Content Marketing,Marketing,Advanced,2.98,2025-01-25,0.0
U02488,CR00023,Machine Learning Fundamentals,Data Science,Intermediate,3.02,2025-05-05,0.0
U02489,CR00022,Data Visualization,Data Science,Beginner,3.65,2025-08-14,0.0
U02490,CR00022,Data Visualization,Data Science,Beginner,3.65,2025-12-27,0.0
U02490,CR00035,Cyber Threat Intelligence,Cybersecurity,Beginner,4.94,2025-11-25,0.0
U02490,CR00021,Data Analysis with Python,Data Science,Intermediate,3.6,2025-09-28,0.0
U02490,CR00017,SEO Mastery,Marketing,Advanced,4.79,2025-09-15,0.0
U02490,CR00028,Deep Learning,Machine Learning,Advanced,3.89,2025-08-25,0.78
U02490,CR00013,Finance for Startups,Business,Advanced,2.0,2025-06-07,0.0
U02490,CR00023,Machine Learning Fundamentals,Data Science,Intermediate,3.02,2025-04-27,0.0
U02490,CR00010,3D Modeling,Design,Advanced,4.45,2025-04-22,0.0
U02490,CR00048,AI Ethics,Artificial Intelligence,Beginner,3.64,2025-03-20,0.0
U02490,CR00026,Intro to Machine Learning,Machine Learning,Intermediate,4.73,2025-03-09,0.0
U02490,CR00009,Web Design Fundamentals,Design,Beginner,4.51,2025-02-14,0.0
U02490,CR00030,Reinforcement Learning,Machine Learning,Intermediate,1.73,2025-01-29,0.0
U02490,CR00054,Backend Development with Node.js,Web Development,Beginner,3.32,2025-01-06,0.0
U02491,CR00043,Corporate Finance,Finance,Beginner,4.14,2025-12-14,0.0
U02492,CR00033,Cybersecurity Fundamentals,Cybersecurity,Intermediate,3.93,2025-05-16,0.0
U02493,CR00031,Network Security,Cybersecurity,Intermediate,1.91,2025-10-18,0.0
U02494,CR00030,Reinforcement Learning,Machine Learning,Intermediate,1.73,2025-09-21,0.0
U02495,CR00047,Natural Language Processing,Artificial Intelligence,Intermediate,2.68,2025-06-26,89.59
U02495,CR00058,Social Media Strategy,Digital Marketing,Beginner,4.44,2025-01-27,0.0
U02496,CR00008,Photoshop Mastery,Design,Advanced,1.52,2025-06-28,0.0
U02497,CR00032,Ethical Hacking,Cybersecurity,Advanced,2.38,2025-12-28,0.0
U02497,CR00054,Backend Development with Node.js,Web Development,Beginner,3.32,2025-12-02,0.0
U02498,CR00005,Full Stack Development,Programming,Beginner,1.28,2025-09-05,0.0
U02499,CR00053,React for Beginners,Web Development,Advanced,2.67,2025-08-13,0.0
U02500,CR00020,Email Marketing,Marketing,Intermediate,4.11,2025-10-04,0.0
U02501,CR00037,Scrum Essentials,Project Management,Intermediate,3.45,2025-06-28,0.0
U02502,CR00013,Finance for Startups,Business,Advanced,2.0,2025-03-17,0.0
U02503,CR00008,Photoshop Mastery,Design,Advanced,1.52,2025-08-11,0.0
U02503,CR00033,Cybersecurity Fundamentals,Cybersecurity,Intermediate,3.93,2025-06-08,0.0
U02504,CR00007,UI/UX Design,Design,Advanced,2.61,2025-11-09,0.0
U02504,CR00017,SEO Mastery,Marketing,Advanced,4.79,2025-10-03,0.0
U02504,CR00013,Finance for Startups,Business,Advanced,2.0,2025-03-12,0.0
U02504,CR00011,Entrepreneurship 101,Business,Intermediate,2.69,2025-01-07,326.02
U02505,CR00046,AI for Beginners,Artificial Intelligence,Beginner,1.2,2025-11-29,248.1
U02506,CR00015,Leadership Essentials,Business,Beginner,1.96,2025-02-08,285.05
U02507,CR00032,Ethical Hacking,Cybersecurity,Advanced,2.38,2025-08-15,0.0
U02508,CR00009,Web Design Fundamentals,Design,Beginner,4.51,2025-01-01,0.0
U02509,CR00028,Deep Learning,Machine Learning,Advanced,3.89,2025-12-19,0.78
U02509,CR00013,Finance for Startups,Business,Advanced,2.0,2025-09-14,0.0
U02509,CR00021,Data Analysis with Python,Data Science,Intermediate,3.6,2025-07-06,0.0
U02510,CR00036,Agile Project Management,Project Management,Beginner,4.68,2025-12-11,0.0
U02510,CR00004,Advanced Python,Programming,Beginner,2.88,2025-11-28,0.0
U02511,CR00002,Java Programming,Programming,Intermediate,2.43,2025-07-02,0.0
U02512,CR00037,Scrum Essentials,Project Management,Intermediate,3.45,2025-12-12,0.0
U02512,CR00002,Java Programming,Programming,Intermediate,2.43,2025-10-12,0.0
U02512,CR00035,Cyber Threat Intelligence,Cybersecurity,Beginner,4.94,2025-09-08,0.0
U02512,CR00042,Investment Strategies,Finance,Intermediate,4.1,2025-08-29,0.0
U02512,CR00021,Data Analysis with Python,Data Science,Intermediate,3.6,2025-08-19,0.0
U02512,CR00023,Machine Learning Fundamentals,Data Science,Intermediate,3.02,2025-07-18,0.0
U02512,CR00044,Personal Finance,Finance,Intermediate,2.75,2025-07-16,119.04
U02512,CR00019,Content Marketing,Marketing,Advanced,2.98,2025-07-14,0.0
U02512,CR00040,Leadership in Projects,Project Management,Beginner,1.51,2025-06-04,327.99
U02512,CR00030,Reinforcement Learning,Machine Learning,Intermediate,1.73,2025-04-01,0.0
U02512,CR00004,Advanced Python,Programming,Beginner,2.88,2025-03-18,0.0
U02512,CR00013,Finance for Startups,Business,Advanced,2.0,2025-01-30,0.0
U02512,CR00012,Business Strategy,Business,Advanced,3.64,2025-01-29,487.92
U02512,CR00036,Agile Project Management,Project Management,Beginner,4.68,2025-01-15,0.0
U02513,CR00001,Python Basics,Programming,Beginner,4.74,2025-01-06,472.28
U02514,CR00010,3D Modeling,Design,Advanced,4.45,2025-09-01,0.0
U02514,CR00048,AI Ethics,Artificial Intelligence,Beginner,3.64,2025-05-07,0.0
U02515,CR00051,HTML & CSS,Web Development,Advanced,1.3,2025-11-30,37.89
U02515,CR00028,Deep Learning,Machine Learning,Advanced,3.89,2025-10-17,0.78
U02515,CR00025,Statistical Analysis,Data Science,Beginner,3.74,2025-07-12,299.57
U02515,CR00041,Financial Accounting,Finance,Beginner,2.47,2025-06-16,53.86
U02515,CR00032,Ethical Hacking,Cybersecurity,Advanced,2.38,2025-06-11,0.0
U02515,CR00040,Leadership in Projects,Project Management,Beginner,1.51,2025-05-26,327.99
U02515,CR00035,Cyber Threat Intelligence,Cybersecurity,Beginner,4.94,2025-05-02,0.0
U02515,CR00058,Social Media Strategy,Digital Marketing,Beginner,4.44,2025-04-24,0.0
U02515,CR00006,Graphic Design Basics,Design,Advanced,2.72,2025-04-17,276.37
U02515,CR00029,Natural Language Processing,Machine Learning,Beginner,1.13,2025-02-18,0.0
U02515,CR00059,Affiliate Marketing,Digital Marketing,Intermediate,4.66,2025-02-04,0.0
U02516,CR00019,Content Marketing,Marketing,Advanced,2.98,2025-07-06,0.0
U02517,CR00039,Project Planning,Project Management,Advanced,1.23,2025-06-25,346.71
U02517,CR00024,Big Data Analytics,Data Science,Advanced,2.57,2025-04-07,117.68
U02518,CR00002,Java Programming,Programming,Intermediate,2.43,2025-06-16,0.0
U02519,CR00047,Natural Language Processing,Artificial Intelligence,Intermediate,2.68,2025-09-21,89.59
U02519,CR00022,Data Visualization,Data Science,Beginner,3.65,2025-09-20,0.0
U02520,CR00048,AI Ethics,Artificial Intelligence,Beginner,3.64,2025-03-17,0.0
U02521,CR00047,Natural Language Processing,Artificial Intelligence,Intermediate,2.68,2025-11-13,89.59
U02521,CR00026,Intro to Machine Learning,Machine Learning,Intermediate,4.73,2025-04-26,0.0
U02521,CR00010,3D Modeling,Design,Advanced,4.45,2025-04-03,0.0
U02521,CR00036,Agile Project Management,Project Management,Beginner,4.68,2025-03-30,0.0
U02522,CR00024,Big Data Analytics,Data Science,Advanced,2.57,2025-12-04,117.68
U02523,CR00045,Financial Modeling,Finance,Advanced,1.59,2025-10-18,0.0
U02524,CR00059,Affiliate Marketing,Digital Marketing,Intermediate,4.66,2025-01-02,0.0
U02525,CR00029,Natural Language Processing,Machine Learning,Beginner,1.13,2025-08-28,0.0
U02526,CR00044,Personal Finance,Finance,Intermediate,2.75,2025-10-23,119.04
U02526,CR00038,Risk Management,Project Management,Intermediate,4.84,2025-09-08,342.61
U02527,CR00036,Agile Project Management,Project Management,Beginner,4.68,2025-07-08,0.0
U02528,CR00043,Corporate Finance,Finance,Beginner,4.14,2025-09-05,0.0
U02529,CR00017,SEO Mastery,Marketing,Advanced,4.79,2025-06-09,0.0
U02529,CR00025,Statistical Analysis,Data Science,Beginner,3.74,2025-05-02,299.57
U02529,CR00054,Backend Development with Node.js,Web Development,Beginner,3.32,2025-03-04,0.0
U02530,CR00001,Python Basics,Programming,Beginner,4.74,2025-04-27,472.28
U02531,CR00026,Intro to Machine Learning,Machine Learning,Intermediate,4.73,2025-11-18,0.0
U02531,CR00037,Scrum Essentials,Project Management,Intermediate,3.45,2025-08-29,0.0
U02531,CR00033,Cybersecurity Fundamentals,Cybersecurity,Intermediate,3.93,2025-03-20,0.0
U02531,CR00027,Neural Networks,Machine Learning,Advanced,1.81,2025-01-15,0.0
U02532,CR00023,Machine Learning Fundamentals,Data Science,Intermediate,3.02,2025-02-13,0.0
U02533,CR00002,Java Programming,Programming,Intermediate,2.43,2025-04-23,0.0
U02534,CR00053,React for Beginners,Web Development,Advanced,2.67,2025-12-28,0.0
U02534,CR00009,Web Design Fundamentals,Design,Beginner,4.51,2025-02-26,0.0
U02535,CR00026,Intro to Machine Learning,Machine Learning,Intermediate,4.73,2025-07-30,0.0
U02535,CR00040,Leadership in Projects,Project Management,Beginner,1.51,2025-03-01,327.99
U02536,CR00053,React for Beginners,Web Development,Advanced,2.67,2025-10-06,0.0
U02536,CR00052,JavaScript Mastery,Web Development,Beginner,2.2,2025-09-23,0.0
U02537,CR00056,Google Ads Mastery,Digital Marketing,Advanced,3.15,2025-09-25,212.39
U02537,CR00016,Digital Marketing,Marketing,Intermediate,4.72,2025-09-06,0.0
U02537,CR00050,Computer Vision,Artificial Intelligence,Beginner,4.55,2025-07-05,490.9
U02537,CR00026,Intro to Machine Learning,Machine Learning,Intermediate,4.73,2025-06-24,0.0
U02537,CR00010,3D Modeling,Design,Advanced,4.45,2025-06-09,0.0
U02537,CR00040,Leadership in Projects,Project Management,Beginner,1.51,2025-05-11,327.99
U02537,CR00058,Social Media Strategy,Digital Marketing,Beginner,4.44,2025-05-03,0.0
U02537,CR00032,Ethical Hacking,Cybersecurity,Advanced,2.38,2025-04-15,0.0
U02537,CR00025,Statistical Analysis,Data Science,Beginner,3.74,2025-04-01,299.57
U02537,CR00047,Natural Language Processing,Artificial Intelligence,Intermediate,2.68,2025-02-27,89.59
U02537,CR00038,Risk Management,Project Management,Intermediate,4.84,2025-02-12,342.61
U02537,CR00017,SEO Mastery,Marketing,Advanced,4.79,2025-02-08,0.0
U02538,CR00031,Network Security,Cybersecurity,Intermediate,1.91,2025-06-19,0.0
U02539,CR00034,Data Encryption,Cybersecurity,Intermediate,1.35,2025-12-30,394.26
U02539,CR00035,Cyber Threat Intelligence,Cybersecurity,Beginner,4.94,2025-04-05,0.0
U02540,CR00045,Financial Modeling,Finance,Advanced,1.59,2025-12-16,0.0
U02540,CR00035,Cyber Threat Intelligence,Cybersecurity,Beginner,4.94,2025-10-05,0.0
U02540,CR00007,UI/UX Design,Design,Advanced,2.61,2025-10-03,0.0
U02540,CR00018,Social Media Marketing,Marketing,Advanced,2.01,2025-07-28,0.0
U02540,CR00040,Leadership in Projects,Project Management,Beginner,1.51,2025-07-15,327.99
U02540,CR00044,Personal Finance,Finance,Intermediate,2.75,2025-06-30,119.04
U02540,CR00028,Deep Learning,Machine Learning,Advanced,3.89,2025-06-27,0.78
U02540,CR00003,C++ for Beginners,Programming,Beginner,3.85,2025-05-20,0.0
U02540,CR00033,Cybersecurity Fundamentals,Cybersecurity,Intermediate,3.93,2025-04-21,0.0
U02540,CR00021,Data Analysis with Python,Data Science,Intermediate,3.6,2025-04-08,0.0
U02540,CR00037,Scrum Essentials,Project Management,Intermediate,3.45,2025-03-27,0.0
U02540,CR00013,Finance for Startups,Business,Advanced,2.0,2025-03-18,0.0
U02540,CR00047,Natural Language Processing,Artificial Intelligence,Intermediate,2.68,2025-03-01,89.59
U02540,CR00060,Content Creation,Digital Marketing,Beginner,2.14,2025-01-11,0.0
U02540,CR00050,Computer Vision,Artificial Intelligence,Beginner,4.55,2025-01-07,490.9
U02541,CR00059,Affiliate Marketing,Digital Marketing,Intermediate,4.66,2025-12-27,0.0
U02541,CR00050,Computer Vision,Artificial Intelligence,Beginner,4.55,2025-10-30,490.9
U02541,CR00034,Data Encryption,Cybersecurity,Intermediate,1.35,2025-08-29,394.26
U02541,CR00003,C++ for Beginners,Programming,Beginner,3.85,2025-08-14,0.0
U02541,CR00004,Advanced Python,Programming,Beginner,2.88,2025-07-27,0.0
U02541,CR00025,Statistical Analysis,Data Science,Beginner,3.74,2025-07-26,299.57
U02541,CR00058,Social Media Strategy,Digital Marketing,Beginner,4.44,2025-07-18,0.0
U02541,CR00010,3D Modeling,Design,Advanced,4.45,2025-04-29,0.0
U02541,CR00049,Deep Learning,Artificial Intelligence,Intermediate,3.11,2025-04-03,415.51
U02541,CR00024,Big Data Analytics,Data Science,Advanced,2.57,2025-03-13,117.68
U02541,CR00052,JavaScript Mastery,Web Development,Beginner,2.2,2025-02-05,0.0
U02541,CR00055,Full-Stack Web Development,Web Development,Advanced,4.74,2025-02-01,57.32
U02541,CR00016,Digital Marketing,Marketing,Intermediate,4.72,2025-01-30,0.0
U02542,CR00057,SEO for E-commerce,Digital Marketing,Advanced,3.89,2025-12-04,177.34
U02542,CR00050,Computer Vision,Artificial Intelligence,Beginner,4.55,2025-11-13,490.9
U02542,CR00036,Agile Project Management,Project Management,Beginner,4.68,2025-10-23,0.0
U02542,CR00003,C++ for Beginners,Programming,Beginner,3.85,2025-09-28,0.0
U02542,CR00030,Reinforcement Learning,Machine Learning,Intermediate,1.73,2025-08-04,0.0
U02542,CR00027,Neural Networks,Machine Learning,Advanced,1.81,2025-08-01,0.0
U02542,CR00055,Full-Stack Web Development,Web Development,Advanced,4.74,2025-06-09,57.32
U02542,CR00005,Full Stack Development,Programming,Beginner,1.28,2025-05-06,0.0
U02542,CR00017,SEO Mastery,Marketing,Advanced,4.79,2025-05-04,0.0
U02542,CR00060,Content Creation,Digital Marketing,Beginner,2.14,2025-04-24,0.0
U02542,CR00028,Deep Learning,Machine Learning,Advanced,3.89,2025-02-10,0.78
U02542,CR00018,Social Media Marketing,Marketing,Advanced,2.01,2025-01-17,0.0
U02542,CR00047,Natural Language Processing,Artificial Intelligence,Intermediate,2.68,2025-01-16,89.59
U02543,CR00048,AI Ethics,Artificial Intelligence,Beginner,3.64,2025-08-22,0.0
U02544,CR00050,Computer Vision,Artificial Intelligence,Beginner,4.55,2025-11-21,490.9
U02545,CR00033,Cybersecurity Fundamentals,Cybersecurity,Intermediate,3.93,2025-05-08,0.0
U02545,CR00031,Network Security,Cybersecurity,Intermediate,1.91,2025-01-07,0.0
U02546,CR00015,Leadership Essentials,Business,Beginner,1.96,2025-12-08,285.05
U02547,CR00021,Data Analysis with Python,Data Science,Intermediate,3.6,2025-01-01,0.0
U02548,CR00012,Business Strategy,Business,Advanced,3.64,2025-09-23,487.92
U02548,CR00033,Cybersecurity Fundamentals,Cybersecurity,Intermediate,3.93,2025-02-04,0.0
U02549,CR00032,Ethical Hacking,Cybersecurity,Advanced,2.38,2025-10-13,0.0
U02550,CR00040,Leadership in Projects,Project Management,Beginner,1.51,2025-08-02,327.99
U02551,CR00053,React for Beginners,Web Development,Advanced,2.67,2025-05-03,0.0
U02552,CR00009,Web Design Fundamentals,Design,Beginner,4.51,2025-07-13,0.0
U02553,CR00031,Network Security,Cybersecurity,Intermediate,1.91,2025-11-15,0.0
U02553,CR00012,Business Strategy,Business,Advanced,3.64,2025-10-10,487.92
U02554,CR00025,Statistical Analysis,Data Science,Beginner,3.74,2025-04-26,299.57
U02555,CR00009,Web Design Fundamentals,Design,Beginner,4.51,2025-01-10,0.0
U02556,CR00006,Graphic Design Basics,Design,Advanced,2.72,2025-10-14,276.37
U02557,CR00048,AI Ethics,Artificial Intelligence,Beginner,3.64,2025-02-19,0.0
U02558,CR00033,Cybersecurity Fundamentals,Cybersecurity,Intermediate,3.93,2025-05-21,0.0
U02558,CR00028,Deep Learning,Machine Learning,Advanced,3.89,2025-04-18,0.78
U02558,CR00058,Social Media Strategy,Digital Marketing,Beginner,4.44,2025-04-08,0.0
U02558,CR00002,Java Programming,Programming,Intermediate,2.43,2025-01-20,0.0
U02559,CR00010,3D Modeling,Design,Advanced,4.45,2025-09-27,0.0
U02560,CR00022,Data Visualization,Data Science,Beginner,3.65,2025-06-20,0.0
U02561,CR00016,Digital Marketing,Marketing,Intermediate,4.72,2025-07-15,0.0
U02562,CR00029,Natural Language Processing,Machine Learning,Beginner,1.13,2025-12-26,0.0
U02562,CR00011,Entrepreneurship 101,Business,Intermediate,2.69,2025-04-22,326.02
U02562,CR00042,Investment Strategies,Finance,Intermediate,4.1,2025-02-03,0.0
U02562,CR00058,Social Media Strategy,Digital Marketing,Beginner,4.44,2025-01-27,0.0
U02563,CR00033,Cybersecurity Fundamentals,Cybersecurity,Intermediate,3.93,2025-07-25,0.0
U02564,CR00026,Intro to Machine Learning,Machine Learning,Intermediate,4.73,2025-12-15,0.0
U02564,CR00034,Data Encryption,Cybersecurity,Intermediate,1.35,2025-11-27,394.26
U02564,CR00031,Network Security,Cybersecurity,Intermediate,1.91,2025-11-13,0.0
U02564,CR00003,C++ for Beginners,Programming,Beginner,3.85,2025-10-16,0.0
U02564,CR00054,Backend Development with Node.js,Web Development,Beginner,3.32,2025-10-04,0.0
U02564,CR00042,Investment Strategies,Finance,Intermediate,4.1,2025-08-18,0.0
U02564,CR00027,Neural Networks,Machine Learning,Advanced,1.81,2025-06-29,0.0
U02564,CR00044,Personal Finance,Finance,Intermediate,2.75,2025-06-03,119.04
U02564,CR00056,Google Ads Mastery,Digital Marketing,Advanced,3.15,2025-04-30,212.39
U02564,CR00060,Content Creation,Digital Marketing,Beginner,2.14,2025-04-20,0.0
U02564,CR00015,Leadership Essentials,Business,Beginner,1.96,2025-03-21,285.05
U02564,CR00055,Full-Stack Web Development,Web Development,Advanced,4.74,2025-03-01,57.32
U02564,CR00050,Computer Vision,Artificial Intelligence,Beginner,4.55,2025-02-25,490.9
U02565,CR00040,Leadership in Projects,Project Management,Beginner,1.51,2025-09-01,327.99
U02566,CR00016,Digital Marketing,Marketing,Intermediate,4.72,2025-12-28,0.0
U02566,CR00014,Sales Mastery,Business,Advanced,3.15,2025-10-22,0.0
U02566,CR00060,Content Creation,Digital Marketing,Beginner,2.14,2025-09-29,0.0
U02566,CR00004,Advanced Python,Programming,Beginner,2.88,2025-09-29,0.0
U02566,CR00041,Financial Accounting,Finance,Beginner,2.47,2025-09-24,53.86
U02566,CR00006,Graphic Design Basics,Design,Advanced,2.72,2025-07-22,276.37
U02566,CR00002,Java Programming,Programming,Intermediate,2.43,2025-07-20,0.0
U02566,CR00003,C++ for Beginners,Programming,Beginner,3.85,2025-07-05,0.0
U02566,CR00012,Business Strategy,Business,Advanced,3.64,2025-06-06,487.92
U02566,CR00025,Statistical Analysis,Data Science,Beginner,3.74,2025-05-26,299.57
U02566,CR00054,Backend Development with Node.js,Web Development,Beginner,3.32,2025-04-30,0.0
U02566,CR00033,Cybersecurity Fundamentals,Cybersecurity,Intermediate,3.93,2025-04-18,0.0
U02566,CR00050,Computer Vision,Artificial Intelligence,Beginner,4.55,2025-04-07,490.9
U02566,CR00021,Data Analysis with Python,Data Science,Intermediate,3.6,2025-01-08,0.0
U02567,CR00027,Neural Networks,Machine Learning,Advanced,1.81,2025-08-02,0.0
U02568,CR00058,Social Media Strategy,Digital Marketing,Beginner,4.44,2025-06-29,0.0
U02568,CR00019,Content Marketing,Marketing,Advanced,2.98,2025-04-27,0.0
U02569,CR00008,Photoshop Mastery,Design,Advanced,1.52,2025-06-04,0.0
U02570,CR00001,Python Basics,Programming,Beginner,4.74,2025-11-23,472.28
U02571,CR00031,Network Security,Cybersecurity,Intermediate,1.91,2025-09-28,0.0
U02572,CR00007,UI/UX Design,Design,Advanced,2.61,2025-12-10,0.0
U02573,CR00005,Full Stack Development,Programming,Beginner,1.28,2025-06-24,0.0
U02574,CR00039,Project Planning,Project Management,Advanced,1.23,2025-09-21,346.71
U02575,CR00015,Leadership Essentials,Business,Beginner,1.96,2025-11-20,285.05
U02575,CR00029,Natural Language Processing,Machine Learning,Beginner,1.13,2025-05-12,0.0
U02576,CR00024,Big Data Analytics,Data Science,Advanced,2.57,2025-01-15,117.68
U02577,CR00020,Email Marketing,Marketing,Intermediate,4.11,2025-08-28,0.0
U02577,CR00015,Leadership Essentials,Business,Beginner,1.96,2025-03-27,285.05
U02578,CR00043,Corporate Finance,Finance,Beginner,4.14,2025-10-12,0.0
U02579,CR00016,Digital Marketing,Marketing,Intermediate,4.72,2025-02-26,0.0
U02580,CR00015,Leadership Essentials,Business,Beginner,1.96,2025-10-01,285.05
U02581,CR00020,Email Marketing,Marketing,Intermediate,4.11,2025-05-21,0.0
U02581,CR00039,Project Planning,Project Management,Advanced,1.23,2025-03-02,346.71
U02582,CR00048,AI Ethics,Artificial Intelligence,Beginner,3.64,2025-12-24,0.0
U02582,CR00021,Data Analysis with Python,Data Science,Intermediate,3.6,2025-12-17,0.0
U02582,CR00044,Personal Finance,Finance,Intermediate,2.75,2025-11-19,119.04
U02582,CR00036,Agile Project Management,Project Management,Beginner,4.68,2025-10-28,0.0
U02582,CR00030,Reinforcement Learning,Machine Learning,Intermediate,1.73,2025-10-13,0.0
U02582,CR00055,Full-Stack Web Development,Web Development,Advanced,4.74,2025-09-10,57.32
U02582,CR00003,C++ for Beginners,Programming,Beginner,3.85,2025-07-29,0.0
U02582,CR00032,Ethical Hacking,Cybersecurity,Advanced,2.38,2025-06-05,0.0
U02582,CR00001,Python Basics,Programming,Beginner,4.74,2025-05-28,472.28
U02582,CR00058,Social Media Strategy,Digital Marketing,Beginner,4.44,2025-05-20,0.0
U02582,CR00042,Investment Strategies,Finance,Intermediate,4.1,2025-04-10,0.0
U02582,CR00035,Cyber Threat Intelligence,Cybersecurity,Beginner,4.94,2025-02-22,0.0
U02582,CR00020,Email Marketing,Marketing,Intermediate,4.11,2025-02-04,0.0
U02582,CR00037,Scrum Essentials,Project Management,Intermediate,3.45,2025-01-18,0.0
U02582,CR00022,Data Visualization,Data Science,Beginner,3.65,2025-01-05,0.0
U02583,CR00005,Full Stack Development,Programming,Beginner,1.28,2025-12-29,0.0
U02583,CR00032,Ethical Hacking,Cybersecurity,Advanced,2.38,2025-12-24,0.0
U02583,CR00013,Finance for Startups,Business,Advanced,2.0,2025-12-23,0.0
U02583,CR00021,Data Analysis with Python,Data Science,Intermediate,3.6,2025-11-22,0.0
U02583,CR00024,Big Data Analytics,Data Science,Advanced,2.57,2025-11-19,117.68
U02583,CR00007,UI/UX Design,Design,Advanced,2.61,2025-10-29,0.0
U02583,CR00043,Corporate Finance,Finance,Beginner,4.14,2025-09-22,0.0
U02583,CR00009,Web Design Fundamentals,Design,Beginner,4.51,2025-09-10,0.0
U02583,CR00031,Network Security,Cybersecurity,Intermediate,1.91,2025-09-05,0.0
U02583,CR00029,Natural Language Processing,Machine Learning,Beginner,1.13,2025-05-08,0.0
U02583,CR00038,Risk Management,Project Management,Intermediate,4.84,2025-05-06,342.61
U02583,CR00025,Statistical Analysis,Data Science,Beginner,3.74,2025-04-18,299.57
U02583,CR00019,Content Marketing,Marketing,Advanced,2.98,2025-04-02,0.0
U02583,CR00060,Content Creation,Digital Marketing,Beginner,2.14,2025-03-25,0.0
U02584,CR00032,Ethical Hacking,Cybersecurity,Advanced,2.38,2025-07-05,0.0
U02584,CR00028,Deep Learning,Machine Learning,Advanced,3.89,2025-03-30,0.78
U02585,CR00044,Personal Finance,Finance,Intermediate,2.75,2025-06-19,119.04
U02585,CR00039,Project Planning,Project Management,Advanced,1.23,2025-06-08,346.71
U02586,CR00048,AI Ethics,Artificial Intelligence,Beginner,3.64,2025-08-28,0.0
U02587,CR00003,C++ for Beginners,Programming,Beginner,3.85,2025-12-16,0.0
U02587,CR00015,Leadership Essentials,Business,Beginner,1.96,2025-06-01,285.05
U02588,CR00049,Deep Learning,Artificial Intelligence,Intermediate,3.11,2025-07-15,415.51
U02589,CR00028,Deep Learning,Machine Learning,Advanced,3.89,2025-10-10,0.78
U02590,CR00046,AI for Beginners,Artificial Intelligence,Beginner,1.2,2025-03-18,248.1
U02590,CR00059,Affiliate Marketing,Digital Marketing,Intermediate,4.66,2025-03-01,0.0
U02591,CR00026,Intro to Machine Learning,Machine Learning,Intermediate,4.73,2025-04-24,0.0
U02592,CR00001,Python Basics,Programming,Beginner,4.74,2025-10-28,472.28
U02592,CR00035,Cyber Threat Intelligence,Cybersecurity,Beginner,4.94,2025-09-29,0.0
U02593,CR00054,Backend Development with Node.js,Web Development,Beginner,3.32,2025-10-04,0.0
U02593,CR00022,Data Visualization,Data Science,Beginner,3.65,2025-09-16,0.0
U02593,CR00032,Ethical Hacking,Cybersecurity,Advanced,2.38,2025-08-29,0.0
U02593,CR00003,C++ for Beginners,Programming,Beginner,3.85,2025-07-15,0.0
U02593,CR00057,SEO for E-commerce,Digital Marketing,Advanced,3.89,2025-06-19,177.34
U02593,CR00012,Business Strategy,Business,Advanced,3.64,2025-06-17,487.92
U02593,CR00036,Agile Project Management,Project Management,Beginner,4.68,2025-05-07,0.0
U02593,CR00050,Computer Vision,Artificial Intelligence,Beginner,4.55,2025-03-28,490.9
U02593,CR00035,Cyber Threat Intelligence,Cybersecurity,Beginner,4.94,2025-03-25,0.0
U02593,CR00006,Graphic Design Basics,Design,Advanced,2.72,2025-02-12,276.37
U02593,CR00008,Photoshop Mastery,Design,Advanced,1.52,2025-02-09,0.0
U02593,CR00018,Social Media Marketing,Marketing,Advanced,2.01,2025-01-02,0.0
U02594,CR00040,Leadership in Projects,Project Management,Beginner,1.51,2025-11-26,327.99
U02595,CR00028,Deep Learning,Machine Learning,Advanced,3.89,2025-11-28,0.78
U02596,CR00056,Google Ads Mastery,Digital Marketing,Advanced,3.15,2025-05-18,212.39
U02597,CR00055,Full-Stack Web Development,Web Development,Advanced,4.74,2025-12-02,57.32
U02597,CR00056,Google Ads Mastery,Digital Marketing,Advanced,3.15,2025-03-19,212.39
U02598,CR00021,Data Analysis with Python,Data Science,Intermediate,3.6,2025-04-13,0.0
U02599,CR00039,Project Planning,Project Management,Advanced,1.23,2025-07-08,346.71
U02599,CR00047,Natural Language Processing,Artificial Intelligence,Intermediate,2.68,2025-03-02,89.59
U02600,CR00032,Ethical Hacking,Cybersecurity,Advanced,2.38,2025-11-20,0.0
U02600,CR00006,Graphic Design Basics,Design,Advanced,2.72,2025-06-30,276.37
U02600,CR00039,Project Planning,Project Management,Advanced,1.23,2025-04-21,346.71
U02601,CR00022,Data Visualization,Data Science,Beginner,3.65,2025-06-26,0.0
U02601,CR00052,JavaScript Mastery,Web Development,Beginner,2.2,2025-06-11,0.0
U02601,CR00032,Ethical Hacking,Cybersecurity,Advanced,2.38,2025-03-10,0.0
U02601,CR00048,AI Ethics,Artificial Intelligence,Beginner,3.64,2025-02-22,0.0
U02602,CR00034,Data Encryption,Cybersecurity,Intermediate,1.35,2025-11-08,394.26
U02602,CR00020,Email Marketing,Marketing,Intermediate,4.11,2025-10-27,0.0
U02602,CR00037,Scrum Essentials,Project Management,Intermediate,3.45,2025-10-24,0.0
U02602,CR00013,Finance for Startups,Business,Advanced,2.0,2025-10-20,0.0
U02602,CR00010,3D Modeling,Design,Advanced,4.45,2025-10-16,0.0
U02602,CR00016,Digital Marketing,Marketing,Intermediate,4.72,2025-09-23,0.0
U02602,CR00050,Computer Vision,Artificial Intelligence,Beginner,4.55,2025-08-18,490.9
U02602,CR00032,Ethical Hacking,Cybersecurity,Advanced,2.38,2025-06-11,0.0
U02602,CR00042,Investment Strategies,Finance,Intermediate,4.1,2025-05-29,0.0
U02602,CR00023,Machine Learning Fundamentals,Data Science,Intermediate,3.02,2025-03-16,0.0
U02602,CR00002,Java Programming,Programming,Intermediate,2.43,2025-03-05,0.0
U02602,CR00047,Natural Language Processing,Artificial Intelligence,Intermediate,2.68,2025-02-26,89.59
U02602,CR00035,Cyber Threat Intelligence,Cybersecurity,Beginner,4.94,2025-01-14,0.0
U02603,CR00035,Cyber Threat Intelligence,Cybersecurity,Beginner,4.94,2025-03-10,0.0
U02604,CR00023,Machine Learning Fundamentals,Data Science,Intermediate,3.02,2025-01-19,0.0
U02605,CR00035,Cyber Threat Intelligence,Cybersecurity,Beginner,4.94,2025-12-15,0.0
U02605,CR00017,SEO Mastery,Marketing,Advanced,4.79,2025-11-20,0.0
U02605,CR00057,SEO for E-commerce,Digital Marketing,Advanced,3.89,2025-11-17,177.34
U02605,CR00047,Natural Language Processing,Artificial Intelligence,Intermediate,2.68,2025-09-12,89.59
U02605,CR00020,Email Marketing,Marketing,Intermediate,4.11,2025-08-05,0.0
U02605,CR00056,Google Ads Mastery,Digital Marketing,Advanced,3.15,2025-07-23,212.39
U02605,CR00019,Content Marketing,Marketing,Advanced,2.98,2025-06-15,0.0
U02605,CR00016,Digital Marketing,Marketing,Intermediate,4.72,2025-05-26,0.0
U02605,CR00052,JavaScript Mastery,Web Development,Beginner,2.2,2025-05-01,0.0
U02605,CR00006,Graphic Design Basics,Design,Advanced,2.72,2025-02-02,276.37
U02605,CR00040,Leadership in Projects,Project Management,Beginner,1.51,2025-01-19,327.99
U02605,CR00054,Backend Development with Node.js,Web Development,Beginner,3.32,2025-01-15,0.0
U02606,CR00053,React for Beginners,Web Development,Advanced,2.67,2025-10-27,0.0
U02607,CR00054,Backend Development with Node.js,Web Development,Beginner,3.32,2025-04-08,0.0
U02608,CR00026,Intro to Machine Learning,Machine Learning,Intermediate,4.73,2025-01-28,0.0
U02609,CR00031,Network Security,Cybersecurity,Intermediate,1.91,2025-07-09,0.0
U02609,CR00018,Social Media Marketing,Marketing,Advanced,2.01,2025-06-01,0.0
U02610,CR00036,Agile Project Management,Project Management,Beginner,4.68,2025-04-06,0.0
U02611,CR00023,Machine Learning Fundamentals,Data Science,Intermediate,3.02,2025-06-22,0.0
U02612,CR00024,Big Data Analytics,Data Science,Advanced,2.57,2025-12-27,117.68
U02612,CR00026,Intro to Machine Learning,Machine Learning,Intermediate,4.73,2025-11-17,0.0
U02612,CR00049,Deep Learning,Artificial Intelligence,Intermediate,3.11,2025-11-12,415.51
U02612,CR00045,Financial Modeling,Finance,Advanced,1.59,2025-11-10,0.0
U02612,CR00006,Graphic Design Basics,Design,Advanced,2.72,2025-10-27,276.37
U02612,CR00053,React for Beginners,Web Development,Advanced,2.67,2025-09-27,0.0
U02612,CR00003,C++ for Beginners,Programming,Beginner,3.85,2025-09-03,0.0
U02612,CR00010,3D Modeling,Design,Advanced,4.45,2025-08-24,0.0
U02612,CR00005,Full Stack Development,Programming,Beginner,1.28,2025-08-11,0.0
U02612,CR00044,Personal Finance,Finance,Intermediate,2.75,2025-07-13,119.04
U02612,CR00051,HTML & CSS,Web Development,Advanced,1.3,2025-06-25,37.89
U02612,CR00036,Agile Project Management,Project Management,Beginner,4.68,2025-04-28,0.0
U02612,CR00059,Affiliate Marketing,Digital Marketing,Intermediate,4.66,2025-03-12,0.0
U02612,CR00033,Cybersecurity Fundamentals,Cybersecurity,Intermediate,3.93,2025-02-18,0.0
U02613,CR00007,UI/UX Design,Design,Advanced,2.61,2025-07-15,0.0
U02613,CR00057,SEO for E-commerce,Digital Marketing,Advanced,3.89,2025-04-26,177.34
U02614,CR00060,Content Creation,Digital Marketing,Beginner,2.14,2025-12-03,0.0
U02614,CR00003,C++ for Beginners,Programming,Beginner,3.85,2025-11-12,0.0
U02614,CR00012,Business Strategy,Business,Advanced,3.64,2025-08-30,487.92
U02614,CR00017,SEO Mastery,Marketing,Advanced,4.79,2025-08-12,0.0
U02614,CR00026,Intro to Machine Learning,Machine Learning,Intermediate,4.73,2025-08-08,0.0
U02614,CR00021,Data Analysis with Python,Data Science,Intermediate,3.6,2025-07-21,0.0
U02614,CR00047,Natural Language Processing,Artificial Intelligence,Intermediate,2.68,2025-07-20,89.59
U02614,CR00009,Web Design Fundamentals,Design,Beginner,4.51,2025-06-07,0.0
U02614,CR00015,Leadership Essentials,Business,Beginner,1.96,2025-05-28,285.05
U02614,CR00033,Cybersecurity Fundamentals,Cybersecurity,Intermediate,3.93,2025-03-03,0.0
U02614,CR00005,Full Stack Development,Programming,Beginner,1.28,2025-02-14,0.0
U02614,CR00055,Full-Stack Web Development,Web Development,Advanced,4.74,2025-02-11,57.32
U02614,CR00054,Backend Development with Node.js,Web Development,Beginner,3.32,2025-01-13,0.0
U02615,CR00054,Backend Development with Node.js,Web Development,Beginner,3.32,2025-10-07,0.0
U02615,CR00020,Email Marketing,Marketing,Intermediate,4.11,2025-07-19,0.0
U02616,CR00007,UI/UX Design,Design,Advanced,2.61,2025-12-14,0.0
U02616,CR00012,Business Strategy,Business,Advanced,3.64,2025-12-05,487.92
U02616,CR00020,Email Marketing,Marketing,Intermediate,4.11,2025-11-21,0.0
U02616,CR00052,JavaScript Mastery,Web Development,Beginner,2.2,2025-11-18,0.0
U02616,CR00008,Photoshop Mastery,Design,Advanced,1.52,2025-11-07,0.0
U02616,CR00016,Digital Marketing,Marketing,Intermediate,4.72,2025-10-30,0.0
U02616,CR00040,Leadership in Projects,Project Management,Beginner,1.51,2025-10-17,327.99
U02616,CR00041,Financial Accounting,Finance,Beginner,2.47,2025-09-21,53.86
U02616,CR00002,Java Programming,Programming,Intermediate,2.43,2025-06-05,0.0
U02616,CR00006,Graphic Design Basics,Design,Advanced,2.72,2025-03-28,276.37
U02616,CR00029,Natural Language Processing,Machine Learning,Beginner,1.13,2025-01-26,0.0
U02616,CR00044,Personal Finance,Finance,Intermediate,2.75,2025-01-18,119.04
U02616,CR00017,SEO Mastery,Marketing,Advanced,4.79,2025-01-10,0.0
U02617,CR00042,Investment Strategies,Finance,Intermediate,4.1,2025-09-08,0.0
U02617,CR00002,Java Programming,Programming,Intermediate,2.43,2025-05-25,0.0
U02617,CR00050,Computer Vision,Artificial Intelligence,Beginner,4.55,2025-02-05,490.9
U02617,CR00019,Content Marketing,Marketing,Advanced,2.98,2025-01-23,0.0
U02618,CR00036,Agile Project Management,Project Management,Beginner,4.68,2025-11-04,0.0
U02618,CR00053,React for Beginners,Web Development,Advanced,2.67,2025-08-08,0.0
U02618,CR00054,Backend Development with Node.js,Web Development,Beginner,3.32,2025-04-28,0.0
U02619,CR00056,Google Ads Mastery,Digital Marketing,Advanced,3.15,2025-04-26,212.39
U02620,CR00051,HTML & CSS,Web Development,Advanced,1.3,2025-11-05,37.89
U02620,CR00009,Web Design Fundamentals,Design,Beginner,4.51,2025-04-15,0.0
U02621,CR00003,C++ for Beginners,Programming,Beginner,3.85,2025-02-18,0.0
U02622,CR00035,Cyber Threat Intelligence,Cybersecurity,Beginner,4.94,2025-10-25,0.0
U02623,CR00043,Corporate Finance,Finance,Beginner,4.14,2025-11-30,0.0
U02623,CR00044,Personal Finance,Finance,Intermediate,2.75,2025-11-22,119.04
U02623,CR00016,Digital Marketing,Marketing,Intermediate,4.72,2025-08-27,0.0
U02623,CR00029,Natural Language Processing,Machine Learning,Beginner,1.13,2025-08-23,0.0
U02623,CR00055,Full-Stack Web Development,Web Development,Advanced,4.74,2025-08-10,57.32
U02623,CR00018,Social Media Marketing,Marketing,Advanced,2.01,2025-06-02,0.0
U02623,CR00042,Investment Strategies,Finance,Intermediate,4.1,2025-06-01,0.0
U02623,CR00011,Entrepreneurship 101,Business,Intermediate,2.69,2025-04-21,326.02
U02623,CR00057,SEO for E-commerce,Digital Marketing,Advanced,3.89,2025-04-14,177.34
U02623,CR00032,Ethical Hacking,Cybersecurity,Advanced,2.38,2025-03-14,0.0
U02623,CR00054,Backend Development with Node.js,Web Development,Beginner,3.32,2025-01-20,0.0
U02624,CR00002,Java Programming,Programming,Intermediate,2.43,2025-12-21,0.0
U02624,CR00050,Computer Vision,Artificial Intelligence,Beginner,4.55,2025-12-19,490.9
U02624,CR00021,Data Analysis with Python,Data Science,Intermediate,3.6,2025-03-20,0.0
U02625,CR00058,Social Media Strategy,Digital Marketing,Beginner,4.44,2025-10-19,0.0
U02625,CR00019,Content Marketing,Marketing,Advanced,2.98,2025-01-29,0.0
U02626,CR00035,Cyber Threat Intelligence,Cybersecurity,Beginner,4.94,2025-12-04,0.0
U02626,CR00007,UI/UX Design,Design,Advanced,2.61,2025-09-12,0.0
U02626,CR00056,Google Ads Mastery,Digital Marketing,Advanced,3.15,2025-07-24,212.39
U02627,CR00037,Scrum Essentials,Project Management,Intermediate,3.45,2025-02-02,0.0
U02628,CR00015,Leadership Essentials,Business,Beginner,1.96,2025-09-11,285.05
U02629,CR00055,Full-Stack Web Development,Web Development,Advanced,4.74,2025-02-03,57.32
U02630,CR00018,Social Media Marketing,Marketing,Advanced,2.01,2025-11-30,0.0
U02630,CR00034,Data Encryption,Cybersecurity,Intermediate,1.35,2025-11-09,394.26
U02630,CR00004,Advanced Python,Programming,Beginner,2.88,2025-09-23,0.0
U02630,CR00048,AI Ethics,Artificial Intelligence,Beginner,3.64,2025-09-08,0.0
U02630,CR00020,Email Marketing,Marketing,Intermediate,4.11,2025-08-21,0.0
U02630,CR00006,Graphic Design Basics,Design,Advanced,2.72,2025-07-30,276.37
U02630,CR00017,SEO Mastery,Marketing,Advanced,4.79,2025-06-24,0.0
U02630,CR00014,Sales Mastery,Business,Advanced,3.15,2025-05-19,0.0
U02630,CR00009,Web Design Fundamentals,Design,Beginner,4.51,2025-04-24,0.0
U02630,CR00042,Investment Strategies,Finance,Intermediate,4.1,2025-03-13,0.0
U02630,CR00054,Backend Development with Node.js,Web Development,Beginner,3.32,2025-01-30,0.0
U02630,CR00029,Natural Language Processing,Machine Learning,Beginner,1.13,2025-01-09,0.0
U02631,CR00021,Data Analysis with Python,Data Science,Intermediate,3.6,2025-07-14,0.0
U02632,CR00048,AI Ethics,Artificial Intelligence,Beginner,3.64,2025-07-05,0.0
U02633,CR00013,Finance for Startups,Business,Advanced,2.0,2025-11-08,0.0
U02633,CR00010,3D Modeling,Design,Advanced,4.45,2025-10-02,0.0
U02633,CR00038,Risk Management,Project Management,Intermediate,4.84,2025-09-10,342.61
U02633,CR00044,Personal Finance,Finance,Intermediate,2.75,2025-09-02,119.04
U02633,CR00057,SEO for E-commerce,Digital Marketing,Advanced,3.89,2025-09-01,177.34
U02633,CR00002,Java Programming,Programming,Intermediate,2.43,2025-08-12,0.0
U02633,CR00043,Corporate Finance,Finance,Beginner,4.14,2025-07-19,0.0
U02633,CR00023,Machine Learning Fundamentals,Data Science,Intermediate,3.02,2025-07-09,0.0
U02633,CR00059,Affiliate Marketing,Digital Marketing,Intermediate,4.66,2025-06-21,0.0
U02633,CR00014,Sales Mastery,Business,Advanced,3.15,2025-05-29,0.0
U02633,CR00006,Graphic Design Basics,Design,Advanced,2.72,2025-04-24,276.37
U02633,CR00047,Natural Language Processing,Artificial Intelligence,Intermediate,2.68,2025-03-18,89.59
U02633,CR00045,Financial Modeling,Finance,Advanced,1.59,2025-03-03,0.0
U02633,CR00048,AI Ethics,Artificial Intelligence,Beginner,3.64,2025-01-21,0.0
U02634,CR00055,Full-Stack Web Development,Web Development,Advanced,4.74,2025-03-01,57.32
U02635,CR00017,SEO Mastery,Marketing,Advanced,4.79,2025-08-16,0.0
U02636,CR00023,Machine Learning Fundamentals,Data Science,Intermediate,3.02,2025-03-09,0.0
U02637,CR00023,Machine Learning Fundamentals,Data Science,Intermediate,3.02,2025-07-08,0.0
U02637,CR00028,Deep Learning,Machine Learning,Advanced,3.89,2025-03-18,0.78
U02638,CR00013,Finance for Startups,Business,Advanced,2.0,2025-05-14,0.0
U02639,CR00056,Google Ads Mastery,Digital Marketing,Advanced,3.15,2025-06-14,212.39
U02640,CR00011,Entrepreneurship 101,Business,Intermediate,2.69,2025-10-30,326.02
U02640,CR00040,Leadership in Projects,Project Management,Beginner,1.51,2025-05-14,327.99
U02640,CR00053,React for Beginners,Web Development,Advanced,2.67,2025-03-07,0.0
U02641,CR00008,Photoshop Mastery,Design,Advanced,1.52,2025-08-10,0.0
U02642,CR00022,Data Visualization,Data Science,Beginner,3.65,2025-06-17,0.0
U02643,CR00002,Java Programming,Programming,Intermediate,2.43,2025-11-24,0.0
U02643,CR00025,Statistical Analysis,Data Science,Beginner,3.74,2025-11-08,299.57
U02643,CR00040,Leadership in Projects,Project Management,Beginner,1.51,2025-10-24,327.99
U02643,CR00011,Entrepreneurship 101,Business,Intermediate,2.69,2025-10-24,326.02
U02643,CR00045,Financial Modeling,Finance,Advanced,1.59,2025-10-08,0.0
U02643,CR00042,Investment Strategies,Finance,Intermediate,4.1,2025-09-27,0.0
U02643,CR00048,AI Ethics,Artificial Intelligence,Beginner,3.64,2025-09-05,0.0
U02643,CR00058,Social Media Strategy,Digital Marketing,Beginner,4.44,2025-09-04,0.0
U02643,CR00032,Ethical Hacking,Cybersecurity,Advanced,2.38,2025-07-24,0.0
U02643,CR00041,Financial Accounting,Finance,Beginner,2.47,2025-07-12,53.86
U02643,CR00018,Social Media Marketing,Marketing,Advanced,2.01,2025-05-20,0.0
U02643,CR00051,HTML & CSS,Web Development,Advanced,1.3,2025-03-28,37.89
U02643,CR00022,Data Visualization,Data Science,Beginner,3.65,2025-01-29,0.0
U02643,CR00031,Network Security,Cybersecurity,Intermediate,1.91,2025-01-09,0.0
U02643,CR00049,Deep Learning,Artificial Intelligence,Intermediate,3.11,2025-01-08,415.51
U02644,CR00057,SEO for E-commerce,Digital Marketing,Advanced,3.89,2025-11-08,177.34
U02644,CR00055,Full-Stack Web Development,Web Development,Advanced,4.74,2025-08-03,57.32
U02644,CR00060,Content Creation,Digital Marketing,Beginner,2.14,2025-05-28,0.0
U02644,CR00008,Photoshop Mastery,Design,Advanced,1.52,2025-01-30,0.0
U02645,CR00039,Project Planning,Project Management,Advanced,1.23,2025-12-27,346.71
U02645,CR00012,Business Strategy,Business,Advanced,3.64,2025-10-04,487.92
U02645,CR00003,C++ for Beginners,Programming,Beginner,3.85,2025-10-03,0.0
U02645,CR00028,Deep Learning,Machine Learning,Advanced,3.89,2025-09-26,0.78
U02645,CR00008,Photoshop Mastery,Design,Advanced,1.52,2025-08-25,0.0
U02645,CR00009,Web Design Fundamentals,Design,Beginner,4.51,2025-08-06,0.0
U02645,CR00019,Content Marketing,Marketing,Advanced,2.98,2025-07-20,0.0
U02645,CR00018,Social Media Marketing,Marketing,Advanced,2.01,2025-06-18,0.0
U02645,CR00041,Financial Accounting,Finance,Beginner,2.47,2025-05-12,53.86
U02645,CR00059,Affiliate Marketing,Digital Marketing,Intermediate,4.66,2025-01-07,0.0
U02646,CR00046,AI for Beginners,Artificial Intelligence,Beginner,1.2,2025-05-10,248.1
U02646,CR00012,Business Strategy,Business,Advanced,3.64,2025-04-10,487.92
U02647,CR00018,Social Media Marketing,Marketing,Advanced,2.01,2025-05-27,0.0
U02648,CR00022,Data Visualization,Data Science,Beginner,3.65,2025-09-24,0.0
U02649,CR00001,Python Basics,Programming,Beginner,4.74,2025-12-26,472.28
U02650,CR00036,Agile Project Management,Project Management,Beginner,4.68,2025-04-30,0.0
U02650,CR00046,AI for Beginners,Artificial Intelligence,Beginner,1.2,2025-02-11,248.1
U02651,CR00040,Leadership in Projects,Project Management,Beginner,1.51,2025-12-21,327.99
U02651,CR00055,Full-Stack Web Development,Web Development,Advanced,4.74,2025-12-05,57.32
U02651,CR00056,Google Ads Mastery,Digital Marketing,Advanced,3.15,2025-11-28,212.39
U02651,CR00033,Cybersecurity Fundamentals,Cybersecurity,Intermediate,3.93,2025-11-10,0.0
U02651,CR00015,Leadership Essentials,Business,Beginner,1.96,2025-11-06,285.05
U02651,CR00027,Neural Networks,Machine Learning,Advanced,1.81,2025-10-21,0.0
U02651,CR00018,Social Media Marketing,Marketing,Advanced,2.01,2025-08-06,0.0
U02651,CR00059,Affiliate Marketing,Digital Marketing,Intermediate,4.66,2025-08-03,0.0
U02651,CR00057,SEO for E-commerce,Digital Marketing,Advanced,3.89,2025-07-23,177.34
U02651,CR00021,Data Analysis with Python,Data Science,Intermediate,3.6,2025-03-27,0.0
U02651,CR00013,Finance for Startups,Business,Advanced,2.0,2025-03-11,0.0
U02651,CR00019,Content Marketing,Marketing,Advanced,2.98,2025-03-06,0.0
U02651,CR00041,Financial Accounting,Finance,Beginner,2.47,2025-01-20,53.86
U02651,CR00035,Cyber Threat Intelligence,Cybersecurity,Beginner,4.94,2025-01-19,0.0
U02651,CR00037,Scrum Essentials,Project Management,Intermediate,3.45,2025-01-17,0.0
U02651,CR00053,React for Beginners,Web Development,Advanced,2.67,2025-01-07,0.0
U02652,CR00027,Neural Networks,Machine Learning,Advanced,1.81,2025-10-07,0.0
U02653,CR00058,Social Media Strategy,Digital Marketing,Beginner,4.44,2025-04-24,0.0
U02654,CR00049,Deep Learning,Artificial Intelligence,Intermediate,3.11,2025-01-24,415.51
U02655,CR00003,C++ for Beginners,Programming,Beginner,3.85,2025-05-16,0.0
U02656,CR00041,Financial Accounting,Finance,Beginner,2.47,2025-10-01,53.86
U02657,CR00057,SEO for E-commerce,Digital Marketing,Advanced,3.89,2025-01-09,177.34
U02658,CR00031,Network Security,Cybersecurity,Intermediate,1.91,2025-12-01,0.0
U02658,CR00052,JavaScript Mastery,Web Development,Beginner,2.2,2025-06-04,0.0
U02658,CR00015,Leadership Essentials,Business,Beginner,1.96,2025-05-09,285.05
U02659,CR00037,Scrum Essentials,Project Management,Intermediate,3.45,2025-02-13,0.0
U02659,CR00046,AI for Beginners,Artificial Intelligence,Beginner,1.2,2025-02-07,248.1
U02660,CR00007,UI/UX Design,Design,Advanced,2.61,2025-09-05,0.0
U02661,CR00018,Social Media Marketing,Marketing,Advanced,2.01,2025-09-14,0.0
U02662,CR00024,Big Data Analytics,Data Science,Advanced,2.57,2025-10-03,117.68
U02662,CR00042,Investment Strategies,Finance,Intermediate,4.1,2025-03-24,0.0
U02663,CR00041,Financial Accounting,Finance,Beginner,2.47,2025-12-23,53.86
U02663,CR00035,Cyber Threat Intelligence,Cybersecurity,Beginner,4.94,2025-11-02,0.0
U02663,CR00045,Financial Modeling,Finance,Advanced,1.59,2025-10-09,0.0
U02663,CR00001,Python Basics,Programming,Beginner,4.74,2025-09-10,472.28
U02663,CR00005,Full Stack Development,Programming,Beginner,1.28,2025-07-30,0.0
U02663,CR00050,Computer Vision,Artificial Intelligence,Beginner,4.55,2025-06-19,490.9
U02663,CR00048,AI Ethics,Artificial Intelligence,Beginner,3.64,2025-06-09,0.0
U02663,CR00027,Neural Networks,Machine Learning,Advanced,1.81,2025-06-01,0.0
U02663,CR00030,Reinforcement Learning,Machine Learning,Intermediate,1.73,2025-05-27,0.0
U02663,CR00029,Natural Language Processing,Machine Learning,Beginner,1.13,2025-05-23,0.0
U02663,CR00010,3D Modeling,Design,Advanced,4.45,2025-05-07,0.0
U02663,CR00004,Advanced Python,Programming,Beginner,2.88,2025-02-17,0.0
U02663,CR00058,Social Media Strategy,Digital Marketing,Beginner,4.44,2025-02-16,0.0
U02663,CR00036,Agile Project Management,Project Management,Beginner,4.68,2025-01-24,0.0
U02664,CR00017,SEO Mastery,Marketing,Advanced,4.79,2025-05-24,0.0
U02665,CR00051,HTML & CSS,Web Development,Advanced,1.3,2025-03-05,37.89
U02666,CR00007,UI/UX Design,Design,Advanced,2.61,2025-10-17,0.0
U02667,CR00046,AI for Beginners,Artificial Intelligence,Beginner,1.2,2025-11-25,248.1
U02668,CR00055,Full-Stack Web Development,Web Development,Advanced,4.74,2025-09-05,57.32
U02668,CR00010,3D Modeling,Design,Advanced,4.45,2025-03-02,0.0
U02668,CR00002,Java Programming,Programming,Intermediate,2.43,2025-01-23,0.0
U02669,CR00059,Affiliate Marketing,Digital Marketing,Intermediate,4.66,2025-11-22,0.0
U02669,CR00016,Digital Marketing,Marketing,Intermediate,4.72,2025-11-16,0.0
U02670,CR00053,React for Beginners,Web Development,Advanced,2.67,2025-08-26,0.0
U02671,CR00025,Statistical Analysis,Data Science,Beginner,3.74,2025-09-16,299.57
U02672,CR00033,Cybersecurity Fundamentals,Cybersecurity,Intermediate,3.93,2025-12-12,0.0
U02672,CR00016,Digital Marketing,Marketing,Intermediate,4.72,2025-09-25,0.0
U02672,CR00051,HTML & CSS,Web Development,Advanced,1.3,2025-09-16,37.89
U02672,CR00032,Ethical Hacking,Cybersecurity,Advanced,2.38,2025-08-17,0.0
U02672,CR00035,Cyber Threat Intelligence,Cybersecurity,Beginner,4.94,2025-08-09,0.0
U02672,CR00039,Project Planning,Project Management,Advanced,1.23,2025-07-30,346.71
U02672,CR00048,AI Ethics,Artificial Intelligence,Beginner,3.64,2025-06-10,0.0
U02672,CR00010,3D Modeling,Design,Advanced,4.45,2025-05-20,0.0
U02672,CR00002,Java Programming,Programming,Intermediate,2.43,2025-04-28,0.0
U02672,CR00038,Risk Management,Project Management,Intermediate,4.84,2025-03-02,342.61
U02672,CR00060,Content Creation,Digital Marketing,Beginner,2.14,2025-02-09,0.0
U02672,CR00058,Social Media Strategy,Digital Marketing,Beginner,4.44,2025-02-03,0.0
U02672,CR00015,Leadership Essentials,Business,Beginner,1.96,2025-01-19,285.05
U02672,CR00059,Affiliate Marketing,Digital Marketing,Intermediate,4.66,2025-01-16,0.0
U02673,CR00019,Content Marketing,Marketing,Advanced,2.98,2025-09-22,0.0
U02674,CR00042,Investment Strategies,Finance,Intermediate,4.1,2025-07-06,0.0
U02675,CR00005,Full Stack Development,Programming,Beginner,1.28,2025-10-24,0.0
U02675,CR00002,Java Programming,Programming,Intermediate,2.43,2025-04-29,0.0
U02675,CR00029,Natural Language Processing,Machine Learning,Beginner,1.13,2025-03-26,0.0
U02675,CR00039,Project Planning,Project Management,Advanced,1.23,2025-02-15,346.71
U02676,CR00034,Data Encryption,Cybersecurity,Intermediate,1.35,2025-03-08,394.26
U02677,CR00014,Sales Mastery,Business,Advanced,3.15,2025-08-06,0.0
U02677,CR00008,Photoshop Mastery,Design,Advanced,1.52,2025-07-28,0.0
U02677,CR00050,Computer Vision,Artificial Intelligence,Beginner,4.55,2025-06-02,490.9
U02678,CR00029,Natural Language Processing,Machine Learning,Beginner,1.13,2025-10-04,0.0
U02679,CR00013,Finance for Startups,Business,Advanced,2.0,2025-12-25,0.0
U02679,CR00024,Big Data Analytics,Data Science,Advanced,2.57,2025-10-18,117.68
U02679,CR00001,Python Basics,Programming,Beginner,4.74,2025-10-07,472.28
U02679,CR00011,Entrepreneurship 101,Business,Intermediate,2.69,2025-07-26,326.02
U02679,CR00010,3D Modeling,Design,Advanced,4.45,2025-06-28,0.0
U02679,CR00004,Advanced Python,Programming,Beginner,2.88,2025-06-12,0.0
U02679,CR00014,Sales Mastery,Business,Advanced,3.15,2025-06-08,0.0
U02679,CR00051,HTML & CSS,Web Development,Advanced,1.3,2025-05-20,37.89
U02679,CR00026,Intro to Machine Learning,Machine Learning,Intermediate,4.73,2025-04-04,0.0
U02679,CR00047,Natural Language Processing,Artificial Intelligence,Intermediate,2.68,2025-02-22,89.59
U02679,CR00060,Content Creation,Digital Marketing,Beginner,2.14,2025-02-11,0.0
U02680,CR00037,Scrum Essentials,Project Management,Intermediate,3.45,2025-12-06,0.0
U02681,CR00008,Photoshop Mastery,Design,Advanced,1.52,2025-06-11,0.0
U02682,CR00041,Financial Accounting,Finance,Beginner,2.47,2025-05-26,53.86
U02683,CR00030,Reinforcement Learning,Machine Learning,Intermediate,1.73,2025-12-30,0.0
U02683,CR00036,Agile Project Management,Project Management,Beginner,4.68,2025-12-16,0.0
U02683,CR00008,Photoshop Mastery,Design,Advanced,1.52,2025-12-01,0.0
U02683,CR00012,Business Strategy,Business,Advanced,3.64,2025-11-18,487.92
U02683,CR00019,Content Marketing,Marketing,Advanced,2.98,2025-10-20,0.0
U02683,CR00046,AI for Beginners,Artificial Intelligence,Beginner,1.2,2025-07-28,248.1
U02683,CR00001,Python Basics,Programming,Beginner,4.74,2025-06-25,472.28
U02683,CR00034,Data Encryption,Cybersecurity,Intermediate,1.35,2025-05-17,394.26
U02683,CR00047,Natural Language Processing,Artificial Intelligence,Intermediate,2.68,2025-05-14,89.59
U02683,CR00044,Personal Finance,Finance,Intermediate,2.75,2025-04-24,119.04
U02683,CR00050,Computer Vision,Artificial Intelligence,Beginner,4.55,2025-04-24,490.9
U02683,CR00017,SEO Mastery,Marketing,Advanced,4.79,2025-04-09,0.0
U02683,CR00006,Graphic Design Basics,Design,Advanced,2.72,2025-04-08,276.37
U02683,CR00045,Financial Modeling,Finance,Advanced,1.59,2025-03-17,0.0
U02683,CR00023,Machine Learning Fundamentals,Data Science,Intermediate,3.02,2025-01-29,0.0
U02684,CR00025,Statistical Analysis,Data Science,Beginner,3.74,2025-12-01,299.57
U02684,CR00015,Leadership Essentials,Business,Beginner,1.96,2025-11-15,285.05
U02684,CR00027,Neural Networks,Machine Learning,Advanced,1.81,2025-08-14,0.0
U02684,CR00023,Machine Learning Fundamentals,Data Science,Intermediate,3.02,2025-07-25,0.0
U02684,CR00049,Deep Learning,Artificial Intelligence,Intermediate,3.11,2025-07-06,415.51
U02684,CR00007,UI/UX Design,Design,Advanced,2.61,2025-06-02,0.0
U02684,CR00058,Social Media Strategy,Digital Marketing,Beginner,4.44,2025-05-19,0.0
U02684,CR00001,Python Basics,Programming,Beginner,4.74,2025-05-06,472.28
U02684,CR00050,Computer Vision,Artificial Intelligence,Beginner,4.55,2025-04-30,490.9
U02684,CR00056,Google Ads Mastery,Digital Marketing,Advanced,3.15,2025-04-25,212.39
U02684,CR00034,Data Encryption,Cybersecurity,Intermediate,1.35,2025-03-29,394.26
U02684,CR00017,SEO Mastery,Marketing,Advanced,4.79,2025-03-13,0.0
U02684,CR00030,Reinforcement Learning,Machine Learning,Intermediate,1.73,2025-01-08,0.0
U02684,CR00057,SEO for E-commerce,Digital Marketing,Advanced,3.89,2025-01-05,177.34
U02685,CR00012,Business Strategy,Business,Advanced,3.64,2025-08-19,487.92
U02686,CR00001,Python Basics,Programming,Beginner,4.74,2025-12-04,472.28
U02686,CR00038,Risk Management,Project Management,Intermediate,4.84,2025-11-21,342.61
U02686,CR00035,Cyber Threat Intelligence,Cybersecurity,Beginner,4.94,2025-03-22,0.0
U02686,CR00005,Full Stack Development,Programming,Beginner,1.28,2025-01-29,0.0
U02687,CR00056,Google Ads Mastery,Digital Marketing,Advanced,3.15,2025-03-10,212.39
U02688,CR00043,Corporate Finance,Finance,Beginner,4.14,2025-05-13,0.0
U02689,CR00058,Social Media Strategy,Digital Marketing,Beginner,4.44,2025-03-08,0.0
U02690,CR00029,Natural Language Processing,Machine Learning,Beginner,1.13,2025-05-24,0.0
U02690,CR00035,Cyber Threat Intelligence,Cybersecurity,Beginner,4.94,2025-05-08,0.0
U02690,CR00034,Data Encryption,Cybersecurity,Intermediate,1.35,2025-04-30,394.26
U02690,CR00030,Reinforcement Learning,Machine Learning,Intermediate,1.73,2025-04-10,0.0
U02691,CR00003,C++ for Beginners,Programming,Beginner,3.85,2025-05-04,0.0
U02692,CR00021,Data Analysis with Python,Data Science,Intermediate,3.6,2025-07-04,0.0
U02692,CR00010,3D Modeling,Design,Advanced,4.45,2025-02-19,0.0
U02692,CR00024,Big Data Analytics,Data Science,Advanced,2.57,2025-02-07,117.68
U02693,CR00038,Risk Management,Project Management,Intermediate,4.84,2025-08-05,342.61
U02694,CR00040,Leadership in Projects,Project Management,Beginner,1.51,2025-06-15,327.99
U02694,CR00025,Statistical Analysis,Data Science,Beginner,3.74,2025-04-05,299.57
U02695,CR00052,JavaScript Mastery,Web Development,Beginner,2.2,2025-07-24,0.0
U02696,CR00013,Finance for Startups,Business,Advanced,2.0,2025-12-05,0.0
U02696,CR00050,Computer Vision,Artificial Intelligence,Beginner,4.55,2025-06-22,490.9
U02697,CR00039,Project Planning,Project Management,Advanced,1.23,2025-11-27,346.71
U02697,CR00047,Natural Language Processing,Artificial Intelligence,Intermediate,2.68,2025-08-06,89.59
U02697,CR00028,Deep Learning,Machine Learning,Advanced,3.89,2025-03-19,0.78
U02697,CR00017,SEO Mastery,Marketing,Advanced,4.79,2025-02-06,0.0
U02698,CR00049,Deep Learning,Artificial Intelligence,Intermediate,3.11,2025-12-15,415.51
U02698,CR00048,AI Ethics,Artificial Intelligence,Beginner,3.64,2025-11-15,0.0
U02698,CR00010,3D Modeling,Design,Advanced,4.45,2025-11-03,0.0
U02698,CR00037,Scrum Essentials,Project Management,Intermediate,3.45,2025-10-28,0.0
U02698,CR00055,Full-Stack Web Development,Web Development,Advanced,4.74,2025-07-25,57.32
U02698,CR00052,JavaScript Mastery,Web Development,Beginner,2.2,2025-06-25,0.0
U02698,CR00027,Neural Networks,Machine Learning,Advanced,1.81,2025-05-02,0.0
U02698,CR00032,Ethical Hacking,Cybersecurity,Advanced,2.38,2025-05-01,0.0
U02698,CR00045,Financial Modeling,Finance,Advanced,1.59,2025-03-27,0.0
U02698,CR00012,Business Strategy,Business,Advanced,3.64,2025-03-10,487.92
U02698,CR00039,Project Planning,Project Management,Advanced,1.23,2025-02-16,346.71
U02698,CR00050,Computer Vision,Artificial Intelligence,Beginner,4.55,2025-01-05,490.9
U02699,CR00020,Email Marketing,Marketing,Intermediate,4.11,2025-09-05,0.0
U02700,CR00055,Full-Stack Web Development,Web Development,Advanced,4.74,2025-09-11,57.32
U02701,CR00042,Investment Strategies,Finance,Intermediate,4.1,2025-12-14,0.0
U02701,CR00007,UI/UX Design,Design,Advanced,2.61,2025-10-15,0.0
U02701,CR00057,SEO for E-commerce,Digital Marketing,Advanced,3.89,2025-08-22,177.34
U02701,CR00046,AI for Beginners,Artificial Intelligence,Beginner,1.2,2025-01-28,248.1
U02702,CR00029,Natural Language Processing,Machine Learning,Beginner,1.13,2025-09-30,0.0
U02702,CR00060,Content Creation,Digital Marketing,Beginner,2.14,2025-08-06,0.0
U02703,CR00030,Reinforcement Learning,Machine Learning,Intermediate,1.73,2025-03-30,0.0
U02704,CR00031,Network Security,Cybersecurity,Intermediate,1.91,2025-07-25,0.0
U02705,CR00007,UI/UX Design,Design,Advanced,2.61,2025-06-03,0.0
U02705,CR00034,Data Encryption,Cybersecurity,Intermediate,1.35,2025-01-12,394.26
U02706,CR00051,HTML & CSS,Web Development,Advanced,1.3,2025-10-18,37.89
U02707,CR00024,Big Data Analytics,Data Science,Advanced,2.57,2025-10-03,117.68
U02708,CR00001,Python Basics,Programming,Beginner,4.74,2025-10-08,472.28
U02709,CR00008,Photoshop Mastery,Design,Advanced,1.52,2025-12-25,0.0
U02709,CR00029,Natural Language Processing,Machine Learning,Beginner,1.13,2025-12-23,0.0
U02709,CR00034,Data Encryption,Cybersecurity,Intermediate,1.35,2025-09-07,394.26
U02709,CR00016,Digital Marketing,Marketing,Intermediate,4.72,2025-08-30,0.0
U02709,CR00015,Leadership Essentials,Business,Beginner,1.96,2025-06-03,285.05
U02709,CR00028,Deep Learning,Machine Learning,Advanced,3.89,2025-05-14,0.78
U02709,CR00058,Social Media Strategy,Digital Marketing,Beginner,4.44,2025-04-29,0.0
U02709,CR00046,AI for Beginners,Artificial Intelligence,Beginner,1.2,2025-04-07,248.1
U02709,CR00023,Machine Learning Fundamentals,Data Science,Intermediate,3.02,2025-03-20,0.0
U02709,CR00040,Leadership in Projects,Project Management,Beginner,1.51,2025-02-02,327.99
U02709,CR00035,Cyber Threat Intelligence,Cybersecurity,Beginner,4.94,2025-01-15,0.0
U02709,CR00036,Agile Project Management,Project Management,Beginner,4.68,2025-01-08,0.0
U02710,CR00011,Entrepreneurship 101,Business,Intermediate,2.69,2025-08-11,326.02
U02711,CR00035,Cyber Threat Intelligence,Cybersecurity,Beginner,4.94,2025-03-12,0.0
U02711,CR00020,Email Marketing,Marketing,Intermediate,4.11,2025-01-08,0.0
U02712,CR00004,Advanced Python,Programming,Beginner,2.88,2025-11-14,0.0
U02712,CR00001,Python Basics,Programming,Beginner,4.74,2025-10-25,472.28
U02713,CR00059,Affiliate Marketing,Digital Marketing,Intermediate,4.66,2025-12-26,0.0
U02714,CR00030,Reinforcement Learning,Machine Learning,Intermediate,1.73,2025-12-22,0.0
U02715,CR00002,Java Programming,Programming,Intermediate,2.43,2025-12-25,0.0
U02715,CR00013,Finance for Startups,Business,Advanced,2.0,2025-09-28,0.0
U02716,CR00058,Social Media Strategy,Digital Marketing,Beginner,4.44,2025-08-24,0.0
U02716,CR00022,Data Visualization,Data Science,Beginner,3.65,2025-05-11,0.0
U02717,CR00015,Leadership Essentials,Business,Beginner,1.96,2025-08-17,285.05
U02718,CR00042,Investment Strategies,Finance,Intermediate,4.1,2025-12-30,0.0
U02719,CR00031,Network Security,Cybersecurity,Intermediate,1.91,2025-07-19,0.0
U02720,CR00056,Google Ads Mastery,Digital Marketing,Advanced,3.15,2025-11-22,212.39
U02721,CR00025,Statistical Analysis,Data Science,Beginner,3.74,2025-08-11,299.57
U02722,CR00020,Email Marketing,Marketing,Intermediate,4.11,2025-12-19,0.0
U02723,CR00040,Leadership in Projects,Project Management,Beginner,1.51,2025-10-20,327.99
U02724,CR00031,Network Security,Cybersecurity,Intermediate,1.91,2025-02-15,0.0
U02725,CR00049,Deep Learning,Artificial Intelligence,Intermediate,3.11,2025-09-05,415.51
U02726,CR00019,Content Marketing,Marketing,Advanced,2.98,2025-06-30,0.0
U02726,CR00018,Social Media Marketing,Marketing,Advanced,2.01,2025-06-05,0.0
U02726,CR00021,Data Analysis with Python,Data Science,Intermediate,3.6,2025-05-20,0.0
U02726,CR00043,Corporate Finance,Finance,Beginner,4.14,2025-01-03,0.0
U02727,CR00026,Intro to Machine Learning,Machine Learning,Intermediate,4.73,2025-02-10,0.0
U02727,CR00034,Data Encryption,Cybersecurity,Intermediate,1.35,2025-01-11,394.26
U02728,CR00006,Graphic Design Basics,Design,Advanced,2.72,2025-10-16,276.37
U02729,CR00034,Data Encryption,Cybersecurity,Intermediate,1.35,2025-09-27,394.26
U02730,CR00025,Statistical Analysis,Data Science,Beginner,3.74,2025-12-01,299.57
U02731,CR00018,Social Media Marketing,Marketing,Advanced,2.01,2025-01-14,0.0
U02732,CR00042,Investment Strategies,Finance,Intermediate,4.1,2025-09-29,0.0
U02733,CR00015,Leadership Essentials,Business,Beginner,1.96,2025-12-19,285.05
U02733,CR00016,Digital Marketing,Marketing,Intermediate,4.72,2025-12-17,0.0
U02733,CR00049,Deep Learning,Artificial Intelligence,Intermediate,3.11,2025-11-28,415.51
U02733,CR00035,Cyber Threat Intelligence,Cybersecurity,Beginner,4.94,2025-10-27,0.0
U02733,CR00011,Entrepreneurship 101,Business,Intermediate,2.69,2025-10-25,326.02
U02733,CR00021,Data Analysis with Python,Data Science,Intermediate,3.6,2025-09-13,0.0
U02733,CR00008,Photoshop Mastery,Design,Advanced,1.52,2025-07-11,0.0
U02733,CR00003,C++ for Beginners,Programming,Beginner,3.85,2025-06-14,0.0
U02733,CR00001,Python Basics,Programming,Beginner,4.74,2025-05-07,472.28
U02733,CR00059,Affiliate Marketing,Digital Marketing,Intermediate,4.66,2025-04-26,0.0
U02733,CR00043,Corporate Finance,Finance,Beginner,4.14,2025-04-02,0.0
U02733,CR00017,SEO Mastery,Marketing,Advanced,4.79,2025-04-01,0.0
U02733,CR00010,3D Modeling,Design,Advanced,4.45,2025-02-10,0.0
U02733,CR00014,Sales Mastery,Business,Advanced,3.15,2025-01-28,0.0
U02734,CR00009,Web Design Fundamentals,Design,Beginner,4.51,2025-07-11,0.0
U02735,CR00054,Backend Development with Node.js,Web Development,Beginner,3.32,2025-05-17,0.0
U02736,CR00056,Google Ads Mastery,Digital Marketing,Advanced,3.15,2025-10-22,212.39
U02737,CR00020,Email Marketing,Marketing,Intermediate,4.11,2025-04-21,0.0
U02738,CR00020,Email Marketing,Marketing,Intermediate,4.11,2025-08-29,0.0
U02739,CR00012,Business Strategy,Business,Advanced,3.64,2025-01-05,487.92
U02740,CR00060,Content Creation,Digital Marketing,Beginner,2.14,2025-07-09,0.0
U02741,CR00004,Advanced Python,Programming,Beginner,2.88,2025-08-13,0.0
U02742,CR00015,Leadership Essentials,Business,Beginner,1.96,2025-06-21,285.05
U02742,CR00002,Java Programming,Programming,Intermediate,2.43,2025-04-15,0.0
U02743,CR00026,Intro to Machine Learning,Machine Learning,Intermediate,4.73,2025-09-24,0.0
U02743,CR00021,Data Analysis with Python,Data Science,Intermediate,3.6,2025-09-20,0.0
U02743,CR00016,Digital Marketing,Marketing,Intermediate,4.72,2025-09-18,0.0
U02743,CR00042,Investment Strategies,Finance,Intermediate,4.1,2025-09-08,0.0
U02743,CR00041,Financial Accounting,Finance,Beginner,2.47,2025-07-03,53.86
U02743,CR00037,Scrum Essentials,Project Management,Intermediate,3.45,2025-05-15,0.0
U02743,CR00040,Leadership in Projects,Project Management,Beginner,1.51,2025-04-23,327.99
U02743,CR00033,Cybersecurity Fundamentals,Cybersecurity,Intermediate,3.93,2025-04-11,0.0
U02743,CR00022,Data Visualization,Data Science,Beginner,3.65,2025-04-06,0.0
U02743,CR00029,Natural Language Processing,Machine Learning,Beginner,1.13,2025-03-11,0.0
U02743,CR00058,Social Media Strategy,Digital Marketing,Beginner,4.44,2025-03-06,0.0
U02743,CR00025,Statistical Analysis,Data Science,Beginner,3.74,2025-03-01,299.57
U02743,CR00044,Personal Finance,Finance,Intermediate,2.75,2025-02-16,119.04
U02743,CR00002,Java Programming,Programming,Intermediate,2.43,2025-02-04,0.0
U02744,CR00038,Risk Management,Project Management,Intermediate,4.84,2025-01-13,342.61
U02745,CR00014,Sales Mastery,Business,Advanced,3.15,2025-03-30,0.0
U02746,CR00021,Data Analysis with Python,Data Science,Intermediate,3.6,2025-11-30,0.0
U02746,CR00007,UI/UX Design,Design,Advanced,2.61,2025-07-07,0.0
U02746,CR00024,Big Data Analytics,Data Science,Advanced,2.57,2025-02-19,117.68
U02747,CR00032,Ethical Hacking,Cybersecurity,Advanced,2.38,2025-08-12,0.0
U02747,CR00041,Financial Accounting,Finance,Beginner,2.47,2025-04-07,53.86
U02747,CR00022,Data Visualization,Data Science,Beginner,3.65,2025-03-21,0.0
U02748,CR00048,AI Ethics,Artificial Intelligence,Beginner,3.64,2025-03-16,0.0
U02748,CR00045,Financial Modeling,Finance,Advanced,1.59,2025-01-15,0.0
U02749,CR00036,Agile Project Management,Project Management,Beginner,4.68,2025-11-15,0.0
U02749,CR00014,Sales Mastery,Business,Advanced,3.15,2025-06-13,0.0
U02750,CR00055,Full-Stack Web Development,Web Development,Advanced,4.74,2025-11-24,57.32
U02750,CR00007,UI/UX Design,Design,Advanced,2.61,2025-09-25,0.0
U02751,CR00018,Social Media Marketing,Marketing,Advanced,2.01,2025-04-30,0.0
U02752,CR00058,Social Media Strategy,Digital Marketing,Beginner,4.44,2025-06-11,0.0
U02753,CR00041,Financial Accounting,Finance,Beginner,2.47,2025-04-14,53.86
U02754,CR00041,Financial Accounting,Finance,Beginner,2.47,2025-11-15,53.86
U02754,CR00031,Network Security,Cybersecurity,Intermediate,1.91,2025-11-09,0.0
U02754,CR00029,Natural Language Processing,Machine Learning,Beginner,1.13,2025-10-19,0.0
U02754,CR00025,Statistical Analysis,Data Science,Beginner,3.74,2025-09-29,299.57
U02754,CR00032,Ethical Hacking,Cybersecurity,Advanced,2.38,2025-08-30,0.0
U02754,CR00051,HTML & CSS,Web Development,Advanced,1.3,2025-08-28,37.89
U02754,CR00053,React for Beginners,Web Development,Advanced,2.67,2025-08-14,0.0
U02754,CR00007,UI/UX Design,Design,Advanced,2.61,2025-08-13,0.0
U02754,CR00018,Social Media Marketing,Marketing,Advanced,2.01,2025-05-29,0.0
U02754,CR00015,Leadership Essentials,Business,Beginner,1.96,2025-05-05,285.05
U02754,CR00056,Google Ads Mastery,Digital Marketing,Advanced,3.15,2025-03-30,212.39
U02754,CR00045,Financial Modeling,Finance,Advanced,1.59,2025-03-30,0.0
U02754,CR00017,SEO Mastery,Marketing,Advanced,4.79,2025-01-09,0.0
U02755,CR00043,Corporate Finance,Finance,Beginner,4.14,2025-09-27,0.0
U02756,CR00011,Entrepreneurship 101,Business,Intermediate,2.69,2025-07-17,326.02
U02756,CR00007,UI/UX Design,Design,Advanced,2.61,2025-06-28,0.0
U02757,CR00049,Deep Learning,Artificial Intelligence,Intermediate,3.11,2025-02-25,415.51
U02758,CR00021,Data Analysis with Python,Data Science,Intermediate,3.6,2025-12-10,0.0
U02758,CR00023,Machine Learning Fundamentals,Data Science,Intermediate,3.02,2025-11-03,0.0
U02759,CR00037,Scrum Essentials,Project Management,Intermediate,3.45,2025-04-12,0.0
U02759,CR00003,C++ for Beginners,Programming,Beginner,3.85,2025-01-03,0.0
U02760,CR00047,Natural Language Processing,Artificial Intelligence,Intermediate,2.68,2025-09-25,89.59
U02760,CR00015,Leadership Essentials,Business,Beginner,1.96,2025-09-05,285.05
U02760,CR00021,Data Analysis with Python,Data Science,Intermediate,3.6,2025-05-25,0.0
U02761,CR00020,Email Marketing,Marketing,Intermediate,4.11,2025-12-12,0.0
U02761,CR00034,Data Encryption,Cybersecurity,Intermediate,1.35,2025-12-02,394.26
U02761,CR00035,Cyber Threat Intelligence,Cybersecurity,Beginner,4.94,2025-09-01,0.0
U02761,CR00003,C++ for Beginners,Programming,Beginner,3.85,2025-05-03,0.0
U02762,CR00006,Graphic Design Basics,Design,Advanced,2.72,2025-05-06,276.37
U02762,CR00051,HTML & CSS,Web Development,Advanced,1.3,2025-02-01,37.89
U02763,CR00011,Entrepreneurship 101,Business,Intermediate,2.69,2025-10-17,326.02
U02763,CR00046,AI for Beginners,Artificial Intelligence,Beginner,1.2,2025-10-04,248.1
U02763,CR00026,Intro to Machine Learning,Machine Learning,Intermediate,4.73,2025-10-01,0.0
U02764,CR00051,HTML & CSS,Web Development,Advanced,1.3,2025-02-18,37.89
U02765,CR00010,3D Modeling,Design,Advanced,4.45,2025-05-15,0.0
U02766,CR00033,Cybersecurity Fundamentals,Cybersecurity,Intermediate,3.93,2025-12-15,0.0
U02767,CR00022,Data Visualization,Data Science,Beginner,3.65,2025-11-29,0.0
U02767,CR00036,Agile Project Management,Project Management,Beginner,4.68,2025-11-04,0.0
U02767,CR00053,React for Beginners,Web Development,Advanced,2.67,2025-09-25,0.0
U02767,CR00058,Social Media Strategy,Digital Marketing,Beginner,4.44,2025-09-08,0.0
U02767,CR00051,HTML & CSS,Web Development,Advanced,1.3,2025-08-12,37.89
U02767,CR00009,Web Design Fundamentals,Design,Beginner,4.51,2025-06-09,0.0
U02767,CR00052,JavaScript Mastery,Web Development,Beginner,2.2,2025-05-30,0.0
U02767,CR00057,SEO for E-commerce,Digital Marketing,Advanced,3.89,2025-05-26,177.34
U02767,CR00031,Network Security,Cybersecurity,Intermediate,1.91,2025-04-01,0.0
U02767,CR00040,Leadership in Projects,Project Management,Beginner,1.51,2025-03-01,327.99
U02767,CR00042,Investment Strategies,Finance,Intermediate,4.1,2025-02-04,0.0
U02767,CR00012,Business Strategy,Business,Advanced,3.64,2025-01-09,487.92
U02767,CR00005,Full Stack Development,Programming,Beginner,1.28,2025-01-07,0.0
U02767,CR00039,Project Planning,Project Management,Advanced,1.23,2025-01-05,346.71
U02768,CR00001,Python Basics,Programming,Beginner,4.74,2025-05-06,472.28
U02768,CR00021,Data Analysis with Python,Data Science,Intermediate,3.6,2025-04-05,0.0
U02769,CR00047,Natural Language Processing,Artificial Intelligence,Intermediate,2.68,2025-10-14,89.59
U02769,CR00049,Deep Learning,Artificial Intelligence,Intermediate,3.11,2025-03-10,415.51
U02769,CR00046,AI for Beginners,Artificial Intelligence,Beginner,1.2,2025-03-01,248.1
U02770,CR00025,Statistical Analysis,Data Science,Beginner,3.74,2025-12-30,299.57
U02770,CR00032,Ethical Hacking,Cybersecurity,Advanced,2.38,2025-10-30,0.0
U02770,CR00060,Content Creation,Digital Marketing,Beginner,2.14,2025-10-26,0.0
U02770,CR00021,Data Analysis with Python,Data Science,Intermediate,3.6,2025-10-25,0.0
U02770,CR00012,Business Strategy,Business,Advanced,3.64,2025-10-16,487.92
U02770,CR00008,Photoshop Mastery,Design,Advanced,1.52,2025-10-04,0.0
U02770,CR00054,Backend Development with Node.js,Web Development,Beginner,3.32,2025-09-06,0.0
U02770,CR00047,Natural Language Processing,Artificial Intelligence,Intermediate,2.68,2025-08-27,89.59
U02770,CR00034,Data Encryption,Cybersecurity,Intermediate,1.35,2025-08-07,394.26
U02770,CR00022,Data Visualization,Data Science,Beginner,3.65,2025-08-04,0.0
U02770,CR00052,JavaScript Mastery,Web Development,Beginner,2.2,2025-07-02,0.0
U02770,CR00024,Big Data Analytics,Data Science,Advanced,2.57,2025-06-20,117.68
U02770,CR00020,Email Marketing,Marketing,Intermediate,4.11,2025-06-12,0.0
U02770,CR00019,Content Marketing,Marketing,Advanced,2.98,2025-04-09,0.0
U02771,CR00028,Deep Learning,Machine Learning,Advanced,3.89,2025-05-18,0.78
U02772,CR00057,SEO for E-commerce,Digital Marketing,Advanced,3.89,2025-06-22,177.34
U02773,CR00022,Data Visualization,Data Science,Beginner,3.65,2025-03-24,0.0
U02774,CR00043,Corporate Finance,Finance,Beginner,4.14,2025-02-16,0.0
U02775,CR00060,Content Creation,Digital Marketing,Beginner,2.14,2025-11-19,0.0
U02775,CR00001,Python Basics,Programming,Beginner,4.74,2025-09-12,472.28
U02775,CR00010,3D Modeling,Design,Advanced,4.45,2025-09-04,0.0
U02775,CR00015,Leadership Essentials,Business,Beginner,1.96,2025-06-22,285.05
U02775,CR00020,Email Marketing,Marketing,Intermediate,4.11,2025-06-04,0.0
U02775,CR00055,Full-Stack Web Development,Web Development,Advanced,4.74,2025-03-30,57.32
U02775,CR00021,Data Analysis with Python,Data Science,Intermediate,3.6,2025-03-07,0.0
U02775,CR00041,Financial Accounting,Finance,Beginner,2.47,2025-03-07,53.86
U02775,CR00056,Google Ads Mastery,Digital Marketing,Advanced,3.15,2025-03-01,212.39
U02775,CR00038,Risk Management,Project Management,Intermediate,4.84,2025-03-01,342.61
U02775,CR00027,Neural Networks,Machine Learning,Advanced,1.81,2025-02-26,0.0
U02775,CR00054,Backend Development with Node.js,Web Development,Beginner,3.32,2025-02-25,0.0
U02776,CR00005,Full Stack Development,Programming,Beginner,1.28,2025-11-25,0.0
U02776,CR00013,Finance for Startups,Business,Advanced,2.0,2025-03-15,0.0
U02777,CR00005,Full Stack Development,Programming,Beginner,1.28,2025-02-28,0.0
U02778,CR00027,Neural Networks,Machine Learning,Advanced,1.81,2025-12-25,0.0
U02778,CR00035,Cyber Threat Intelligence,Cybersecurity,Beginner,4.94,2025-04-25,0.0
U02778,CR00043,Corporate Finance,Finance,Beginner,4.14,2025-04-08,0.0
U02779,CR00034,Data Encryption,Cybersecurity,Intermediate,1.35,2025-10-02,394.26
U02779,CR00036,Agile Project Management,Project Management,Beginner,4.68,2025-07-27,0.0
U02779,CR00049,Deep Learning,Artificial Intelligence,Intermediate,3.11,2025-06-24,415.51
U02780,CR00009,Web Design Fundamentals,Design,Beginner,4.51,2025-07-01,0.0
U02780,CR00014,Sales Mastery,Business,Advanced,3.15,2025-02-16,0.0
U02781,CR00056,Google Ads Mastery,Digital Marketing,Advanced,3.15,2025-12-28,212.39
U02781,CR00012,Business Strategy,Business,Advanced,3.64,2025-09-12,487.92
U02781,CR00031,Network Security,Cybersecurity,Intermediate,1.91,2025-06-19,0.0
U02782,CR00045,Financial Modeling,Finance,Advanced,1.59,2025-01-20,0.0
U02783,CR00004,Advanced Python,Programming,Beginner,2.88,2025-11-25,0.0
U02784,CR00053,React for Beginners,Web Development,Advanced,2.67,2025-12-07,0.0
U02784,CR00046,AI for Beginners,Artificial Intelligence,Beginner,1.2,2025-08-28,248.1
U02785,CR00048,AI Ethics,Artificial Intelligence,Beginner,3.64,2025-12-12,0.0
U02786,CR00025,Statistical Analysis,Data Science,Beginner,3.74,2025-12-05,299.57
U02786,CR00054,Backend Development with Node.js,Web Development,Beginner,3.32,2025-11-11,0.0
U02786,CR00053,React for Beginners,Web Development,Advanced,2.67,2025-08-08,0.0
U02786,CR00030,Reinforcement Learning,Machine Learning,Intermediate,1.73,2025-07-30,0.0
U02786,CR00020,Email Marketing,Marketing,Intermediate,4.11,2025-06-13,0.0
U02786,CR00017,SEO Mastery,Marketing,Advanced,4.79,2025-06-13,0.0
U02786,CR00001,Python Basics,Programming,Beginner,4.74,2025-06-07,472.28
U02786,CR00029,Natural Language Processing,Machine Learning,Beginner,1.13,2025-03-12,0.0
U02786,CR00038,Risk Management,Project Management,Intermediate,4.84,2025-03-05,342.61
U02786,CR00043,Corporate Finance,Finance,Beginner,4.14,2025-02-02,0.0
U02786,CR00048,AI Ethics,Artificial Intelligence,Beginner,3.64,2025-01-29,0.0
U02786,CR00006,Graphic Design Basics,Design,Advanced,2.72,2025-01-24,276.37
U02787,CR00039,Project Planning,Project Management,Advanced,1.23,2025-11-01,346.71
U02788,CR00017,SEO Mastery,Marketing,Advanced,4.79,2025-12-13,0.0
U02788,CR00050,Computer Vision,Artificial Intelligence,Beginner,4.55,2025-12-12,490.9
U02788,CR00037,Scrum Essentials,Project Management,Intermediate,3.45,2025-12-09,0.0
U02788,CR00028,Deep Learning,Machine Learning,Advanced,3.89,2025-12-03,0.78
U02788,CR00023,Machine Learning Fundamentals,Data Science,Intermediate,3.02,2025-10-22,0.0
U02788,CR00031,Network Security,Cybersecurity,Intermediate,1.91,2025-09-13,0.0
U02788,CR00033,Cybersecurity Fundamentals,Cybersecurity,Intermediate,3.93,2025-07-20,0.0
U02788,CR00044,Personal Finance,Finance,Intermediate,2.75,2025-07-16,119.04
U02788,CR00024,Big Data Analytics,Data Science,Advanced,2.57,2025-07-14,117.68
U02788,CR00026,Intro to Machine Learning,Machine Learning,Intermediate,4.73,2025-04-18,0.0
U02788,CR00012,Business Strategy,Business,Advanced,3.64,2025-03-23,487.92
U02788,CR00055,Full-Stack Web Development,Web Development,Advanced,4.74,2025-01-25,57.32
U02789,CR00029,Natural Language Processing,Machine Learning,Beginner,1.13,2025-11-01,0.0
U02789,CR00045,Financial Modeling,Finance,Advanced,1.59,2025-08-29,0.0
U02789,CR00060,Content Creation,Digital Marketing,Beginner,2.14,2025-07-22,0.0
U02789,CR00007,UI/UX Design,Design,Advanced,2.61,2025-01-01,0.0
U02790,CR00052,JavaScript Mastery,Web Development,Beginner,2.2,2025-02-16,0.0
U02791,CR00055,Full-Stack Web Development,Web Development,Advanced,4.74,2025-09-27,57.32
U02791,CR00030,Reinforcement Learning,Machine Learning,Intermediate,1.73,2025-09-12,0.0
U02791,CR00026,Intro to Machine Learning,Machine Learning,Intermediate,4.73,2025-08-16,0.0
U02791,CR00054,Backend Development with Node.js,Web Development,Beginner,3.32,2025-07-18,0.0
U02791,CR00011,Entrepreneurship 101,Business,Intermediate,2.69,2025-07-17,326.02
U02791,CR00007,UI/UX Design,Design,Advanced,2.61,2025-07-14,0.0
U02791,CR00022,Data Visualization,Data Science,Beginner,3.65,2025-07-03,0.0
U02791,CR00049,Deep Learning,Artificial Intelligence,Intermediate,3.11,2025-06-21,415.51
U02791,CR00060,Content Creation,Digital Marketing,Beginner,2.14,2025-06-21,0.0
U02791,CR00004,Advanced Python,Programming,Beginner,2.88,2025-06-13,0.0
U02791,CR00009,Web Design Fundamentals,Design,Beginner,4.51,2025-06-08,0.0
U02791,CR00044,Personal Finance,Finance,Intermediate,2.75,2025-04-19,119.04
U02791,CR00036,Agile Project Management,Project Management,Beginner,4.68,2025-01-07,0.0
U02792,CR00047,Natural Language Processing,Artificial Intelligence,Intermediate,2.68,2025-11-08,89.59
U02792,CR00029,Natural Language Processing,Machine Learning,Beginner,1.13,2025-10-14,0.0
U02792,CR00036,Agile Project Management,Project Management,Beginner,4.68,2025-10-02,0.0
U02792,CR00057,SEO for E-commerce,Digital Marketing,Advanced,3.89,2025-09-22,177.34
U02792,CR00021,Data Analysis with Python,Data Science,Intermediate,3.6,2025-09-15,0.0
U02792,CR00022,Data Visualization,Data Science,Beginner,3.65,2025-09-05,0.0
U02792,CR00020,Email Marketing,Marketing,Intermediate,4.11,2025-08-16,0.0
U02792,CR00042,Investment Strategies,Finance,Intermediate,4.1,2025-08-02,0.0
U02792,CR00051,HTML & CSS,Web Development,Advanced,1.3,2025-05-27,37.89
U02792,CR00008,Photoshop Mastery,Design,Advanced,1.52,2025-05-12,0.0
U02792,CR00059,Affiliate Marketing,Digital Marketing,Intermediate,4.66,2025-04-28,0.0
U02792,CR00027,Neural Networks,Machine Learning,Advanced,1.81,2025-04-20,0.0
U02792,CR00050,Computer Vision,Artificial Intelligence,Beginner,4.55,2025-04-01,490.9
U02792,CR00052,JavaScript Mastery,Web Development,Beginner,2.2,2025-03-19,0.0
U02793,CR00006,Graphic Design Basics,Design,Advanced,2.72,2025-12-10,276.37
U02793,CR00015,Leadership Essentials,Business,Beginner,1.96,2025-11-09,285.05
U02793,CR00041,Financial Accounting,Finance,Beginner,2.47,2025-11-01,53.86
U02793,CR00053,React for Beginners,Web Development,Advanced,2.67,2025-10-14,0.0
U02793,CR00022,Data Visualization,Data Science,Beginner,3.65,2025-10-02,0.0
U02793,CR00058,Social Media Strategy,Digital Marketing,Beginner,4.44,2025-09-28,0.0
U02793,CR00018,Social Media Marketing,Marketing,Advanced,2.01,2025-08-19,0.0
U02793,CR00039,Project Planning,Project Management,Advanced,1.23,2025-08-18,346.71
U02793,CR00016,Digital Marketing,Marketing,Intermediate,4.72,2025-07-22,0.0
U02793,CR00012,Business Strategy,Business,Advanced,3.64,2025-05-29,487.92
U02793,CR00026,Intro to Machine Learning,Machine Learning,Intermediate,4.73,2025-04-27,0.0
U02793,CR00043,Corporate Finance,Finance,Beginner,4.14,2025-03-08,0.0
U02793,CR00035,Cyber Threat Intelligence,Cybersecurity,Beginner,4.94,2025-03-07,0.0
U02793,CR00036,Agile Project Management,Project Management,Beginner,4.68,2025-02-05,0.0
U02794,CR00030,Reinforcement Learning,Machine Learning,Intermediate,1.73,2025-04-21,0.0
U02794,CR00038,Risk Management,Project Management,Intermediate,4.84,2025-04-16,342.61
U02795,CR00025,Statistical Analysis,Data Science,Beginner,3.74,2025-12-30,299.57
U02796,CR00058,Social Media Strategy,Digital Marketing,Beginner,4.44,2025-01-06,0.0
U02797,CR00028,Deep Learning,Machine Learning,Advanced,3.89,2025-08-03,0.78
U02798,CR00023,Machine Learning Fundamentals,Data Science,Intermediate,3.02,2025-08-10,0.0
U02799,CR00016,Digital Marketing,Marketing,Intermediate,4.72,2025-08-21,0.0
U02800,CR00025,Statistical Analysis,Data Science,Beginner,3.74,2025-12-06,299.57
U02801,CR00060,Content Creation,Digital Marketing,Beginner,2.14,2025-06-26,0.0
U02801,CR00028,Deep Learning,Machine Learning,Advanced,3.89,2025-04-28,0.78
U02801,CR00023,Machine Learning Fundamentals,Data Science,Intermediate,3.02,2025-04-20,0.0
U02802,CR00035,Cyber Threat Intelligence,Cybersecurity,Beginner,4.94,2025-11-29,0.0
U02803,CR00010,3D Modeling,Design,Advanced,4.45,2025-12-09,0.0
U02803,CR00053,React for Beginners,Web Development,Advanced,2.67,2025-04-16,0.0
U02804,CR00026,Intro to Machine Learning,Machine Learning,Intermediate,4.73,2025-08-16,0.0
U02805,CR00055,Full-Stack Web Development,Web Development,Advanced,4.74,2025-04-08,57.32
U02806,CR00033,Cybersecurity Fundamentals,Cybersecurity,Intermediate,3.93,2025-04-01,0.0
U02807,CR00056,Google Ads Mastery,Digital Marketing,Advanced,3.15,2025-06-20,212.39
U02807,CR00039,Project Planning,Project Management,Advanced,1.23,2025-05-25,346.71
U02807,CR00035,Cyber Threat Intelligence,Cybersecurity,Beginner,4.94,2025-05-02,0.0
U02807,CR00059,Affiliate Marketing,Digital Marketing,Intermediate,4.66,2025-03-22,0.0
U02808,CR00020,Email Marketing,Marketing,Intermediate,4.11,2025-11-01,0.0
U02808,CR00017,SEO Mastery,Marketing,Advanced,4.79,2025-02-07,0.0
U02809,CR00048,AI Ethics,Artificial Intelligence,Beginner,3.64,2025-10-09,0.0
U02809,CR00043,Corporate Finance,Finance,Beginner,4.14,2025-07-03,0.0
U02810,CR00060,Content Creation,Digital Marketing,Beginner,2.14,2025-02-10,0.0
U02811,CR00007,UI/UX Design,Design,Advanced,2.61,2025-07-11,0.0
U02812,CR00044,Personal Finance,Finance,Intermediate,2.75,2025-02-14,119.04
U02813,CR00031,Network Security,Cybersecurity,Intermediate,1.91,2025-04-02,0.0
U02814,CR00003,C++ for Beginners,Programming,Beginner,3.85,2025-12-05,0.0
U02814,CR00035,Cyber Threat Intelligence,Cybersecurity,Beginner,4.94,2025-07-12,0.0
U02815,CR00045,Financial Modeling,Finance,Advanced,1.59,2025-09-21,0.0
U02815,CR00056,Google Ads Mastery,Digital Marketing,Advanced,3.15,2025-05-10,212.39
U02815,CR00057,SEO for E-commerce,Digital Marketing,Advanced,3.89,2025-04-28,177.34
U02815,CR00007,UI/UX Design,Design,Advanced,2.61,2025-03-21,0.0
U02816,CR00020,Email Marketing,Marketing,Intermediate,4.11,2025-11-21,0.0
U02817,CR00008,Photoshop Mastery,Design,Advanced,1.52,2025-11-29,0.0
U02818,CR00028,Deep Learning,Machine Learning,Advanced,3.89,2025-02-12,0.78
U02819,CR00026,Intro to Machine Learning,Machine Learning,Intermediate,4.73,2025-08-09,0.0
U02819,CR00053,React for Beginners,Web Development,Advanced,2.67,2025-04-05,0.0
U02820,CR00005,Full Stack Development,Programming,Beginner,1.28,2025-11-21,0.0
U02821,CR00043,Corporate Finance,Finance,Beginner,4.14,2025-12-14,0.0
U02821,CR00040,Leadership in Projects,Project Management,Beginner,1.51,2025-12-08,327.99
U02821,CR00017,SEO Mastery,Marketing,Advanced,4.79,2025-11-20,0.0
U02821,CR00030,Reinforcement Learning,Machine Learning,Intermediate,1.73,2025-11-11,0.0
U02821,CR00036,Agile Project Management,Project Management,Beginner,4.68,2025-11-02,0.0
U02821,CR00045,Financial Modeling,Finance,Advanced,1.59,2025-09-28,0.0
U02821,CR00008,Photoshop Mastery,Design,Advanced,1.52,2025-07-29,0.0
U02821,CR00020,Email Marketing,Marketing,Intermediate,4.11,2025-07-14,0.0
U02821,CR00057,SEO for E-commerce,Digital Marketing,Advanced,3.89,2025-06-18,177.34
U02821,CR00038,Risk Management,Project Management,Intermediate,4.84,2025-02-23,342.61
U02821,CR00011,Entrepreneurship 101,Business,Intermediate,2.69,2025-01-28,326.02
U02822,CR00026,Intro to Machine Learning,Machine Learning,Intermediate,4.73,2025-01-07,0.0
U02823,CR00033,Cybersecurity Fundamentals,Cybersecurity,Intermediate,3.93,2025-08-15,0.0
U02823,CR00059,Affiliate Marketing,Digital Marketing,Intermediate,4.66,2025-01-29,0.0
U02824,CR00011,Entrepreneurship 101,Business,Intermediate,2.69,2025-01-11,326.02
U02825,CR00021,Data Analysis with Python,Data Science,Intermediate,3.6,2025-12-30,0.0
U02825,CR00041,Financial Accounting,Finance,Beginner,2.47,2025-12-27,53.86
U02825,CR00039,Project Planning,Project Management,Advanced,1.23,2025-12-19,346.71
U02825,CR00002,Java Programming,Programming,Intermediate,2.43,2025-11-22,0.0
U02825,CR00014,Sales Mastery,Business,Advanced,3.15,2025-11-12,0.0
U02825,CR00018,Social Media Marketing,Marketing,Advanced,2.01,2025-11-05,0.0
U02825,CR00007,UI/UX Design,Design,Advanced,2.61,2025-10-09,0.0
U02825,CR00015,Leadership Essentials,Business,Beginner,1.96,2025-09-20,285.05
U02825,CR00040,Leadership in Projects,Project Management,Beginner,1.51,2025-09-07,327.99
U02825,CR00044,Personal Finance,Finance,Intermediate,2.75,2025-09-04,119.04
U02825,CR00057,SEO for E-commerce,Digital Marketing,Advanced,3.89,2025-06-27,177.34
U02825,CR00005,Full Stack Development,Programming,Beginner,1.28,2025-06-09,0.0
U02825,CR00011,Entrepreneurship 101,Business,Intermediate,2.69,2025-05-13,326.02
U02826,CR00029,Natural Language Processing,Machine Learning,Beginner,1.13,2025-12-11,0.0
U02827,CR00026,Intro to Machine Learning,Machine Learning,Intermediate,4.73,2025-10-02,0.0
U02828,CR00019,Content Marketing,Marketing,Advanced,2.98,2025-07-21,0.0
U02828,CR00050,Computer Vision,Artificial Intelligence,Beginner,4.55,2025-04-09,490.9
U02829,CR00047,Natural Language Processing,Artificial Intelligence,Intermediate,2.68,2025-02-10,89.59
U02830,CR00053,React for Beginners,Web Development,Advanced,2.67,2025-05-12,0.0
U02831,CR00010,3D Modeling,Design,Advanced,4.45,2025-02-06,0.0
U02832,CR00013,Finance for Startups,Business,Advanced,2.0,2025-10-26,0.0
U02832,CR00007,UI/UX Design,Design,Advanced,2.61,2025-10-22,0.0
U02832,CR00008,Photoshop Mastery,Design,Advanced,1.52,2025-09-24,0.0
U02832,CR00027,Neural Networks,Machine Learning,Advanced,1.81,2025-07-19,0.0
U02832,CR00030,Reinforcement Learning,Machine Learning,Intermediate,1.73,2025-07-13,0.0
U02832,CR00043,Corporate Finance,Finance,Beginner,4.14,2025-05-09,0.0
U02832,CR00022,Data Visualization,Data Science,Beginner,3.65,2025-03-26,0.0
U02832,CR00010,3D Modeling,Design,Advanced,4.45,2025-02-18,0.0
U02832,CR00042,Investment Strategies,Finance,Intermediate,4.1,2025-02-11,0.0
U02832,CR00021,Data Analysis with Python,Data Science,Intermediate,3.6,2025-02-05,0.0
U02832,CR00028,Deep Learning,Machine Learning,Advanced,3.89,2025-01-11,0.78
U02833,CR00038,Risk Management,Project Management,Intermediate,4.84,2025-12-29,342.61
U02833,CR00004,Advanced Python,Programming,Beginner,2.88,2025-11-24,0.0
U02834,CR00022,Data Visualization,Data Science,Beginner,3.65,2025-12-02,0.0
U02835,CR00024,Big Data Analytics,Data Science,Advanced,2.57,2025-09-28,117.68
U02836,CR00001,Python Basics,Programming,Beginner,4.74,2025-03-17,472.28
U02837,CR00014,Sales Mastery,Business,Advanced,3.15,2025-11-27,0.0
U02837,CR00058,Social Media Strategy,Digital Marketing,Beginner,4.44,2025-02-08,0.0
U02838,CR00039,Project Planning,Project Management,Advanced,1.23,2025-03-02,346.71
U02838,CR00050,Computer Vision,Artificial Intelligence,Beginner,4.55,2025-02-14,490.9
U02839,CR00033,Cybersecurity Fundamentals,Cybersecurity,Intermediate,3.93,2025-12-18,0.0
U02839,CR00019,Content Marketing,Marketing,Advanced,2.98,2025-10-05,0.0
U02839,CR00005,Full Stack Development,Programming,Beginner,1.28,2025-10-03,0.0
U02839,CR00008,Photoshop Mastery,Design,Advanced,1.52,2025-09-19,0.0
U02840,CR00058,Social Media Strategy,Digital Marketing,Beginner,4.44,2025-10-25,0.0
U02841,CR00022,Data Visualization,Data Science,Beginner,3.65,2025-09-29,0.0
U02842,CR00050,Computer Vision,Artificial Intelligence,Beginner,4.55,2025-11-22,490.9
U02842,CR00013,Finance for Startups,Business,Advanced,2.0,2025-04-19,0.0
U02843,CR00060,Content Creation,Digital Marketing,Beginner,2.14,2025-12-20,0.0
U02843,CR00019,Content Marketing,Marketing,Advanced,2.98,2025-12-10,0.0
U02843,CR00005,Full Stack Development,Programming,Beginner,1.28,2025-10-11,0.0
U02843,CR00022,Data Visualization,Data Science,Beginner,3.65,2025-09-14,0.0
U02843,CR00024,Big Data Analytics,Data Science,Advanced,2.57,2025-09-03,117.68
U02843,CR00047,Natural Language Processing,Artificial Intelligence,Intermediate,2.68,2025-06-26,89.59
U02843,CR00044,Personal Finance,Finance,Intermediate,2.75,2025-05-26,119.04
U02843,CR00023,Machine Learning Fundamentals,Data Science,Intermediate,3.02,2025-05-10,0.0
U02843,CR00035,Cyber Threat Intelligence,Cybersecurity,Beginner,4.94,2025-04-25,0.0
U02843,CR00034,Data Encryption,Cybersecurity,Intermediate,1.35,2025-04-23,394.26
U02843,CR00030,Reinforcement Learning,Machine Learning,Intermediate,1.73,2025-01-28,0.0
U02843,CR00046,AI for Beginners,Artificial Intelligence,Beginner,1.2,2025-01-13,248.1
U02843,CR00040,Leadership in Projects,Project Management,Beginner,1.51,2025-01-13,327.99
U02843,CR00058,Social Media Strategy,Digital Marketing,Beginner,4.44,2025-01-07,0.0
U02844,CR00012,Business Strategy,Business,Advanced,3.64,2025-11-17,487.92
U02844,CR00032,Ethical Hacking,Cybersecurity,Advanced,2.38,2025-11-14,0.0
U02844,CR00006,Graphic Design Basics,Design,Advanced,2.72,2025-11-13,276.37
U02844,CR00023,Machine Learning Fundamentals,Data Science,Intermediate,3.02,2025-10-21,0.0
U02844,CR00046,AI for Beginners,Artificial Intelligence,Beginner,1.2,2025-10-17,248.1
U02844,CR00048,AI Ethics,Artificial Intelligence,Beginner,3.64,2025-08-23,0.0
U02844,CR00010,3D Modeling,Design,Advanced,4.45,2025-08-13,0.0
U02844,CR00035,Cyber Threat Intelligence,Cybersecurity,Beginner,4.94,2025-08-03,0.0
U02844,CR00018,Social Media Marketing,Marketing,Advanced,2.01,2025-07-01,0.0
U02844,CR00054,Backend Development with Node.js,Web Development,Beginner,3.32,2025-06-30,0.0
U02844,CR00047,Natural Language Processing,Artificial Intelligence,Intermediate,2.68,2025-05-15,89.59
U02844,CR00016,Digital Marketing,Marketing,Intermediate,4.72,2025-03-24,0.0
U02845,CR00009,Web Design Fundamentals,Design,Beginner,4.51,2025-03-02,0.0
U02846,CR00025,Statistical Analysis,Data Science,Beginner,3.74,2025-06-07,299.57
U02847,CR00042,Investment Strategies,Finance,Intermediate,4.1,2025-05-01,0.0
U02848,CR00033,Cybersecurity Fundamentals,Cybersecurity,Intermediate,3.93,2025-11-12,0.0
U02849,CR00004,Advanced Python,Programming,Beginner,2.88,2025-06-10,0.0
U02850,CR00023,Machine Learning Fundamentals,Data Science,Intermediate,3.02,2025-11-09,0.0
U02850,CR00026,Intro to Machine Learning,Machine Learning,Intermediate,4.73,2025-10-30,0.0
U02850,CR00037,Scrum Essentials,Project Management,Intermediate,3.45,2025-10-25,0.0
U02850,CR00009,Web Design Fundamentals,Design,Beginner,4.51,2025-10-13,0.0
U02850,CR00031,Network Security,Cybersecurity,Intermediate,1.91,2025-10-09,0.0
U02850,CR00015,Leadership Essentials,Business,Beginner,1.96,2025-08-18,285.05
U02850,CR00002,Java Programming,Programming,Intermediate,2.43,2025-08-05,0.0
U02850,CR00057,SEO for E-commerce,Digital Marketing,Advanced,3.89,2025-08-03,177.34
U02850,CR00047,Natural Language Processing,Artificial Intelligence,Intermediate,2.68,2025-07-07,89.59
U02850,CR00059,Affiliate Marketing,Digital Marketing,Intermediate,4.66,2025-04-25,0.0
U02850,CR00051,HTML & CSS,Web Development,Advanced,1.3,2025-03-02,37.89
U02850,CR00039,Project Planning,Project Management,Advanced,1.23,2025-01-27,346.71
U02850,CR00055,Full-Stack Web Development,Web Development,Advanced,4.74,2025-01-15,57.32
U02851,CR00034,Data Encryption,Cybersecurity,Intermediate,1.35,2025-08-08,394.26
U02852,CR00013,Finance for Startups,Business,Advanced,2.0,2025-06-30,0.0
U02853,CR00004,Advanced Python,Programming,Beginner,2.88,2025-12-04,0.0
U02854,CR00013,Finance for Startups,Business,Advanced,2.0,2025-04-13,0.0
U02855,CR00040,Leadership in Projects,Project Management,Beginner,1.51,2025-01-17,327.99
U02856,CR00001,Python Basics,Programming,Beginner,4.74,2025-04-08,472.28
U02857,CR00042,Investment Strategies,Finance,Intermediate,4.1,2025-10-27,0.0
U02857,CR00011,Entrepreneurship 101,Business,Intermediate,2.69,2025-09-24,326.02
U02857,CR00040,Leadership in Projects,Project Management,Beginner,1.51,2025-09-13,327.99
U02857,CR00018,Social Media Marketing,Marketing,Advanced,2.01,2025-08-29,0.0
U02857,CR00031,Network Security,Cybersecurity,Intermediate,1.91,2025-08-26,0.0
U02857,CR00037,Scrum Essentials,Project Management,Intermediate,3.45,2025-08-25,0.0
U02857,CR00023,Machine Learning Fundamentals,Data Science,Intermediate,3.02,2025-08-06,0.0
U02857,CR00019,Content Marketing,Marketing,Advanced,2.98,2025-07-09,0.0
U02857,CR00021,Data Analysis with Python,Data Science,Intermediate,3.6,2025-07-07,0.0
U02857,CR00039,Project Planning,Project Management,Advanced,1.23,2025-07-02,346.71
U02857,CR00028,Deep Learning,Machine Learning,Advanced,3.89,2025-06-01,0.78
U02857,CR00029,Natural Language Processing,Machine Learning,Beginner,1.13,2025-01-06,0.0
U02858,CR00022,Data Visualization,Data Science,Beginner,3.65,2025-12-25,0.0
U02858,CR00029,Natural Language Processing,Machine Learning,Beginner,1.13,2025-09-20,0.0
U02858,CR00031,Network Security,Cybersecurity,Intermediate,1.91,2025-09-02,0.0
U02858,CR00005,Full Stack Development,Programming,Beginner,1.28,2025-04-28,0.0
U02859,CR00040,Leadership in Projects,Project Management,Beginner,1.51,2025-09-10,327.99
U02859,CR00011,Entrepreneurship 101,Business,Intermediate,2.69,2025-03-20,326.02
U02860,CR00028,Deep Learning,Machine Learning,Advanced,3.89,2025-09-24,0.78
U02861,CR00039,Project Planning,Project Management,Advanced,1.23,2025-03-28,346.71
U02862,CR00019,Content Marketing,Marketing,Advanced,2.98,2025-07-23,0.0
U02862,CR00004,Advanced Python,Programming,Beginner,2.88,2025-05-25,0.0
U02863,CR00022,Data Visualization,Data Science,Beginner,3.65,2025-02-04,0.0
U02864,CR00018,Social Media Marketing,Marketing,Advanced,2.01,2025-07-16,0.0
U02865,CR00013,Finance for Startups,Business,Advanced,2.0,2025-04-07,0.0
U02866,CR00021,Data Analysis with Python,Data Science,Intermediate,3.6,2025-08-20,0.0
U02866,CR00011,Entrepreneurship 101,Business,Intermediate,2.69,2025-02-20,326.02
U02867,CR00003,C++ for Beginners,Programming,Beginner,3.85,2025-10-04,0.0
U02867,CR00057,SEO for E-commerce,Digital Marketing,Advanced,3.89,2025-07-09,177.34
U02868,CR00031,Network Security,Cybersecurity,Intermediate,1.91,2025-09-02,0.0
U02868,CR00030,Reinforcement Learning,Machine Learning,Intermediate,1.73,2025-07-03,0.0
U02869,CR00035,Cyber Threat Intelligence,Cybersecurity,Beginner,4.94,2025-11-05,0.0
U02870,CR00009,Web Design Fundamentals,Design,Beginner,4.51,2025-02-16,0.0
U02871,CR00035,Cyber Threat Intelligence,Cybersecurity,Beginner,4.94,2025-01-24,0.0
U02872,CR00014,Sales Mastery,Business,Advanced,3.15,2025-04-26,0.0
U02872,CR00038,Risk Management,Project Management,Intermediate,4.84,2025-01-09,342.61
U02873,CR00037,Scrum Essentials,Project Management,Intermediate,3.45,2025-05-25,0.0
U02873,CR00041,Financial Accounting,Finance,Beginner,2.47,2025-05-01,53.86
U02873,CR00013,Finance for Startups,Business,Advanced,2.0,2025-01-05,0.0
U02874,CR00026,Intro to Machine Learning,Machine Learning,Intermediate,4.73,2025-10-09,0.0
U02874,CR00006,Graphic Design Basics,Design,Advanced,2.72,2025-10-06,276.37
U02874,CR00011,Entrepreneurship 101,Business,Intermediate,2.69,2025-09-25,326.02
U02874,CR00014,Sales Mastery,Business,Advanced,3.15,2025-09-16,0.0
U02874,CR00028,Deep Learning,Machine Learning,Advanced,3.89,2025-09-07,0.78
U02874,CR00055,Full-Stack Web Development,Web Development,Advanced,4.74,2025-08-15,57.32
U02874,CR00005,Full Stack Development,Programming,Beginner,1.28,2025-07-10,0.0
U02874,CR00050,Computer Vision,Artificial Intelligence,Beginner,4.55,2025-06-25,490.9
U02874,CR00019,Content Marketing,Marketing,Advanced,2.98,2025-05-25,0.0
U02874,CR00052,JavaScript Mastery,Web Development,Beginner,2.2,2025-03-02,0.0
U02874,CR00054,Backend Development with Node.js,Web Development,Beginner,3.32,2025-02-24,0.0
U02875,CR00015,Leadership Essentials,Business,Beginner,1.96,2025-12-07,285.05
U02876,CR00008,Photoshop Mastery,Design,Advanced,1.52,2025-03-21,0.0
U02877,CR00016,Digital Marketing,Marketing,Intermediate,4.72,2025-11-05,0.0
U02878,CR00044,Personal Finance,Finance,Intermediate,2.75,2025-10-12,119.04
U02878,CR00049,Deep Learning,Artificial Intelligence,Intermediate,3.11,2025-07-03,415.51
U02879,CR00043,Corporate Finance,Finance,Beginner,4.14,2025-03-05,0.0
U02880,CR00007,UI/UX Design,Design,Advanced,2.61,2025-08-21,0.0
U02881,CR00009,Web Design Fundamentals,Design,Beginner,4.51,2025-12-01,0.0
U02881,CR00006,Graphic Design Basics,Design,Advanced,2.72,2025-08-23,276.37
U02881,CR00059,Affiliate Marketing,Digital Marketing,Intermediate,4.66,2025-06-19,0.0
U02881,CR00052,JavaScript Mastery,Web Development,Beginner,2.2,2025-05-09,0.0
U02882,CR00059,Affiliate Marketing,Digital Marketing,Intermediate,4.66,2025-07-26,0.0
U02883,CR00048,AI Ethics,Artificial Intelligence,Beginner,3.64,2025-12-19,0.0
U02883,CR00020,Email Marketing,Marketing,Intermediate,4.11,2025-12-01,0.0
U02883,CR00038,Risk Management,Project Management,Intermediate,4.84,2025-11-14,342.61
U02883,CR00050,Computer Vision,Artificial Intelligence,Beginner,4.55,2025-10-11,490.9
U02883,CR00015,Leadership Essentials,Business,Beginner,1.96,2025-09-18,285.05
U02883,CR00041,Financial Accounting,Finance,Beginner,2.47,2025-07-13,53.86
U02883,CR00011,Entrepreneurship 101,Business,Intermediate,2.69,2025-05-11,326.02
U02883,CR00012,Business Strategy,Business,Advanced,3.64,2025-04-23,487.92
U02883,CR00036,Agile Project Management,Project Management,Beginner,4.68,2025-04-20,0.0
U02883,CR00033,Cybersecurity Fundamentals,Cybersecurity,Intermediate,3.93,2025-03-24,0.0
U02883,CR00022,Data Visualization,Data Science,Beginner,3.65,2025-03-04,0.0
U02883,CR00040,Leadership in Projects,Project Management,Beginner,1.51,2025-02-26,327.99
U02884,CR00059,Affiliate Marketing,Digital Marketing,Intermediate,4.66,2025-07-29,0.0
U02884,CR00021,Data Analysis with Python,Data Science,Intermediate,3.6,2025-07-15,0.0
U02884,CR00028,Deep Learning,Machine Learning,Advanced,3.89,2025-01-03,0.78
U02885,CR00022,Data Visualization,Data Science,Beginner,3.65,2025-11-28,0.0
U02885,CR00038,Risk Management,Project Management,Intermediate,4.84,2025-08-01,342.61
U02885,CR00009,Web Design Fundamentals,Design,Beginner,4.51,2025-07-14,0.0
U02886,CR00014,Sales Mastery,Business,Advanced,3.15,2025-08-01,0.0
U02886,CR00047,Natural Language Processing,Artificial Intelligence,Intermediate,2.68,2025-06-20,89.59
U02886,CR00036,Agile Project Management,Project Management,Beginner,4.68,2025-05-19,0.0
U02887,CR00057,SEO for E-commerce,Digital Marketing,Advanced,3.89,2025-11-06,177.34
U02887,CR00025,Statistical Analysis,Data Science,Beginner,3.74,2025-08-27,299.57
U02887,CR00031,Network Security,Cybersecurity,Intermediate,1.91,2025-08-03,0.0
U02887,CR00009,Web Design Fundamentals,Design,Beginner,4.51,2025-05-20,0.0
U02888,CR00024,Big Data Analytics,Data Science,Advanced,2.57,2025-09-21,117.68
U02889,CR00011,Entrepreneurship 101,Business,Intermediate,2.69,2025-06-05,326.02
U02890,CR00033,Cybersecurity Fundamentals,Cybersecurity,Intermediate,3.93,2025-12-13,0.0
U02890,CR00059,Affiliate Marketing,Digital Marketing,Intermediate,4.66,2025-03-28,0.0
U02891,CR00025,Statistical Analysis,Data Science,Beginner,3.74,2025-08-28,299.57
U02891,CR00024,Big Data Analytics,Data Science,Advanced,2.57,2025-03-20,117.68
U02891,CR00015,Leadership Essentials,Business,Beginner,1.96,2025-02-06,285.05
U02892,CR00001,Python Basics,Programming,Beginner,4.74,2025-09-08,472.28
U02893,CR00004,Advanced Python,Programming,Beginner,2.88,2025-06-06,0.0
U02894,CR00018,Social Media Marketing,Marketing,Advanced,2.01,2025-09-11,0.0
U02895,CR00048,AI Ethics,Artificial Intelligence,Beginner,3.64,2025-12-03,0.0
U02895,CR00041,Financial Accounting,Finance,Beginner,2.47,2025-06-07,53.86
U02896,CR00021,Data Analysis with Python,Data Science,Intermediate,3.6,2025-04-07,0.0
U02897,CR00025,Statistical Analysis,Data Science,Beginner,3.74,2025-06-23,299.57
U02898,CR00038,Risk Management,Project Management,Intermediate,4.84,2025-12-27,342.61
U02898,CR00006,Graphic Design Basics,Design,Advanced,2.72,2025-12-20,276.37
U02898,CR00028,Deep Learning,Machine Learning,Advanced,3.89,2025-07-08,0.78
U02898,CR00010,3D Modeling,Design,Advanced,4.45,2025-03-23,0.0
U02899,CR00020,Email Marketing,Marketing,Intermediate,4.11,2025-12-05,0.0
U02899,CR00008,Photoshop Mastery,Design,Advanced,1.52,2025-10-24,0.0
U02899,CR00058,Social Media Strategy,Digital Marketing,Beginner,4.44,2025-09-21,0.0
U02899,CR00003,C++ for Beginners,Programming,Beginner,3.85,2025-09-09,0.0
U02899,CR00023,Machine Learning Fundamentals,Data Science,Intermediate,3.02,2025-06-14,0.0
U02899,CR00036,Agile Project Management,Project Management,Beginner,4.68,2025-05-28,0.0
U02899,CR00005,Full Stack Development,Programming,Beginner,1.28,2025-05-26,0.0
U02899,CR00052,JavaScript Mastery,Web Development,Beginner,2.2,2025-05-11,0.0
U02899,CR00042,Investment Strategies,Finance,Intermediate,4.1,2025-04-23,0.0
U02899,CR00040,Leadership in Projects,Project Management,Beginner,1.51,2025-03-17,327.99
U02899,CR00010,3D Modeling,Design,Advanced,4.45,2025-03-02,0.0
U02899,CR00004,Advanced Python,Programming,Beginner,2.88,2025-02-20,0.0
U02899,CR00043,Corporate Finance,Finance,Beginner,4.14,2025-01-27,0.0
U02900,CR00034,Data Encryption,Cybersecurity,Intermediate,1.35,2025-11-27,394.26
U02901,CR00032,Ethical Hacking,Cybersecurity,Advanced,2.38,2025-07-16,0.0
U02902,CR00032,Ethical Hacking,Cybersecurity,Advanced,2.38,2025-10-12,0.0
U02902,CR00052,JavaScript Mastery,Web Development,Beginner,2.2,2025-07-11,0.0
U02903,CR00012,Business Strategy,Business,Advanced,3.64,2025-01-23,487.92
U02904,CR00039,Project Planning,Project Management,Advanced,1.23,2025-09-22,346.71
U02905,CR00018,Social Media Marketing,Marketing,Advanced,2.01,2025-06-02,0.0
U02905,CR00044,Personal Finance,Finance,Intermediate,2.75,2025-03-16,119.04
U02906,CR00001,Python Basics,Programming,Beginner,4.74,2025-12-08,472.28
U02906,CR00043,Corporate Finance,Finance,Beginner,4.14,2025-05-11,0.0
U02906,CR00044,Personal Finance,Finance,Intermediate,2.75,2025-03-10,119.04
U02907,CR00053,React for Beginners,Web Development,Advanced,2.67,2025-08-30,0.0
U02907,CR00049,Deep Learning,Artificial Intelligence,Intermediate,3.11,2025-05-19,415.51
U02908,CR00004,Advanced Python,Programming,Beginner,2.88,2025-03-29,0.0
U02909,CR00030,Reinforcement Learning,Machine Learning,Intermediate,1.73,2025-11-21,0.0
U02909,CR00026,Intro to Machine Learning,Machine Learning,Intermediate,4.73,2025-11-07,0.0
U02909,CR00058,Social Media Strategy,Digital Marketing,Beginner,4.44,2025-11-01,0.0
U02909,CR00035,Cyber Threat Intelligence,Cybersecurity,Beginner,4.94,2025-09-29,0.0
U02909,CR00012,Business Strategy,Business,Advanced,3.64,2025-08-26,487.92
U02909,CR00013,Finance for Startups,Business,Advanced,2.0,2025-06-21,0.0
U02909,CR00046,AI for Beginners,Artificial Intelligence,Beginner,1.2,2025-05-16,248.1
U02909,CR00016,Digital Marketing,Marketing,Intermediate,4.72,2025-05-11,0.0
U02909,CR00054,Backend Development with Node.js,Web Development,Beginner,3.32,2025-04-27,0.0
U02909,CR00041,Financial Accounting,Finance,Beginner,2.47,2025-03-23,53.86
U02909,CR00059,Affiliate Marketing,Digital Marketing,Intermediate,4.66,2025-02-22,0.0
U02909,CR00043,Corporate Finance,Finance,Beginner,4.14,2025-02-19,0.0
U02909,CR00021,Data Analysis with Python,Data Science,Intermediate,3.6,2025-02-06,0.0
U02909,CR00049,Deep Learning,Artificial Intelligence,Intermediate,3.11,2025-01-21,415.51
U02910,CR00013,Finance for Startups,Business,Advanced,2.0,2025-06-27,0.0
U02911,CR00050,Computer Vision,Artificial Intelligence,Beginner,4.55,2025-12-30,490.9
U02912,CR00053,React for Beginners,Web Development,Advanced,2.67,2025-11-03,0.0
U02912,CR00056,Google Ads Mastery,Digital Marketing,Advanced,3.15,2025-07-10,212.39
U02913,CR00031,Network Security,Cybersecurity,Intermediate,1.91,2025-02-28,0.0
U02914,CR00055,Full-Stack Web Development,Web Development,Advanced,4.74,2025-10-26,57.32
U02914,CR00026,Intro to Machine Learning,Machine Learning,Intermediate,4.73,2025-01-17,0.0
U02915,CR00043,Corporate Finance,Finance,Beginner,4.14,2025-12-15,0.0
U02915,CR00058,Social Media Strategy,Digital Marketing,Beginner,4.44,2025-11-26,0.0
U02915,CR00048,AI Ethics,Artificial Intelligence,Beginner,3.64,2025-11-23,0.0
U02915,CR00049,Deep Learning,Artificial Intelligence,Intermediate,3.11,2025-10-23,415.51
U02915,CR00031,Network Security,Cybersecurity,Intermediate,1.91,2025-08-15,0.0
U02915,CR00017,SEO Mastery,Marketing,Advanced,4.79,2025-07-22,0.0
U02915,CR00029,Natural Language Processing,Machine Learning,Beginner,1.13,2025-07-17,0.0
U02915,CR00004,Advanced Python,Programming,Beginner,2.88,2025-07-07,0.0
U02915,CR00026,Intro to Machine Learning,Machine Learning,Intermediate,4.73,2025-06-14,0.0
U02915,CR00002,Java Programming,Programming,Intermediate,2.43,2025-05-28,0.0
U02915,CR00019,Content Marketing,Marketing,Advanced,2.98,2025-05-26,0.0
U02915,CR00036,Agile Project Management,Project Management,Beginner,4.68,2025-05-14,0.0
U02915,CR00020,Email Marketing,Marketing,Intermediate,4.11,2025-01-26,0.0
U02915,CR00021,Data Analysis with Python,Data Science,Intermediate,3.6,2025-01-14,0.0
U02916,CR00042,Investment Strategies,Finance,Intermediate,4.1,2025-12-04,0.0
U02916,CR00025,Statistical Analysis,Data Science,Beginner,3.74,2025-11-09,299.57
U02916,CR00016,Digital Marketing,Marketing,Intermediate,4.72,2025-10-03,0.0
U02916,CR00049,Deep Learning,Artificial Intelligence,Intermediate,3.11,2025-10-02,415.51
U02916,CR00037,Scrum Essentials,Project Management,Intermediate,3.45,2025-08-29,0.0
U02916,CR00036,Agile Project Management,Project Management,Beginner,4.68,2025-08-09,0.0
U02916,CR00011,Entrepreneurship 101,Business,Intermediate,2.69,2025-07-27,326.02
U02916,CR00058,Social Media Strategy,Digital Marketing,Beginner,4.44,2025-06-30,0.0
U02916,CR00054,Backend Development with Node.js,Web Development,Beginner,3.32,2025-06-15,0.0
U02916,CR00015,Leadership Essentials,Business,Beginner,1.96,2025-04-07,285.05
U02916,CR00050,Computer Vision,Artificial Intelligence,Beginner,4.55,2025-03-15,490.9
U02916,CR00003,C++ for Beginners,Programming,Beginner,3.85,2025-03-15,0.0
U02916,CR00005,Full Stack Development,Programming,Beginner,1.28,2025-02-21,0.0
U02916,CR00006,Graphic Design Basics,Design,Advanced,2.72,2025-02-07,276.37
U02916,CR00060,Content Creation,Digital Marketing,Beginner,2.14,2025-02-06,0.0
U02917,CR00012,Business Strategy,Business,Advanced,3.64,2025-11-29,487.92
U02918,CR00058,Social Media Strategy,Digital Marketing,Beginner,4.44,2025-07-27,0.0
U02918,CR00005,Full Stack Development,Programming,Beginner,1.28,2025-05-27,0.0
U02919,CR00045,Financial Modeling,Finance,Advanced,1.59,2025-05-19,0.0
U02920,CR00022,Data Visualization,Data Science,Beginner,3.65,2025-03-27,0.0
U02921,CR00032,Ethical Hacking,Cybersecurity,Advanced,2.38,2025-12-20,0.0
U02922,CR00002,Java Programming,Programming,Intermediate,2.43,2025-12-19,0.0
U02923,CR00050,Computer Vision,Artificial Intelligence,Beginner,4.55,2025-11-22,490.9
U02923,CR00037,Scrum Essentials,Project Management,Intermediate,3.45,2025-03-20,0.0
U02923,CR00040,Leadership in Projects,Project Management,Beginner,1.51,2025-03-15,327.99
U02924,CR00045,Financial Modeling,Finance,Advanced,1.59,2025-10-25,0.0
U02925,CR00010,3D Modeling,Design,Advanced,4.45,2025-11-05,0.0
U02925,CR00034,Data Encryption,Cybersecurity,Intermediate,1.35,2025-07-12,394.26
U02925,CR00044,Personal Finance,Finance,Intermediate,2.75,2025-03-15,119.04
U02925,CR00021,Data Analysis with Python,Data Science,Intermediate,3.6,2025-01-05,0.0
U02926,CR00014,Sales Mastery,Business,Advanced,3.15,2025-08-30,0.0
U02927,CR00039,Project Planning,Project Management,Advanced,1.23,2025-11-30,346.71
U02927,CR00011,Entrepreneurship 101,Business,Intermediate,2.69,2025-10-27,326.02
U02927,CR00052,JavaScript Mastery,Web Development,Beginner,2.2,2025-09-26,0.0
U02927,CR00008,Photoshop Mastery,Design,Advanced,1.52,2025-09-24,0.0
U02927,CR00054,Backend Development with Node.js,Web Development,Beginner,3.32,2025-09-22,0.0
U02927,CR00024,Big Data Analytics,Data Science,Advanced,2.57,2025-06-25,117.68
U02927,CR00015,Leadership Essentials,Business,Beginner,1.96,2025-06-13,285.05
U02927,CR00027,Neural Networks,Machine Learning,Advanced,1.81,2025-06-08,0.0
U02927,CR00042,Investment Strategies,Finance,Intermediate,4.1,2025-05-17,0.0
U02927,CR00012,Business Strategy,Business,Advanced,3.64,2025-04-26,487.92
U02927,CR00003,C++ for Beginners,Programming,Beginner,3.85,2025-04-06,0.0
U02927,CR00046,AI for Beginners,Artificial Intelligence,Beginner,1.2,2025-02-05,248.1
U02927,CR00021,Data Analysis with Python,Data Science,Intermediate,3.6,2025-01-23,0.0
U02927,CR00041,Financial Accounting,Finance,Beginner,2.47,2025-01-09,53.86
U02927,CR00059,Affiliate Marketing,Digital Marketing,Intermediate,4.66,2025-01-08,0.0
U02928,CR00042,Investment Strategies,Finance,Intermediate,4.1,2025-09-25,0.0
U02929,CR00001,Python Basics,Programming,Beginner,4.74,2025-09-09,472.28
U02930,CR00015,Leadership Essentials,Business,Beginner,1.96,2025-06-17,285.05
U02931,CR00060,Content Creation,Digital Marketing,Beginner,2.14,2025-12-02,0.0
U02931,CR00010,3D Modeling,Design,Advanced,4.45,2025-11-19,0.0
U02931,CR00030,Reinforcement Learning,Machine Learning,Intermediate,1.73,2025-11-13,0.0
U02931,CR00033,Cybersecurity Fundamentals,Cybersecurity,Intermediate,3.93,2025-11-04,0.0
U02931,CR00022,Data Visualization,Data Science,Beginner,3.65,2025-11-02,0.0
U02931,CR00043,Corporate Finance,Finance,Beginner,4.14,2025-10-14,0.0
U02931,CR00004,Advanced Python,Programming,Beginner,2.88,2025-09-30,0.0
U02931,CR00053,React for Beginners,Web Development,Advanced,2.67,2025-08-27,0.0
U02931,CR00021,Data Analysis with Python,Data Science,Intermediate,3.6,2025-08-21,0.0
U02931,CR00045,Financial Modeling,Finance,Advanced,1.59,2025-07-08,0.0
U02931,CR00029,Natural Language Processing,Machine Learning,Beginner,1.13,2025-06-11,0.0
U02931,CR00051,HTML & CSS,Web Development,Advanced,1.3,2025-05-05,37.89
U02931,CR00044,Personal Finance,Finance,Intermediate,2.75,2025-03-27,119.04
U02931,CR00002,Java Programming,Programming,Intermediate,2.43,2025-02-24,0.0
U02931,CR00023,Machine Learning Fundamentals,Data Science,Intermediate,3.02,2025-01-25,0.0
U02932,CR00054,Backend Development with Node.js,Web Development,Beginner,3.32,2025-01-22,0.0
U02933,CR00010,3D Modeling,Design,Advanced,4.45,2025-06-27,0.0
U02934,CR00025,Statistical Analysis,Data Science,Beginner,3.74,2025-10-21,299.57
U02935,CR00015,Leadership Essentials,Business,Beginner,1.96,2025-03-13,285.05
U02935,CR00049,Deep Learning,Artificial Intelligence,Intermediate,3.11,2025-03-04,415.51
U02936,CR00016,Digital Marketing,Marketing,Intermediate,4.72,2025-11-13,0.0
U02936,CR00007,UI/UX Design,Design,Advanced,2.61,2025-03-24,0.0
U02937,CR00060,Content Creation,Digital Marketing,Beginner,2.14,2025-11-25,0.0
U02937,CR00028,Deep Learning,Machine Learning,Advanced,3.89,2025-11-02,0.78
U02937,CR00055,Full-Stack Web Development,Web Development,Advanced,4.74,2025-10-13,57.32
U02937,CR00018,Social Media Marketing,Marketing,Advanced,2.01,2025-09-07,0.0
U02937,CR00044,Personal Finance,Finance,Intermediate,2.75,2025-08-29,119.04
U02937,CR00040,Leadership in Projects,Project Management,Beginner,1.51,2025-08-20,327.99
U02937,CR00020,Email Marketing,Marketing,Intermediate,4.11,2025-08-13,0.0
U02937,CR00045,Financial Modeling,Finance,Advanced,1.59,2025-06-26,0.0
U02937,CR00037,Scrum Essentials,Project Management,Intermediate,3.45,2025-06-14,0.0
U02937,CR00059,Affiliate Marketing,Digital Marketing,Intermediate,4.66,2025-05-06,0.0
U02937,CR00013,Finance for Startups,Business,Advanced,2.0,2025-03-23,0.0
U02937,CR00047,Natural Language Processing,Artificial Intelligence,Intermediate,2.68,2025-02-01,89.59
U02937,CR00041,Financial Accounting,Finance,Beginner,2.47,2025-01-17,53.86
U02938,CR00013,Finance for Startups,Business,Advanced,2.0,2025-12-30,0.0
U02939,CR00021,Data Analysis with Python,Data Science,Intermediate,3.6,2025-09-04,0.0
U02940,CR00058,Social Media Strategy,Digital Marketing,Beginner,4.44,2025-11-19,0.0
U02940,CR00039,Project Planning,Project Management,Advanced,1.23,2025-10-29,346.71
U02940,CR00029,Natural Language Processing,Machine Learning,Beginner,1.13,2025-05-11,0.0
U02941,CR00058,Social Media Strategy,Digital Marketing,Beginner,4.44,2025-11-18,0.0
U02941,CR00060,Content Creation,Digital Marketing,Beginner,2.14,2025-10-15,0.0
U02941,CR00054,Backend Development with Node.js,Web Development,Beginner,3.32,2025-09-18,0.0
U02941,CR00041,Financial Accounting,Finance,Beginner,2.47,2025-08-18,53.86
U02941,CR00055,Full-Stack Web Development,Web Development,Advanced,4.74,2025-08-17,57.32
U02941,CR00006,Graphic Design Basics,Design,Advanced,2.72,2025-08-12,276.37
U02941,CR00033,Cybersecurity Fundamentals,Cybersecurity,Intermediate,3.93,2025-07-23,0.0
U02941,CR00005,Full Stack Development,Programming,Beginner,1.28,2025-05-30,0.0
U02941,CR00052,JavaScript Mastery,Web Development,Beginner,2.2,2025-05-08,0.0
U02941,CR00013,Finance for Startups,Business,Advanced,2.0,2025-04-03,0.0
U02941,CR00038,Risk Management,Project Management,Intermediate,4.84,2025-01-10,342.61
U02941,CR00057,SEO for E-commerce,Digital Marketing,Advanced,3.89,2025-01-03,177.34
U02942,CR00009,Web Design Fundamentals,Design,Beginner,4.51,2025-12-13,0.0
U02942,CR00049,Deep Learning,Artificial Intelligence,Intermediate,3.11,2025-08-17,415.51
U02942,CR00027,Neural Networks,Machine Learning,Advanced,1.81,2025-01-11,0.0
U02943,CR00020,Email Marketing,Marketing,Intermediate,4.11,2025-05-10,0.0
U02944,CR00045,Financial Modeling,Finance,Advanced,1.59,2025-06-23,0.0
U02945,CR00052,JavaScript Mastery,Web Development,Beginner,2.2,2025-12-28,0.0
U02945,CR00058,Social Media Strategy,Digital Marketing,Beginner,4.44,2025-11-05,0.0
U02945,CR00011,Entrepreneurship 101,Business,Intermediate,2.69,2025-11-04,326.02
U02945,CR00002,Java Programming,Programming,Intermediate,2.43,2025-06-18,0.0
U02945,CR00050,Computer Vision,Artificial Intelligence,Beginner,4.55,2025-06-12,490.9
U02945,CR00046,AI for Beginners,Artificial Intelligence,Beginner,1.2,2025-06-10,248.1
U02945,CR00039,Project Planning,Project Management,Advanced,1.23,2025-06-02,346.71
U02945,CR00024,Big Data Analytics,Data Science,Advanced,2.57,2025-05-25,117.68
U02945,CR00037,Scrum Essentials,Project Management,Intermediate,3.45,2025-04-22,0.0
U02945,CR00054,Backend Development with Node.js,Web Development,Beginner,3.32,2025-04-08,0.0
U02945,CR00051,HTML & CSS,Web Development,Advanced,1.3,2025-03-02,37.89
U02945,CR00041,Financial Accounting,Finance,Beginner,2.47,2025-01-09,53.86
U02946,CR00016,Digital Marketing,Marketing,Intermediate,4.72,2025-11-09,0.0
U02947,CR00060,Content Creation,Digital Marketing,Beginner,2.14,2025-12-24,0.0
U02947,CR00029,Natural Language Processing,Machine Learning,Beginner,1.13,2025-10-25,0.0
U02947,CR00018,Social Media Marketing,Marketing,Advanced,2.01,2025-10-13,0.0
U02947,CR00031,Network Security,Cybersecurity,Intermediate,1.91,2025-08-08,0.0
U02947,CR00048,AI Ethics,Artificial Intelligence,Beginner,3.64,2025-07-24,0.0
U02947,CR00011,Entrepreneurship 101,Business,Intermediate,2.69,2025-05-13,326.02
U02947,CR00055,Full-Stack Web Development,Web Development,Advanced,4.74,2025-04-24,57.32
U02947,CR00042,Investment Strategies,Finance,Intermediate,4.1,2025-04-02,0.0
U02947,CR00050,Computer Vision,Artificial Intelligence,Beginner,4.55,2025-02-04,490.9
U02947,CR00051,HTML & CSS,Web Development,Advanced,1.3,2025-01-06,37.89
U02947,CR00022,Data Visualization,Data Science,Beginner,3.65,2025-01-02,0.0
U02948,CR00022,Data Visualization,Data Science,Beginner,3.65,2025-01-23,0.0
U02949,CR00025,Statistical Analysis,Data Science,Beginner,3.74,2025-12-16,299.57
U02949,CR00012,Business Strategy,Business,Advanced,3.64,2025-02-19,487.92
U02950,CR00007,UI/UX Design,Design,Advanced,2.61,2025-11-04,0.0
U02950,CR00038,Risk Management,Project Management,Intermediate,4.84,2025-09-03,342.61
U02950,CR00018,Social Media Marketing,Marketing,Advanced,2.01,2025-05-19,0.0
U02950,CR00009,Web Design Fundamentals,Design,Beginner,4.51,2025-01-20,0.0
U02951,CR00033,Cybersecurity Fundamentals,Cybersecurity,Intermediate,3.93,2025-11-28,0.0
U02952,CR00009,Web Design Fundamentals,Design,Beginner,4.51,2025-10-05,0.0
U02952,CR00048,AI Ethics,Artificial Intelligence,Beginner,3.64,2025-05-04,0.0
U02953,CR00015,Leadership Essentials,Business,Beginner,1.96,2025-08-17,285.05
U02954,CR00012,Business Strategy,Business,Advanced,3.64,2025-08-24,487.92
U02954,CR00032,Ethical Hacking,Cybersecurity,Advanced,2.38,2025-06-20,0.0
U02955,CR00055,Full-Stack Web Development,Web Development,Advanced,4.74,2025-09-08,57.32
U02956,CR00005,Full Stack Development,Programming,Beginner,1.28,2025-06-28,0.0
U02956,CR00041,Financial Accounting,Finance,Beginner,2.47,2025-04-02,53.86
U02957,CR00032,Ethical Hacking,Cybersecurity,Advanced,2.38,2025-11-20,0.0
U02958,CR00012,Business Strategy,Business,Advanced,3.64,2025-12-17,487.92
U02958,CR00035,Cyber Threat Intelligence,Cybersecurity,Beginner,4.94,2025-11-04,0.0
U02958,CR00027,Neural Networks,Machine Learning,Advanced,1.81,2025-11-01,0.0
U02958,CR00009,Web Design Fundamentals,Design,Beginner,4.51,2025-08-22,0.0
U02958,CR00032,Ethical Hacking,Cybersecurity,Advanced,2.38,2025-07-02,0.0
U02958,CR00043,Corporate Finance,Finance,Beginner,4.14,2025-05-17,0.0
U02958,CR00046,AI for Beginners,Artificial Intelligence,Beginner,1.2,2025-04-23,248.1
U02958,CR00011,Entrepreneurship 101,Business,Intermediate,2.69,2025-03-12,326.02
U02958,CR00013,Finance for Startups,Business,Advanced,2.0,2025-03-02,0.0
U02958,CR00031,Network Security,Cybersecurity,Intermediate,1.91,2025-02-20,0.0
U02958,CR00022,Data Visualization,Data Science,Beginner,3.65,2025-02-08,0.0
U02958,CR00006,Graphic Design Basics,Design,Advanced,2.72,2025-01-24,276.37
U02959,CR00019,Content Marketing,Marketing,Advanced,2.98,2025-07-22,0.0
U02959,CR00006,Graphic Design Basics,Design,Advanced,2.72,2025-02-02,276.37
U02960,CR00025,Statistical Analysis,Data Science,Beginner,3.74,2025-03-26,299.57
U02961,CR00022,Data Visualization,Data Science,Beginner,3.65,2025-12-15,0.0
U02962,CR00042,Investment Strategies,Finance,Intermediate,4.1,2025-04-25,0.0
U02963,CR00030,Reinforcement Learning,Machine Learning,Intermediate,1.73,2025-10-30,0.0
U02964,CR00026,Intro to Machine Learning,Machine Learning,Intermediate,4.73,2025-01-28,0.0
U02965,CR00040,Leadership in Projects,Project Management,Beginner,1.51,2025-04-07,327.99
U02966,CR00058,Social Media Strategy,Digital Marketing,Beginner,4.44,2025-08-18,0.0
U02966,CR00014,Sales Mastery,Business,Advanced,3.15,2025-06-15,0.0
U02966,CR00027,Neural Networks,Machine Learning,Advanced,1.81,2025-06-04,0.0
U02966,CR00036,Agile Project Management,Project Management,Beginner,4.68,2025-05-11,0.0
U02967,CR00018,Social Media Marketing,Marketing,Advanced,2.01,2025-04-10,0.0
U02968,CR00025,Statistical Analysis,Data Science,Beginner,3.74,2025-11-25,299.57
U02968,CR00056,Google Ads Mastery,Digital Marketing,Advanced,3.15,2025-01-05,212.39
U02969,CR00003,C++ for Beginners,Programming,Beginner,3.85,2025-10-23,0.0
U02969,CR00035,Cyber Threat Intelligence,Cybersecurity,Beginner,4.94,2025-09-04,0.0
U02969,CR00043,Corporate Finance,Finance,Beginner,4.14,2025-08-18,0.0
U02969,CR00012,Business Strategy,Business,Advanced,3.64,2025-08-05,487.92
U02969,CR00005,Full Stack Development,Programming,Beginner,1.28,2025-07-30,0.0
U02969,CR00029,Natural Language Processing,Machine Learning,Beginner,1.13,2025-07-10,0.0
U02969,CR00023,Machine Learning Fundamentals,Data Science,Intermediate,3.02,2025-06-23,0.0
U02969,CR00039,Project Planning,Project Management,Advanced,1.23,2025-03-19,346.71
U02969,CR00055,Full-Stack Web Development,Web Development,Advanced,4.74,2025-02-26,57.32
U02969,CR00060,Content Creation,Digital Marketing,Beginner,2.14,2025-02-25,0.0
U02969,CR00018,Social Media Marketing,Marketing,Advanced,2.01,2025-02-09,0.0
U02969,CR00015,Leadership Essentials,Business,Beginner,1.96,2025-01-03,285.05
U02969,CR00028,Deep Learning,Machine Learning,Advanced,3.89,2025-01-02,0.78
U02970,CR00028,Deep Learning,Machine Learning,Advanced,3.89,2025-12-24,0.78
U02970,CR00047,Natural Language Processing,Artificial Intelligence,Intermediate,2.68,2025-07-15,89.59
U02971,CR00048,AI Ethics,Artificial Intelligence,Beginner,3.64,2025-12-05,0.0
U02971,CR00013,Finance for Startups,Business,Advanced,2.0,2025-11-05,0.0
U02971,CR00059,Affiliate Marketing,Digital Marketing,Intermediate,4.66,2025-11-04,0.0
U02971,CR00019,Content Marketing,Marketing,Advanced,2.98,2025-10-15,0.0
U02971,CR00051,HTML & CSS,Web Development,Advanced,1.3,2025-07-19,37.89
U02971,CR00045,Financial Modeling,Finance,Advanced,1.59,2025-06-15,0.0
U02971,CR00017,SEO Mastery,Marketing,Advanced,4.79,2025-06-06,0.0
U02971,CR00023,Machine Learning Fundamentals,Data Science,Intermediate,3.02,2025-04-22,0.0
U02971,CR00033,Cybersecurity Fundamentals,Cybersecurity,Intermediate,3.93,2025-04-13,0.0
U02971,CR00007,UI/UX Design,Design,Advanced,2.61,2025-04-11,0.0
U02971,CR00046,AI for Beginners,Artificial Intelligence,Beginner,1.2,2025-04-03,248.1
U02971,CR00014,Sales Mastery,Business,Advanced,3.15,2025-01-11,0.0
U02971,CR00050,Computer Vision,Artificial Intelligence,Beginner,4.55,2025-01-07,490.9
U02972,CR00050,Computer Vision,Artificial Intelligence,Beginner,4.55,2025-08-23,490.9
U02972,CR00047,Natural Language Processing,Artificial Intelligence,Intermediate,2.68,2025-02-19,89.59
U02973,CR00029,Natural Language Processing,Machine Learning,Beginner,1.13,2025-09-14,0.0
U02974,CR00023,Machine Learning Fundamentals,Data Science,Intermediate,3.02,2025-12-24,0.0
U02974,CR00060,Content Creation,Digital Marketing,Beginner,2.14,2025-12-18,0.0
U02974,CR00045,Financial Modeling,Finance,Advanced,1.59,2025-12-01,0.0
U02974,CR00007,UI/UX Design,Design,Advanced,2.61,2025-10-30,0.0
U02974,CR00025,Statistical Analysis,Data Science,Beginner,3.74,2025-09-23,299.57
U02974,CR00047,Natural Language Processing,Artificial Intelligence,Intermediate,2.68,2025-09-20,89.59
U02974,CR00021,Data Analysis with Python,Data Science,Intermediate,3.6,2025-08-15,0.0
U02974,CR00050,Computer Vision,Artificial Intelligence,Beginner,4.55,2025-07-24,490.9
U02974,CR00036,Agile Project Management,Project Management,Beginner,4.68,2025-06-06,0.0
U02974,CR00016,Digital Marketing,Marketing,Intermediate,4.72,2025-05-19,0.0
U02974,CR00011,Entrepreneurship 101,Business,Intermediate,2.69,2025-04-10,326.02
U02974,CR00018,Social Media Marketing,Marketing,Advanced,2.01,2025-03-27,0.0
U02974,CR00009,Web Design Fundamentals,Design,Beginner,4.51,2025-03-03,0.0
U02974,CR00035,Cyber Threat Intelligence,Cybersecurity,Beginner,4.94,2025-01-11,0.0
U02975,CR00048,AI Ethics,Artificial Intelligence,Beginner,3.64,2025-03-29,0.0
U02976,CR00010,3D Modeling,Design,Advanced,4.45,2025-12-23,0.0
U02976,CR00040,Leadership in Projects,Project Management,Beginner,1.51,2025-12-01,327.99
U02976,CR00030,Reinforcement Learning,Machine Learning,Intermediate,1.73,2025-11-22,0.0
U02976,CR00054,Backend Development with Node.js,Web Development,Beginner,3.32,2025-09-23,0.0
U02976,CR00009,Web Design Fundamentals,Design,Beginner,4.51,2025-08-13,0.0
U02976,CR00039,Project Planning,Project Management,Advanced,1.23,2025-08-03,346.71
U02976,CR00008,Photoshop Mastery,Design,Advanced,1.52,2025-07-27,0.0
U02976,CR00037,Scrum Essentials,Project Management,Intermediate,3.45,2025-05-18,0.0
U02976,CR00011,Entrepreneurship 101,Business,Intermediate,2.69,2025-05-08,326.02
U02976,CR00041,Financial Accounting,Finance,Beginner,2.47,2025-04-27,53.86
U02976,CR00017,SEO Mastery,Marketing,Advanced,4.79,2025-04-03,0.0
U02976,CR00003,C++ for Beginners,Programming,Beginner,3.85,2025-03-12,0.0
U02976,CR00033,Cybersecurity Fundamentals,Cybersecurity,Intermediate,3.93,2025-02-07,0.0
U02976,CR00001,Python Basics,Programming,Beginner,4.74,2025-01-13,472.28
U02976,CR00019,Content Marketing,Marketing,Advanced,2.98,2025-01-10,0.0
U02976,CR00014,Sales Mastery,Business,Advanced,3.15,2025-01-06,0.0
U02977,CR00034,Data Encryption,Cybersecurity,Intermediate,1.35,2025-02-09,394.26
U02978,CR00046,AI for Beginners,Artificial Intelligence,Beginner,1.2,2025-10-08,248.1
U02978,CR00005,Full Stack Development,Programming,Beginner,1.28,2025-08-22,0.0
U02978,CR00010,3D Modeling,Design,Advanced,4.45,2025-06-04,0.0
U02978,CR00060,Content Creation,Digital Marketing,Beginner,2.14,2025-03-10,0.0
U02979,CR00056,Google Ads Mastery,Digital Marketing,Advanced,3.15,2025-11-05,212.39
U02980,CR00015,Leadership Essentials,Business,Beginner,1.96,2025-12-07,285.05
U02980,CR00008,Photoshop Mastery,Design,Advanced,1.52,2025-10-08,0.0
U02980,CR00007,UI/UX Design,Design,Advanced,2.61,2025-09-14,0.0
U02980,CR00039,Project Planning,Project Management,Advanced,1.23,2025-07-15,346.71
U02980,CR00041,Financial Accounting,Finance,Beginner,2.47,2025-06-20,53.86
U02980,CR00060,Content Creation,Digital Marketing,Beginner,2.14,2025-06-01,0.0
U02980,CR00009,Web Design Fundamentals,Design,Beginner,4.51,2025-05-24,0.0
U02980,CR00026,Intro to Machine Learning,Machine Learning,Intermediate,4.73,2025-05-03,0.0
U02980,CR00043,Corporate Finance,Finance,Beginner,4.14,2025-05-03,0.0
U02980,CR00020,Email Marketing,Marketing,Intermediate,4.11,2025-03-04,0.0
U02980,CR00044,Personal Finance,Finance,Intermediate,2.75,2025-02-04,119.04
U02980,CR00021,Data Analysis with Python,Data Science,Intermediate,3.6,2025-01-06,0.0
U02981,CR00023,Machine Learning Fundamentals,Data Science,Intermediate,3.02,2025-12-25,0.0
U02981,CR00045,Financial Modeling,Finance,Advanced,1.59,2025-11-01,0.0
U02981,CR00030,Reinforcement Learning,Machine Learning,Intermediate,1.73,2025-09-25,0.0
U02981,CR00009,Web Design Fundamentals,Design,Beginner,4.51,2025-09-20,0.0
U02981,CR00032,Ethical Hacking,Cybersecurity,Advanced,2.38,2025-09-19,0.0
U02981,CR00054,Backend Development with Node.js,Web Development,Beginner,3.32,2025-09-16,0.0
U02981,CR00012,Business Strategy,Business,Advanced,3.64,2025-07-15,487.92
U02981,CR00005,Full Stack Development,Programming,Beginner,1.28,2025-06-30,0.0
U02981,CR00004,Advanced Python,Programming,Beginner,2.88,2025-05-03,0.0
U02981,CR00055,Full-Stack Web Development,Web Development,Advanced,4.74,2025-04-26,57.32
U02981,CR00002,Java Programming,Programming,Intermediate,2.43,2025-04-18,0.0
U02981,CR00039,Project Planning,Project Management,Advanced,1.23,2025-03-20,346.71
U02981,CR00015,Leadership Essentials,Business,Beginner,1.96,2025-02-28,285.05
U02981,CR00042,Investment Strategies,Finance,Intermediate,4.1,2025-02-01,0.0
U02982,CR00036,Agile Project Management,Project Management,Beginner,4.68,2025-05-02,0.0
U02983,CR00042,Investment Strategies,Finance,Intermediate,4.1,2025-04-09,0.0
U02984,CR00036,Agile Project Management,Project Management,Beginner,4.68,2025-12-03,0.0
U02984,CR00049,Deep Learning,Artificial Intelligence,Intermediate,3.11,2025-11-18,415.51
U02984,CR00007,UI/UX Design,Design,Advanced,2.61,2025-11-11,0.0
U02984,CR00027,Neural Networks,Machine Learning,Advanced,1.81,2025-11-01,0.0
U02984,CR00043,Corporate Finance,Finance,Beginner,4.14,2025-10-18,0.0
U02984,CR00021,Data Analysis with Python,Data Science,Intermediate,3.6,2025-10-15,0.0
U02984,CR00026,Intro to Machine Learning,Machine Learning,Intermediate,4.73,2025-06-23,0.0
U02984,CR00053,React for Beginners,Web Development,Advanced,2.67,2025-06-21,0.0
U02984,CR00054,Backend Development with Node.js,Web Development,Beginner,3.32,2025-05-22,0.0
U02984,CR00038,Risk Management,Project Management,Intermediate,4.84,2025-03-29,342.61
U02984,CR00040,Leadership in Projects,Project Management,Beginner,1.51,2025-03-12,327.99
U02984,CR00012,Business Strategy,Business,Advanced,3.64,2025-03-12,487.92
U02984,CR00010,3D Modeling,Design,Advanced,4.45,2025-01-28,0.0
U02984,CR00020,Email Marketing,Marketing,Intermediate,4.11,2025-01-01,0.0
U02985,CR00028,Deep Learning,Machine Learning,Advanced,3.89,2025-10-01,0.78
U02986,CR00038,Risk Management,Project Management,Intermediate,4.84,2025-09-28,342.61
U02986,CR00046,AI for Beginners,Artificial Intelligence,Beginner,1.2,2025-05-18,248.1
U02987,CR00003,C++ for Beginners,Programming,Beginner,3.85,2025-11-18,0.0
U02988,CR00016,Digital Marketing,Marketing,Intermediate,4.72,2025-12-29,0.0
U02989,CR00041,Financial Accounting,Finance,Beginner,2.47,2025-12-30,53.86
U02989,CR00031,Network Security,Cybersecurity,Intermediate,1.91,2025-12-08,0.0
U02989,CR00038,Risk Management,Project Management,Intermediate,4.84,2025-11-20,342.61
U02989,CR00058,Social Media Strategy,Digital Marketing,Beginner,4.44,2025-10-20,0.0
U02989,CR00017,SEO Mastery,Marketing,Advanced,4.79,2025-08-28,0.0
U02989,CR00035,Cyber Threat Intelligence,Cybersecurity,Beginner,4.94,2025-08-27,0.0
U02989,CR00044,Personal Finance,Finance,Intermediate,2.75,2025-06-10,119.04
U02989,CR00037,Scrum Essentials,Project Management,Intermediate,3.45,2025-05-12,0.0
U02989,CR00049,Deep Learning,Artificial Intelligence,Intermediate,3.11,2025-04-27,415.51
U02989,CR00022,Data Visualization,Data Science,Beginner,3.65,2025-02-08,0.0
U02989,CR00051,HTML & CSS,Web Development,Advanced,1.3,2025-02-04,37.89
U02990,CR00001,Python Basics,Programming,Beginner,4.74,2025-09-25,472.28
U02990,CR00045,Financial Modeling,Finance,Advanced,1.59,2025-02-17,0.0
U02991,CR00005,Full Stack Development,Programming,Beginner,1.28,2025-10-27,0.0
U02992,CR00035,Cyber Threat Intelligence,Cybersecurity,Beginner,4.94,2025-12-28,0.0
U02992,CR00005,Full Stack Development,Programming,Beginner,1.28,2025-10-30,0.0
U02992,CR00040,Leadership in Projects,Project Management,Beginner,1.51,2025-10-17,327.99
U02992,CR00001,Python Basics,Programming,Beginner,4.74,2025-10-08,472.28
U02992,CR00012,Business Strategy,Business,Advanced,3.64,2025-07-05,487.92
U02992,CR00025,Statistical Analysis,Data Science,Beginner,3.74,2025-06-30,299.57
U02992,CR00023,Machine Learning Fundamentals,Data Science,Intermediate,3.02,2025-06-20,0.0
U02992,CR00016,Digital Marketing,Marketing,Intermediate,4.72,2025-06-19,0.0
U02992,CR00031,Network Security,Cybersecurity,Intermediate,1.91,2025-03-10,0.0
U02992,CR00030,Reinforcement Learning,Machine Learning,Intermediate,1.73,2025-02-06,0.0
U02992,CR00042,Investment Strategies,Finance,Intermediate,4.1,2025-01-17,0.0
U02992,CR00011,Entrepreneurship 101,Business,Intermediate,2.69,2025-01-16,326.02
U02993,CR00045,Financial Modeling,Finance,Advanced,1.59,2025-08-29,0.0
U02994,CR00036,Agile Project Management,Project Management,Beginner,4.68,2025-12-12,0.0
U02994,CR00014,Sales Mastery,Business,Advanced,3.15,2025-08-06,0.0
U02994,CR00024,Big Data Analytics,Data Science,Advanced,2.57,2025-07-16,117.68
U02994,CR00044,Personal Finance,Finance,Intermediate,2.75,2025-06-26,119.04
U02994,CR00054,Backend Development with Node.js,Web Development,Beginner,3.32,2025-06-25,0.0
U02994,CR00008,Photoshop Mastery,Design,Advanced,1.52,2025-06-16,0.0
U02994,CR00004,Advanced Python,Programming,Beginner,2.88,2025-06-09,0.0
U02994,CR00025,Statistical Analysis,Data Science,Beginner,3.74,2025-05-01,299.57
U02994,CR00023,Machine Learning Fundamentals,Data Science,Intermediate,3.02,2025-03-21,0.0
U02994,CR00029,Natural Language Processing,Machine Learning,Beginner,1.13,2025-03-12,0.0
U02994,CR00048,AI Ethics,Artificial Intelligence,Beginner,3.64,2025-02-26,0.0
U02994,CR00046,AI for Beginners,Artificial Intelligence,Beginner,1.2,2025-02-11,248.1
U02994,CR00013,Finance for Startups,Business,Advanced,2.0,2025-01-26,0.0
U02994,CR00015,Leadership Essentials,Business,Beginner,1.96,2025-01-22,285.05
U02995,CR00051,HTML & CSS,Web Development,Advanced,1.3,2025-08-21,37.89
U02996,CR00043,Corporate Finance,Finance,Beginner,4.14,2025-11-21,0.0
U02997,CR00027,Neural Networks,Machine Learning,Advanced,1.81,2025-08-28,0.0
U02998,CR00051,HTML & CSS,Web Development,Advanced,1.3,2025-11-08,37.89
U02999,CR00051,HTML & CSS,Web Development,Advanced,1.3,2025-09-09,37.89
U03000,CR00034,Data Encryption,Cybersecurity,Intermediate,1.35,2025-02-06,394.26
