UserID,total_enrollments,num_categories,avg_course_per_category,enrollment_span_days,enrollment_frequency,preferred_category,preferred_level,avg_course_rating_enrolled,avg_spend,pct_paid,recency_days,beginner_share,intermediate_share,advanced_share,cat_share_Artificial_Intelligence,cat_share_Business,cat_share_Cybersecurity,cat_share_Data_Science,cat_share_Design,cat_share_Digital_Marketing,cat_share_Finance,cat_share_Machine_Learning,cat_share_Marketing,cat_share_Programming,cat_share_Project_Management,cat_share_Web_Development,Age,Gender,cluster,cluster_name,viz_x,viz_y
U00001,1,1,1.0,0,1.0,Cybersecurity,Intermediate,1.35,394.26,1.0,59,0.0,1.0,0.0,0.0,0.0,1.0,0.0,0.0,0.0,0.0,0.0,0.0,0.0,0.0,0.0,15,Male,3,Intermediate Value Seekers,-0.3342630921276427,1.1771869442476366
U00002,1,1,1.0,0,1.0,Programming,Beginner,2.88,0.0,0.0,169,1.0,0.0,0.0,0.0,0.0,0.0,0.0,0.0,0.0,0.0,0.0,0.0,1.0,0.0,0.0,29,Female,4,Beginner Explorers,-1.5765312663033137,0.22106065787780674
U00003,11,7,1.5714285714285714,307,1.0749185667752443,Marketing,Beginner/Advanced,2.8890909090909087,55.81636363636364,0.2727272727272727,45,0.36363636363636365,0.2727272727272727,0.36363636363636365,0.09090909090909091,0.0,0.0,0.0,0.0,0.09090909090909091,0.09090909090909091,0.0,0.36363636363636365,0.09090909090909091,0.18181818181818182,0.09090909090909091,33,Female,2,Power Learners,2.9991501642414238,-0.9653079187428908
U00004,13,8,1.625,321,1.2149532710280375,Digital Marketing,Intermediate,3.4515384615384614,75.54230769230769,0.38461538461538464,38,0.3076923076923077,0.46153846153846156,0.23076923076923078,0.15384615384615385,0.0,0.0,0.15384615384615385,0.0,0.23076923076923078,0.07692307692307693,0.07692307692307693,0.15384615384615385,0.0,0.07692307692307693,0.07692307692307693,23,Female,2,Power Learners,3.3540877396022886,-0.6982238267974811
U00005,2,2,1.0,83,0.7228915662650602,Programming/Project Management,Beginner/Advanced,2.0549999999999997,173.355,0.5,28,0.5,0.0,0.5,0.0,0.0,0.0,0.0,0.0,0.0,0.0,0.0,0.0,0.5,0.5,0.0,21,Male,2,Power Learners,1.2140321632144757,1.211448344624378
U00006,1,1,1.0,0,1.0,Machine Learning,Advanced,3.89,0.78,1.0,42,0.0,0.0,1.0,0.0,0.0,0.0,0.0,0.0,0.0,0.0,1.0,0.0,0.0,0.0,0.0,21,Male,1,Advanced Single-Shot Learners,-0.9683493155482634,-0.23571706843940113
U00007,1,1,1.0,0,1.0,Cybersecurity,Intermediate,1.91,0.0,0.0,298,0.0,1.0,0.0,0.0,0.0,1.0,0.0,0.0,0.0,0.0,0.0,0.0,0.0,0.0,0.0,24,Male,3,Intermediate Value Seekers,-2.332971169313198,-1.0689409428954944
U00008,1,1,1.0,0,1.0,Finance,Intermediate,4.1,0.0,0.0,154,0.0,1.0,0.0,0.0,0.0,0.0,0.0,0.0,0.0,1.0,0.0,0.0,0.0,0.0,0.0,33,Female,3,Intermediate Value Seekers,-1.8074231164444838,-1.1469569865932283
U00009,1,1,1.0,0,1.0,Design,Advanced,2.72,276.37,1.0,195,0.0,0.0,1.0,0.0,0.0,0.0,0.0,1.0,0.0,0.0,0.0,0.0,0.0,0.0,0.0,20,Female,1,Advanced Single-Shot Learners,-0.7339165729484146,1.0701587753408395
U00010,2,2,1.0,60,1.0,Artificial Intelligence/Business,Beginner/Intermediate,3.165,163.01,0.5,91,0.5,0.5,0.0,0.5,0.5,0.0,0.0,0.0,0.0,0.0,0.0,0.0,0.0,0.0,0.0,34,Female,0,Premium Explorers,1.069092517599748,1.5691766086209253
U00011,2,2,1.0,180,0.3333333333333333,Web Development/Data Science,Beginner/Advanced,3.205,149.785,0.5,98,0.5,0.0,0.5,0.0,0.0,0.0,0.5,0.0,0.0,0.0,0.0,0.0,0.0,0.0,0.5,15,Female,2,Power Learners,1.0005823461497303,0.7485435371443421
U00012,2,2,1.0,6,2.0,Design/Project Management,Beginner/Advanced,1.5150000000000001,163.995,0.5,108,0.5,0.0,0.5,0.0,0.0,0.0,0.0,0.5,0.0,0.0,0.0,0.0,0.0,0.5,0.0,15,Female,1,Advanced Single-Shot Learners,0.6404491373324969,1.1221972876010056
U00013,14,8,1.75,336,1.25,Machine Learning,Beginner/Advanced,2.869285714285715,102.3092857142857,0.35714285714285715,9,0.35714285714285715,0.2857142857142857,0.35714285714285715,0.0,0.07142857142857142,0.07142857142857142,0.14285714285714285,0.0,0.14285714285714285,0.0,0.21428571428571427,0.0,0.07142857142857142,0.14285714285714285,0.14285714285714285,33,Female,2,Power Learners,3.524828917840427,-0.6583596771798325
U00014,1,1,1.0,0,1.0,Machine Learning,Advanced,1.81,0.0,0.0,264,0.0,0.0,1.0,0.0,0.0,0.0,0.0,0.0,0.0,0.0,1.0,0.0,0.0,0.0,0.0,30,Male,1,Advanced Single-Shot Learners,-2.1192989439134613,-1.2156081448208897
U00015,14,10,1.4,340,1.2352941176470587,Finance/Artificial Intelligence/Project Management/Digital Marketing,Beginner,2.7607142857142857,145.36142857142858,0.5,9,0.5,0.2857142857142857,0.21428571428571427,0.14285714285714285,0.0,0.07142857142857142,0.07142857142857142,0.0,0.14285714285714285,0.14285714285714285,0.07142857142857142,0.07142857142857142,0.07142857142857142,0.14285714285714285,0.07142857142857142,27,Female,2,Power Learners,3.865680617492805,-0.20196414996402864
U00016,1,1,1.0,0,1.0,Marketing,Advanced,4.79,0.0,0.0,95,0.0,0.0,1.0,0.0,0.0,0.0,0.0,0.0,0.0,0.0,0.0,1.0,0.0,0.0,0.0,32,Male,1,Advanced Single-Shot Learners,-1.6218899485602833,-2.4414017860381922
U00017,3,3,1.0,297,0.30303030303030304,Programming/Artificial Intelligence/Digital Marketing,Beginner,4.6499999999999995,321.06,0.6666666666666666,35,0.6666666666666666,0.3333333333333333,0.0,0.3333333333333333,0.0,0.0,0.0,0.0,0.3333333333333333,0.0,0.0,0.0,0.3333333333333333,0.0,0.0,24,Male,2,Power Learners,1.947804215060818,1.1589371546866094
U00018,16,9,1.7777777777777777,335,1.4328358208955225,Artificial Intelligence/Machine Learning,Beginner,3.1081250000000002,91.751875,0.375,18,0.4375,0.3125,0.25,0.1875,0.0,0.125,0.125,0.0625,0.0625,0.125,0.1875,0.0,0.0625,0.0625,0.0,24,Female,2,Power Learners,3.7266288849565106,-0.5939612294579358
U00019,1,1,1.0,0,1.0,Design,Beginner,4.51,0.0,0.0,51,1.0,0.0,0.0,0.0,0.0,0.0,0.0,1.0,0.0,0.0,0.0,0.0,0.0,0.0,0.0,24,Female,4,Beginner Explorers,-1.361684818432793,-0.9128992053096872
U00020,1,1,1.0,0,1.0,Programming,Beginner,2.88,0.0,0.0,167,1.0,0.0,0.0,0.0,0.0,0.0,0.0,0.0,0.0,0.0,0.0,0.0,1.0,0.0,0.0,27,Female,4,Beginner Explorers,-1.5672782509989234,0.22176205281799988
U00021,2,2,1.0,30,2.0,Digital Marketing/Cybersecurity,Advanced,3.135,88.67,0.5,237,0.0,0.0,1.0,0.0,0.0,0.5,0.0,0.0,0.5,0.0,0.0,0.0,0.0,0.0,0.0,15,Male,1,Advanced Single-Shot Learners,0.23317761506671825,0.09414458755432431
U00022,1,1,1.0,0,1.0,Project Management,Beginner,4.68,0.0,0.0,225,1.0,0.0,0.0,0.0,0.0,0.0,0.0,0.0,0.0,0.0,0.0,0.0,0.0,1.0,0.0,31,Male,4,Beginner Explorers,-1.7590881998718817,0.8064027560639333
U00023,1,1,1.0,0,1.0,Design,Beginner,4.51,0.0,0.0,200,1.0,0.0,0.0,0.0,0.0,0.0,0.0,1.0,0.0,0.0,0.0,0.0,0.0,0.0,0.0,32,Male,4,Beginner Explorers,-1.8889235288118706,-0.7072670217553517
U00024,1,1,1.0,0,1.0,Cybersecurity,Intermediate,3.93,0.0,0.0,95,0.0,1.0,0.0,0.0,0.0,1.0,0.0,0.0,0.0,0.0,0.0,0.0,0.0,0.0,0.0,18,Female,3,Intermediate Value Seekers,-1.6823044862467904,-1.5807874794091092
U00025,4,4,1.0,226,0.5309734513274337,Finance/Machine Learning/Marketing/Programming,Advanced,2.6050000000000004,29.76,0.25,135,0.25,0.25,0.5,0.0,0.0,0.0,0.0,0.0,0.0,0.25,0.25,0.25,0.25,0.0,0.0,34,Male,2,Power Learners,1.3128733684070701,-0.9641608455071029
U00026,1,1,1.0,0,1.0,Project Management,Beginner,1.51,327.99,1.0,55,1.0,0.0,0.0,0.0,0.0,0.0,0.0,0.0,0.0,0.0,0.0,0.0,0.0,1.0,0.0,19,Male,4,Beginner Explorers,0.058786620919906954,3.414089344056173
U00027,2,2,1.0,75,0.8,Project Management/Cybersecurity,Intermediate/Advanced,2.915,0.0,0.0,84,0.0,0.5,0.5,0.0,0.0,0.5,0.0,0.0,0.0,0.0,0.0,0.0,0.0,0.5,0.0,31,Male,3,Intermediate Value Seekers,-0.06223005661344553,-1.268731515421962
U00028,12,9,1.3333333333333333,285,1.263157894736842,Finance,Beginner,3.0150000000000006,84.38833333333334,0.25,69,0.4166666666666667,0.25,0.3333333333333333,0.0,0.0,0.08333333333333333,0.08333333333333333,0.08333333333333333,0.08333333333333333,0.25,0.08333333333333333,0.08333333333333333,0.16666666666666666,0.08333333333333333,0.0,30,Female,2,Power Learners,3.190540637573509,-0.9276355194735989
U00029,1,1,1.0,0,1.0,Business,Intermediate,2.69,326.02,1.0,175,0.0,1.0,0.0,0.0,1.0,0.0,0.0,0.0,0.0,0.0,0.0,0.0,0.0,0.0,0.0,30,Male,1,Advanced Single-Shot Learners,-0.53019136205143,2.2400980783289857
U00030,1,1,1.0,0,1.0,Project Management,Intermediate,3.45,0.0,0.0,46,0.0,1.0,0.0,0.0,0.0,0.0,0.0,0.0,0.0,0.0,0.0,0.0,0.0,1.0,0.0,34,Male,3,Intermediate Value Seekers,-1.2855848433715167,-0.18998180412492607
U00031,1,1,1.0,0,1.0,Web Development,Beginner,2.2,0.0,0.0,71,1.0,0.0,0.0,0.0,0.0,0.0,0.0,0.0,0.0,0.0,0.0,0.0,0.0,0.0,1.0,30,Male,4,Beginner Explorers,-1.2340017576378906,0.087701675310735
U00032,1,1,1.0,0,1.0,Business,Beginner,1.96,285.05,1.0,265,1.0,0.0,0.0,0.0,1.0,0.0,0.0,0.0,0.0,0.0,0.0,0.0,0.0,0.0,0.0,18,Male,1,Advanced Single-Shot Learners,-0.6605688414260918,3.323173466346311
U00033,1,1,1.0,0,1.0,Design,Advanced,2.72,276.37,1.0,332,0.0,0.0,1.0,0.0,0.0,0.0,0.0,1.0,0.0,0.0,0.0,0.0,0.0,0.0,0.0,25,Male,1,Advanced Single-Shot Learners,-1.217256689114829,1.2642281523482375
U00034,2,2,1.0,73,0.8219178082191781,Finance/Artificial Intelligence,Beginner,2.67,124.05,0.5,182,1.0,0.0,0.0,0.5,0.0,0.0,0.0,0.0,0.0,0.5,0.0,0.0,0.0,0.0,0.0,32,Female,0,Premium Explorers,0.7434119552535798,1.776888526899471
U00035,1,1,1.0,0,1.0,Machine Learning,Advanced,3.89,0.78,1.0,228,0.0,0.0,1.0,0.0,0.0,0.0,0.0,0.0,0.0,0.0,1.0,0.0,0.0,0.0,0.0,32,Male,1,Advanced Single-Shot Learners,-1.6029450630350301,0.005714961335607153
U00036,1,1,1.0,0,1.0,Programming,Beginner,3.85,0.0,0.0,60,1.0,0.0,0.0,0.0,0.0,0.0,0.0,0.0,0.0,0.0,0.0,0.0,1.0,0.0,0.0,24,Female,4,Beginner Explorers,-1.2324924813968832,-0.03197269663552915
U00037,2,2,1.0,257,0.23346303501945526,Cybersecurity/Finance,Advanced,1.9849999999999999,0.0,0.0,49,0.0,0.0,1.0,0.0,0.0,0.5,0.0,0.0,0.0,0.5,0.0,0.0,0.0,0.0,0.0,31,Female,1,Advanced Single-Shot Learners,0.1985443619889684,-1.8021941699860666
U00038,1,1,1.0,0,1.0,Cybersecurity,Intermediate,3.93,0.0,0.0,129,0.0,1.0,0.0,0.0,0.0,1.0,0.0,0.0,0.0,0.0,0.0,0.0,0.0,0.0,0.0,35,Male,3,Intermediate Value Seekers,-1.8375856726341118,-1.5521168476074303
U00039,1,1,1.0,0,1.0,Project Management,Advanced,1.23,346.71,1.0,305,0.0,0.0,1.0,0.0,0.0,0.0,0.0,0.0,0.0,0.0,0.0,0.0,0.0,1.0,0.0,16,Female,1,Advanced Single-Shot Learners,-0.8091259243033054,2.9363421710392954
U00040,1,1,1.0,0,1.0,Programming,Beginner,3.85,0.0,0.0,232,1.0,0.0,0.0,0.0,0.0,0.0,0.0,0.0,0.0,0.0,0.0,0.0,1.0,0.0,0.0,15,Male,4,Beginner Explorers,-1.8144986561600975,0.23568756149812103
U00041,2,2,1.0,13,2.0,Digital Marketing/Business,Beginner/Intermediate,3.5650000000000004,163.01,0.5,204,0.5,0.5,0.0,0.0,0.5,0.0,0.0,0.0,0.5,0.0,0.0,0.0,0.0,0.0,0.0,19,Female,4,Beginner Explorers,0.4143005889760446,1.1240914906356083
U00042,1,1,1.0,0,1.0,Artificial Intelligence,Intermediate,2.68,89.59,1.0,65,0.0,1.0,0.0,1.0,0.0,0.0,0.0,0.0,0.0,0.0,0.0,0.0,0.0,0.0,0.0,32,Male,0,Premium Explorers,-0.11535025080854087,2.623972757886075
U00043,1,1,1.0,0,1.0,Project Management,Beginner,1.51,327.99,1.0,124,1.0,0.0,0.0,0.0,0.0,0.0,0.0,0.0,0.0,0.0,0.0,0.0,0.0,1.0,0.0,31,Male,4,Beginner Explorers,-0.18685225552826032,3.4897753344774487
U00044,1,1,1.0,0,1.0,Data Science,Beginner,3.74,299.57,1.0,226,1.0,0.0,0.0,0.0,0.0,0.0,1.0,0.0,0.0,0.0,0.0,0.0,0.0,0.0,0.0,19,Male,4,Beginner Explorers,-0.6856827373605979,2.7483953872859592
U00045,14,9,1.5555555555555556,335,1.2537313432835822,Project Management,Beginner,3.375,86.41357142857143,0.35714285714285715,25,0.42857142857142855,0.35714285714285715,0.21428571428571427,0.0,0.07142857142857142,0.07142857142857142,0.07142857142857142,0.0,0.07142857142857142,0.14285714285714285,0.14285714285714285,0.07142857142857142,0.07142857142857142,0.2857142857142857,0.0,23,Female,2,Power Learners,3.5425116454167265,-0.6502387004112673
U00046,2,2,1.0,187,0.32085561497326204,Machine Learning/Design,Beginner/Advanced,1.325,0.0,0.0,36,0.5,0.0,0.5,0.0,0.0,0.0,0.0,0.5,0.0,0.0,0.5,0.0,0.0,0.0,0.0,29,Female,1,Advanced Single-Shot Learners,0.2404989240284734,-1.5832283546360624
U00047,1,1,1.0,0,1.0,Data Science,Intermediate,3.6,0.0,0.0,117,0.0,1.0,0.0,0.0,0.0,0.0,1.0,0.0,0.0,0.0,0.0,0.0,0.0,0.0,0.0,34,Male,3,Intermediate Value Seekers,-1.628752099408443,-0.7454670282383588
U00048,13,9,1.4444444444444444,306,1.2745098039215688,Design,Beginner,3.3292307692307697,27.45307692307692,0.15384615384615385,42,0.46153846153846156,0.23076923076923078,0.3076923076923077,0.0,0.0,0.15384615384615385,0.15384615384615385,0.23076923076923078,0.07692307692307693,0.0,0.07692307692307693,0.07692307692307693,0.07692307692307693,0.07692307692307693,0.07692307692307693,19,Male,2,Power Learners,3.146651215449823,-1.3683470986084614
U00049,1,1,1.0,0,1.0,Project Management,Intermediate,3.45,0.0,0.0,246,0.0,1.0,0.0,0.0,0.0,0.0,0.0,0.0,0.0,0.0,0.0,0.0,0.0,1.0,0.0,32,Male,3,Intermediate Value Seekers,-1.9500932051479782,0.09385398963301708
U00050,1,1,1.0,0,1.0,Design,Advanced,2.61,0.0,0.0,139,0.0,0.0,1.0,0.0,0.0,0.0,0.0,1.0,0.0,0.0,0.0,0.0,0.0,0.0,0.0,33,Male,1,Advanced Single-Shot Learners,-1.7085902562991617,-1.4452432519706924
U00051,1,1,1.0,0,1.0,Design,Beginner,4.51,0.0,0.0,159,1.0,0.0,0.0,0.0,0.0,0.0,0.0,1.0,0.0,0.0,0.0,0.0,0.0,0.0,0.0,32,Female,4,Beginner Explorers,-1.7322421158289947,-0.7755392411012766
U00052,1,1,1.0,0,1.0,Machine Learning,Advanced,3.89,0.78,1.0,107,0.0,0.0,1.0,0.0,0.0,0.0,0.0,0.0,0.0,0.0,1.0,0.0,0.0,0.0,0.0,25,Female,1,Advanced Single-Shot Learners,-1.1703900740763804,-0.16242322281714527
U00053,1,1,1.0,0,1.0,Finance,Beginner,2.47,53.86,1.0,13,1.0,0.0,0.0,0.0,0.0,0.0,0.0,0.0,0.0,1.0,0.0,0.0,0.0,0.0,0.0,34,Female,4,Beginner Explorers,-0.230511092208287,1.8546563680210628
U00054,1,1,1.0,0,1.0,Artificial Intelligence,Beginner,4.55,490.9,1.0,294,1.0,0.0,0.0,1.0,0.0,0.0,0.0,0.0,0.0,0.0,0.0,0.0,0.0,0.0,0.0,22,Female,0,Premium Explorers,-0.5182263379380352,3.9310480494437043
U00055,16,9,1.7777777777777777,341,1.407624633431085,Marketing/Design,Advanced,3.055625,90.51562499999999,0.375,15,0.1875,0.25,0.5625,0.125,0.0625,0.0625,0.0,0.1875,0.125,0.0625,0.0,0.1875,0.0,0.125,0.0625,31,Female,2,Power Learners,3.71077228302895,-1.0072971339914354
U00056,2,2,1.0,62,0.9677419354838709,Programming/Design,Beginner/Advanced,2.745,0.0,0.0,144,0.5,0.0,0.5,0.0,0.0,0.0,0.0,0.5,0.0,0.0,0.0,0.0,0.5,0.0,0.0,22,Female,4,Beginner Explorers,-0.17543235116963374,-1.098529490974748
U00057,1,1,1.0,0,1.0,Business,Advanced,3.64,487.92,1.0,204,0.0,0.0,1.0,0.0,1.0,0.0,0.0,0.0,0.0,0.0,0.0,0.0,0.0,0.0,0.0,18,Male,1,Advanced Single-Shot Learners,-0.5033659665516215,2.283159911252926
U00058,1,1,1.0,0,1.0,Data Science,Advanced,2.57,117.68,1.0,265,0.0,0.0,1.0,0.0,0.0,0.0,1.0,0.0,0.0,0.0,0.0,0.0,0.0,0.0,0.0,30,Female,1,Advanced Single-Shot Learners,-0.9753220901667502,1.8693659923272257
U00059,1,1,1.0,0,1.0,Design,Beginner,4.51,0.0,0.0,132,1.0,0.0,0.0,0.0,0.0,0.0,0.0,1.0,0.0,0.0,0.0,0.0,0.0,0.0,0.0,32,Male,4,Beginner Explorers,-1.6621127682103958,-0.8025795916543962
U00060,4,3,1.3333333333333333,110,1.090909090909091,Finance,Beginner,3.515,13.465,0.25,30,0.75,0.25,0.0,0.25,0.0,0.0,0.0,0.0,0.0,0.5,0.0,0.0,0.25,0.0,0.0,26,Male,2,Power Learners,1.46305044757137,-0.00782508936328489
U00061,1,1,1.0,0,1.0,Cybersecurity,Intermediate,1.91,0.0,0.0,240,0.0,1.0,0.0,0.0,0.0,1.0,0.0,0.0,0.0,0.0,0.0,0.0,0.0,0.0,0.0,32,Female,3,Intermediate Value Seekers,-2.1299155085032235,-1.1750601279944872
U00062,1,1,1.0,0,1.0,Programming,Beginner,3.85,0.0,0.0,35,1.0,0.0,0.0,0.0,0.0,0.0,0.0,0.0,0.0,0.0,0.0,0.0,1.0,0.0,0.0,28,Female,4,Beginner Explorers,-1.1542703935138585,-0.07402349426697842
U00063,2,2,1.0,12,2.0,Programming/Data Science,Beginner,3.31,149.785,0.5,331,1.0,0.0,0.0,0.0,0.0,0.0,0.5,0.0,0.0,0.0,0.0,0.0,0.5,0.0,0.0,34,Female,4,Beginner Explorers,-0.01919205237289667,1.6541473233054191
U00064,1,1,1.0,0,1.0,Design,Advanced,2.72,276.37,1.0,114,0.0,0.0,1.0,0.0,0.0,0.0,0.0,1.0,0.0,0.0,0.0,0.0,0.0,0.0,0.0,33,Female,1,Advanced Single-Shot Learners,-0.4805286504190314,0.9338440968985516
U00065,1,1,1.0,0,1.0,Web Development,Advanced,2.67,0.0,0.0,350,0.0,0.0,1.0,0.0,0.0,0.0,0.0,0.0,0.0,0.0,0.0,0.0,0.0,0.0,1.0,29,Male,1,Advanced Single-Shot Learners,-2.2486190369160517,-0.4365624454063089
U00066,1,1,1.0,0,1.0,Project Management,Beginner,1.51,327.99,1.0,263,1.0,0.0,0.0,0.0,0.0,0.0,0.0,0.0,0.0,0.0,0.0,0.0,0.0,1.0,0.0,26,Female,4,Beginner Explorers,-0.6240969912148912,3.6825628588249955
U00067,1,1,1.0,0,1.0,Finance,Intermediate,2.75,119.04,1.0,55,0.0,1.0,0.0,0.0,0.0,0.0,0.0,0.0,0.0,1.0,0.0,0.0,0.0,0.0,0.0,28,Female,3,Intermediate Value Seekers,-0.4185687493927967,1.158072863927453
U00068,1,1,1.0,0,1.0,Project Management,Intermediate,3.45,0.0,0.0,277,0.0,1.0,0.0,0.0,0.0,0.0,0.0,0.0,0.0,0.0,0.0,0.0,0.0,1.0,0.0,32,Male,3,Intermediate Value Seekers,-2.0534922283633565,0.1373053082634639
U00069,2,2,1.0,189,0.31746031746031744,Design/Machine Learning,Intermediate/Advanced,3.67,0.0,0.0,129,0.0,0.5,0.5,0.0,0.0,0.0,0.0,0.5,0.0,0.0,0.5,0.0,0.0,0.0,0.0,27,Female,1,Advanced Single-Shot Learners,-0.2047879784758565,-2.152786752125557
U00070,2,2,1.0,154,0.3896103896103896,Digital Marketing/Marketing,Intermediate,4.6899999999999995,0.0,0.0,80,0.0,1.0,0.0,0.0,0.0,0.0,0.0,0.0,0.5,0.0,0.0,0.5,0.0,0.0,0.0,25,Female,3,Intermediate Value Seekers,-0.06149165607704261,-2.3405852505743123
U00071,14,8,1.75,301,1.3953488372093024,Web Development/Programming,Beginner,2.7778571428571426,45.85285714285715,0.21428571428571427,45,0.5,0.21428571428571427,0.2857142857142857,0.07142857142857142,0.07142857142857142,0.07142857142857142,0.14285714285714285,0.0,0.0,0.0,0.07142857142857142,0.14285714285714285,0.21428571428571427,0.0,0.21428571428571427,30,Female,2,Power Learners,3.2855124158525424,-0.8994522016708282
U00072,1,1,1.0,0,1.0,Business,Intermediate,2.69,326.02,1.0,259,0.0,1.0,0.0,0.0,1.0,0.0,0.0,0.0,0.0,0.0,0.0,0.0,0.0,0.0,0.0,17,Female,1,Advanced Single-Shot Learners,-0.7736577755165385,2.3698133767717886
U00073,1,1,1.0,0,1.0,Machine Learning,Advanced,3.89,0.78,1.0,191,0.0,0.0,1.0,0.0,0.0,0.0,0.0,0.0,0.0,0.0,1.0,0.0,0.0,0.0,0.0,16,Male,1,Advanced Single-Shot Learners,-1.4588764410023922,-0.018108643376376212
U00074,3,2,1.5,162,0.5555555555555555,Programming,Beginner,3.5233333333333334,321.06,0.6666666666666666,48,1.0,0.0,0.0,0.3333333333333333,0.0,0.0,0.0,0.0,0.0,0.0,0.0,0.0,0.6666666666666666,0.0,0.0,19,Male,4,Beginner Explorers,1.6630663802280143,1.784706357942741
U00075,1,1,1.0,0,1.0,Design,Advanced,4.45,0.0,0.0,49,0.0,0.0,1.0,0.0,0.0,0.0,0.0,1.0,0.0,0.0,0.0,0.0,0.0,0.0,0.0,22,Male,1,Advanced Single-Shot Learners,-1.4434811006199801,-1.758907085401262
U00076,4,4,1.0,171,0.7017543859649122,Programming/Design/Business/Machine Learning,Beginner,3.0949999999999998,118.07,0.25,2,0.75,0.0,0.25,0.0,0.25,0.0,0.0,0.25,0.0,0.0,0.25,0.0,0.25,0.0,0.0,34,Male,2,Power Learners,1.9986603887845393,-0.15345126501137646
U00077,1,1,1.0,0,1.0,Marketing,Intermediate,4.11,0.0,0.0,123,0.0,1.0,0.0,0.0,0.0,0.0,0.0,0.0,0.0,0.0,0.0,1.0,0.0,0.0,0.0,20,Male,3,Intermediate Value Seekers,-1.76146229138602,-2.318914024601911
U00078,1,1,1.0,0,1.0,Marketing,Intermediate,4.11,0.0,0.0,266,0.0,1.0,0.0,0.0,0.0,0.0,0.0,0.0,0.0,0.0,0.0,1.0,0.0,0.0,0.0,32,Female,3,Intermediate Value Seekers,-2.2339967764567463,-2.1503098779619996
U00079,1,1,1.0,0,1.0,Cybersecurity,Beginner,4.94,0.0,0.0,88,1.0,0.0,0.0,0.0,0.0,1.0,0.0,0.0,0.0,0.0,0.0,0.0,0.0,0.0,0.0,28,Male,4,Beginner Explorers,-1.56623273603378,-0.8323620944189488
U00080,1,1,1.0,0,1.0,Programming,Beginner,2.88,0.0,0.0,224,1.0,0.0,0.0,0.0,0.0,0.0,0.0,0.0,0.0,0.0,0.0,0.0,1.0,0.0,0.0,35,Female,4,Beginner Explorers,-1.7677274779440184,0.28763758960212704
U00081,1,1,1.0,0,1.0,Design,Advanced,1.52,0.0,0.0,175,0.0,0.0,1.0,0.0,0.0,0.0,0.0,1.0,0.0,0.0,0.0,0.0,0.0,0.0,0.0,18,Female,1,Advanced Single-Shot Learners,-1.7601779273758908,-1.2568016809907403
U00082,1,1,1.0,0,1.0,Project Management,Beginner,4.68,0.0,0.0,184,1.0,0.0,0.0,0.0,0.0,0.0,0.0,0.0,0.0,0.0,0.0,0.0,0.0,1.0,0.0,31,Male,4,Beginner Explorers,-1.6223346530386396,0.7489348830365682
U00083,15,9,1.6666666666666667,336,1.3392857142857144,Artificial Intelligence,Intermediate,2.995333333333334,110.75333333333333,0.5333333333333333,23,0.26666666666666666,0.4666666666666667,0.26666666666666666,0.2,0.0,0.06666666666666667,0.06666666666666667,0.0,0.0,0.06666666666666667,0.13333333333333333,0.13333333333333333,0.06666666666666667,0.13333333333333333,0.13333333333333333,16,Male,2,Power Learners,3.734889280482057,-0.4093392929201582
U00084,1,1,1.0,0,1.0,Project Management,Beginner,1.51,327.99,1.0,323,1.0,0.0,0.0,0.0,0.0,0.0,0.0,0.0,0.0,0.0,0.0,0.0,0.0,1.0,0.0,20,Male,4,Beginner Explorers,-0.8364056673292557,3.7879806489837957
U00085,13,7,1.8571428571428572,363,1.0743801652892562,Cybersecurity,Beginner,2.9084615384615384,88.39384615384614,0.3076923076923077,1,0.5384615384615384,0.23076923076923078,0.23076923076923078,0.07692307692307693,0.0,0.3076923076923077,0.0,0.07692307692307693,0.0,0.15384615384615385,0.0,0.0,0.23076923076923078,0.07692307692307693,0.07692307692307693,22,Female,2,Power Learners,3.359626705902418,-0.6103990616325685
U00086,4,4,1.0,161,0.7453416149068324,Finance/Business/Marketing/Programming,Advanced,2.47,13.465,0.25,40,0.25,0.25,0.5,0.0,0.25,0.0,0.0,0.0,0.0,0.25,0.0,0.25,0.25,0.0,0.0,27,Female,2,Power Learners,1.5923312379269194,-0.893535901207228
U00087,3,3,1.0,96,0.9375,Machine Learning/Project Management/Marketing,Intermediate,4.506666666666667,0.0,0.0,120,0.3333333333333333,0.6666666666666666,0.0,0.0,0.0,0.0,0.0,0.0,0.0,0.0,0.3333333333333333,0.3333333333333333,0.0,0.3333333333333333,0.0,19,Female,3,Intermediate Value Seekers,0.33382512597662245,-1.8046471805345496
U00088,1,1,1.0,0,1.0,Artificial Intelligence,Beginner,3.64,0.0,0.0,339,1.0,0.0,0.0,1.0,0.0,0.0,0.0,0.0,0.0,0.0,0.0,0.0,0.0,0.0,0.0,23,Male,0,Premium Explorers,-1.8692454940013021,1.5628146916370915
U00089,1,1,1.0,0,1.0,Machine Learning,Intermediate,4.73,0.0,0.0,229,0.0,1.0,0.0,0.0,0.0,0.0,0.0,0.0,0.0,0.0,1.0,0.0,0.0,0.0,0.0,30,Male,3,Intermediate Value Seekers,-2.1606540352760883,-1.6070434616100013
U00090,1,1,1.0,0,1.0,Project Management,Intermediate,3.45,0.0,0.0,44,0.0,1.0,0.0,0.0,0.0,0.0,0.0,0.0,0.0,0.0,0.0,0.0,0.0,1.0,0.0,34,Male,3,Intermediate Value Seekers,-1.278913938647944,-0.19278511500430975
U00091,1,1,1.0,0,1.0,Finance,Beginner,4.14,0.0,0.0,62,1.0,0.0,0.0,0.0,0.0,0.0,0.0,0.0,0.0,1.0,0.0,0.0,0.0,0.0,0.0,35,Male,4,Beginner Explorers,-1.371528674176028,-0.3946388145626977
U00092,4,4,1.0,88,1.3636363636363638,Project Management/Marketing/Data Science/Artificial Intelligence,Beginner/Advanced,2.7175,148.7025,0.5,124,0.5,0.0,0.5,0.25,0.0,0.0,0.25,0.0,0.0,0.0,0.0,0.25,0.0,0.25,0.0,31,Male,2,Power Learners,1.7934403690174812,0.6990147693969975
U00093,1,1,1.0,0,1.0,Business,Beginner,1.96,285.05,1.0,191,1.0,0.0,0.0,0.0,1.0,0.0,0.0,0.0,0.0,0.0,0.0,0.0,0.0,0.0,0.0,16,Male,1,Advanced Single-Shot Learners,-0.41116325607308096,3.2229556696286927
U00094,1,1,1.0,0,1.0,Data Science,Beginner,3.74,299.57,1.0,323,1.0,0.0,0.0,0.0,0.0,0.0,1.0,0.0,0.0,0.0,0.0,0.0,0.0,0.0,0.0,27,Male,4,Beginner Explorers,-1.0195500587771489,2.87033714165776
U00095,1,1,1.0,0,1.0,Artificial Intelligence,Beginner,1.2,248.1,1.0,208,1.0,0.0,0.0,1.0,0.0,0.0,0.0,0.0,0.0,0.0,0.0,0.0,0.0,0.0,0.0,20,Male,0,Premium Explorers,-0.24971275009460575,4.076208721955431
U00096,4,3,1.3333333333333333,188,0.6382978723404256,Machine Learning,Beginner/Intermediate,2.58,0.0,0.0,34,0.5,0.5,0.0,0.0,0.0,0.0,0.25,0.0,0.25,0.0,0.5,0.0,0.0,0.0,0.0,34,Female,2,Power Learners,0.905659741599792,-1.5867127613374363
U00097,2,2,1.0,3,2.0,Machine Learning/Cybersecurity,Advanced,2.0949999999999998,0.0,0.0,174,0.0,0.0,1.0,0.0,0.0,0.5,0.0,0.0,0.0,0.0,0.5,0.0,0.0,0.0,0.0,25,Male,1,Advanced Single-Shot Learners,-0.7760508045633496,-1.6259581949798763
U00098,1,1,1.0,0,1.0,Design,Advanced,4.45,0.0,0.0,219,0.0,0.0,1.0,0.0,0.0,0.0,0.0,1.0,0.0,0.0,0.0,0.0,0.0,0.0,0.0,31,Male,1,Advanced Single-Shot Learners,-2.022127499737347,-1.5363968368417462
U00099,1,1,1.0,0,1.0,Data Science,Beginner,3.74,299.57,1.0,131,1.0,0.0,0.0,0.0,0.0,0.0,1.0,0.0,0.0,0.0,0.0,0.0,0.0,0.0,0.0,29,Female,4,Beginner Explorers,-0.3617974497453449,2.5869102450987915
U00100,1,1,1.0,0,1.0,Digital Marketing,Beginner,2.14,0.0,0.0,101,1.0,0.0,0.0,0.0,0.0,0.0,0.0,0.0,1.0,0.0,0.0,0.0,0.0,0.0,0.0,32,Female,4,Beginner Explorers,-1.3487102707371292,0.03382207771938123
U00101,1,1,1.0,0,1.0,Artificial Intelligence,Intermediate,2.68,89.59,1.0,299,0.0,1.0,0.0,1.0,0.0,0.0,0.0,0.0,0.0,0.0,0.0,0.0,0.0,0.0,0.0,15,Female,0,Premium Explorers,-0.8539702973799732,2.970945783921806
U00102,1,1,1.0,0,1.0,Data Science,Beginner,3.74,299.57,1.0,91,1.0,0.0,0.0,0.0,0.0,0.0,1.0,0.0,0.0,0.0,0.0,0.0,0.0,0.0,0.0,32,Male,4,Beginner Explorers,-0.25218038729474945,2.536391315100313
U00103,1,1,1.0,0,1.0,Business,Advanced,2.0,0.0,0.0,318,0.0,0.0,1.0,0.0,1.0,0.0,0.0,0.0,0.0,0.0,0.0,0.0,0.0,0.0,0.0,30,Female,1,Advanced Single-Shot Learners,-2.0385144937724107,0.05391539473114818
U00104,1,1,1.0,0,1.0,Finance,Beginner,2.47,53.86,1.0,63,1.0,0.0,0.0,0.0,0.0,0.0,0.0,0.0,0.0,1.0,0.0,0.0,0.0,0.0,0.0,19,Male,4,Beginner Explorers,-0.39784574709110815,1.9618287799710399
U00105,1,1,1.0,0,1.0,Data Science,Beginner,3.74,299.57,1.0,163,1.0,0.0,0.0,0.0,0.0,0.0,1.0,0.0,0.0,0.0,0.0,0.0,0.0,0.0,0.0,27,Male,4,Beginner Explorers,-0.48587768089132577,2.646072271307067
U00106,2,2,1.0,40,1.5,Digital Marketing/Web Development,Beginner/Advanced,3.4400000000000004,28.66,0.5,30,0.5,0.0,0.5,0.0,0.0,0.0,0.0,0.0,0.5,0.0,0.0,0.0,0.0,0.0,0.5,19,Male,2,Power Learners,0.8811662725717492,0.2980802345624704
U00107,1,1,1.0,0,1.0,Programming,Beginner,3.85,0.0,0.0,158,1.0,0.0,0.0,0.0,0.0,0.0,0.0,0.0,0.0,0.0,0.0,0.0,1.0,0.0,0.0,18,Female,4,Beginner Explorers,-1.551620481109497,0.1159036539130007
U00108,2,2,1.0,224,0.26785714285714285,Web Development/Design,Beginner/Advanced,2.965,0.0,0.0,137,0.5,0.0,0.5,0.0,0.0,0.0,0.0,0.5,0.0,0.0,0.0,0.0,0.0,0.0,0.5,32,Male,1,Advanced Single-Shot Learners,-0.04928829123788996,-1.2546023725073583
U00109,14,10,1.4,302,1.390728476821192,Programming/Data Science/Design/Marketing,Beginner,3.157857142857143,62.12642857142857,0.21428571428571427,21,0.5714285714285714,0.21428571428571427,0.21428571428571427,0.0,0.07142857142857142,0.07142857142857142,0.14285714285714285,0.14285714285714285,0.07142857142857142,0.07142857142857142,0.0,0.14285714285714285,0.14285714285714285,0.07142857142857142,0.07142857142857142,15,Female,2,Power Learners,3.565430555755922,-1.0044880731973929
U00110,1,1,1.0,0,1.0,Business,Advanced,3.64,487.92,1.0,26,0.0,0.0,1.0,0.0,1.0,0.0,0.0,0.0,0.0,0.0,0.0,0.0,0.0,0.0,0.0,26,Female,1,Advanced Single-Shot Learners,0.09994397767272009,2.0088420733909134
U00111,1,1,1.0,0,1.0,Digital Marketing,Beginner,2.14,0.0,0.0,186,1.0,0.0,0.0,0.0,0.0,0.0,0.0,0.0,1.0,0.0,0.0,0.0,0.0,0.0,0.0,24,Male,4,Beginner Explorers,-1.6418231453153358,0.17778595969005373
U00112,14,9,1.5555555555555556,307,1.3680781758957656,Data Science,Beginner/Advanced,3.165714285714286,40.41428571428571,0.21428571428571427,5,0.35714285714285715,0.2857142857142857,0.35714285714285715,0.07142857142857142,0.0,0.07142857142857142,0.21428571428571427,0.14285714285714285,0.07142857142857142,0.14285714285714285,0.0,0.14285714285714285,0.0,0.07142857142857142,0.07142857142857142,34,Female,2,Power Learners,3.4376085013384965,-1.2600044079667656
U00113,1,1,1.0,0,1.0,Project Management,Advanced,1.23,346.71,1.0,261,0.0,0.0,1.0,0.0,0.0,0.0,0.0,0.0,0.0,0.0,0.0,0.0,0.0,1.0,0.0,19,Male,1,Advanced Single-Shot Learners,-0.6861670524055643,2.880216619282049
U00114,1,1,1.0,0,1.0,Cybersecurity,Advanced,2.38,0.0,0.0,312,0.0,0.0,1.0,0.0,0.0,1.0,0.0,0.0,0.0,0.0,0.0,0.0,0.0,0.0,0.0,22,Female,1,Advanced Single-Shot Learners,-2.289860476409535,-1.095229465994145
U00115,1,1,1.0,0,1.0,Machine Learning,Intermediate,1.73,0.0,0.0,151,0.0,1.0,0.0,0.0,0.0,0.0,0.0,0.0,0.0,0.0,1.0,0.0,0.0,0.0,0.0,32,Female,3,Intermediate Value Seekers,-1.8027900089508284,-1.3935228458713118
U00116,1,1,1.0,0,1.0,Design,Advanced,1.52,0.0,0.0,248,0.0,0.0,1.0,0.0,0.0,0.0,0.0,1.0,0.0,0.0,0.0,0.0,0.0,0.0,0.0,31,Male,1,Advanced Single-Shot Learners,-2.040377534711246,-1.1664570754019261
U00117,13,9,1.4444444444444444,260,1.5,Programming/Finance/Cybersecurity/Data Science,Beginner,3.373076923076923,145.06692307692308,0.5384615384615384,26,0.5384615384615384,0.15384615384615385,0.3076923076923077,0.07692307692307693,0.0,0.15384615384615385,0.15384615384615385,0.07692307692307693,0.07692307692307693,0.15384615384615385,0.07692307692307693,0.0,0.15384615384615385,0.0,0.07692307692307693,19,Female,2,Power Learners,3.6332502580011896,-0.26800367449596657
U00118,1,1,1.0,0,1.0,Business,Advanced,2.0,0.0,0.0,294,0.0,0.0,1.0,0.0,1.0,0.0,0.0,0.0,0.0,0.0,0.0,0.0,0.0,0.0,0.0,28,Female,1,Advanced Single-Shot Learners,-1.9558815265087195,0.023780369998121033
U00119,1,1,1.0,0,1.0,Web Development,Advanced,4.74,57.32,1.0,203,0.0,0.0,1.0,0.0,0.0,0.0,0.0,0.0,0.0,0.0,0.0,0.0,0.0,0.0,1.0,28,Male,1,Advanced Single-Shot Learners,-0.8926741486531166,1.2770950122657716
U00120,2,2,1.0,34,1.7647058823529411,Web Development/Artificial Intelligence,Beginner/Intermediate,3.215,207.755,0.5,266,0.5,0.5,0.0,0.5,0.0,0.0,0.0,0.0,0.0,0.0,0.0,0.0,0.0,0.0,0.5,15,Male,0,Premium Explorers,0.4952135449061815,1.6891076202232358
U00121,2,2,1.0,167,0.3592814371257485,Project Management/Machine Learning,Beginner/Advanced,2.7,164.385,1.0,39,0.5,0.0,0.5,0.0,0.0,0.0,0.0,0.0,0.0,0.0,0.5,0.0,0.0,0.5,0.0,27,Female,2,Power Learners,1.3482233861067932,1.3669298776738203
U00122,2,2,1.0,264,0.22727272727272727,Digital Marketing/Machine Learning,Beginner/Intermediate,2.895,0.0,0.0,68,0.5,0.5,0.0,0.0,0.0,0.0,0.0,0.0,0.5,0.0,0.5,0.0,0.0,0.0,0.0,21,Female,3,Intermediate Value Seekers,0.174615226452609,-1.4166103316498073
U00123,2,2,1.0,172,0.3488372093023256,Data Science/Web Development,Beginner/Advanced,4.24,178.445,1.0,71,0.5,0.0,0.5,0.0,0.0,0.0,0.5,0.0,0.0,0.0,0.0,0.0,0.0,0.0,0.5,18,Female,2,Power Learners,1.2650643295353465,1.3253507020687088
U00124,2,2,1.0,191,0.31413612565445026,Digital Marketing/Artificial Intelligence,Beginner/Advanced,2.175,230.245,1.0,115,0.5,0.0,0.5,0.5,0.0,0.0,0.0,0.0,0.5,0.0,0.0,0.0,0.0,0.0,0.0,19,Female,0,Premium Explorers,1.370495374971446,2.165456506241837
U00125,2,2,1.0,15,2.0,Machine Learning/Business,Intermediate/Advanced,2.25,163.01,0.5,285,0.0,0.5,0.5,0.0,0.5,0.0,0.0,0.0,0.0,0.0,0.5,0.0,0.0,0.0,0.0,35,Female,1,Advanced Single-Shot Learners,0.07382698936405349,0.5842810748594316
U00126,14,7,2.0,342,1.2280701754385965,Digital Marketing/Machine Learning,Beginner,3.4571428571428577,77.4692857142857,0.35714285714285715,17,0.5,0.21428571428571427,0.2857142857142857,0.07142857142857142,0.0,0.0,0.14285714285714285,0.0,0.21428571428571427,0.0,0.21428571428571427,0.07142857142857142,0.0,0.14285714285714285,0.14285714285714285,23,Female,2,Power Learners,3.386132276564334,-0.5983875416540219
U00127,3,3,1.0,125,0.72,Business/Marketing/Artificial Intelligence,Advanced,3.8466666666666662,301.1433333333334,0.6666666666666666,81,0.0,0.3333333333333333,0.6666666666666666,0.3333333333333333,0.3333333333333333,0.0,0.0,0.0,0.0,0.0,0.0,0.3333333333333333,0.0,0.0,0.0,34,Female,2,Power Learners,1.6537843609482437,0.4399347925671509
U00128,13,8,1.625,341,1.1436950146627565,Machine Learning/Artificial Intelligence/Project Management/Data Science/Digital Marketing,Beginner,3.106923076923077,139.51153846153846,0.46153846153846156,21,0.38461538461538464,0.3076923076923077,0.3076923076923077,0.15384615384615385,0.07692307692307693,0.0,0.15384615384615385,0.0,0.15384615384615385,0.07692307692307693,0.15384615384615385,0.0,0.0,0.15384615384615385,0.07692307692307693,35,Female,2,Power Learners,3.5566378637955873,-0.15779389717706738
U00129,2,2,1.0,55,1.090909090909091,Artificial Intelligence/Digital Marketing,Intermediate,3.885,207.755,0.5,287,0.0,1.0,0.0,0.5,0.0,0.0,0.0,0.0,0.5,0.0,0.0,0.0,0.0,0.0,0.0,19,Male,0,Premium Explorers,0.2985360633605738,1.1292891101952056
U00130,1,1,1.0,0,1.0,Artificial Intelligence,Beginner,1.2,248.1,1.0,349,1.0,0.0,0.0,1.0,0.0,0.0,0.0,0.0,0.0,0.0,0.0,0.0,0.0,0.0,0.0,17,Male,0,Premium Explorers,-0.716138367235261,4.279099197681345
U00131,1,1,1.0,0,1.0,Business,Advanced,3.15,0.0,0.0,68,0.0,0.0,1.0,0.0,1.0,0.0,0.0,0.0,0.0,0.0,0.0,0.0,0.0,0.0,0.0,19,Male,1,Advanced Single-Shot Learners,-1.2411796394535055,-0.39566244053181304
U00132,1,1,1.0,0,1.0,Machine Learning,Beginner,1.13,0.0,0.0,71,1.0,0.0,0.0,0.0,0.0,0.0,0.0,0.0,0.0,0.0,1.0,0.0,0.0,0.0,0.0,22,Male,4,Beginner Explorers,-1.3742863610776541,-0.5314293646501573
U00133,14,9,1.5555555555555556,305,1.3770491803278688,Web Development/Marketing,Beginner,2.8307142857142864,59.166428571428575,0.35714285714285715,1,0.42857142857142855,0.21428571428571427,0.35714285714285715,0.07142857142857142,0.0,0.07142857142857142,0.07142857142857142,0.07142857142857142,0.0,0.07142857142857142,0.0,0.21428571428571427,0.14285714285714285,0.07142857142857142,0.21428571428571427,21,Male,2,Power Learners,3.5854184844865293,-0.8970072564531857
U00134,14,8,1.75,336,1.25,Finance,Advanced,3.3528571428571428,102.72928571428572,0.5,1,0.2857142857142857,0.2857142857142857,0.42857142857142855,0.0,0.14285714285714285,0.07142857142857142,0.14285714285714285,0.14285714285714285,0.0,0.21428571428571427,0.14285714285714285,0.0,0.0,0.07142857142857142,0.07142857142857142,26,Female,2,Power Learners,3.5703180329876174,-0.6876492027511047
U00135,1,1,1.0,0,1.0,Data Science,Intermediate,3.02,0.0,0.0,177,0.0,1.0,0.0,0.0,0.0,0.0,1.0,0.0,0.0,0.0,0.0,0.0,0.0,0.0,0.0,17,Female,3,Intermediate Value Seekers,-1.771468524298536,-0.5771980155556
U00136,1,1,1.0,0,1.0,Business,Advanced,3.15,0.0,0.0,283,0.0,0.0,1.0,0.0,1.0,0.0,0.0,0.0,0.0,0.0,0.0,0.0,0.0,0.0,0.0,25,Female,1,Advanced Single-Shot Learners,-1.9461203628303996,-0.1156249847753595
U00137,2,2,1.0,109,0.5504587155963303,Project Management/Data Science,Intermediate/Advanced,3.705,230.145,1.0,3,0.0,0.5,0.5,0.0,0.0,0.0,0.5,0.0,0.0,0.0,0.0,0.0,0.0,0.5,0.0,15,Female,2,Power Learners,1.441896683394898,1.3211824521846363
U00138,2,2,1.0,202,0.297029702970297,Machine Learning/Design,Beginner/Advanced,1.8699999999999999,0.0,0.0,142,0.5,0.0,0.5,0.0,0.0,0.0,0.0,0.5,0.0,0.0,0.5,0.0,0.0,0.0,0.0,26,Male,1,Advanced Single-Shot Learners,-0.13311871321321803,-1.4844784547304464
U00139,4,4,1.0,312,0.3846153846153846,Artificial Intelligence/Business/Machine Learning/Marketing,Beginner/Advanced,1.8275000000000001,62.025,0.25,48,0.5,0.0,0.5,0.25,0.25,0.0,0.0,0.0,0.0,0.0,0.25,0.25,0.0,0.0,0.0,16,Female,2,Power Learners,1.9592085873238108,-0.17468794265310061
U00140,2,2,1.0,35,1.7142857142857142,Digital Marketing/Finance,Beginner/Intermediate,3.5650000000000004,26.93,0.5,280,0.5,0.5,0.0,0.0,0.0,0.0,0.0,0.0,0.5,0.5,0.0,0.0,0.0,0.0,0.0,24,Female,4,Beginner Explorers,-0.03823994877467413,0.481513099412824
U00141,1,1,1.0,0,1.0,Programming,Beginner,2.88,0.0,0.0,328,1.0,0.0,0.0,0.0,0.0,0.0,0.0,0.0,0.0,0.0,0.0,0.0,1.0,0.0,0.0,20,Male,4,Beginner Explorers,-2.115176560363305,0.47049939529546314
U00142,1,1,1.0,0,1.0,Programming,Beginner,4.74,472.28,1.0,345,1.0,0.0,0.0,0.0,0.0,0.0,0.0,0.0,0.0,0.0,0.0,0.0,1.0,0.0,0.0,17,Female,4,Beginner Explorers,-0.9989632288412993,2.8152784325399796
U00143,2,2,1.0,68,0.8823529411764706,Digital Marketing/Cybersecurity,Beginner/Advanced,4.415,88.67,0.5,168,0.5,0.0,0.5,0.0,0.0,0.5,0.0,0.0,0.5,0.0,0.0,0.0,0.0,0.0,0.0,26,Male,4,Beginner Explorers,0.43766084871430017,0.22610079144769452
U00144,13,7,1.8571428571428572,351,1.1111111111111112,Finance,Intermediate,3.173076923076923,73.35923076923078,0.23076923076923078,3,0.15384615384615385,0.46153846153846156,0.38461538461538464,0.0,0.07692307692307693,0.15384615384615385,0.0,0.0,0.15384615384615385,0.23076923076923078,0.07692307692307693,0.15384615384615385,0.0,0.15384615384615385,0.0,24,Female,2,Power Learners,3.22537125285164,-1.287819545336285
U00145,1,1,1.0,0,1.0,Cybersecurity,Beginner,4.94,0.0,0.0,308,1.0,0.0,0.0,0.0,0.0,1.0,0.0,0.0,0.0,0.0,0.0,0.0,0.0,0.0,0.0,23,Female,4,Beginner Explorers,-2.273649113025109,-0.5260404794563639
U00146,1,1,1.0,0,1.0,Digital Marketing,Beginner,4.44,0.0,0.0,43,1.0,0.0,0.0,0.0,0.0,0.0,0.0,0.0,1.0,0.0,0.0,0.0,0.0,0.0,0.0,30,Female,4,Beginner Explorers,-1.2142758795178146,-0.3024576392956391
U00147,12,9,1.3333333333333333,326,1.1042944785276072,Design/Data Science/Marketing,Beginner,3.0775,99.63999999999999,0.3333333333333333,2,0.4166666666666667,0.3333333333333333,0.25,0.0,0.0,0.0,0.16666666666666666,0.16666666666666666,0.08333333333333333,0.08333333333333333,0.08333333333333333,0.16666666666666666,0.08333333333333333,0.08333333333333333,0.08333333333333333,30,Male,2,Power Learners,3.446926213586944,-0.9561228951205816
U00148,1,1,1.0,0,1.0,Data Science,Intermediate,3.02,0.0,0.0,329,0.0,1.0,0.0,0.0,0.0,0.0,1.0,0.0,0.0,0.0,0.0,0.0,0.0,0.0,0.0,35,Female,3,Intermediate Value Seekers,-2.3016962785174266,-0.3956887410986328
U00149,10,8,1.25,320,0.9375,Artificial Intelligence/Machine Learning,Advanced,3.303,90.64099999999999,0.2,25,0.3,0.3,0.4,0.2,0.0,0.1,0.1,0.1,0.0,0.1,0.2,0.1,0.1,0.0,0.0,17,Female,2,Power Learners,3.1250102096759194,-0.9979823166469377
U00150,2,2,1.0,71,0.8450704225352113,Cybersecurity/Marketing,Intermediate/Advanced,3.245,0.0,0.0,25,0.0,0.5,0.5,0.0,0.0,0.5,0.0,0.0,0.0,0.0,0.0,0.5,0.0,0.0,0.0,25,Male,3,Intermediate Value Seekers,0.020319706732119917,-2.468606074537035
U00151,1,1,1.0,0,1.0,Digital Marketing,Beginner,4.44,0.0,0.0,307,1.0,0.0,0.0,0.0,0.0,0.0,0.0,0.0,1.0,0.0,0.0,0.0,0.0,0.0,0.0,16,Female,4,Beginner Explorers,-2.0767605289636992,0.09211233752004172
U00152,12,9,1.3333333333333333,344,1.0465116279069768,Cybersecurity/Programming/Web Development,Beginner,3.296666666666667,114.07666666666665,0.4166666666666667,2,0.5,0.3333333333333333,0.16666666666666666,0.08333333333333333,0.08333333333333333,0.16666666666666666,0.0,0.08333333333333333,0.08333333333333333,0.08333333333333333,0.0,0.0,0.16666666666666666,0.08333333333333333,0.16666666666666666,19,Female,2,Power Learners,3.589180645628902,-0.38591104454586583
U00153,2,2,1.0,298,0.20134228187919462,Web Development/Programming,Beginner/Advanced,2.575,18.945,0.5,15,0.5,0.0,0.5,0.0,0.0,0.0,0.0,0.0,0.0,0.0,0.0,0.0,0.5,0.0,0.5,35,Male,2,Power Learners,1.0651975616485378,0.2444611032675517
U00154,1,1,1.0,0,1.0,Artificial Intelligence,Beginner,1.2,248.1,1.0,310,1.0,0.0,0.0,1.0,0.0,0.0,0.0,0.0,0.0,0.0,0.0,0.0,0.0,0.0,0.0,29,Male,0,Premium Explorers,-0.6015483886104976,4.203406400615902
U00155,2,2,1.0,120,0.5,Finance/Web Development,Beginner/Intermediate,3.71,0.0,0.0,226,0.5,0.5,0.0,0.0,0.0,0.0,0.0,0.0,0.0,0.5,0.0,0.0,0.0,0.0,0.5,27,Male,4,Beginner Explorers,-0.453999762345483,-0.9399587840555179
U00156,1,1,1.0,0,1.0,Finance,Advanced,1.59,0.0,0.0,321,0.0,0.0,1.0,0.0,0.0,0.0,0.0,0.0,0.0,1.0,0.0,0.0,0.0,0.0,0.0,17,Male,1,Advanced Single-Shot Learners,-2.2166002931674913,-0.5777395271532354
U00157,2,2,1.0,225,0.26666666666666666,Digital Marketing/Cybersecurity,Intermediate/Advanced,2.53,106.195,0.5,13,0.0,0.5,0.5,0.0,0.0,0.5,0.0,0.0,0.5,0.0,0.0,0.0,0.0,0.0,0.0,32,Female,2,Power Learners,1.0932501633005012,-0.27642068382419355
U00158,1,1,1.0,0,1.0,Programming,Beginner,1.28,0.0,0.0,221,1.0,0.0,0.0,0.0,0.0,0.0,0.0,0.0,0.0,0.0,0.0,0.0,1.0,0.0,0.0,35,Female,4,Beginner Explorers,-1.7148661947055361,0.4632506457752054
U00159,2,2,1.0,38,1.5789473684210527,Finance/Machine Learning,Beginner/Intermediate,2.1,26.93,0.5,259,0.5,0.5,0.0,0.0,0.0,0.0,0.0,0.0,0.0,0.5,0.5,0.0,0.0,0.0,0.0,16,Male,3,Intermediate Value Seekers,-0.016102842065851823,0.30520968425406564
U00160,1,1,1.0,0,1.0,Project Management,Beginner,1.51,327.99,1.0,15,1.0,0.0,0.0,0.0,0.0,0.0,0.0,0.0,0.0,0.0,0.0,0.0,0.0,1.0,0.0,28,Female,4,Beginner Explorers,0.20051308392731715,3.3314476039618444
U00161,11,7,1.5714285714285714,332,0.9939759036144579,Data Science/Finance/Cybersecurity/Business,Advanced,2.897272727272727,55.054545454545455,0.18181818181818182,3,0.2727272727272727,0.2727272727272727,0.45454545454545453,0.09090909090909091,0.18181818181818182,0.18181818181818182,0.18181818181818182,0.09090909090909091,0.0,0.18181818181818182,0.0,0.0,0.0,0.0,0.09090909090909091,25,Female,2,Power Learners,3.105194095603223,-0.9459722964774573
U00162,1,1,1.0,0,1.0,Finance,Advanced,1.59,0.0,0.0,244,0.0,0.0,1.0,0.0,0.0,0.0,0.0,0.0,0.0,1.0,0.0,0.0,0.0,0.0,0.0,26,Male,1,Advanced Single-Shot Learners,-1.971389958923619,-0.701438172197602
U00163,1,1,1.0,0,1.0,Project Management,Intermediate,3.45,0.0,0.0,164,0.0,1.0,0.0,0.0,0.0,0.0,0.0,0.0,0.0,0.0,0.0,0.0,0.0,1.0,0.0,32,Female,3,Intermediate Value Seekers,-1.6566582453318601,-0.03188610274027282
U00164,2,1,2.0,119,0.5042016806722689,Machine Learning,Intermediate/Advanced,3.2700000000000005,0.0,0.0,111,0.0,0.5,0.5,0.0,0.0,0.0,0.0,0.0,0.0,0.0,1.0,0.0,0.0,0.0,0.0,32,Male,3,Intermediate Value Seekers,-0.5934019037605354,-2.001575098844436
U00165,4,4,1.0,124,0.9677419354838709,Design/Marketing/Artificial Intelligence/Finance,Intermediate,2.995,104.95500000000001,0.75,159,0.25,0.5,0.25,0.25,0.0,0.0,0.0,0.25,0.0,0.25,0.0,0.25,0.0,0.0,0.0,30,Male,2,Power Learners,1.596338049535718,0.2938151935110238
U00166,15,9,1.6666666666666667,342,1.3157894736842104,Machine Learning,Intermediate,3.1886666666666668,16.592,0.13333333333333333,20,0.3333333333333333,0.4,0.26666666666666666,0.06666666666666667,0.06666666666666667,0.06666666666666667,0.13333333333333333,0.0,0.0,0.06666666666666667,0.2,0.13333333333333333,0.13333333333333333,0.0,0.13333333333333333,33,Male,2,Power Learners,3.272491167581111,-1.583128259868315
U00167,1,1,1.0,0,1.0,Cybersecurity,Beginner,4.94,0.0,0.0,45,1.0,0.0,0.0,0.0,0.0,1.0,0.0,0.0,0.0,0.0,0.0,0.0,0.0,0.0,0.0,31,Female,4,Beginner Explorers,-1.4067535841985577,-0.9086946833736226
U00168,1,1,1.0,0,1.0,Business,Intermediate,2.69,326.02,1.0,102,0.0,1.0,0.0,0.0,1.0,0.0,0.0,0.0,0.0,0.0,0.0,0.0,0.0,0.0,0.0,24,Female,1,Advanced Single-Shot Learners,-0.2590291417489362,2.1374870023716523
U00169,13,11,1.1818181818181819,304,1.2828947368421053,Finance/Design,Advanced,2.6369230769230763,43.62769230769231,0.23076923076923078,15,0.3076923076923077,0.3076923076923077,0.38461538461538464,0.07692307692307693,0.07692307692307693,0.07692307692307693,0.07692307692307693,0.15384615384615385,0.07692307692307693,0.15384615384615385,0.07692307692307693,0.07692307692307693,0.07692307692307693,0.0,0.07692307692307693,24,Male,2,Power Learners,3.5230495695882116,-1.2076089728266752
U00170,3,3,1.0,175,0.5142857142857143,Project Management/Web Development/Programming,Beginner,2.72,0.0,0.0,144,1.0,0.0,0.0,0.0,0.0,0.0,0.0,0.0,0.0,0.0,0.0,0.0,0.3333333333333333,0.3333333333333333,0.3333333333333333,34,Female,4,Beginner Explorers,0.5401600721919155,-0.29838458128966044
U00171,2,1,2.0,97,0.6185567010309279,Project Management,Beginner/Intermediate,4.0649999999999995,0.0,0.0,93,0.5,0.5,0.0,0.0,0.0,0.0,0.0,0.0,0.0,0.0,0.0,0.0,0.0,1.0,0.0,24,Male,3,Intermediate Value Seekers,-0.2930063266718812,-0.12152672645653012
U00172,1,1,1.0,0,1.0,Machine Learning,Intermediate,4.73,0.0,0.0,54,0.0,1.0,0.0,0.0,0.0,0.0,0.0,0.0,0.0,0.0,1.0,0.0,0.0,0.0,0.0,35,Female,3,Intermediate Value Seekers,-1.5634772822658796,-1.8718992744235734
U00173,14,10,1.4,325,1.2923076923076922,Marketing/Artificial Intelligence/Finance/Cybersecurity,Beginner/Intermediate,3.197857142857143,78.20142857142856,0.21428571428571427,19,0.42857142857142855,0.42857142857142855,0.14285714285714285,0.14285714285714285,0.07142857142857142,0.14285714285714285,0.07142857142857142,0.0,0.0,0.14285714285714285,0.07142857142857142,0.14285714285714285,0.07142857142857142,0.07142857142857142,0.07142857142857142,31,Male,2,Power Learners,3.5683365083991334,-0.9640201087234481
U00174,1,1,1.0,0,1.0,Digital Marketing,Advanced,3.15,212.39,1.0,5,0.0,0.0,1.0,0.0,0.0,0.0,0.0,0.0,1.0,0.0,0.0,0.0,0.0,0.0,0.0,29,Male,1,Advanced Single-Shot Learners,-0.05161040487755351,1.3266402904772097
U00175,2,2,1.0,279,0.2150537634408602,Programming/Artificial Intelligence,Beginner,2.915,245.45,0.5,85,1.0,0.0,0.0,0.5,0.0,0.0,0.0,0.0,0.0,0.0,0.0,0.0,0.5,0.0,0.0,32,Female,0,Premium Explorers,1.3520622478001632,1.8217421666948355
U00176,1,1,1.0,0,1.0,Project Management,Beginner,4.68,0.0,0.0,157,1.0,0.0,0.0,0.0,0.0,0.0,0.0,0.0,0.0,0.0,0.0,0.0,0.0,1.0,0.0,34,Male,4,Beginner Explorers,-1.5361506051416332,0.7058331274355236
U00177,14,9,1.5555555555555556,274,1.5328467153284673,Finance,Beginner,3.023571428571429,109.03857142857142,0.5,26,0.5,0.2857142857142857,0.21428571428571427,0.07142857142857142,0.0,0.0,0.14285714285714285,0.07142857142857142,0.07142857142857142,0.21428571428571427,0.14285714285714285,0.07142857142857142,0.14285714285714285,0.0,0.07142857142857142,29,Female,2,Power Learners,3.630170937162197,-0.47898624139284735
U00178,14,10,1.4,279,1.5053763440860215,Data Science,Beginner/Intermediate,3.5400000000000005,16.90857142857143,0.14285714285714285,47,0.35714285714285715,0.35714285714285715,0.2857142857142857,0.07142857142857142,0.07142857142857142,0.07142857142857142,0.21428571428571427,0.07142857142857142,0.07142857142857142,0.07142857142857142,0.0,0.14285714285714285,0.14285714285714285,0.07142857142857142,0.0,20,Male,2,Power Learners,3.250843090726591,-1.3735987653262558
U00179,2,2,1.0,83,0.7228915662650602,Business/Machine Learning,Intermediate/Advanced,2.685,243.96,0.5,43,0.0,0.5,0.5,0.0,0.5,0.0,0.0,0.0,0.0,0.0,0.5,0.0,0.0,0.0,0.0,34,Male,1,Advanced Single-Shot Learners,1.0243095169741256,0.1893665262186435
U00180,1,1,1.0,0,1.0,Machine Learning,Intermediate,4.73,0.0,0.0,96,0.0,1.0,0.0,0.0,0.0,0.0,0.0,0.0,0.0,0.0,1.0,0.0,0.0,0.0,0.0,26,Female,3,Intermediate Value Seekers,-1.6919467838472289,-1.797258569768421
U00181,1,1,1.0,0,1.0,Data Science,Beginner,3.74,299.57,1.0,55,1.0,0.0,0.0,0.0,0.0,0.0,1.0,0.0,0.0,0.0,0.0,0.0,0.0,0.0,0.0,32,Female,4,Beginner Explorers,-0.11217623612080532,2.475127372952847
U00182,1,1,1.0,0,1.0,Finance,Intermediate,4.1,0.0,0.0,344,0.0,1.0,0.0,0.0,0.0,0.0,0.0,0.0,0.0,1.0,0.0,0.0,0.0,0.0,0.0,28,Female,3,Intermediate Value Seekers,-2.434703788731854,-0.8718806885028383
U00183,1,1,1.0,0,1.0,Machine Learning,Intermediate,4.73,0.0,0.0,182,0.0,1.0,0.0,0.0,0.0,0.0,0.0,0.0,0.0,0.0,1.0,0.0,0.0,0.0,0.0,33,Male,3,Intermediate Value Seekers,-2.0077609401433545,-1.6781783260048826
U00184,1,1,1.0,0,1.0,Cybersecurity,Advanced,2.38,0.0,0.0,238,0.0,0.0,1.0,0.0,0.0,1.0,0.0,0.0,0.0,0.0,0.0,0.0,0.0,0.0,0.0,28,Male,1,Advanced Single-Shot Learners,-2.0707111995294283,-1.1986617396715116
U00185,1,1,1.0,0,1.0,Web Development,Advanced,4.74,57.32,1.0,256,0.0,0.0,1.0,0.0,0.0,0.0,0.0,0.0,0.0,0.0,0.0,0.0,0.0,0.0,1.0,27,Male,1,Advanced Single-Shot Learners,-1.0681620685373867,1.3531351034792272
U00186,2,2,1.0,102,0.5882352941176471,Business/Project Management,Intermediate,3.0700000000000003,163.01,0.5,10,0.0,1.0,0.0,0.0,0.5,0.0,0.0,0.0,0.0,0.0,0.0,0.0,0.0,0.5,0.0,28,Female,2,Power Learners,1.1940557941535321,0.7753912264266863
U00187,1,1,1.0,0,1.0,Programming,Beginner,4.74,472.28,1.0,196,1.0,0.0,0.0,0.0,0.0,0.0,0.0,0.0,0.0,0.0,0.0,0.0,1.0,0.0,0.0,18,Male,4,Beginner Explorers,-0.5231997483751688,2.615483765434668
U00188,1,1,1.0,0,1.0,Design,Advanced,1.52,0.0,0.0,54,0.0,0.0,1.0,0.0,0.0,0.0,0.0,1.0,0.0,0.0,0.0,0.0,0.0,0.0,0.0,18,Male,1,Advanced Single-Shot Learners,-1.3765160577493707,-1.4155976428748922
U00189,1,1,1.0,0,1.0,Finance,Advanced,1.59,0.0,0.0,135,0.0,0.0,1.0,0.0,0.0,0.0,0.0,0.0,0.0,1.0,0.0,0.0,0.0,0.0,0.0,18,Male,1,Advanced Single-Shot Learners,-1.5974972091656314,-0.8401997918457044
U00190,1,1,1.0,0,1.0,Business,Advanced,3.64,487.92,1.0,276,0.0,0.0,1.0,0.0,1.0,0.0,0.0,0.0,0.0,0.0,0.0,0.0,0.0,0.0,0.0,25,Female,1,Advanced Single-Shot Learners,-0.7326280574834698,2.3610082862236594
U00191,12,8,1.5,310,1.161290322580645,Project Management,Beginner,3.955833333333333,188.225,0.5,39,0.4166666666666667,0.3333333333333333,0.25,0.08333333333333333,0.08333333333333333,0.08333333333333333,0.0,0.0,0.16666666666666666,0.08333333333333333,0.0,0.16666666666666666,0.08333333333333333,0.25,0.0,34,Male,2,Power Learners,3.4141631417055547,-0.25485241274094717
U00192,14,9,1.5555555555555556,318,1.3207547169811322,Web Development,Beginner,3.4407142857142854,48.576428571428565,0.21428571428571427,32,0.5,0.21428571428571427,0.2857142857142857,0.0,0.07142857142857142,0.0,0.07142857142857142,0.0,0.07142857142857142,0.07142857142857142,0.07142857142857142,0.14285714285714285,0.14285714285714285,0.14285714285714285,0.21428571428571427,17,Male,2,Power Learners,3.4065486243780696,-0.9542884447088591
U00193,1,1,1.0,0,1.0,Marketing,Advanced,4.79,0.0,0.0,190,0.0,0.0,1.0,0.0,0.0,0.0,0.0,0.0,0.0,0.0,0.0,1.0,0.0,0.0,0.0,33,Male,1,Advanced Single-Shot Learners,-1.9400489782203998,-2.309996872177256
U00194,1,1,1.0,0,1.0,Data Science,Intermediate,3.02,0.0,0.0,327,0.0,1.0,0.0,0.0,0.0,0.0,1.0,0.0,0.0,0.0,0.0,0.0,0.0,0.0,0.0,35,Male,3,Intermediate Value Seekers,-2.314953239943488,-0.38768770565945676
U00195,1,1,1.0,0,1.0,Project Management,Advanced,1.23,346.71,1.0,174,0.0,0.0,1.0,0.0,0.0,0.0,0.0,0.0,0.0,0.0,0.0,0.0,0.0,1.0,0.0,15,Male,1,Advanced Single-Shot Learners,-0.39081847576851275,2.765282007668013
U00196,1,1,1.0,0,1.0,Cybersecurity,Intermediate,1.35,394.26,1.0,180,0.0,1.0,0.0,0.0,0.0,1.0,0.0,0.0,0.0,0.0,0.0,0.0,0.0,0.0,0.0,23,Female,3,Intermediate Value Seekers,-0.7282534040774334,1.321964082853481
U00197,1,1,1.0,0,1.0,Data Science,Intermediate,3.6,0.0,0.0,302,0.0,1.0,0.0,0.0,0.0,0.0,1.0,0.0,0.0,0.0,0.0,0.0,0.0,0.0,0.0,35,Female,3,Intermediate Value Seekers,-2.227173975479701,-0.49871747112371795
U00198,12,7,1.7142857142857142,292,1.2328767123287672,Finance,Beginner,3.2741666666666664,103.52833333333332,0.3333333333333333,26,0.5,0.25,0.25,0.08333333333333333,0.16666666666666666,0.08333333333333333,0.0,0.0,0.08333333333333333,0.25,0.0,0.16666666666666666,0.16666666666666666,0.0,0.0,30,Female,2,Power Learners,3.238996037780244,-0.6141037737515027
U00199,1,1,1.0,0,1.0,Programming,Intermediate,2.43,0.0,0.0,239,0.0,1.0,0.0,0.0,0.0,0.0,0.0,0.0,0.0,0.0,0.0,0.0,1.0,0.0,0.0,24,Female,3,Intermediate Value Seekers,-1.944118882064138,-0.49995416051440444
U00200,4,3,1.3333333333333333,330,0.36363636363636365,Design,Advanced,3.465,67.4275,0.5,13,0.0,0.0,1.0,0.0,0.0,0.0,0.0,0.5,0.25,0.0,0.0,0.0,0.0,0.0,0.25,32,Male,2,Power Learners,1.7744919617331156,-0.6967114025861045
U00201,3,3,1.0,107,0.8411214953271028,Design/Web Development/Artificial Intelligence,Beginner/Intermediate/Advanced,2.6766666666666663,230.62666666666667,0.6666666666666666,249,0.3333333333333333,0.3333333333333333,0.3333333333333333,0.3333333333333333,0.0,0.0,0.0,0.3333333333333333,0.0,0.0,0.0,0.0,0.0,0.0,0.3333333333333333,16,Male,0,Premium Explorers,1.0847870483748336,1.1699914055691363
U00202,1,1,1.0,0,1.0,Programming,Beginner,3.85,0.0,0.0,44,1.0,0.0,0.0,0.0,0.0,0.0,0.0,0.0,0.0,0.0,0.0,0.0,1.0,0.0,0.0,28,Female,4,Beginner Explorers,-1.1842894647699362,-0.06140859530975197
U00203,2,2,1.0,193,0.31088082901554404,Web Development/Business,Beginner/Intermediate,3.005,163.01,0.5,162,0.5,0.5,0.0,0.0,0.5,0.0,0.0,0.0,0.0,0.0,0.0,0.0,0.0,0.0,0.5,25,Female,2,Power Learners,0.8166804080464299,1.0110834650331468
U00204,1,1,1.0,0,1.0,Finance,Advanced,1.59,0.0,0.0,91,0.0,0.0,1.0,0.0,0.0,0.0,0.0,0.0,0.0,1.0,0.0,0.0,0.0,0.0,0.0,28,Female,1,Advanced Single-Shot Learners,-1.4437199920014843,-0.9302005066085887
U00205,1,1,1.0,0,1.0,Project Management,Intermediate,4.84,342.61,1.0,202,0.0,1.0,0.0,0.0,0.0,0.0,0.0,0.0,0.0,0.0,0.0,0.0,0.0,1.0,0.0,32,Male,3,Intermediate Value Seekers,-0.6843176267716634,2.3526336440413376
U00206,1,1,1.0,0,1.0,Artificial Intelligence,Intermediate,2.68,89.59,1.0,239,0.0,1.0,0.0,1.0,0.0,0.0,0.0,0.0,0.0,0.0,0.0,0.0,0.0,0.0,0.0,19,Female,0,Premium Explorers,-0.6590073768344248,2.8798370459011426
U00207,2,2,1.0,117,0.5128205128205129,Digital Marketing/Programming,Beginner/Advanced,2.585,88.67,0.5,50,0.5,0.0,0.5,0.0,0.0,0.0,0.0,0.0,0.5,0.0,0.0,0.0,0.5,0.0,0.0,33,Male,4,Beginner Explorers,1.0093506542082775,0.5840296657468221
U00208,15,10,1.5,304,1.480263157894737,Data Science,Beginner,3.153333333333333,33.84133333333333,0.26666666666666666,24,0.4666666666666667,0.13333333333333333,0.4,0.06666666666666667,0.13333333333333333,0.06666666666666667,0.26666666666666666,0.06666666666666667,0.13333333333333333,0.06666666666666667,0.06666666666666667,0.0,0.0,0.06666666666666667,0.06666666666666667,18,Female,2,Power Learners,3.595071336494118,-0.8286390939215508
U00209,1,1,1.0,0,1.0,Business,Advanced,3.15,0.0,0.0,139,0.0,0.0,1.0,0.0,1.0,0.0,0.0,0.0,0.0,0.0,0.0,0.0,0.0,0.0,0.0,26,Male,1,Advanced Single-Shot Learners,-1.4870341441732013,-0.3084113746822118
U00210,2,2,1.0,37,1.6216216216216215,Web Development/Machine Learning,Intermediate/Advanced,1.5150000000000001,18.945,0.5,277,0.0,0.5,0.5,0.0,0.0,0.0,0.0,0.0,0.0,0.0,0.5,0.0,0.0,0.0,0.5,30,Male,1,Advanced Single-Shot Learners,-0.10388937818993436,0.0003329866921694407
U00211,1,1,1.0,0,1.0,Project Management,Beginner,4.68,0.0,0.0,281,1.0,0.0,0.0,0.0,0.0,0.0,0.0,0.0,0.0,0.0,0.0,0.0,0.0,1.0,0.0,22,Male,4,Beginner Explorers,-1.9342540345182402,0.9006666368747714
U00212,2,2,1.0,71,0.8450704225352113,Project Management/Programming,Beginner,4.265,0.0,0.0,180,1.0,0.0,0.0,0.0,0.0,0.0,0.0,0.0,0.0,0.0,0.0,0.0,0.5,0.5,0.0,30,Female,4,Beginner Explorers,-0.1950988441301088,-0.06011436534956079
U00213,2,2,1.0,29,2.0,Data Science/Marketing,Beginner/Intermediate,4.23,149.785,0.5,173,0.5,0.5,0.0,0.0,0.0,0.0,0.5,0.0,0.0,0.0,0.0,0.5,0.0,0.0,0.0,15,Male,3,Intermediate Value Seekers,0.4916152362736159,0.13857323659206927
U00214,1,1,1.0,0,1.0,Artificial Intelligence,Intermediate,2.68,89.59,1.0,65,0.0,1.0,0.0,1.0,0.0,0.0,0.0,0.0,0.0,0.0,0.0,0.0,0.0,0.0,0.0,24,Female,0,Premium Explorers,-0.08509394233563637,2.6271872348458225
U00215,1,1,1.0,0,1.0,Business,Intermediate,2.69,326.02,1.0,155,0.0,1.0,0.0,0.0,1.0,0.0,0.0,0.0,0.0,0.0,0.0,0.0,0.0,0.0,0.0,28,Male,1,Advanced Single-Shot Learners,-0.46090020423488426,2.2155696753547254
U00216,16,10,1.6,348,1.3793103448275863,Programming,Beginner,3.5456250000000002,87.86687500000001,0.25,1,0.5625,0.125,0.3125,0.0625,0.125,0.0,0.125,0.0625,0.125,0.0625,0.0,0.0625,0.1875,0.125,0.0625,23,Male,2,Power Learners,3.8367628985532867,-0.6524501984763438
U00217,1,1,1.0,0,1.0,Web Development,Advanced,1.3,37.89,1.0,243,0.0,0.0,1.0,0.0,0.0,0.0,0.0,0.0,0.0,0.0,0.0,0.0,0.0,0.0,1.0,28,Male,1,Advanced Single-Shot Learners,-0.9879784579360285,1.6452697641162621
U00218,1,1,1.0,0,1.0,Marketing,Intermediate,4.72,0.0,0.0,86,0.0,1.0,0.0,0.0,0.0,0.0,0.0,0.0,0.0,0.0,0.0,1.0,0.0,0.0,0.0,15,Female,3,Intermediate Value Seekers,-1.6280058519941236,-2.441373478715261
U00219,1,1,1.0,0,1.0,Design,Beginner,4.51,0.0,0.0,332,1.0,0.0,0.0,0.0,0.0,0.0,0.0,1.0,0.0,0.0,0.0,0.0,0.0,0.0,0.0,23,Female,4,Beginner Explorers,-2.297655876804361,-0.5172816738464943
U00220,15,11,1.3636363636363635,328,1.371951219512195,Programming,Beginner,3.628666666666667,20.02333333333333,0.13333333333333333,4,0.5333333333333333,0.2,0.26666666666666666,0.06666666666666667,0.06666666666666667,0.06666666666666667,0.13333333333333333,0.06666666666666667,0.06666666666666667,0.0,0.06666666666666667,0.13333333333333333,0.2,0.06666666666666667,0.06666666666666667,20,Male,2,Power Learners,3.571038579757175,-1.3558175877635443
U00221,1,1,1.0,0,1.0,Design,Advanced,4.45,0.0,0.0,33,0.0,0.0,1.0,0.0,0.0,0.0,0.0,1.0,0.0,0.0,0.0,0.0,0.0,0.0,0.0,27,Male,1,Advanced Single-Shot Learners,-1.396569139283442,-1.7900953369852732
U00222,1,1,1.0,0,1.0,Machine Learning,Advanced,3.89,0.78,1.0,119,0.0,0.0,1.0,0.0,0.0,0.0,0.0,0.0,0.0,0.0,1.0,0.0,0.0,0.0,0.0,28,Male,1,Advanced Single-Shot Learners,-1.2342165344386775,-0.14005606995164885
U00223,1,1,1.0,0,1.0,Finance,Intermediate,4.1,0.0,0.0,225,0.0,1.0,0.0,0.0,0.0,0.0,0.0,0.0,0.0,1.0,0.0,0.0,0.0,0.0,0.0,35,Female,3,Intermediate Value Seekers,-2.046822344712134,-1.0509441561946848
U00224,1,1,1.0,0,1.0,Artificial Intelligence,Beginner,4.55,490.9,1.0,40,1.0,0.0,0.0,1.0,0.0,0.0,0.0,0.0,0.0,0.0,0.0,0.0,0.0,0.0,0.0,15,Female,0,Premium Explorers,0.3380159489885712,3.5872940381304987
U00225,1,1,1.0,0,1.0,Finance,Intermediate,4.1,0.0,0.0,101,0.0,1.0,0.0,0.0,0.0,0.0,0.0,0.0,0.0,1.0,0.0,0.0,0.0,0.0,0.0,18,Male,3,Intermediate Value Seekers,-1.6312061780633063,-1.1841550849315097
U00226,1,1,1.0,0,1.0,Project Management,Advanced,1.23,346.71,1.0,55,0.0,0.0,1.0,0.0,0.0,0.0,0.0,0.0,0.0,0.0,0.0,0.0,0.0,1.0,0.0,34,Female,1,Advanced Single-Shot Learners,0.0014981709159345151,2.5543859587401454
U00227,2,2,1.0,92,0.6521739130434783,Finance/Design,Beginner/Intermediate,4.305,0.0,0.0,210,0.5,0.5,0.0,0.0,0.0,0.0,0.0,0.5,0.0,0.5,0.0,0.0,0.0,0.0,0.0,23,Male,3,Intermediate Value Seekers,-0.5177693578704645,-1.3633304041257994
U00228,1,1,1.0,0,1.0,Data Science,Advanced,2.57,117.68,1.0,31,0.0,0.0,1.0,0.0,0.0,0.0,1.0,0.0,0.0,0.0,0.0,0.0,0.0,0.0,0.0,18,Male,1,Advanced Single-Shot Learners,-0.1992614401734616,1.5732112006753576
U00229,2,2,1.0,124,0.48387096774193544,Data Science/Machine Learning,Beginner/Advanced,2.73,0.0,0.0,223,0.5,0.0,0.5,0.0,0.0,0.0,0.5,0.0,0.0,0.0,0.5,0.0,0.0,0.0,0.0,22,Male,4,Beginner Explorers,-0.4258123910873406,-1.0027160873650238
U00230,2,2,1.0,27,2.0,Digital Marketing/Finance,Beginner/Intermediate,3.595,59.52,0.5,33,0.5,0.5,0.0,0.0,0.0,0.0,0.0,0.0,0.5,0.5,0.0,0.0,0.0,0.0,0.0,17,Female,2,Power Learners,0.8918849539724574,0.29963838318504366
U00231,2,2,1.0,89,0.6741573033707865,Digital Marketing/Machine Learning,Advanced,3.52,106.585,1.0,187,0.0,0.0,1.0,0.0,0.0,0.0,0.0,0.0,0.5,0.0,0.5,0.0,0.0,0.0,0.0,16,Male,1,Advanced Single-Shot Learners,0.6193988335386399,0.6018561447951501
U00232,1,1,1.0,0,1.0,Cybersecurity,Advanced,2.38,0.0,0.0,266,0.0,0.0,1.0,0.0,0.0,1.0,0.0,0.0,0.0,0.0,0.0,0.0,0.0,0.0,0.0,26,Female,1,Advanced Single-Shot Learners,-2.141593888928996,-1.166715027859123
U00233,1,1,1.0,0,1.0,Finance,Intermediate,2.75,119.04,1.0,55,0.0,1.0,0.0,0.0,0.0,0.0,0.0,0.0,0.0,1.0,0.0,0.0,0.0,0.0,0.0,32,Male,3,Intermediate Value Seekers,-0.44366083670406586,1.161867798606859
U00234,2,2,1.0,207,0.2898550724637681,Business/Marketing,Intermediate/Advanced,3.74,163.01,0.5,99,0.0,0.5,0.5,0.0,0.5,0.0,0.0,0.0,0.0,0.0,0.0,0.5,0.0,0.0,0.0,32,Male,1,Advanced Single-Shot Learners,0.8699209718361746,-0.2995800162838229
U00235,3,2,1.5,135,0.6666666666666666,Programming,Beginner,3.856666666666667,157.42666666666665,0.3333333333333333,150,0.6666666666666666,0.0,0.3333333333333333,0.0,0.0,0.0,0.0,0.0,0.0,0.0,0.0,0.3333333333333333,0.6666666666666666,0.0,0.0,34,Male,4,Beginner Explorers,0.8822196267112489,0.1038462661061872
U00236,1,1,1.0,0,1.0,Cybersecurity,Intermediate,1.35,394.26,1.0,20,0.0,1.0,0.0,0.0,0.0,1.0,0.0,0.0,0.0,0.0,0.0,0.0,0.0,0.0,0.0,25,Female,3,Intermediate Value Seekers,-0.19716313677242783,1.0941945066832113
U00237,1,1,1.0,0,1.0,Business,Advanced,3.15,0.0,0.0,34,0.0,0.0,1.0,0.0,1.0,0.0,0.0,0.0,0.0,0.0,0.0,0.0,0.0,0.0,0.0,20,Male,1,Advanced Single-Shot Learners,-1.1290653144431768,-0.4450710783911238
U00238,15,10,1.5,336,1.3392857142857144,Business/Finance/Programming/Web Development/Data Science,Beginner,3.1626666666666665,124.86133333333332,0.4666666666666667,17,0.4666666666666667,0.13333333333333333,0.4,0.06666666666666667,0.13333333333333333,0.0,0.13333333333333333,0.0,0.06666666666666667,0.13333333333333333,0.06666666666666667,0.06666666666666667,0.13333333333333333,0.06666666666666667,0.13333333333333333,24,Female,2,Power Learners,3.8673491841434564,-0.3605289522078414
U00239,1,1,1.0,0,1.0,Digital Marketing,Beginner,4.44,0.0,0.0,244,1.0,0.0,0.0,0.0,0.0,0.0,0.0,0.0,1.0,0.0,0.0,0.0,0.0,0.0,0.0,32,Female,4,Beginner Explorers,-1.8872839148176979,-0.0242296017371581
U00240,2,2,1.0,205,0.29268292682926833,Digital Marketing/Business,Intermediate/Advanced,3.33,0.0,0.0,143,0.0,0.5,0.5,0.0,0.5,0.0,0.0,0.0,0.5,0.0,0.0,0.0,0.0,0.0,0.0,34,Female,1,Advanced Single-Shot Learners,-0.05388480683119317,-1.1869581350999718
U00241,2,2,1.0,132,0.45454545454545453,Cybersecurity/Data Science,Beginner/Intermediate,4.2700000000000005,0.0,0.0,184,0.5,0.5,0.0,0.0,0.0,0.5,0.5,0.0,0.0,0.0,0.0,0.0,0.0,0.0,0.0,23,Female,3,Intermediate Value Seekers,-0.36388402704671347,-1.1967986900972882
U00242,2,2,1.0,68,0.8823529411764706,Digital Marketing/Artificial Intelligence,Intermediate/Advanced,3.285,133.465,1.0,279,0.0,0.5,0.5,0.5,0.0,0.0,0.0,0.0,0.5,0.0,0.0,0.0,0.0,0.0,0.0,27,Male,0,Premium Explorers,0.5094152609927719,1.7879553119443883
U00243,1,1,1.0,0,1.0,Digital Marketing,Advanced,3.89,177.34,1.0,353,0.0,0.0,1.0,0.0,0.0,0.0,0.0,0.0,1.0,0.0,0.0,0.0,0.0,0.0,0.0,24,Female,1,Advanced Single-Shot Learners,-1.2297075250190135,1.696218616787422
U00244,1,1,1.0,0,1.0,Design,Advanced,2.72,276.37,1.0,304,0.0,0.0,1.0,0.0,0.0,0.0,0.0,1.0,0.0,0.0,0.0,0.0,0.0,0.0,0.0,28,Male,1,Advanced Single-Shot Learners,-1.1277371888560366,1.2197247413075012
U00245,1,1,1.0,0,1.0,Finance,Beginner,4.14,0.0,0.0,164,1.0,0.0,0.0,0.0,0.0,0.0,0.0,0.0,0.0,1.0,0.0,0.0,0.0,0.0,0.0,31,Female,4,Beginner Explorers,-1.6866527277669714,-0.2554648943935371
U00246,1,1,1.0,0,1.0,Programming,Beginner,4.74,472.28,1.0,236,1.0,0.0,0.0,0.0,0.0,0.0,0.0,0.0,0.0,0.0,0.0,0.0,1.0,0.0,0.0,31,Male,4,Beginner Explorers,-0.6734015616219393,2.648769395195092
U00247,1,1,1.0,0,1.0,Marketing,Advanced,2.01,0.0,0.0,216,0.0,0.0,1.0,0.0,0.0,0.0,0.0,0.0,0.0,0.0,0.0,1.0,0.0,0.0,0.0,30,Female,1,Advanced Single-Shot Learners,-1.9285092734149347,-1.9666673042543463
U00248,1,1,1.0,0,1.0,Finance,Advanced,1.59,0.0,0.0,125,0.0,0.0,1.0,0.0,0.0,0.0,0.0,0.0,0.0,1.0,0.0,0.0,0.0,0.0,0.0,17,Male,1,Advanced Single-Shot Learners,-1.5628516302573585,-0.8524639933328343
U00249,1,1,1.0,0,1.0,Programming,Beginner,2.88,0.0,0.0,143,1.0,0.0,0.0,0.0,0.0,0.0,0.0,0.0,0.0,0.0,0.0,0.0,1.0,0.0,0.0,35,Female,4,Beginner Explorers,-1.4975558366393205,0.17410349898708874
U00250,1,1,1.0,0,1.0,Project Management,Intermediate,4.84,342.61,1.0,100,0.0,1.0,0.0,0.0,0.0,0.0,0.0,0.0,0.0,0.0,0.0,0.0,0.0,1.0,0.0,21,Male,3,Intermediate Value Seekers,-0.32989987767495416,2.2289406712004434
U00251,13,9,1.4444444444444444,356,1.095505617977528,Finance/Project Management/Web Development/Programming,Beginner,3.4938461538461536,100.81307692307693,0.46153846153846156,5,0.6153846153846154,0.23076923076923078,0.15384615384615385,0.07692307692307693,0.0,0.07692307692307693,0.07692307692307693,0.07692307692307693,0.07692307692307693,0.15384615384615385,0.0,0.0,0.15384615384615385,0.15384615384615385,0.15384615384615385,28,Female,2,Power Learners,3.651862912829522,-0.23528297254505628
U00252,1,1,1.0,0,1.0,Design,Advanced,1.52,0.0,0.0,344,0.0,0.0,1.0,0.0,0.0,0.0,0.0,1.0,0.0,0.0,0.0,0.0,0.0,0.0,0.0,29,Female,1,Advanced Single-Shot Learners,-2.338070984712288,-1.0391977936904933
U00253,1,1,1.0,0,1.0,Digital Marketing,Intermediate,4.66,0.0,0.0,307,0.0,1.0,0.0,0.0,0.0,0.0,0.0,0.0,1.0,0.0,0.0,0.0,0.0,0.0,0.0,19,Male,3,Intermediate Value Seekers,-2.2590682881990007,-0.8055316355289347
U00254,1,1,1.0,0,1.0,Cybersecurity,Beginner,4.94,0.0,0.0,151,1.0,0.0,0.0,0.0,0.0,1.0,0.0,0.0,0.0,0.0,0.0,0.0,0.0,0.0,0.0,19,Female,4,Beginner Explorers,-1.7448188710630097,-0.7390909718488278
U00255,1,1,1.0,0,1.0,Cybersecurity,Intermediate,1.35,394.26,1.0,172,0.0,1.0,0.0,0.0,0.0,1.0,0.0,0.0,0.0,0.0,0.0,0.0,0.0,0.0,0.0,26,Female,3,Intermediate Value Seekers,-0.7054429510543687,1.3054937806065812
U00256,1,1,1.0,0,1.0,Design,Beginner,4.51,0.0,0.0,280,1.0,0.0,0.0,0.0,0.0,0.0,0.0,1.0,0.0,0.0,0.0,0.0,0.0,0.0,0.0,35,Female,4,Beginner Explorers,-2.139705017476374,-0.6111959916279303
U00257,1,1,1.0,0,1.0,Project Management,Intermediate,3.45,0.0,0.0,35,0.0,1.0,0.0,0.0,0.0,0.0,0.0,0.0,0.0,0.0,0.0,0.0,0.0,1.0,0.0,29,Male,3,Intermediate Value Seekers,-1.2424395909398223,-0.19663824941259433
U00258,1,1,1.0,0,1.0,Data Science,Advanced,2.57,117.68,1.0,49,0.0,0.0,1.0,0.0,0.0,0.0,1.0,0.0,0.0,0.0,0.0,0.0,0.0,0.0,0.0,19,Male,1,Advanced Single-Shot Learners,-0.26059063797602555,1.5966886456800222
U00259,1,1,1.0,0,1.0,Project Management,Intermediate,4.84,342.61,1.0,207,0.0,1.0,0.0,0.0,0.0,0.0,0.0,0.0,0.0,0.0,0.0,0.0,0.0,1.0,0.0,35,Male,3,Intermediate Value Seekers,-0.704868054451822,2.3543848625104316
U00260,15,9,1.6666666666666667,312,1.4423076923076923,Design,Beginner/Advanced,3.152666666666667,163.01333333333335,0.5333333333333333,38,0.4,0.2,0.4,0.06666666666666667,0.13333333333333333,0.13333333333333333,0.06666666666666667,0.2,0.06666666666666667,0.0,0.13333333333333333,0.0,0.06666666666666667,0.13333333333333333,0.0,35,Male,2,Power Learners,3.691071329624722,-0.3372039503171209
U00261,1,1,1.0,0,1.0,Machine Learning,Beginner,1.13,0.0,0.0,54,1.0,0.0,0.0,0.0,0.0,0.0,0.0,0.0,0.0,0.0,1.0,0.0,0.0,0.0,0.0,28,Female,4,Beginner Explorers,-1.3054021365201047,-0.5765759709022086
U00262,1,1,1.0,0,1.0,Cybersecurity,Intermediate,1.91,0.0,0.0,25,0.0,1.0,0.0,0.0,0.0,1.0,0.0,0.0,0.0,0.0,0.0,0.0,0.0,0.0,0.0,24,Male,3,Intermediate Value Seekers,-1.4223926745455118,-1.4515928779313643
U00263,4,4,1.0,288,0.4166666666666667,Marketing/Web Development/Finance/Data Science,Intermediate,2.8324999999999996,0.0,0.0,45,0.25,0.5,0.25,0.0,0.0,0.0,0.25,0.0,0.0,0.25,0.0,0.25,0.0,0.0,0.25,15,Male,2,Power Learners,1.125987488525069,-1.87677425671343
U00264,3,3,1.0,256,0.3515625,Cybersecurity/Machine Learning/Marketing,Intermediate,3.4599999999999995,0.0,0.0,38,0.0,1.0,0.0,0.0,0.0,0.3333333333333333,0.0,0.0,0.0,0.0,0.3333333333333333,0.3333333333333333,0.0,0.0,0.0,18,Female,3,Intermediate Value Seekers,0.5928083684712572,-2.623521895911095
U00265,14,9,1.5555555555555556,346,1.2138728323699421,Digital Marketing,Intermediate,3.4299999999999997,149.13214285714284,0.5,11,0.2857142857142857,0.42857142857142855,0.2857142857142857,0.07142857142857142,0.14285714285714285,0.07142857142857142,0.0,0.07142857142857142,0.21428571428571427,0.14285714285714285,0.0,0.07142857142857142,0.07142857142857142,0.0,0.14285714285714285,15,Male,2,Power Learners,3.710223985141673,-0.544595215463781
U00266,1,1,1.0,0,1.0,Digital Marketing,Advanced,3.15,212.39,1.0,191,0.0,0.0,1.0,0.0,0.0,0.0,0.0,0.0,1.0,0.0,0.0,0.0,0.0,0.0,0.0,25,Female,1,Advanced Single-Shot Learners,-0.6469124568585539,1.5835532675804842
U00267,4,3,1.3333333333333333,247,0.4858299595141701,Business,Advanced,3.0325,226.6325,0.75,117,0.25,0.25,0.5,0.0,0.5,0.0,0.25,0.0,0.0,0.25,0.0,0.0,0.0,0.0,0.0,34,Male,2,Power Learners,1.7374009723169095,0.8858359315190052
U00268,1,1,1.0,0,1.0,Data Science,Intermediate,3.6,0.0,0.0,223,0.0,1.0,0.0,0.0,0.0,0.0,1.0,0.0,0.0,0.0,0.0,0.0,0.0,0.0,0.0,29,Female,3,Intermediate Value Seekers,-1.9559269071561232,-0.5989341334006424
U00269,1,1,1.0,0,1.0,Cybersecurity,Intermediate,3.93,0.0,0.0,211,0.0,1.0,0.0,0.0,0.0,1.0,0.0,0.0,0.0,0.0,0.0,0.0,0.0,0.0,0.0,22,Female,3,Intermediate Value Seekers,-2.074381181375648,-1.4252048600440106
U00270,1,1,1.0,0,1.0,Web Development,Advanced,2.67,0.0,0.0,325,0.0,0.0,1.0,0.0,0.0,0.0,0.0,0.0,0.0,0.0,0.0,0.0,0.0,0.0,1.0,23,Male,1,Advanced Single-Shot Learners,-2.157486396128939,-0.46108971393987425
U00271,1,1,1.0,0,1.0,Digital Marketing,Beginner,4.44,0.0,0.0,203,1.0,0.0,0.0,0.0,0.0,0.0,0.0,0.0,1.0,0.0,0.0,0.0,0.0,0.0,0.0,15,Male,4,Beginner Explorers,-1.7485102941971393,-0.04110312897956062
U00272,13,8,1.625,300,1.3,Web Development/Digital Marketing,Advanced,3.2284615384615387,94.55384615384615,0.46153846153846156,10,0.3076923076923077,0.23076923076923078,0.46153846153846156,0.07692307692307693,0.0,0.0,0.07692307692307693,0.0,0.23076923076923078,0.07692307692307693,0.15384615384615385,0.0,0.07692307692307693,0.07692307692307693,0.23076923076923078,25,Male,2,Power Learners,3.499095683998601,-0.49257259164268374
U00273,1,1,1.0,0,1.0,Digital Marketing,Beginner,2.14,0.0,0.0,310,1.0,0.0,0.0,0.0,0.0,0.0,0.0,0.0,1.0,0.0,0.0,0.0,0.0,0.0,0.0,25,Female,4,Beginner Explorers,-2.036782427317624,0.3390345349834928
U00274,2,2,1.0,148,0.4054054054054054,Business/Digital Marketing,Advanced,3.52,88.67,0.5,120,0.0,0.0,1.0,0.0,0.5,0.0,0.0,0.0,0.5,0.0,0.0,0.0,0.0,0.0,0.0,32,Female,1,Advanced Single-Shot Learners,0.805599137076295,0.3176760763635204
U00275,1,1,1.0,0,1.0,Marketing,Advanced,2.98,0.0,0.0,16,0.0,0.0,1.0,0.0,0.0,0.0,0.0,0.0,0.0,0.0,0.0,1.0,0.0,0.0,0.0,28,Female,1,Advanced Single-Shot Learners,-1.2848174894571687,-2.3525083625090044
U00276,1,1,1.0,0,1.0,Data Science,Beginner,3.74,299.57,1.0,286,1.0,0.0,0.0,0.0,0.0,0.0,1.0,0.0,0.0,0.0,0.0,0.0,0.0,0.0,0.0,22,Female,4,Beginner Explorers,-0.8697551787893745,2.816433308619544
U00277,1,1,1.0,0,1.0,Marketing,Advanced,2.01,0.0,0.0,204,0.0,0.0,1.0,0.0,0.0,0.0,0.0,0.0,0.0,0.0,0.0,1.0,0.0,0.0,0.0,21,Male,1,Advanced Single-Shot Learners,-1.8967922136094524,-1.956911647023993
U00278,1,1,1.0,0,1.0,Programming,Beginner,3.85,0.0,0.0,138,1.0,0.0,0.0,0.0,0.0,0.0,0.0,0.0,0.0,0.0,0.0,0.0,1.0,0.0,0.0,27,Male,4,Beginner Explorers,-1.5164587976370822,0.08290371524962818
U00279,3,3,1.0,220,0.4090909090909091,Digital Marketing/Finance/Data Science,Advanced,2.6833333333333336,98.33999999999999,0.6666666666666666,135,0.0,0.0,1.0,0.0,0.0,0.0,0.3333333333333333,0.0,0.3333333333333333,0.3333333333333333,0.0,0.0,0.0,0.0,0.0,24,Male,2,Power Learners,1.307340017688533,0.274285733917895
U00280,1,1,1.0,0,1.0,Data Science,Beginner,3.74,299.57,1.0,264,1.0,0.0,0.0,0.0,0.0,0.0,1.0,0.0,0.0,0.0,0.0,0.0,0.0,0.0,0.0,15,Male,4,Beginner Explorers,-0.8072657059468458,2.808667705633402
U00281,1,1,1.0,0,1.0,Marketing,Intermediate,4.11,0.0,0.0,196,0.0,1.0,0.0,0.0,0.0,0.0,0.0,0.0,0.0,0.0,0.0,1.0,0.0,0.0,0.0,30,Female,3,Intermediate Value Seekers,-1.9979330005508813,-2.244921052920851
U00282,14,9,1.5555555555555556,296,1.4189189189189189,Business,Advanced,2.472142857142857,73.86928571428572,0.35714285714285715,8,0.21428571428571427,0.14285714285714285,0.6428571428571429,0.07142857142857142,0.2857142857142857,0.07142857142857142,0.07142857142857142,0.07142857142857142,0.0,0.07142857142857142,0.14285714285714285,0.07142857142857142,0.0,0.0,0.14285714285714285,19,Male,2,Power Learners,3.609481058710225,-0.8255121341005993
U00283,2,2,1.0,37,1.6216216216216215,Digital Marketing/Programming,Beginner,2.8600000000000003,0.0,0.0,138,1.0,0.0,0.0,0.0,0.0,0.0,0.0,0.0,0.5,0.0,0.0,0.0,0.5,0.0,0.0,28,Male,4,Beginner Explorers,-0.08541173584191988,-0.34933238815180623
U00284,1,1,1.0,0,1.0,Project Management,Intermediate,4.84,342.61,1.0,346,0.0,1.0,0.0,0.0,0.0,0.0,0.0,0.0,0.0,0.0,0.0,0.0,0.0,1.0,0.0,30,Male,3,Intermediate Value Seekers,-1.1620406562880867,2.5579767331765386
U00285,1,1,1.0,0,1.0,Web Development,Advanced,4.74,57.32,1.0,344,0.0,0.0,1.0,0.0,0.0,0.0,0.0,0.0,0.0,0.0,0.0,0.0,0.0,0.0,1.0,29,Female,1,Advanced Single-Shot Learners,-1.3443361208057736,1.462171730033972
U00286,3,2,1.5,254,0.3543307086614173,Web Development,Advanced,3.106666666666667,0.0,0.0,45,0.3333333333333333,0.0,0.6666666666666666,0.0,0.0,0.0,0.0,0.3333333333333333,0.0,0.0,0.0,0.0,0.0,0.0,0.6666666666666666,24,Female,1,Advanced Single-Shot Learners,0.543351099605914,-1.5001621477463873
U00287,2,2,1.0,266,0.22556390977443608,Design/Marketing,Intermediate/Advanced,4.585,0.0,0.0,35,0.0,0.5,0.5,0.0,0.0,0.0,0.0,0.5,0.0,0.0,0.0,0.5,0.0,0.0,0.0,21,Female,3,Intermediate Value Seekers,0.14894209707364636,-2.7227860191968842
U00288,1,1,1.0,0,1.0,Cybersecurity,Intermediate,3.93,0.0,0.0,337,0.0,1.0,0.0,0.0,0.0,1.0,0.0,0.0,0.0,0.0,0.0,0.0,0.0,0.0,0.0,35,Male,3,Intermediate Value Seekers,-2.531359763885682,-1.2605725161515293
U00289,1,1,1.0,0,1.0,Machine Learning,Advanced,3.89,0.78,1.0,136,0.0,0.0,1.0,0.0,0.0,0.0,0.0,0.0,0.0,0.0,1.0,0.0,0.0,0.0,0.0,17,Female,1,Advanced Single-Shot Learners,-1.2567897502449155,-0.10775639178777503
U00290,3,3,1.0,137,0.6569343065693432,Marketing/Digital Marketing/Web Development,Beginner/Intermediate/Advanced,4.430000000000001,19.106666666666666,0.3333333333333333,170,0.3333333333333333,0.3333333333333333,0.3333333333333333,0.0,0.0,0.0,0.0,0.0,0.3333333333333333,0.0,0.0,0.3333333333333333,0.0,0.0,0.3333333333333333,17,Female,2,Power Learners,0.7783689298764063,-0.757408538388704
U00291,3,3,1.0,150,0.6,Artificial Intelligence/Design/Machine Learning,Beginner/Intermediate/Advanced,3.6966666666666668,92.12333333333333,0.3333333333333333,104,0.3333333333333333,0.3333333333333333,0.3333333333333333,0.3333333333333333,0.0,0.0,0.0,0.3333333333333333,0.0,0.0,0.3333333333333333,0.0,0.0,0.0,0.0,16,Female,2,Power Learners,1.2805925149542243,-0.06401202614509552
U00292,12,8,1.5,279,1.2903225806451613,Programming/Project Management/Machine Learning/Cybersecurity,Intermediate,3.1333333333333333,80.46833333333333,0.3333333333333333,63,0.3333333333333333,0.4166666666666667,0.25,0.0,0.0,0.16666666666666666,0.08333333333333333,0.08333333333333333,0.08333333333333333,0.0,0.16666666666666666,0.0,0.16666666666666666,0.16666666666666666,0.08333333333333333,33,Male,2,Power Learners,3.1078063175391204,-0.7500639612013652
U00293,13,9,1.4444444444444444,336,1.1607142857142858,Machine Learning,Intermediate/Advanced,2.94,109.72923076923077,0.46153846153846156,21,0.23076923076923078,0.38461538461538464,0.38461538461538464,0.07692307692307693,0.07692307692307693,0.0,0.07692307692307693,0.0,0.07692307692307693,0.07692307692307693,0.23076923076923078,0.07692307692307693,0.0,0.15384615384615385,0.15384615384615385,25,Female,2,Power Learners,3.5774764851334857,-0.5968047830341089
U00294,1,1,1.0,0,1.0,Machine Learning,Intermediate,4.73,0.0,0.0,179,0.0,1.0,0.0,0.0,0.0,0.0,0.0,0.0,0.0,0.0,1.0,0.0,0.0,0.0,0.0,21,Female,3,Intermediate Value Seekers,-1.9623340534234557,-1.672159403725057
U00295,1,1,1.0,0,1.0,Machine Learning,Beginner,1.13,0.0,0.0,208,1.0,0.0,0.0,0.0,0.0,0.0,0.0,0.0,0.0,0.0,1.0,0.0,0.0,0.0,0.0,29,Male,4,Beginner Explorers,-1.8402807216752524,-0.3516690397808952
U00296,2,2,1.0,129,0.46511627906976744,Digital Marketing/Project Management,Intermediate/Advanced,3.67,88.67,0.5,228,0.0,0.5,0.5,0.0,0.0,0.0,0.0,0.0,0.5,0.0,0.0,0.0,0.0,0.5,0.0,31,Female,1,Advanced Single-Shot Learners,0.3811054279259185,0.610287687763899
U00297,1,1,1.0,0,1.0,Digital Marketing,Beginner,2.14,0.0,0.0,188,1.0,0.0,0.0,0.0,0.0,0.0,0.0,0.0,1.0,0.0,0.0,0.0,0.0,0.0,0.0,29,Male,4,Beginner Explorers,-1.654949326490953,0.1718275060204954
U00298,14,7,2.0,313,1.3418530351437699,Project Management,Intermediate,3.2892857142857146,144.31571428571428,0.5,46,0.21428571428571427,0.42857142857142855,0.35714285714285715,0.0,0.21428571428571427,0.0,0.0,0.07142857142857142,0.14285714285714285,0.07142857142857142,0.07142857142857142,0.14285714285714285,0.0,0.2857142857142857,0.0,32,Male,2,Power Learners,3.3661552034112496,-0.4269291289589416
U00299,1,1,1.0,0,1.0,Business,Advanced,3.15,0.0,0.0,33,0.0,0.0,1.0,0.0,1.0,0.0,0.0,0.0,0.0,0.0,0.0,0.0,0.0,0.0,0.0,20,Female,1,Advanced Single-Shot Learners,-1.1058019959317567,-0.4572770801493751
U00300,2,2,1.0,17,2.0,Business/Web Development,Beginner/Advanced,2.92,243.96,0.5,11,0.5,0.0,0.5,0.0,0.5,0.0,0.0,0.0,0.0,0.0,0.0,0.0,0.0,0.0,0.5,26,Female,1,Advanced Single-Shot Learners,1.2223088050030162,1.022941597501089
U00301,14,9,1.5555555555555556,338,1.242603550295858,Programming,Beginner,3.0685714285714285,85.81642857142857,0.2857142857142857,15,0.42857142857142855,0.35714285714285715,0.21428571428571427,0.14285714285714285,0.0,0.0,0.14285714285714285,0.0,0.07142857142857142,0.14285714285714285,0.07142857142857142,0.07142857142857142,0.21428571428571427,0.07142857142857142,0.07142857142857142,26,Male,2,Power Learners,3.5782247406749956,-0.6278840868673725
U00302,1,1,1.0,0,1.0,Web Development,Advanced,1.3,37.89,1.0,259,0.0,0.0,1.0,0.0,0.0,0.0,0.0,0.0,0.0,0.0,0.0,0.0,0.0,0.0,1.0,34,Female,1,Advanced Single-Shot Learners,-1.0291641613174298,1.6463777873740415
U00303,14,7,2.0,285,1.4736842105263157,Machine Learning,Advanced,3.027142857142857,77.56714285714285,0.35714285714285715,65,0.2857142857142857,0.2857142857142857,0.42857142857142855,0.14285714285714285,0.14285714285714285,0.07142857142857142,0.0,0.0,0.0,0.0,0.21428571428571427,0.0,0.14285714285714285,0.14285714285714285,0.14285714285714285,35,Male,2,Power Learners,3.221170887881811,-0.44858588458354054
U00304,1,1,1.0,0,1.0,Project Management,Beginner,1.51,327.99,1.0,168,1.0,0.0,0.0,0.0,0.0,0.0,0.0,0.0,0.0,0.0,0.0,0.0,0.0,1.0,0.0,35,Male,4,Beginner Explorers,-0.338776380608497,3.5444387621847357
U00305,1,1,1.0,0,1.0,Cybersecurity,Beginner,4.94,0.0,0.0,49,1.0,0.0,0.0,0.0,0.0,1.0,0.0,0.0,0.0,0.0,0.0,0.0,0.0,0.0,0.0,22,Male,4,Beginner Explorers,-1.4284037621816574,-0.8765125391082
U00306,1,1,1.0,0,1.0,Finance,Beginner,4.14,0.0,0.0,9,1.0,0.0,0.0,0.0,0.0,0.0,0.0,0.0,0.0,1.0,0.0,0.0,0.0,0.0,0.0,28,Male,4,Beginner Explorers,-1.1857123119684874,-0.45666008249784595
U00307,1,1,1.0,0,1.0,Programming,Intermediate,2.43,0.0,0.0,124,0.0,1.0,0.0,0.0,0.0,0.0,0.0,0.0,0.0,0.0,0.0,0.0,1.0,0.0,0.0,33,Female,3,Intermediate Value Seekers,-1.5721613580723823,-0.6769157122670609
U00308,4,4,1.0,301,0.39867109634551495,Artificial Intelligence/Data Science/Programming/Project Management,Beginner,3.5624999999999996,197.6175,0.5,50,1.0,0.0,0.0,0.25,0.0,0.0,0.25,0.0,0.0,0.0,0.0,0.0,0.25,0.25,0.0,26,Male,2,Power Learners,2.219343678760771,1.2961358927286268
U00309,1,1,1.0,0,1.0,Project Management,Intermediate,4.84,342.61,1.0,249,0.0,1.0,0.0,0.0,0.0,0.0,0.0,0.0,0.0,0.0,0.0,0.0,0.0,1.0,0.0,27,Male,3,Intermediate Value Seekers,-0.8346286113235799,2.427273214255796
U00310,11,8,1.375,261,1.264367816091954,Data Science/Project Management/Programming,Advanced,3.097272727272727,42.28818181818181,0.2727272727272727,10,0.18181818181818182,0.2727272727272727,0.5454545454545454,0.0,0.09090909090909091,0.0,0.18181818181818182,0.09090909090909091,0.09090909090909091,0.09090909090909091,0.09090909090909091,0.0,0.18181818181818182,0.18181818181818182,0.0,26,Female,2,Power Learners,3.1720917280005354,-0.919272854740229
U00311,1,1,1.0,0,1.0,Business,Advanced,3.15,0.0,0.0,179,0.0,0.0,1.0,0.0,1.0,0.0,0.0,0.0,0.0,0.0,0.0,0.0,0.0,0.0,0.0,18,Female,1,Advanced Single-Shot Learners,-1.5901959301717528,-0.24913068013479103
U00312,1,1,1.0,0,1.0,Project Management,Intermediate,3.45,0.0,0.0,184,0.0,1.0,0.0,0.0,0.0,0.0,0.0,0.0,0.0,0.0,0.0,0.0,0.0,1.0,0.0,30,Female,3,Intermediate Value Seekers,-1.7207851819867703,-0.0003482881268593314
U00313,1,1,1.0,0,1.0,Digital Marketing,Intermediate,4.66,0.0,0.0,106,0.0,1.0,0.0,0.0,0.0,0.0,0.0,0.0,1.0,0.0,0.0,0.0,0.0,0.0,0.0,29,Female,3,Intermediate Value Seekers,-1.5816250502343898,-1.1155922543234364
U00314,3,2,1.5,348,0.25862068965517243,Programming,Beginner,2.9766666666666666,0.0,0.0,5,1.0,0.0,0.0,0.0,0.0,0.0,0.0,0.0,0.0,0.0,0.0,0.0,0.6666666666666666,0.0,0.3333333333333333,19,Female,4,Beginner Explorers,0.8196922638303511,-0.6837850777396787
U00315,12,9,1.3333333333333333,318,1.1320754716981132,Web Development/Finance/Data Science,Beginner,3.3516666666666666,81.02416666666666,0.4166666666666667,5,0.4166666666666667,0.25,0.3333333333333333,0.08333333333333333,0.08333333333333333,0.0,0.16666666666666666,0.0,0.08333333333333333,0.16666666666666666,0.0,0.08333333333333333,0.08333333333333333,0.08333333333333333,0.16666666666666666,31,Female,2,Power Learners,3.5342444173733774,-0.49170015308511494
U00316,2,2,1.0,182,0.32967032967032966,Data Science/Finance,Beginner/Intermediate,3.87,0.0,0.0,124,0.5,0.5,0.0,0.0,0.0,0.0,0.5,0.0,0.0,0.5,0.0,0.0,0.0,0.0,0.0,19,Female,3,Intermediate Value Seekers,-0.059727650405309064,-1.0497101649533658
U00317,3,3,1.0,79,1.139240506329114,Web Development/Marketing/Cybersecurity,Advanced,3.813333333333334,19.106666666666666,0.3333333333333333,95,0.0,0.3333333333333333,0.6666666666666666,0.0,0.0,0.3333333333333333,0.0,0.0,0.0,0.0,0.0,0.3333333333333333,0.0,0.0,0.3333333333333333,19,Male,2,Power Learners,0.9106560432842673,-1.227661650301242
U00318,1,1,1.0,0,1.0,Business,Intermediate,2.69,326.02,1.0,47,0.0,1.0,0.0,0.0,1.0,0.0,0.0,0.0,0.0,0.0,0.0,0.0,0.0,0.0,0.0,20,Male,1,Advanced Single-Shot Learners,-0.09034290683868296,2.078209711146315
U00319,1,1,1.0,0,1.0,Project Management,Advanced,1.23,346.71,1.0,219,0.0,0.0,1.0,0.0,0.0,0.0,0.0,0.0,0.0,0.0,0.0,0.0,0.0,1.0,0.0,15,Female,1,Advanced Single-Shot Learners,-0.5209859658992666,2.8175521561355854
U00320,1,1,1.0,0,1.0,Business,Beginner,1.96,285.05,1.0,124,1.0,0.0,0.0,0.0,1.0,0.0,0.0,0.0,0.0,0.0,0.0,0.0,0.0,0.0,0.0,29,Male,1,Advanced Single-Shot Learners,-0.2044716666087074,3.1062641673420908
U00321,14,8,1.75,353,1.1898016997167138,Artificial Intelligence,Beginner/Intermediate,2.5792857142857146,130.21,0.5,8,0.35714285714285715,0.35714285714285715,0.2857142857142857,0.21428571428571427,0.0,0.14285714285714285,0.07142857142857142,0.14285714285714285,0.0,0.07142857142857142,0.14285714285714285,0.0,0.07142857142857142,0.14285714285714285,0.0,28,Male,2,Power Learners,3.6355444438432563,-0.24166254960797626
U00322,14,7,2.0,339,1.238938053097345,Web Development,Beginner,3.067857142857143,44.73571428571428,0.2857142857142857,23,0.5,0.35714285714285715,0.14285714285714285,0.14285714285714285,0.0,0.0,0.14285714285714285,0.07142857142857142,0.0,0.14285714285714285,0.0,0.14285714285714285,0.14285714285714285,0.0,0.21428571428571427,23,Male,2,Power Learners,3.2630106949794127,-0.7530212177253814
U00323,15,8,1.875,314,1.4331210191082802,Programming/Project Management/Marketing/Cybersecurity/Design/Data Science/Business,Advanced,3.3059999999999996,63.266,0.26666666666666666,19,0.26666666666666666,0.2,0.5333333333333333,0.0,0.13333333333333333,0.13333333333333333,0.13333333333333333,0.13333333333333333,0.0,0.0,0.06666666666666667,0.13333333333333333,0.13333333333333333,0.13333333333333333,0.0,21,Female,2,Power Learners,3.437262725095366,-1.1491889953476266
U00324,1,1,1.0,0,1.0,Programming,Beginner,2.88,0.0,0.0,169,1.0,0.0,0.0,0.0,0.0,0.0,0.0,0.0,0.0,0.0,0.0,0.0,1.0,0.0,0.0,16,Male,4,Beginner Explorers,-1.5796754136776328,0.25464559202361564
U00325,1,1,1.0,0,1.0,Business,Advanced,3.15,0.0,0.0,255,0.0,0.0,1.0,0.0,1.0,0.0,0.0,0.0,0.0,0.0,0.0,0.0,0.0,0.0,0.0,26,Male,1,Advanced Single-Shot Learners,-1.8739466181404232,-0.14581934367795948
U00326,1,1,1.0,0,1.0,Web Development,Beginner,2.2,0.0,0.0,252,1.0,0.0,0.0,0.0,0.0,0.0,0.0,0.0,0.0,0.0,0.0,0.0,0.0,0.0,1.0,25,Female,4,Beginner Explorers,-1.8113354925195502,0.33935872812533885
U00327,4,3,1.3333333333333333,310,0.3870967741935484,Digital Marketing,Intermediate,4.035,44.335,0.25,34,0.25,0.5,0.25,0.0,0.0,0.0,0.0,0.0,0.5,0.25,0.0,0.0,0.0,0.25,0.0,31,Female,2,Power Learners,1.589800412244316,-0.484817671291095
U00328,15,8,1.875,312,1.4423076923076923,Finance/Programming,Beginner,3.31,87.99266666666668,0.4,35,0.5333333333333333,0.3333333333333333,0.13333333333333333,0.06666666666666667,0.06666666666666667,0.0,0.13333333333333333,0.06666666666666667,0.06666666666666667,0.26666666666666666,0.0,0.0,0.26666666666666666,0.06666666666666667,0.0,29,Female,2,Power Learners,3.524971188761377,-0.3554999050944567
U00329,12,8,1.5,313,1.1501597444089458,Data Science,Beginner,3.035833333333333,136.035,0.4166666666666667,26,0.5,0.4166666666666667,0.08333333333333333,0.08333333333333333,0.08333333333333333,0.0,0.25,0.0,0.16666666666666666,0.08333333333333333,0.08333333333333333,0.08333333333333333,0.16666666666666666,0.0,0.0,20,Female,2,Power Learners,3.4338146538426932,-0.30711845881691574
U00330,14,8,1.75,333,1.2612612612612613,Marketing,Intermediate,2.775714285714286,90.61571428571428,0.42857142857142855,11,0.21428571428571427,0.42857142857142855,0.35714285714285715,0.0,0.07142857142857142,0.14285714285714285,0.14285714285714285,0.07142857142857142,0.0,0.0,0.14285714285714285,0.21428571428571427,0.0,0.07142857142857142,0.14285714285714285,15,Female,2,Power Learners,3.4869296803791996,-1.053148787786233
U00331,1,1,1.0,0,1.0,Design,Advanced,2.72,276.37,1.0,143,0.0,0.0,1.0,0.0,0.0,0.0,0.0,1.0,0.0,0.0,0.0,0.0,0.0,0.0,0.0,17,Male,1,Advanced Single-Shot Learners,-0.5765277504139295,1.0133340975247889
U00332,1,1,1.0,0,1.0,Machine Learning,Advanced,1.81,0.0,0.0,108,0.0,0.0,1.0,0.0,0.0,0.0,0.0,0.0,0.0,0.0,1.0,0.0,0.0,0.0,0.0,25,Male,1,Advanced Single-Shot Learners,-1.5925130990227403,-1.4255046288638735
U00333,1,1,1.0,0,1.0,Finance,Advanced,1.59,0.0,0.0,258,0.0,0.0,1.0,0.0,0.0,0.0,0.0,0.0,0.0,1.0,0.0,0.0,0.0,0.0,0.0,26,Female,1,Advanced Single-Shot Learners,-1.998158425838994,-0.6926193423604762
U00334,13,9,1.4444444444444444,333,1.1711711711711712,Data Science/Artificial Intelligence/Cybersecurity/Programming,Beginner,2.64,68.27076923076923,0.38461538461538464,11,0.46153846153846156,0.23076923076923078,0.3076923076923077,0.15384615384615385,0.07692307692307693,0.15384615384615385,0.15384615384615385,0.07692307692307693,0.0,0.07692307692307693,0.07692307692307693,0.0,0.15384615384615385,0.0,0.07692307692307693,24,Female,2,Power Learners,3.5634937327214384,-0.49065038786681636
U00335,1,1,1.0,0,1.0,Cybersecurity,Beginner,4.94,0.0,0.0,285,1.0,0.0,0.0,0.0,0.0,1.0,0.0,0.0,0.0,0.0,0.0,0.0,0.0,0.0,0.0,33,Female,4,Beginner Explorers,-2.2098442616081098,-0.57580208366716
U00336,1,1,1.0,0,1.0,Artificial Intelligence,Beginner,3.64,0.0,0.0,1,1.0,0.0,0.0,1.0,0.0,0.0,0.0,0.0,0.0,0.0,0.0,0.0,0.0,0.0,0.0,19,Male,0,Premium Explorers,-0.7366983745558652,1.0960645646604064
U00337,1,1,1.0,0,1.0,Machine Learning,Intermediate,1.73,0.0,0.0,185,0.0,1.0,0.0,0.0,0.0,0.0,0.0,0.0,0.0,0.0,1.0,0.0,0.0,0.0,0.0,29,Female,3,Intermediate Value Seekers,-1.9123222233803392,-1.3406095021924245
U00338,14,8,1.75,351,1.1965811965811965,Data Science/Design/Programming/Project Management/Marketing/Digital Marketing,Beginner,3.384285714285714,59.48357142857143,0.2857142857142857,9,0.42857142857142855,0.35714285714285715,0.21428571428571427,0.07142857142857142,0.0,0.0,0.14285714285714285,0.14285714285714285,0.14285714285714285,0.07142857142857142,0.0,0.14285714285714285,0.14285714285714285,0.14285714285714285,0.0,23,Female,2,Power Learners,3.438931845305351,-0.8902260003736349
U00339,16,10,1.6,356,1.348314606741573,Project Management,Advanced,3.1362500000000004,130.476875,0.4375,7,0.375,0.1875,0.4375,0.0,0.0625,0.0625,0.0625,0.125,0.0625,0.125,0.0625,0.0,0.125,0.1875,0.125,29,Male,2,Power Learners,3.880930722930484,-0.563868343653912
U00340,14,8,1.75,290,1.4482758620689655,Business,Beginner/Advanced,2.9549999999999996,87.17285714285715,0.35714285714285715,52,0.35714285714285715,0.2857142857142857,0.35714285714285715,0.07142857142857142,0.21428571428571427,0.14285714285714285,0.14285714285714285,0.0,0.0,0.0,0.07142857142857142,0.0,0.14285714285714285,0.07142857142857142,0.14285714285714285,30,Male,2,Power Learners,3.3840160142216043,-0.4321546565043844
U00341,1,1,1.0,0,1.0,Marketing,Advanced,4.79,0.0,0.0,163,0.0,0.0,1.0,0.0,0.0,0.0,0.0,0.0,0.0,0.0,0.0,1.0,0.0,0.0,0.0,24,Male,1,Advanced Single-Shot Learners,-1.8383722668384876,-2.33207039286084
U00342,1,1,1.0,0,1.0,Machine Learning,Intermediate,4.73,0.0,0.0,364,0.0,1.0,0.0,0.0,0.0,0.0,0.0,0.0,0.0,0.0,1.0,0.0,0.0,0.0,0.0,26,Female,3,Intermediate Value Seekers,-2.585848016805983,-1.42161491193101
U00343,1,1,1.0,0,1.0,Machine Learning,Beginner,1.13,0.0,0.0,273,1.0,0.0,0.0,0.0,0.0,0.0,0.0,0.0,0.0,0.0,1.0,0.0,0.0,0.0,0.0,31,Male,4,Beginner Explorers,-2.059667235772185,-0.26406614202050294
U00344,1,1,1.0,0,1.0,Cybersecurity,Intermediate,3.93,0.0,0.0,354,0.0,1.0,0.0,0.0,0.0,1.0,0.0,0.0,0.0,0.0,0.0,0.0,0.0,0.0,0.0,17,Male,3,Intermediate Value Seekers,-2.5648234588086916,-1.2052020213005772
U00345,15,9,1.6666666666666667,284,1.584507042253521,Programming,Beginner,3.519333333333333,91.14733333333334,0.26666666666666666,79,0.5333333333333333,0.13333333333333333,0.3333333333333333,0.13333333333333333,0.06666666666666667,0.13333333333333333,0.0,0.06666666666666667,0.06666666666666667,0.0,0.0,0.13333333333333333,0.2,0.06666666666666667,0.13333333333333333,16,Male,2,Power Learners,3.4447552885702377,-0.6379800571466645
U00346,3,3,1.0,127,0.7086614173228346,Web Development/Business/Finance,Intermediate,3.3699999999999997,108.67333333333333,0.3333333333333333,139,0.3333333333333333,0.6666666666666666,0.0,0.0,0.3333333333333333,0.0,0.0,0.0,0.0,0.3333333333333333,0.0,0.0,0.0,0.0,0.3333333333333333,33,Female,2,Power Learners,1.1341906455647588,0.1756553626827543
U00347,2,2,1.0,252,0.23809523809523808,Marketing/Project Management,Intermediate/Advanced,2.67,173.355,0.5,91,0.0,0.5,0.5,0.0,0.0,0.0,0.0,0.0,0.0,0.0,0.0,0.5,0.0,0.5,0.0,32,Female,2,Power Learners,0.9764097883967033,-0.04664695109351333
U00348,1,1,1.0,0,1.0,Data Science,Beginner,3.74,299.57,1.0,261,1.0,0.0,0.0,0.0,0.0,0.0,1.0,0.0,0.0,0.0,0.0,0.0,0.0,0.0,0.0,30,Female,4,Beginner Explorers,-0.7966973120679852,2.767373099348941
U00349,1,1,1.0,0,1.0,Machine Learning,Beginner,1.13,0.0,0.0,117,1.0,0.0,0.0,0.0,0.0,0.0,0.0,0.0,0.0,0.0,1.0,0.0,0.0,0.0,0.0,28,Male,4,Beginner Explorers,-1.5354635014622815,-0.4774673318830634
U00350,2,2,1.0,174,0.3448275862068966,Artificial Intelligence/Cybersecurity,Beginner/Intermediate,3.8100000000000005,44.795,0.5,79,0.5,0.5,0.0,0.5,0.0,0.5,0.0,0.0,0.0,0.0,0.0,0.0,0.0,0.0,0.0,17,Male,0,Premium Explorers,0.8866689323032351,0.6692461181335377
U00351,13,8,1.625,316,1.2341772151898733,Data Science/Design/Cybersecurity/Digital Marketing/Finance,Advanced,2.9269230769230767,59.77692307692307,0.3076923076923077,11,0.3076923076923077,0.3076923076923077,0.38461538461538464,0.07692307692307693,0.0,0.15384615384615385,0.15384615384615385,0.15384615384615385,0.15384615384615385,0.15384615384615385,0.0,0.07692307692307693,0.0,0.07692307692307693,0.0,18,Female,2,Power Learners,3.3592493323046346,-0.9657200166008315
U00352,15,10,1.5,326,1.3803680981595092,Business,Beginner,3.0853333333333333,67.31266666666667,0.26666666666666666,18,0.4,0.26666666666666666,0.3333333333333333,0.0,0.2,0.06666666666666667,0.13333333333333333,0.06666666666666667,0.06666666666666667,0.13333333333333333,0.06666666666666667,0.13333333333333333,0.06666666666666667,0.0,0.06666666666666667,28,Male,2,Power Learners,3.616375777776635,-1.09073586310564
U00353,14,10,1.4,227,1.8502202643171808,Digital Marketing,Beginner/Advanced,3.378571428571429,65.59357142857144,0.21428571428571427,9,0.35714285714285715,0.2857142857142857,0.35714285714285715,0.0,0.07142857142857142,0.14285714285714285,0.07142857142857142,0.0,0.21428571428571427,0.07142857142857142,0.07142857142857142,0.14285714285714285,0.07142857142857142,0.07142857142857142,0.07142857142857142,34,Female,2,Power Learners,3.5698192225785323,-1.268522133452053
U00354,2,1,2.0,88,0.6818181818181819,Digital Marketing,Beginner/Intermediate,4.550000000000001,0.0,0.0,96,0.5,0.5,0.0,0.0,0.0,0.0,0.0,0.0,1.0,0.0,0.0,0.0,0.0,0.0,0.0,35,Male,4,Beginner Explorers,-0.4286274535666098,-1.057273470907653
U00355,1,1,1.0,0,1.0,Design,Advanced,4.45,0.0,0.0,49,0.0,0.0,1.0,0.0,0.0,0.0,0.0,1.0,0.0,0.0,0.0,0.0,0.0,0.0,0.0,15,Female,1,Advanced Single-Shot Learners,-1.4145158474374846,-1.7574449613513028
U00356,15,10,1.5,332,1.355421686746988,Machine Learning/Artificial Intelligence/Programming/Web Development/Design,Advanced,3.0913333333333335,41.27733333333333,0.26666666666666666,9,0.3333333333333333,0.13333333333333333,0.5333333333333333,0.13333333333333333,0.0,0.06666666666666667,0.06666666666666667,0.13333333333333333,0.06666666666666667,0.06666666666666667,0.13333333333333333,0.06666666666666667,0.13333333333333333,0.0,0.13333333333333333,21,Female,2,Power Learners,3.6391981320342883,-1.1676033607983483
U00357,15,10,1.5,346,1.300578034682081,Artificial Intelligence,Beginner,3.1853333333333333,146.13199999999998,0.6,15,0.4666666666666667,0.3333333333333333,0.2,0.2,0.06666666666666667,0.06666666666666667,0.13333333333333333,0.0,0.06666666666666667,0.13333333333333333,0.06666666666666667,0.0,0.13333333333333333,0.06666666666666667,0.06666666666666667,15,Female,2,Power Learners,3.9712449021222436,0.04733222470742201
U00358,1,1,1.0,0,1.0,Project Management,Intermediate,3.45,0.0,0.0,162,0.0,1.0,0.0,0.0,0.0,0.0,0.0,0.0,0.0,0.0,0.0,0.0,0.0,1.0,0.0,19,Male,3,Intermediate Value Seekers,-1.6531314879826062,-0.0011044794738476293
U00359,1,1,1.0,0,1.0,Programming,Beginner,1.28,0.0,0.0,161,1.0,0.0,0.0,0.0,0.0,0.0,0.0,0.0,0.0,0.0,0.0,0.0,1.0,0.0,0.0,29,Female,4,Beginner Explorers,-1.5069927212558996,0.38966543685242594
U00360,1,1,1.0,0,1.0,Data Science,Intermediate,3.6,0.0,0.0,256,0.0,1.0,0.0,0.0,0.0,0.0,1.0,0.0,0.0,0.0,0.0,0.0,0.0,0.0,0.0,32,Male,3,Intermediate Value Seekers,-2.089797867115934,-0.5471322163016175
U00361,1,1,1.0,0,1.0,Marketing,Intermediate,4.72,0.0,0.0,139,0.0,1.0,0.0,0.0,0.0,0.0,0.0,0.0,0.0,0.0,0.0,1.0,0.0,0.0,0.0,18,Female,3,Intermediate Value Seekers,-1.8086579930400293,-2.372342799140959
U00362,13,8,1.625,315,1.2380952380952381,Programming,Advanced,3.0892307692307694,85.61769230769231,0.38461538461538464,35,0.23076923076923078,0.3076923076923077,0.46153846153846156,0.0,0.07692307692307693,0.0,0.15384615384615385,0.0,0.15384615384615385,0.15384615384615385,0.0,0.07692307692307693,0.23076923076923078,0.07692307692307693,0.07692307692307693,16,Male,2,Power Learners,3.3629870205415915,-0.6621715096582048
U00363,1,1,1.0,0,1.0,Design,Advanced,1.52,0.0,0.0,49,0.0,0.0,1.0,0.0,0.0,0.0,0.0,1.0,0.0,0.0,0.0,0.0,0.0,0.0,0.0,32,Female,1,Advanced Single-Shot Learners,-1.3579857038565286,-1.4579432071289486
U00364,1,1,1.0,0,1.0,Project Management,Beginner,4.68,0.0,0.0,255,1.0,0.0,0.0,0.0,0.0,0.0,0.0,0.0,0.0,0.0,0.0,0.0,0.0,1.0,0.0,34,Male,4,Beginner Explorers,-1.8630249365967,0.8431953605253231
U00365,13,7,1.8571428571428572,296,1.3175675675675675,Marketing,Advanced,2.576923076923077,38.48307692307692,0.23076923076923078,1,0.3076923076923077,0.15384615384615385,0.5384615384615384,0.0,0.15384615384615385,0.15384615384615385,0.0,0.0,0.15384615384615385,0.15384615384615385,0.0,0.23076923076923078,0.07692307692307693,0.0,0.07692307692307693,30,Female,2,Power Learners,3.1947840367164524,-1.3135845961913994
U00366,2,2,1.0,141,0.425531914893617,Artificial Intelligence/Project Management,Beginner/Intermediate,3.545,0.0,0.0,188,0.5,0.5,0.0,0.5,0.0,0.0,0.0,0.0,0.0,0.0,0.0,0.0,0.0,0.5,0.0,28,Male,0,Premium Explorers,-0.07877264884832745,0.15177681120852482
U00367,1,1,1.0,0,1.0,Web Development,Advanced,2.67,0.0,0.0,181,0.0,0.0,1.0,0.0,0.0,0.0,0.0,0.0,0.0,0.0,0.0,0.0,0.0,0.0,1.0,21,Male,1,Advanced Single-Shot Learners,-1.6745991454508804,-0.6594233914359213
U00368,1,1,1.0,0,1.0,Design,Advanced,1.52,0.0,0.0,288,0.0,0.0,1.0,0.0,0.0,0.0,0.0,1.0,0.0,0.0,0.0,0.0,0.0,0.0,0.0,26,Male,1,Advanced Single-Shot Learners,-2.1673403527306574,-1.101629093265311
U00369,4,4,1.0,51,2.3529411764705883,Web Development/Marketing/Business/Design,Advanced,2.665,0.0,0.0,113,0.25,0.0,0.75,0.0,0.25,0.0,0.0,0.25,0.0,0.0,0.0,0.25,0.0,0.0,0.25,19,Male,1,Advanced Single-Shot Learners,0.917383723893213,-1.7074425970209988
U00370,2,2,1.0,282,0.2127659574468085,Finance/Business,Intermediate/Advanced,3.1950000000000003,303.48,1.0,51,0.0,0.5,0.5,0.0,0.5,0.0,0.0,0.0,0.0,0.5,0.0,0.0,0.0,0.0,0.0,17,Male,2,Power Learners,1.4074537287253894,1.097658732017239
U00371,1,1,1.0,0,1.0,Data Science,Intermediate,3.02,0.0,0.0,131,0.0,1.0,0.0,0.0,0.0,0.0,1.0,0.0,0.0,0.0,0.0,0.0,0.0,0.0,0.0,17,Female,3,Intermediate Value Seekers,-1.6180377156563617,-0.6416741657814242
U00372,1,1,1.0,0,1.0,Machine Learning,Advanced,3.89,0.78,1.0,157,0.0,0.0,1.0,0.0,0.0,0.0,0.0,0.0,0.0,0.0,1.0,0.0,0.0,0.0,0.0,23,Male,1,Advanced Single-Shot Learners,-1.3545084477345164,-0.07803139869441723
U00373,1,1,1.0,0,1.0,Business,Advanced,2.0,0.0,0.0,64,0.0,0.0,1.0,0.0,1.0,0.0,0.0,0.0,0.0,0.0,0.0,0.0,0.0,0.0,0.0,26,Female,1,Advanced Single-Shot Learners,-1.1861453727170308,-0.2950956753114233
U00374,1,1,1.0,0,1.0,Artificial Intelligence,Beginner,3.64,0.0,0.0,26,1.0,0.0,0.0,1.0,0.0,0.0,0.0,0.0,0.0,0.0,0.0,0.0,0.0,0.0,0.0,28,Female,0,Premium Explorers,-0.8117763150645707,1.1045304281460468
U00375,1,1,1.0,0,1.0,Business,Intermediate,2.69,326.02,1.0,67,0.0,1.0,0.0,0.0,1.0,0.0,0.0,0.0,0.0,0.0,0.0,0.0,0.0,0.0,0.0,34,Female,1,Advanced Single-Shot Learners,-0.15519886199050065,2.0709055328845536
U00376,1,1,1.0,0,1.0,Design,Beginner,4.51,0.0,0.0,358,1.0,0.0,0.0,0.0,0.0,0.0,0.0,1.0,0.0,0.0,0.0,0.0,0.0,0.0,0.0,29,Male,4,Beginner Explorers,-2.4120518361028935,-0.48054840355467715
U00377,1,1,1.0,0,1.0,Digital Marketing,Advanced,3.89,177.34,1.0,80,0.0,0.0,1.0,0.0,0.0,0.0,0.0,0.0,1.0,0.0,0.0,0.0,0.0,0.0,0.0,21,Female,1,Advanced Single-Shot Learners,-0.3152558643801008,1.3188237404809173
U00378,2,2,1.0,119,0.5042016806722689,Marketing/Business,Intermediate/Advanced,3.63,0.0,0.0,60,0.0,0.5,0.5,0.0,0.5,0.0,0.0,0.0,0.0,0.0,0.0,0.5,0.0,0.0,0.0,21,Female,1,Advanced Single-Shot Learners,0.09860549847318295,-1.939764071787928
U00379,14,8,1.75,311,1.35048231511254,Marketing,Beginner,3.403571428571428,218.16928571428573,0.5714285714285714,17,0.42857142857142855,0.35714285714285715,0.21428571428571427,0.07142857142857142,0.14285714285714285,0.07142857142857142,0.0,0.0,0.14285714285714285,0.07142857142857142,0.0,0.21428571428571427,0.14285714285714285,0.14285714285714285,0.0,20,Male,2,Power Learners,3.68792860314856,-0.21869750626783915
U00380,1,1,1.0,0,1.0,Machine Learning,Advanced,3.89,0.78,1.0,342,0.0,0.0,1.0,0.0,0.0,0.0,0.0,0.0,0.0,0.0,1.0,0.0,0.0,0.0,0.0,23,Female,1,Advanced Single-Shot Learners,-1.9516392685153658,0.17047051133001184
U00381,1,1,1.0,0,1.0,Design,Advanced,4.45,0.0,0.0,239,0.0,0.0,1.0,0.0,0.0,0.0,0.0,1.0,0.0,0.0,0.0,0.0,0.0,0.0,0.0,32,Male,1,Advanced Single-Shot Learners,-2.0901276022634834,-1.510116080957698
U00382,3,3,1.0,251,0.3585657370517928,Marketing/Programming/Cybersecurity,Beginner/Intermediate/Advanced,2.08,131.42,0.3333333333333333,32,0.3333333333333333,0.3333333333333333,0.3333333333333333,0.0,0.0,0.3333333333333333,0.0,0.0,0.0,0.0,0.0,0.3333333333333333,0.3333333333333333,0.0,0.0,25,Male,2,Power Learners,1.5265940217580367,-0.5352734537819537
U00383,15,10,1.5,326,1.3803680981595092,Data Science/Business/Marketing/Artificial Intelligence/Programming,Advanced,2.848,111.22666666666666,0.4666666666666667,13,0.3333333333333333,0.26666666666666666,0.4,0.13333333333333333,0.13333333333333333,0.06666666666666667,0.13333333333333333,0.06666666666666667,0.06666666666666667,0.0,0.0,0.13333333333333333,0.13333333333333333,0.06666666666666667,0.06666666666666667,29,Female,2,Power Learners,3.8579061717276866,-0.49406317512929054
U00384,2,2,1.0,171,0.3508771929824561,Marketing/Data Science,Beginner/Advanced,2.875,149.785,0.5,66,0.5,0.0,0.5,0.0,0.0,0.0,0.5,0.0,0.0,0.0,0.0,0.5,0.0,0.0,0.0,32,Female,2,Power Learners,1.0058366880758676,0.01210213153060761
U00385,1,1,1.0,0,1.0,Machine Learning,Intermediate,1.73,0.0,0.0,358,0.0,1.0,0.0,0.0,0.0,0.0,0.0,0.0,0.0,0.0,1.0,0.0,0.0,0.0,0.0,20,Male,3,Intermediate Value Seekers,-2.49766385050534,-1.0715475886190824
U00386,2,2,1.0,51,1.1764705882352942,Data Science/Design,Beginner,4.125,149.785,0.5,68,1.0,0.0,0.0,0.0,0.0,0.0,0.5,0.5,0.0,0.0,0.0,0.0,0.0,0.0,0.0,29,Female,4,Beginner Explorers,0.9071112566904026,0.7254982298308242
U00387,1,1,1.0,0,1.0,Machine Learning,Advanced,3.89,0.78,1.0,143,0.0,0.0,1.0,0.0,0.0,0.0,0.0,0.0,0.0,0.0,1.0,0.0,0.0,0.0,0.0,29,Female,1,Advanced Single-Shot Learners,-1.2956305802623262,-0.11897303862739295
U00388,1,1,1.0,0,1.0,Project Management,Intermediate,4.84,342.61,1.0,358,0.0,1.0,0.0,0.0,0.0,0.0,0.0,0.0,0.0,0.0,0.0,0.0,0.0,1.0,0.0,18,Male,3,Intermediate Value Seekers,-1.1865734211446175,2.5958248333703007
U00389,1,1,1.0,0,1.0,Cybersecurity,Intermediate,1.91,0.0,0.0,47,0.0,1.0,0.0,0.0,0.0,1.0,0.0,0.0,0.0,0.0,0.0,0.0,0.0,0.0,0.0,27,Female,3,Intermediate Value Seekers,-1.479717926226405,-1.4368178633060686
U00390,3,2,1.5,200,0.44999999999999996,Web Development,Beginner,3.1266666666666665,0.0,0.0,104,0.6666666666666666,0.0,0.3333333333333333,0.0,0.0,0.0,0.0,0.3333333333333333,0.0,0.0,0.0,0.0,0.0,0.0,0.6666666666666666,18,Female,4,Beginner Explorers,0.34828758909456964,-1.1069407258154405
U00391,1,1,1.0,0,1.0,Cybersecurity,Intermediate,3.93,0.0,0.0,138,0.0,1.0,0.0,0.0,0.0,1.0,0.0,0.0,0.0,0.0,0.0,0.0,0.0,0.0,0.0,19,Female,3,Intermediate Value Seekers,-1.8270199930940143,-1.522268648412149
U00392,1,1,1.0,0,1.0,Project Management,Beginner,1.51,327.99,1.0,113,1.0,0.0,0.0,0.0,0.0,0.0,0.0,0.0,0.0,0.0,0.0,0.0,0.0,1.0,0.0,19,Female,4,Beginner Explorers,-0.11474174991407012,3.48458101323974
U00393,1,1,1.0,0,1.0,Cybersecurity,Beginner,4.94,0.0,0.0,308,1.0,0.0,0.0,0.0,0.0,1.0,0.0,0.0,0.0,0.0,0.0,0.0,0.0,0.0,0.0,30,Male,4,Beginner Explorers,-2.3026143662076044,-0.5275026035063229
U00394,11,7,1.5714285714285714,310,1.064516129032258,Programming/Business/Web Development/Machine Learning,Beginner/Advanced,2.6118181818181814,3.5154545454545456,0.18181818181818182,26,0.45454545454545453,0.09090909090909091,0.45454545454545453,0.0,0.18181818181818182,0.0,0.09090909090909091,0.09090909090909091,0.0,0.09090909090909091,0.18181818181818182,0.0,0.18181818181818182,0.0,0.18181818181818182,30,Female,2,Power Learners,2.708339218247123,-1.3006869828502838
U00395,1,1,1.0,0,1.0,Cybersecurity,Beginner,4.94,0.0,0.0,5,1.0,0.0,0.0,0.0,0.0,1.0,0.0,0.0,0.0,0.0,0.0,0.0,0.0,0.0,0.0,22,Female,4,Beginner Explorers,-1.2617159921134222,-0.9489897247732003
U00396,2,2,1.0,43,1.3953488372093024,Machine Learning/Finance,Intermediate,2.915,0.0,0.0,6,0.0,1.0,0.0,0.0,0.0,0.0,0.0,0.0,0.0,0.5,0.5,0.0,0.0,0.0,0.0,30,Male,3,Intermediate Value Seekers,0.07458186155588925,-1.9244173549460806
U00397,1,1,1.0,0,1.0,Web Development,Advanced,1.3,37.89,1.0,323,0.0,0.0,1.0,0.0,0.0,0.0,0.0,0.0,0.0,0.0,0.0,0.0,0.0,0.0,1.0,16,Male,1,Advanced Single-Shot Learners,-1.239321983394034,1.7784304342090693
U00398,3,3,1.0,150,0.6,Programming/Cybersecurity/Data Science,Beginner/Intermediate/Advanced,3.313333333333334,39.22666666666667,0.3333333333333333,71,0.3333333333333333,0.3333333333333333,0.3333333333333333,0.0,0.0,0.3333333333333333,0.3333333333333333,0.0,0.0,0.0,0.0,0.0,0.3333333333333333,0.0,0.0,27,Female,2,Power Learners,1.2020999803286057,-0.3060514784442292
U00399,12,8,1.5,303,1.188118811881188,Marketing/Artificial Intelligence/Web Development/Project Management,Advanced,3.0908333333333338,137.36333333333332,0.5,25,0.25,0.3333333333333333,0.4166666666666667,0.16666666666666666,0.0,0.08333333333333333,0.08333333333333333,0.08333333333333333,0.08333333333333333,0.0,0.0,0.16666666666666666,0.0,0.16666666666666666,0.16666666666666666,31,Female,2,Power Learners,3.4636680491959613,-0.4102598772700503
U00400,2,2,1.0,41,1.4634146341463414,Machine Learning/Programming,Beginner/Advanced,2.83,0.0,0.0,225,0.5,0.0,0.5,0.0,0.0,0.0,0.0,0.0,0.0,0.0,0.5,0.0,0.5,0.0,0.0,23,Male,4,Beginner Explorers,-0.4818569447713008,-0.9847783628410105
U00401,2,2,1.0,309,0.1941747572815534,Data Science/Programming,Beginner/Intermediate,2.95,0.0,0.0,23,0.5,0.5,0.0,0.0,0.0,0.0,0.5,0.0,0.0,0.0,0.0,0.0,0.5,0.0,0.0,21,Female,4,Beginner Explorers,0.4211846490159729,-0.9612777932800849
U00402,2,2,1.0,27,2.0,Web Development/Finance,Advanced,2.13,0.0,0.0,106,0.0,0.0,1.0,0.0,0.0,0.0,0.0,0.0,0.0,0.5,0.0,0.0,0.0,0.0,0.5,23,Male,1,Advanced Single-Shot Learners,-0.055536409920397434,-1.2698243542015615
U00403,1,1,1.0,0,1.0,Finance,Intermediate,4.1,0.0,0.0,237,0.0,1.0,0.0,0.0,0.0,0.0,0.0,0.0,0.0,1.0,0.0,0.0,0.0,0.0,0.0,34,Female,3,Intermediate Value Seekers,-2.0855567177631626,-1.0323719380085945
U00404,14,10,1.4,329,1.2765957446808511,Finance,Advanced,3.105714285714286,115.54571428571425,0.5714285714285714,2,0.21428571428571427,0.35714285714285715,0.42857142857142855,0.14285714285714285,0.0,0.0,0.07142857142857142,0.14285714285714285,0.07142857142857142,0.21428571428571427,0.07142857142857142,0.07142857142857142,0.07142857142857142,0.07142857142857142,0.07142857142857142,21,Female,2,Power Learners,3.839891641794967,-0.551076813543098
U00405,2,1,2.0,190,0.31578947368421056,Project Management,Intermediate/Advanced,3.035,344.65999999999997,1.0,27,0.0,0.5,0.5,0.0,0.0,0.0,0.0,0.0,0.0,0.0,0.0,0.0,0.0,1.0,0.0,24,Male,2,Power Learners,1.1538379683286615,1.9079320134875097
U00406,15,11,1.3636363636363635,334,1.347305389221557,Data Science,Beginner,2.9020000000000006,94.49600000000001,0.3333333333333333,21,0.4666666666666667,0.26666666666666666,0.26666666666666666,0.06666666666666667,0.13333333333333333,0.13333333333333333,0.2,0.06666666666666667,0.06666666666666667,0.06666666666666667,0.06666666666666667,0.06666666666666667,0.0,0.06666666666666667,0.06666666666666667,33,Male,2,Power Learners,3.7790091044498992,-0.7140609673012769
U00407,15,10,1.5,313,1.4376996805111821,Business/Machine Learning/Artificial Intelligence/Marketing/Finance,Intermediate,3.3033333333333332,107.46533333333332,0.4666666666666667,4,0.3333333333333333,0.4,0.26666666666666666,0.13333333333333333,0.13333333333333333,0.06666666666666667,0.0,0.0,0.06666666666666667,0.13333333333333333,0.13333333333333333,0.13333333333333333,0.06666666666666667,0.06666666666666667,0.06666666666666667,23,Male,2,Power Learners,3.8287421207487364,-0.6527781945512557
U00408,1,1,1.0,0,1.0,Business,Advanced,3.15,0.0,0.0,207,0.0,0.0,1.0,0.0,1.0,0.0,0.0,0.0,0.0,0.0,0.0,0.0,0.0,0.0,0.0,19,Female,1,Advanced Single-Shot Learners,-1.6848796515921807,-0.21163668073320827
U00409,2,2,1.0,41,1.4634146341463414,Marketing/Finance,Intermediate/Advanced,2.85,0.0,0.0,311,0.0,0.5,0.5,0.0,0.0,0.0,0.0,0.0,0.0,0.5,0.0,0.5,0.0,0.0,0.0,35,Male,3,Intermediate Value Seekers,-0.8982169861778946,-1.8141970843683288
U00410,1,1,1.0,0,1.0,Web Development,Advanced,2.67,0.0,0.0,58,0.0,0.0,1.0,0.0,0.0,0.0,0.0,0.0,0.0,0.0,0.0,0.0,0.0,0.0,1.0,33,Male,1,Advanced Single-Shot Learners,-1.2798311684360597,-0.8528552454354774
U00411,12,8,1.5,321,1.1214953271028039,Marketing,Advanced,3.2883333333333336,65.80583333333333,0.25,36,0.16666666666666666,0.3333333333333333,0.5,0.0,0.08333333333333333,0.16666666666666666,0.08333333333333333,0.16666666666666666,0.08333333333333333,0.08333333333333333,0.0,0.25,0.0,0.0,0.08333333333333333,17,Female,2,Power Learners,3.138242182767447,-1.5014327543707136
U00412,4,3,1.3333333333333333,287,0.4181184668989547,Finance,Intermediate,3.3175,59.18000000000001,0.5,33,0.25,0.5,0.25,0.0,0.0,0.0,0.25,0.0,0.0,0.5,0.0,0.0,0.25,0.0,0.0,24,Female,2,Power Learners,1.7032696026643002,-0.14162286970922822
U00413,2,2,1.0,178,0.33707865168539325,Cybersecurity/Programming,Beginner/Intermediate,4.335,236.14,0.5,149,0.5,0.5,0.0,0.0,0.0,0.5,0.0,0.0,0.0,0.0,0.0,0.0,0.5,0.0,0.0,23,Male,4,Beginner Explorers,0.7002173498196399,0.4150509582324482
U00414,1,1,1.0,0,1.0,Design,Advanced,2.61,0.0,0.0,76,0.0,0.0,1.0,0.0,0.0,0.0,0.0,1.0,0.0,0.0,0.0,0.0,0.0,0.0,0.0,25,Male,1,Advanced Single-Shot Learners,-1.488128315183348,-1.519528721392971
U00415,13,7,1.8571428571428572,336,1.1607142857142858,Finance/Web Development,Beginner/Advanced,3.1138461538461537,61.92230769230768,0.46153846153846156,6,0.46153846153846156,0.07692307692307693,0.46153846153846156,0.0,0.0,0.07692307692307693,0.07692307692307693,0.07692307692307693,0.0,0.23076923076923078,0.15384615384615385,0.0,0.15384615384615385,0.0,0.23076923076923078,31,Female,2,Power Learners,3.3247420342871683,-0.6896317583624072
U00416,2,2,1.0,16,2.0,Data Science/Web Development,Beginner,2.925,0.0,0.0,338,1.0,0.0,0.0,0.0,0.0,0.0,0.5,0.0,0.0,0.0,0.0,0.0,0.0,0.0,0.5,17,Female,4,Beginner Explorers,-0.8096463827979343,0.05559584823724861
U00417,2,2,1.0,166,0.3614457831325301,Artificial Intelligence/Web Development,Beginner,2.92,0.0,0.0,96,1.0,0.0,0.0,0.5,0.0,0.0,0.0,0.0,0.0,0.0,0.0,0.0,0.0,0.0,0.5,32,Female,4,Beginner Explorers,0.3281712369885648,0.11315893320307308
U00418,3,3,1.0,331,0.2719033232628399,Machine Learning/Artificial Intelligence/Web Development,Beginner,2.3266666666666667,176.26333333333332,0.6666666666666666,18,0.6666666666666666,0.0,0.3333333333333333,0.3333333333333333,0.0,0.0,0.0,0.0,0.0,0.0,0.3333333333333333,0.0,0.0,0.0,0.3333333333333333,23,Female,2,Power Learners,2.007888436011011,1.026738329951569
U00419,1,1,1.0,0,1.0,Machine Learning,Advanced,3.89,0.78,1.0,305,0.0,0.0,1.0,0.0,0.0,0.0,0.0,0.0,0.0,0.0,1.0,0.0,0.0,0.0,0.0,21,Female,1,Advanced Single-Shot Learners,-1.8256454205484516,0.1221139658809908
U00420,1,1,1.0,0,1.0,Project Management,Beginner,1.51,327.99,1.0,247,1.0,0.0,0.0,0.0,0.0,0.0,0.0,0.0,0.0,0.0,0.0,0.0,0.0,1.0,0.0,24,Female,4,Beginner Explorers,-0.5681476428454912,3.6636410776095034
U00421,1,1,1.0,0,1.0,Design,Advanced,4.45,0.0,0.0,71,0.0,0.0,1.0,0.0,0.0,0.0,0.0,1.0,0.0,0.0,0.0,0.0,0.0,0.0,0.0,32,Male,1,Advanced Single-Shot Learners,-1.5297716054833692,-1.7455941948259257
U00422,3,3,1.0,274,0.3284671532846716,Business/Cybersecurity/Finance,Beginner,2.8266666666666667,95.01666666666667,0.3333333333333333,70,0.6666666666666666,0.0,0.3333333333333333,0.0,0.3333333333333333,0.3333333333333333,0.0,0.0,0.0,0.3333333333333333,0.0,0.0,0.0,0.0,0.0,15,Female,2,Power Learners,1.4788168964616757,0.18662713958600577
U00423,12,6,2.0,282,1.276595744680851,Artificial Intelligence/Finance/Project Management,Beginner,3.0866666666666673,133.435,0.5,30,0.4166666666666667,0.3333333333333333,0.25,0.25,0.08333333333333333,0.0,0.0,0.0,0.0,0.25,0.08333333333333333,0.0,0.08333333333333333,0.25,0.0,27,Female,2,Power Learners,3.287798773274721,0.25653633604327175
U00424,11,7,1.5714285714285714,220,1.5,Data Science/Artificial Intelligence/Machine Learning/Design,Advanced,3.1900000000000004,110.3381818181818,0.45454545454545453,68,0.36363636363636365,0.18181818181818182,0.45454545454545453,0.18181818181818182,0.0,0.0,0.18181818181818182,0.18181818181818182,0.09090909090909091,0.0,0.18181818181818182,0.09090909090909091,0.0,0.09090909090909091,0.0,35,Male,2,Power Learners,3.0647128099290817,-0.36268834687720153
U00425,1,1,1.0,0,1.0,Artificial Intelligence,Beginner,4.55,490.9,1.0,132,1.0,0.0,0.0,1.0,0.0,0.0,0.0,0.0,0.0,0.0,0.0,0.0,0.0,0.0,0.0,19,Male,0,Premium Explorers,0.006062244392953518,3.7200412732615535
U00426,4,3,1.3333333333333333,129,0.9302325581395349,Programming,Beginner,3.6750000000000003,118.07,0.25,48,1.0,0.0,0.0,0.0,0.0,0.25,0.0,0.0,0.25,0.0,0.0,0.0,0.5,0.0,0.0,21,Male,4,Beginner Explorers,1.6485393394521557,0.25447131089518105
U00427,16,9,1.7777777777777777,347,1.38328530259366,Artificial Intelligence/Project Management,Beginner,3.033125,85.889375,0.3125,5,0.375,0.3125,0.3125,0.1875,0.0,0.0,0.125,0.125,0.125,0.0625,0.0,0.0625,0.0625,0.1875,0.0625,29,Female,2,Power Learners,3.778768137964025,-0.5715043404099592
U00428,1,1,1.0,0,1.0,Marketing,Advanced,2.98,0.0,0.0,188,0.0,0.0,1.0,0.0,0.0,0.0,0.0,0.0,0.0,0.0,0.0,1.0,0.0,0.0,0.0,23,Male,1,Advanced Single-Shot Learners,-1.8719878853820184,-2.0918575160145068
U00429,1,1,1.0,0,1.0,Finance,Intermediate,4.1,0.0,0.0,118,0.0,1.0,0.0,0.0,0.0,0.0,0.0,0.0,0.0,1.0,0.0,0.0,0.0,0.0,0.0,23,Female,3,Intermediate Value Seekers,-1.6744362785160851,-1.17989305332425
U00430,1,1,1.0,0,1.0,Business,Advanced,3.64,487.92,1.0,156,0.0,0.0,1.0,0.0,1.0,0.0,0.0,0.0,0.0,0.0,0.0,0.0,0.0,0.0,0.0,27,Male,1,Advanced Single-Shot Learners,-0.354883750799554,2.200109273959623
U00431,1,1,1.0,0,1.0,Business,Advanced,3.64,487.92,1.0,82,0.0,0.0,1.0,0.0,1.0,0.0,0.0,0.0,0.0,0.0,0.0,0.0,0.0,0.0,0.0,15,Female,1,Advanced Single-Shot Learners,-0.07263974639282095,2.106610660021328
U00432,1,1,1.0,0,1.0,Marketing,Advanced,4.79,0.0,0.0,123,0.0,0.0,1.0,0.0,0.0,0.0,0.0,0.0,0.0,0.0,0.0,1.0,0.0,0.0,0.0,31,Male,1,Advanced Single-Shot Learners,-1.7139915593998936,-2.400403080817033
U00433,1,1,1.0,0,1.0,Design,Advanced,2.72,276.37,1.0,337,0.0,0.0,1.0,0.0,0.0,0.0,0.0,1.0,0.0,0.0,0.0,0.0,0.0,0.0,0.0,32,Female,1,Advanced Single-Shot Learners,-1.2230434718069891,1.2481656128596184
U00434,1,1,1.0,0,1.0,Digital Marketing,Advanced,3.89,177.34,1.0,328,0.0,0.0,1.0,0.0,0.0,0.0,0.0,0.0,1.0,0.0,0.0,0.0,0.0,0.0,0.0,22,Male,1,Advanced Single-Shot Learners,-1.1636669715431696,1.6754862829332626
U00435,1,1,1.0,0,1.0,Finance,Intermediate,2.75,119.04,1.0,194,0.0,1.0,0.0,0.0,0.0,0.0,0.0,0.0,0.0,1.0,0.0,0.0,0.0,0.0,0.0,34,Female,3,Intermediate Value Seekers,-0.8899429594235586,1.3423888525858874
U00436,1,1,1.0,0,1.0,Artificial Intelligence,Beginner,4.55,490.9,1.0,254,1.0,0.0,0.0,1.0,0.0,0.0,0.0,0.0,0.0,0.0,0.0,0.0,0.0,0.0,0.0,20,Female,0,Premium Explorers,-0.3822261328857616,3.878486537675609
U00437,3,3,1.0,285,0.3157894736842105,Web Development/Data Science/Project Management,Beginner,3.6666666666666665,0.0,0.0,44,0.6666666666666666,0.0,0.3333333333333333,0.0,0.0,0.0,0.3333333333333333,0.0,0.0,0.0,0.0,0.0,0.0,0.3333333333333333,0.3333333333333333,28,Male,2,Power Learners,0.8629755075420543,-0.8193604962781363
U00438,14,10,1.4,277,1.5162454873646212,Cybersecurity/Design/Marketing/Digital Marketing,Advanced,3.3907142857142856,45.23285714285714,0.21428571428571427,36,0.2857142857142857,0.21428571428571427,0.5,0.0,0.07142857142857142,0.14285714285714285,0.07142857142857142,0.14285714285714285,0.14285714285714285,0.07142857142857142,0.07142857142857142,0.14285714285714285,0.0,0.07142857142857142,0.07142857142857142,21,Male,2,Power Learners,3.397514237945321,-1.4370533066357056
U00439,1,1,1.0,0,1.0,Design,Advanced,1.52,0.0,0.0,26,0.0,0.0,1.0,0.0,0.0,0.0,0.0,1.0,0.0,0.0,0.0,0.0,0.0,0.0,0.0,31,Female,1,Advanced Single-Shot Learners,-1.2799792442450326,-1.4884289293320723
U00440,1,1,1.0,0,1.0,Web Development,Advanced,2.67,0.0,0.0,14,0.0,0.0,1.0,0.0,0.0,0.0,0.0,0.0,0.0,0.0,0.0,0.0,0.0,0.0,1.0,20,Female,1,Advanced Single-Shot Learners,-1.0963596795925097,-0.9025518432732288
U00441,1,1,1.0,0,1.0,Web Development,Advanced,1.3,37.89,1.0,290,0.0,0.0,1.0,0.0,0.0,0.0,0.0,0.0,0.0,0.0,0.0,0.0,0.0,0.0,1.0,19,Male,1,Advanced Single-Shot Learners,-1.1331252213263097,1.7269187459698738
U00442,1,1,1.0,0,1.0,Business,Beginner,1.96,285.05,1.0,46,1.0,0.0,0.0,0.0,1.0,0.0,0.0,0.0,0.0,0.0,0.0,0.0,0.0,0.0,0.0,21,Female,1,Advanced Single-Shot Learners,0.08594992608353605,3.000149520005875
U00443,2,2,1.0,35,1.7142857142857142,Artificial Intelligence/Business,Beginner/Advanced,4.095,489.40999999999997,1.0,16,0.5,0.0,0.5,0.5,0.5,0.0,0.0,0.0,0.0,0.0,0.0,0.0,0.0,0.0,0.0,21,Female,0,Premium Explorers,1.6916868432379673,2.3191032149415354
U00444,13,10,1.3,296,1.3175675675675675,Data Science,Advanced,3.7700000000000005,120.62923076923076,0.5384615384615384,2,0.15384615384615385,0.3076923076923077,0.5384615384615384,0.07692307692307693,0.15384615384615385,0.0,0.23076923076923078,0.07692307692307693,0.07692307692307693,0.0,0.07692307692307693,0.07692307692307693,0.07692307692307693,0.07692307692307693,0.07692307692307693,15,Female,2,Power Learners,3.7750397924521923,-0.5771572086157971
U00445,1,1,1.0,0,1.0,Business,Beginner,1.96,285.05,1.0,209,1.0,0.0,0.0,0.0,1.0,0.0,0.0,0.0,0.0,0.0,0.0,0.0,0.0,0.0,0.0,31,Female,1,Advanced Single-Shot Learners,-0.47063936179173466,3.21109582757776
U00446,2,2,1.0,131,0.45801526717557256,Web Development/Finance,Beginner,2.895,26.93,0.5,60,1.0,0.0,0.0,0.0,0.0,0.0,0.0,0.0,0.0,0.5,0.0,0.0,0.0,0.0,0.5,19,Female,4,Beginner Explorers,0.8707279780638514,0.6699976148064621
U00447,1,1,1.0,0,1.0,Data Science,Intermediate,3.02,0.0,0.0,90,0.0,1.0,0.0,0.0,0.0,0.0,1.0,0.0,0.0,0.0,0.0,0.0,0.0,0.0,0.0,23,Male,3,Intermediate Value Seekers,-1.5089583667152062,-0.6988518099489601
U00448,3,2,1.5,201,0.44776119402985076,Cybersecurity,Intermediate,3.8366666666666673,0.0,0.0,104,0.3333333333333333,0.6666666666666666,0.0,0.0,0.0,0.6666666666666666,0.0,0.0,0.3333333333333333,0.0,0.0,0.0,0.0,0.0,0.0,27,Male,3,Intermediate Value Seekers,0.1265266375307608,-1.7077585866253928
U00449,14,10,1.4,307,1.3680781758957656,Marketing/Data Science/Project Management/Machine Learning,Beginner/Advanced,2.9135714285714287,94.86,0.35714285714285715,12,0.35714285714285715,0.2857142857142857,0.35714285714285715,0.07142857142857142,0.07142857142857142,0.07142857142857142,0.14285714285714285,0.0,0.07142857142857142,0.07142857142857142,0.14285714285714285,0.14285714285714285,0.0,0.14285714285714285,0.07142857142857142,33,Female,2,Power Learners,3.6914148335197874,-0.8032810911780697
U00450,12,7,1.7142857142857142,329,1.094224924012158,Business,Advanced,3.125,105.20333333333333,0.4166666666666667,6,0.25,0.25,0.5,0.0,0.25,0.08333333333333333,0.0,0.08333333333333333,0.16666666666666666,0.0,0.0,0.16666666666666666,0.0,0.08333333333333333,0.16666666666666666,20,Male,2,Power Learners,3.3204815851443965,-0.7185380416968159
U00451,1,1,1.0,0,1.0,Artificial Intelligence,Beginner,1.2,248.1,1.0,289,1.0,0.0,0.0,1.0,0.0,0.0,0.0,0.0,0.0,0.0,0.0,0.0,0.0,0.0,0.0,20,Male,0,Premium Explorers,-0.5198843913993038,4.1897428125704685
U00452,3,3,1.0,163,0.5521472392638036,Web Development/Finance/Marketing,Advanced,3.706666666666667,19.106666666666666,0.3333333333333333,65,0.0,0.0,1.0,0.0,0.0,0.0,0.0,0.0,0.0,0.3333333333333333,0.0,0.3333333333333333,0.0,0.0,0.3333333333333333,23,Male,1,Advanced Single-Shot Learners,1.114016328023967,-1.1678266203886662
U00453,1,1,1.0,0,1.0,Artificial Intelligence,Beginner,4.55,490.9,1.0,351,1.0,0.0,0.0,1.0,0.0,0.0,0.0,0.0,0.0,0.0,0.0,0.0,0.0,0.0,0.0,20,Male,0,Premium Explorers,-0.7256928781286757,4.025251461644275
U00454,4,3,1.3333333333333333,293,0.40955631399317405,Project Management,Beginner/Intermediate,3.4774999999999996,189.53,0.5,16,0.5,0.5,0.0,0.25,0.0,0.0,0.0,0.0,0.0,0.0,0.0,0.0,0.25,0.5,0.0,28,Female,2,Power Learners,2.091161894397298,1.0253781243521387
U00455,3,3,1.0,192,0.46875,Artificial Intelligence/Data Science/Programming,Beginner,3.24,0.0,0.0,29,0.6666666666666666,0.3333333333333333,0.0,0.3333333333333333,0.0,0.0,0.3333333333333333,0.0,0.0,0.0,0.0,0.0,0.3333333333333333,0.0,0.0,19,Male,4,Beginner Explorers,0.9306394117464099,-0.5755303421837065
U00456,2,2,1.0,129,0.46511627906976744,Data Science/Digital Marketing,Beginner/Intermediate,2.58,0.0,0.0,7,0.5,0.5,0.0,0.0,0.0,0.0,0.5,0.0,0.5,0.0,0.0,0.0,0.0,0.0,0.0,24,Female,4,Beginner Explorers,0.3533767133448643,-0.9798179604546156
U00457,2,2,1.0,325,0.1846153846153846,Web Development/Marketing,Advanced,3.045,18.945,0.5,19,0.0,0.0,1.0,0.0,0.0,0.0,0.0,0.0,0.0,0.0,0.0,0.5,0.0,0.0,0.5,34,Female,1,Advanced Single-Shot Learners,0.9652450674684947,-0.9919352587723602
U00458,4,4,1.0,104,1.1538461538461537,Programming/Design/Data Science/Artificial Intelligence,Intermediate/Advanced,3.0325,51.8175,0.5,198,0.0,0.5,0.5,0.25,0.0,0.0,0.25,0.25,0.0,0.0,0.0,0.0,0.25,0.0,0.0,31,Female,2,Power Learners,1.3251209484413728,0.11457531824615508
U00459,1,1,1.0,0,1.0,Project Management,Intermediate,3.45,0.0,0.0,78,0.0,1.0,0.0,0.0,0.0,0.0,0.0,0.0,0.0,0.0,0.0,0.0,0.0,1.0,0.0,22,Male,3,Intermediate Value Seekers,-1.3768266554637754,-0.12410059513732685
U00460,2,2,1.0,293,0.20477815699658702,Data Science/Artificial Intelligence,Beginner/Intermediate,3.38,207.755,0.5,15,0.5,0.5,0.0,0.5,0.0,0.0,0.5,0.0,0.0,0.0,0.0,0.0,0.0,0.0,0.0,24,Female,0,Premium Explorers,1.4787142506578632,1.2444909740991497
U00461,2,2,1.0,38,1.5789473684210527,Machine Learning/Artificial Intelligence,Beginner/Intermediate,4.640000000000001,245.45,0.5,161,0.5,0.5,0.0,0.5,0.0,0.0,0.0,0.0,0.0,0.0,0.5,0.0,0.0,0.0,0.0,21,Female,0,Premium Explorers,0.7451805386361118,1.009147322600618
U00462,2,2,1.0,317,0.18927444794952683,Business/Marketing,Intermediate/Advanced,3.74,163.01,0.5,46,0.0,0.5,0.5,0.0,0.5,0.0,0.0,0.0,0.0,0.0,0.0,0.5,0.0,0.0,0.0,30,Male,2,Power Learners,1.1123051947601668,-0.3962901049669124
U00463,1,1,1.0,0,1.0,Project Management,Intermediate,3.45,0.0,0.0,187,0.0,1.0,0.0,0.0,0.0,0.0,0.0,0.0,0.0,0.0,0.0,0.0,0.0,1.0,0.0,18,Female,3,Intermediate Value Seekers,-1.7152988755872236,0.024884913109676984
U00464,12,7,1.7142857142857142,342,1.0526315789473684,Design,Beginner,2.8266666666666667,85.33833333333332,0.3333333333333333,20,0.4166666666666667,0.3333333333333333,0.25,0.08333333333333333,0.0,0.16666666666666666,0.16666666666666666,0.3333333333333333,0.0,0.08333333333333333,0.08333333333333333,0.08333333333333333,0.0,0.0,0.0,25,Male,2,Power Learners,3.1558201156292456,-0.9262491328540022
U00465,1,1,1.0,0,1.0,Machine Learning,Advanced,3.89,0.78,1.0,355,0.0,0.0,1.0,0.0,0.0,0.0,0.0,0.0,0.0,0.0,1.0,0.0,0.0,0.0,0.0,26,Male,1,Advanced Single-Shot Learners,-2.018801181239449,0.19423931963520003
U00466,2,2,1.0,106,0.5660377358490566,Digital Marketing/Marketing,Intermediate/Advanced,3.9349999999999996,106.195,0.5,22,0.0,0.5,0.5,0.0,0.0,0.0,0.0,0.0,0.5,0.0,0.0,0.5,0.0,0.0,0.0,32,Female,2,Power Learners,0.9528037096484251,-0.7593885412502437
U00467,1,1,1.0,0,1.0,Cybersecurity,Advanced,2.38,0.0,0.0,154,0.0,0.0,1.0,0.0,0.0,1.0,0.0,0.0,0.0,0.0,0.0,0.0,0.0,0.0,0.0,34,Male,1,Advanced Single-Shot Learners,-1.798279532881824,-1.3269149140643555
U00468,1,1,1.0,0,1.0,Cybersecurity,Beginner,4.94,0.0,0.0,338,1.0,0.0,0.0,0.0,0.0,1.0,0.0,0.0,0.0,0.0,0.0,0.0,0.0,0.0,0.0,19,Female,4,Beginner Explorers,-2.368548462717065,-0.4769814046264551
U00469,2,2,1.0,64,0.9375,Machine Learning/Web Development,Beginner/Advanced,1.9,0.0,0.0,65,0.5,0.0,0.5,0.0,0.0,0.0,0.0,0.0,0.0,0.0,0.5,0.0,0.0,0.0,0.5,20,Female,1,Advanced Single-Shot Learners,0.11445829895066806,-1.1735924305053216
U00470,1,1,1.0,0,1.0,Artificial Intelligence,Intermediate,2.68,89.59,1.0,39,0.0,1.0,0.0,1.0,0.0,0.0,0.0,0.0,0.0,0.0,0.0,0.0,0.0,0.0,0.0,18,Female,0,Premium Explorers,0.009374150813262896,2.6012583108725646
U00471,1,1,1.0,0,1.0,Digital Marketing,Beginner,4.44,0.0,0.0,308,1.0,0.0,0.0,0.0,0.0,0.0,0.0,0.0,1.0,0.0,0.0,0.0,0.0,0.0,0.0,31,Female,4,Beginner Explorers,-2.099461810681618,0.06722869931290762
U00472,1,1,1.0,0,1.0,Project Management,Beginner,4.68,0.0,0.0,90,1.0,0.0,0.0,0.0,0.0,0.0,0.0,0.0,0.0,0.0,0.0,0.0,0.0,1.0,0.0,22,Female,4,Beginner Explorers,-1.2772547672674048,0.622146101575072
U00473,3,3,1.0,263,0.34220532319391633,Machine Learning/Project Management/Web Development,Beginner,3.0966666666666662,114.20333333333333,0.3333333333333333,99,0.6666666666666666,0.3333333333333333,0.0,0.0,0.0,0.0,0.0,0.0,0.0,0.0,0.3333333333333333,0.0,0.0,0.3333333333333333,0.3333333333333333,32,Female,2,Power Learners,1.3864485059544671,0.344927019394913
U00474,1,1,1.0,0,1.0,Web Development,Advanced,4.74,57.32,1.0,85,0.0,0.0,1.0,0.0,0.0,0.0,0.0,0.0,0.0,0.0,0.0,0.0,0.0,0.0,1.0,31,Male,1,Advanced Single-Shot Learners,-0.5029639358335484,1.1064426116527708
U00475,3,3,1.0,177,0.5084745762711864,Data Science/Project Management/Design,Beginner/Intermediate/Advanced,2.4166666666666665,201.45333333333335,0.6666666666666666,45,0.3333333333333333,0.3333333333333333,0.3333333333333333,0.0,0.0,0.0,0.3333333333333333,0.3333333333333333,0.0,0.0,0.0,0.0,0.0,0.3333333333333333,0.0,24,Male,2,Power Learners,1.6948872174163723,0.7391099521615395
U00476,2,2,1.0,187,0.32085561497326204,Design/Finance,Advanced,2.1550000000000002,138.185,0.5,67,0.0,0.0,1.0,0.0,0.0,0.0,0.0,0.5,0.0,0.5,0.0,0.0,0.0,0.0,0.0,29,Female,1,Advanced Single-Shot Learners,0.9604888899519158,-0.20095252845369657
U00477,1,1,1.0,0,1.0,Web Development,Advanced,1.3,37.89,1.0,357,0.0,0.0,1.0,0.0,0.0,0.0,0.0,0.0,0.0,0.0,0.0,0.0,0.0,0.0,1.0,19,Male,1,Advanced Single-Shot Learners,-1.3566005295659982,1.8208296604292267
U00478,2,2,1.0,57,1.0526315789473684,Machine Learning/Web Development,Intermediate/Advanced,3.2350000000000003,28.66,0.5,139,0.0,0.5,0.5,0.0,0.0,0.0,0.0,0.0,0.0,0.0,0.5,0.0,0.0,0.0,0.5,30,Male,1,Advanced Single-Shot Learners,0.35917430359660185,-0.33495397028696783
U00479,2,2,1.0,175,0.34285714285714286,Cybersecurity/Web Development,Beginner/Advanced,2.8499999999999996,0.0,0.0,87,0.5,0.0,0.5,0.0,0.0,0.5,0.0,0.0,0.0,0.0,0.0,0.0,0.0,0.0,0.5,33,Male,4,Beginner Explorers,0.06294210650195174,-1.2620632335666564
U00480,1,1,1.0,0,1.0,Digital Marketing,Intermediate,4.66,0.0,0.0,78,0.0,1.0,0.0,0.0,0.0,0.0,0.0,0.0,1.0,0.0,0.0,0.0,0.0,0.0,0.0,20,Female,3,Intermediate Value Seekers,-1.4766128864906913,-1.139067430446712
U00481,1,1,1.0,0,1.0,Business,Intermediate,2.69,326.02,1.0,24,0.0,1.0,0.0,0.0,1.0,0.0,0.0,0.0,0.0,0.0,0.0,0.0,0.0,0.0,0.0,32,Female,1,Advanced Single-Shot Learners,-0.009192299852868053,2.014139054797382
U00482,1,1,1.0,0,1.0,Digital Marketing,Intermediate,4.66,0.0,0.0,158,0.0,1.0,0.0,0.0,0.0,0.0,0.0,0.0,1.0,0.0,0.0,0.0,0.0,0.0,0.0,33,Female,3,Intermediate Value Seekers,-1.7602327942089178,-1.0497155830986151
U00483,1,1,1.0,0,1.0,Business,Advanced,3.64,487.92,1.0,191,0.0,0.0,1.0,0.0,1.0,0.0,0.0,0.0,0.0,0.0,0.0,0.0,0.0,0.0,0.0,22,Male,1,Advanced Single-Shot Learners,-0.46516930701003373,2.257928978897779
U00484,2,2,1.0,54,1.1111111111111112,Data Science/Programming,Intermediate,2.725,0.0,0.0,193,0.0,1.0,0.0,0.0,0.0,0.0,0.5,0.0,0.0,0.0,0.0,0.0,0.5,0.0,0.0,16,Male,3,Intermediate Value Seekers,-0.41399637756261204,-1.016430698275987
U00485,1,1,1.0,0,1.0,Project Management,Beginner,4.68,0.0,0.0,87,1.0,0.0,0.0,0.0,0.0,0.0,0.0,0.0,0.0,0.0,0.0,0.0,0.0,1.0,0.0,29,Female,4,Beginner Explorers,-1.2762857972149075,0.6056746648874777
U00486,2,2,1.0,213,0.28169014084507044,Machine Learning/Project Management,Intermediate,4.09,0.0,0.0,108,0.0,1.0,0.0,0.0,0.0,0.0,0.0,0.0,0.0,0.0,0.5,0.0,0.0,0.5,0.0,21,Female,3,Intermediate Value Seekers,-0.05336960447132256,-1.485218677051445
U00487,2,1,2.0,12,2.0,Data Science,Beginner/Intermediate,3.335,0.0,0.0,232,0.5,0.5,0.0,0.0,0.0,0.0,1.0,0.0,0.0,0.0,0.0,0.0,0.0,0.0,0.0,15,Female,3,Intermediate Value Seekers,-0.9790292313365534,-0.36276771188311596
U00488,2,2,1.0,168,0.35714285714285715,Finance/Design,Intermediate/Advanced,2.6799999999999997,59.52,0.5,45,0.0,0.5,0.5,0.0,0.0,0.0,0.0,0.5,0.0,0.5,0.0,0.0,0.0,0.0,0.0,20,Male,2,Power Learners,0.8462761414723013,-0.41803690116872744
U00489,3,3,1.0,244,0.36885245901639346,Cybersecurity/Machine Learning/Finance,Beginner,1.6500000000000001,149.37333333333333,0.6666666666666666,63,0.6666666666666666,0.3333333333333333,0.0,0.0,0.0,0.3333333333333333,0.0,0.0,0.0,0.3333333333333333,0.3333333333333333,0.0,0.0,0.0,0.0,18,Male,2,Power Learners,1.5716461397620802,0.4582955772594441
U00490,1,1,1.0,0,1.0,Business,Advanced,3.15,0.0,0.0,136,0.0,0.0,1.0,0.0,1.0,0.0,0.0,0.0,0.0,0.0,0.0,0.0,0.0,0.0,0.0,33,Male,1,Advanced Single-Shot Learners,-1.486065174120704,-0.3248828113698061
U00491,1,1,1.0,0,1.0,Cybersecurity,Intermediate,1.35,394.26,1.0,144,0.0,1.0,0.0,0.0,0.0,1.0,0.0,0.0,0.0,0.0,0.0,0.0,0.0,0.0,0.0,20,Male,3,Intermediate Value Seekers,-0.6242318193315306,1.2875658920725002
U00492,1,1,1.0,0,1.0,Digital Marketing,Advanced,3.89,177.34,1.0,317,0.0,0.0,1.0,0.0,0.0,0.0,0.0,0.0,1.0,0.0,0.0,0.0,0.0,0.0,0.0,20,Female,1,Advanced Single-Shot Learners,-1.1044670188330679,1.65276843259767
U00493,1,1,1.0,0,1.0,Project Management,Intermediate,3.45,0.0,0.0,348,0.0,1.0,0.0,0.0,0.0,0.0,0.0,0.0,0.0,0.0,0.0,0.0,0.0,1.0,0.0,30,Male,3,Intermediate Value Seekers,-2.2877272354693727,0.24032755030116068
U00494,13,10,1.3,357,1.0924369747899159,Marketing/Programming/Artificial Intelligence,Advanced,3.180769230769231,77.46153846153847,0.3076923076923077,6,0.3076923076923077,0.23076923076923078,0.46153846153846156,0.15384615384615385,0.07692307692307693,0.07692307692307693,0.0,0.07692307692307693,0.07692307692307693,0.0,0.07692307692307693,0.15384615384615385,0.15384615384615385,0.07692307692307693,0.07692307692307693,26,Male,2,Power Learners,3.6149448839235565,-0.9185530193710894
U00495,2,2,1.0,250,0.24,Business/Design,Beginner,3.235,142.525,0.5,6,1.0,0.0,0.0,0.0,0.5,0.0,0.0,0.5,0.0,0.0,0.0,0.0,0.0,0.0,0.0,35,Female,2,Power Learners,1.333200132434793,0.7917815954158
U00496,1,1,1.0,0,1.0,Cybersecurity,Advanced,2.38,0.0,0.0,13,0.0,0.0,1.0,0.0,0.0,1.0,0.0,0.0,0.0,0.0,0.0,0.0,0.0,0.0,0.0,29,Female,1,Advanced Single-Shot Learners,-1.3015976072682645,-1.5265909128305213
U00497,3,2,1.5,188,0.4787234042553192,Web Development,Beginner,3.0533333333333332,0.0,0.0,20,1.0,0.0,0.0,0.3333333333333333,0.0,0.0,0.0,0.0,0.0,0.0,0.0,0.0,0.0,0.0,0.6666666666666666,21,Female,4,Beginner Explorers,0.7931378063352373,-0.2760785788295894
U00498,3,3,1.0,182,0.4945054945054945,Marketing/Digital Marketing/Project Management,Intermediate,4.073333333333333,0.0,0.0,103,0.0,1.0,0.0,0.0,0.0,0.0,0.0,0.0,0.3333333333333333,0.0,0.0,0.3333333333333333,0.0,0.3333333333333333,0.0,20,Female,3,Intermediate Value Seekers,0.451049503704992,-1.888745630153855
U00499,1,1,1.0,0,1.0,Artificial Intelligence,Intermediate,3.11,415.51,1.0,274,0.0,1.0,0.0,1.0,0.0,0.0,0.0,0.0,0.0,0.0,0.0,0.0,0.0,0.0,0.0,21,Male,0,Premium Explorers,-0.6063794354530908,3.168354254652708
U00500,2,2,1.0,173,0.3468208092485549,Artificial Intelligence/Project Management,Beginner/Intermediate,3.02,295.355,1.0,11,0.5,0.5,0.0,0.5,0.0,0.0,0.0,0.0,0.0,0.0,0.0,0.0,0.0,0.5,0.0,16,Female,0,Premium Explorers,1.7234191971446569,2.41024748101865
U00501,1,1,1.0,0,1.0,Cybersecurity,Intermediate,3.93,0.0,0.0,211,0.0,1.0,0.0,0.0,0.0,1.0,0.0,0.0,0.0,0.0,0.0,0.0,0.0,0.0,0.0,26,Female,3,Intermediate Value Seekers,-2.0795454025372835,-1.432214271683164
U00502,2,2,1.0,21,2.0,Machine Learning/Programming,Beginner/Advanced,3.87,0.39,0.5,252,0.5,0.0,0.5,0.0,0.0,0.0,0.0,0.0,0.0,0.0,0.5,0.0,0.5,0.0,0.0,22,Female,4,Beginner Explorers,-0.38713437119175464,-0.27483932428649027
U00503,2,2,1.0,22,2.0,Design/Digital Marketing,Beginner,4.475,0.0,0.0,18,1.0,0.0,0.0,0.0,0.0,0.0,0.0,0.5,0.5,0.0,0.0,0.0,0.0,0.0,0.0,15,Male,4,Beginner Explorers,0.18005061066093747,-1.045044413739926
U00504,2,2,1.0,142,0.4225352112676056,Web Development/Cybersecurity,Beginner/Intermediate,3.625,0.0,0.0,160,0.5,0.5,0.0,0.0,0.0,0.5,0.0,0.0,0.0,0.0,0.0,0.0,0.0,0.0,0.5,16,Male,3,Intermediate Value Seekers,-0.2457785930242012,-1.2117554262054313
U00505,1,1,1.0,0,1.0,Finance,Intermediate,4.1,0.0,0.0,111,0.0,1.0,0.0,0.0,0.0,0.0,0.0,0.0,0.0,1.0,0.0,0.0,0.0,0.0,0.0,17,Male,3,Intermediate Value Seekers,-1.6632696463907612,-1.168386177624803
U00506,1,1,1.0,0,1.0,Data Science,Intermediate,3.6,0.0,0.0,309,0.0,1.0,0.0,0.0,0.0,0.0,1.0,0.0,0.0,0.0,0.0,0.0,0.0,0.0,0.0,33,Female,3,Intermediate Value Seekers,-2.247940031431388,-0.4854011772262984
U00507,2,2,1.0,69,0.8695652173913044,Digital Marketing/Data Science,Intermediate/Advanced,3.455,88.67,0.5,178,0.0,0.5,0.5,0.0,0.0,0.0,0.5,0.0,0.5,0.0,0.0,0.0,0.0,0.0,0.0,15,Male,1,Advanced Single-Shot Learners,0.44805185799151065,0.3195733380819139
U00508,1,1,1.0,0,1.0,Digital Marketing,Beginner,4.44,0.0,0.0,280,1.0,0.0,0.0,0.0,0.0,0.0,0.0,0.0,1.0,0.0,0.0,0.0,0.0,0.0,0.0,28,Female,4,Beginner Explorers,-2.0021959786803722,0.033239405730901436
U00509,1,1,1.0,0,1.0,Finance,Beginner,4.14,0.0,0.0,235,1.0,0.0,0.0,0.0,0.0,0.0,0.0,0.0,0.0,1.0,0.0,0.0,0.0,0.0,0.0,20,Female,4,Beginner Explorers,-1.9092682372593084,-0.1366714761677447
U00510,1,1,1.0,0,1.0,Business,Advanced,2.0,0.0,0.0,252,0.0,0.0,1.0,0.0,1.0,0.0,0.0,0.0,0.0,0.0,0.0,0.0,0.0,0.0,0.0,15,Male,1,Advanced Single-Shot Learners,-1.8189366746880098,-0.0015042243231269824
U00511,1,1,1.0,0,1.0,Marketing,Advanced,2.98,0.0,0.0,237,0.0,0.0,1.0,0.0,0.0,0.0,0.0,0.0,0.0,0.0,0.0,1.0,0.0,0.0,0.0,28,Male,1,Advanced Single-Shot Learners,-2.0418803275615955,-2.0319381640185497
U00512,2,2,1.0,80,0.75,Business/Finance,Intermediate/Advanced,2.14,163.01,0.5,89,0.0,0.5,0.5,0.0,0.5,0.0,0.0,0.0,0.0,0.5,0.0,0.0,0.0,0.0,0.0,22,Male,1,Advanced Single-Shot Learners,0.8797922714030791,0.5196494117008449
U00513,1,1,1.0,0,1.0,Digital Marketing,Beginner,4.44,0.0,0.0,213,1.0,0.0,0.0,0.0,0.0,0.0,0.0,0.0,1.0,0.0,0.0,0.0,0.0,0.0,0.0,25,Male,4,Beginner Explorers,-1.7947753707190914,-0.04461010368052638
U00514,3,2,1.5,219,0.4109589041095891,Programming,Beginner,3.3966666666666665,196.65333333333334,0.6666666666666666,46,0.6666666666666666,0.0,0.3333333333333333,0.0,0.0,0.0,0.3333333333333333,0.0,0.0,0.0,0.0,0.0,0.6666666666666666,0.0,0.0,30,Female,2,Power Learners,1.5121435110903678,1.0026156236362544
U00515,2,2,1.0,106,0.5660377358490566,Business/Data Science,Intermediate/Advanced,3.085,0.0,0.0,38,0.0,0.5,0.5,0.0,0.5,0.0,0.5,0.0,0.0,0.0,0.0,0.0,0.0,0.0,0.0,19,Female,1,Advanced Single-Shot Learners,0.23564148372314034,-1.1246248187186527
U00516,1,1,1.0,0,1.0,Digital Marketing,Advanced,3.89,177.34,1.0,222,0.0,0.0,1.0,0.0,0.0,0.0,0.0,0.0,1.0,0.0,0.0,0.0,0.0,0.0,0.0,33,Female,1,Advanced Single-Shot Learners,-0.804382763238675,1.4968305779996967
U00517,1,1,1.0,0,1.0,Data Science,Intermediate,3.6,0.0,0.0,258,0.0,1.0,0.0,0.0,0.0,0.0,1.0,0.0,0.0,0.0,0.0,0.0,0.0,0.0,0.0,22,Female,3,Intermediate Value Seekers,-2.063630352785785,-0.5376097226429095
U00518,1,1,1.0,0,1.0,Artificial Intelligence,Intermediate,3.11,415.51,1.0,40,0.0,1.0,0.0,1.0,0.0,0.0,0.0,0.0,0.0,0.0,0.0,0.0,0.0,0.0,0.0,20,Female,0,Premium Explorers,0.1953353386449684,2.8313148883560486
U00519,1,1,1.0,0,1.0,Data Science,Intermediate,3.6,0.0,0.0,133,0.0,1.0,0.0,0.0,0.0,0.0,1.0,0.0,0.0,0.0,0.0,0.0,0.0,0.0,0.0,27,Female,3,Intermediate Value Seekers,-1.6531540840145298,-0.7215784171533305
U00520,1,1,1.0,0,1.0,Data Science,Intermediate,3.6,0.0,0.0,50,0.0,1.0,0.0,0.0,0.0,0.0,1.0,0.0,0.0,0.0,0.0,0.0,0.0,0.0,0.0,29,Male,3,Intermediate Value Seekers,-1.3988215147167105,-0.8306161781487695
U00521,1,1,1.0,0,1.0,Machine Learning,Advanced,1.81,0.0,0.0,244,0.0,0.0,1.0,0.0,0.0,0.0,0.0,0.0,0.0,0.0,1.0,0.0,0.0,0.0,0.0,26,Female,1,Advanced Single-Shot Learners,-2.027497809366465,-1.2474361882941323
U00522,1,1,1.0,0,1.0,Project Management,Beginner,4.68,0.0,0.0,342,1.0,0.0,0.0,0.0,0.0,0.0,0.0,0.0,0.0,0.0,0.0,0.0,0.0,1.0,0.0,21,Male,4,Beginner Explorers,-2.1364255732968016,0.9879199716057616
U00523,1,1,1.0,0,1.0,Project Management,Intermediate,4.84,342.61,1.0,106,0.0,1.0,0.0,0.0,0.0,0.0,0.0,0.0,0.0,0.0,0.0,0.0,0.0,1.0,0.0,31,Male,3,Intermediate Value Seekers,-0.36282314474976085,2.21982707474071
U00524,2,1,2.0,161,0.3726708074534162,Finance,Beginner/Intermediate,3.445,59.52,0.5,28,0.5,0.5,0.0,0.0,0.0,0.0,0.0,0.0,0.0,1.0,0.0,0.0,0.0,0.0,0.0,24,Male,2,Power Learners,0.5674025629330165,0.25714072239984825
U00525,1,1,1.0,0,1.0,Digital Marketing,Intermediate,4.66,0.0,0.0,146,0.0,1.0,0.0,0.0,0.0,0.0,0.0,0.0,1.0,0.0,0.0,0.0,0.0,0.0,0.0,31,Male,3,Intermediate Value Seekers,-1.7375531214362971,-1.0522263962367804
U00526,1,1,1.0,0,1.0,Artificial Intelligence,Beginner,3.64,0.0,0.0,90,1.0,0.0,0.0,1.0,0.0,0.0,0.0,0.0,0.0,0.0,0.0,0.0,0.0,0.0,0.0,24,Male,0,Premium Explorers,-1.0400089112068986,1.212050134244037
U00527,2,2,1.0,163,0.36809815950920244,Marketing/Digital Marketing,Intermediate/Advanced,3.8200000000000003,0.0,0.0,27,0.0,0.5,0.5,0.0,0.0,0.0,0.0,0.0,0.5,0.0,0.0,0.5,0.0,0.0,0.0,18,Male,3,Intermediate Value Seekers,0.17486075929117403,-2.2902936267810667
U00528,1,1,1.0,0,1.0,Programming,Beginner,1.28,0.0,0.0,160,1.0,0.0,0.0,0.0,0.0,0.0,0.0,0.0,0.0,0.0,0.0,0.0,1.0,0.0,0.0,26,Female,4,Beginner Explorers,-1.4997841030228867,0.39352084014209937
U00529,2,2,1.0,112,0.5357142857142857,Web Development/Marketing,Beginner/Advanced,2.105,0.0,0.0,9,0.5,0.0,0.5,0.0,0.0,0.0,0.0,0.0,0.0,0.0,0.0,0.5,0.0,0.0,0.5,25,Male,1,Advanced Single-Shot Learners,0.32092047878446867,-1.6296138197904528
U00530,1,1,1.0,0,1.0,Finance,Beginner,2.47,53.86,1.0,170,1.0,0.0,0.0,0.0,0.0,0.0,0.0,0.0,0.0,1.0,0.0,0.0,0.0,0.0,0.0,35,Female,4,Beginner Explorers,-0.7554681682991599,2.0729639191428917
U00531,2,2,1.0,187,0.32085561497326204,Cybersecurity/Digital Marketing,Beginner/Intermediate,2.8950000000000005,197.13,0.5,84,0.5,0.5,0.0,0.0,0.0,0.5,0.0,0.0,0.5,0.0,0.0,0.0,0.0,0.0,0.0,24,Male,2,Power Learners,0.9294964791929675,0.363111983582681
U00532,1,1,1.0,0,1.0,Programming,Beginner,4.74,472.28,1.0,323,1.0,0.0,0.0,0.0,0.0,0.0,0.0,0.0,0.0,0.0,0.0,0.0,1.0,0.0,0.0,15,Female,4,Beginner Explorers,-0.9230011663011808,2.787946718686336
U00533,2,2,1.0,121,0.49586776859504134,Design/Marketing,Intermediate/Advanced,3.665,0.0,0.0,67,0.0,0.5,0.5,0.0,0.0,0.0,0.0,0.5,0.0,0.0,0.0,0.5,0.0,0.0,0.0,29,Male,1,Advanced Single-Shot Learners,-0.0676034962314709,-2.530696350692227
U00534,4,4,1.0,306,0.3921568627450981,Digital Marketing/Marketing/Web Development/Machine Learning,Beginner/Advanced,2.83,44.335,0.25,20,0.5,0.0,0.5,0.0,0.0,0.0,0.0,0.0,0.25,0.0,0.25,0.25,0.0,0.0,0.25,27,Female,2,Power Learners,1.868028330745923,-0.8577922684896707
U00535,2,2,1.0,18,2.0,Artificial Intelligence/Cybersecurity,Intermediate,3.52,207.755,0.5,178,0.0,1.0,0.0,0.5,0.0,0.5,0.0,0.0,0.0,0.0,0.0,0.0,0.0,0.0,0.0,23,Male,0,Premium Explorers,0.5137834486700511,0.794980998819586
U00536,1,1,1.0,0,1.0,Project Management,Intermediate,3.45,0.0,0.0,363,0.0,1.0,0.0,0.0,0.0,0.0,0.0,0.0,0.0,0.0,0.0,0.0,0.0,1.0,0.0,35,Female,3,Intermediate Value Seekers,-2.3242864311985794,0.24178627102903655
U00537,2,2,1.0,192,0.3125,Marketing/Project Management,Advanced,3.01,173.355,0.5,32,0.0,0.0,1.0,0.0,0.0,0.0,0.0,0.0,0.0,0.0,0.0,0.5,0.0,0.5,0.0,25,Female,1,Advanced Single-Shot Learners,1.1743510584400199,-0.13174631306841908
U00538,1,1,1.0,0,1.0,Business,Advanced,3.15,0.0,0.0,267,0.0,0.0,1.0,0.0,1.0,0.0,0.0,0.0,0.0,0.0,0.0,0.0,0.0,0.0,0.0,20,Male,1,Advanced Single-Shot Learners,-1.906225714739407,-0.11848536094292712
U00539,1,1,1.0,0,1.0,Data Science,Beginner,3.74,299.57,1.0,255,1.0,0.0,0.0,0.0,0.0,0.0,1.0,0.0,0.0,0.0,0.0,0.0,0.0,0.0,0.0,25,Male,4,Beginner Explorers,-0.7901571875948564,2.7785292775782917
U00540,1,1,1.0,0,1.0,Finance,Beginner,2.47,53.86,1.0,39,1.0,0.0,0.0,0.0,0.0,0.0,0.0,0.0,0.0,1.0,0.0,0.0,0.0,0.0,0.0,15,Male,4,Beginner Explorers,-0.3126306692465992,1.9351984610575892
U00541,3,3,1.0,148,0.6081081081081081,Design/Digital Marketing/Data Science,Advanced,3.39,110.02333333333333,0.6666666666666666,115,0.0,0.0,1.0,0.0,0.0,0.0,0.3333333333333333,0.3333333333333333,0.3333333333333333,0.0,0.0,0.0,0.0,0.0,0.0,19,Male,1,Advanced Single-Shot Learners,1.3159132063749346,0.0625661343177576
U00542,1,1,1.0,0,1.0,Business,Advanced,3.15,0.0,0.0,98,0.0,0.0,1.0,0.0,1.0,0.0,0.0,0.0,0.0,0.0,0.0,0.0,0.0,0.0,0.0,32,Male,1,Advanced Single-Shot Learners,-1.358026929082412,-0.3763933651683073
U00543,13,10,1.3,314,1.2420382165605095,Artificial Intelligence/Digital Marketing/Project Management,Intermediate,2.907692307692308,105.47846153846152,0.38461538461538464,24,0.38461538461538464,0.46153846153846156,0.15384615384615385,0.15384615384615385,0.0,0.07692307692307693,0.07692307692307693,0.0,0.15384615384615385,0.07692307692307693,0.07692307692307693,0.07692307692307693,0.07692307692307693,0.15384615384615385,0.07692307692307693,18,Female,2,Power Learners,3.6583895780670166,-0.4593047287140233
U00544,1,1,1.0,0,1.0,Programming,Beginner,3.85,0.0,0.0,83,1.0,0.0,0.0,0.0,0.0,0.0,0.0,0.0,0.0,0.0,0.0,0.0,1.0,0.0,0.0,30,Male,4,Beginner Explorers,-1.336882083610057,0.0005556073372123589
U00545,1,1,1.0,0,1.0,Artificial Intelligence,Beginner,3.64,0.0,0.0,136,1.0,0.0,0.0,1.0,0.0,0.0,0.0,0.0,0.0,0.0,0.0,0.0,0.0,0.0,0.0,18,Female,0,Premium Explorers,-1.1657655219569862,1.276236055610032
U00546,1,1,1.0,0,1.0,Finance,Intermediate,4.1,0.0,0.0,181,0.0,1.0,0.0,0.0,0.0,0.0,0.0,0.0,0.0,1.0,0.0,0.0,0.0,0.0,0.0,25,Male,3,Intermediate Value Seekers,-1.9070797540390796,-1.084289120124682
U00547,1,1,1.0,0,1.0,Digital Marketing,Advanced,3.89,177.34,1.0,130,0.0,0.0,1.0,0.0,0.0,0.0,0.0,0.0,1.0,0.0,0.0,0.0,0.0,0.0,0.0,19,Female,1,Advanced Single-Shot Learners,-0.47944637188860306,1.3924112182850856
U00548,14,9,1.5555555555555556,280,1.5,Cybersecurity/Business,Advanced,2.852857142857143,137.2892857142857,0.42857142857142855,27,0.21428571428571427,0.35714285714285715,0.42857142857142855,0.07142857142857142,0.21428571428571427,0.21428571428571427,0.07142857142857142,0.0,0.07142857142857142,0.14285714285714285,0.07142857142857142,0.07142857142857142,0.0,0.07142857142857142,0.0,32,Female,2,Power Learners,3.6162486373799907,-0.6506098763254425
U00549,1,1,1.0,0,1.0,Finance,Beginner,2.47,53.86,1.0,232,1.0,0.0,0.0,0.0,0.0,0.0,0.0,0.0,0.0,1.0,0.0,0.0,0.0,0.0,0.0,17,Female,4,Beginner Explorers,-0.9390272195025574,2.1914089087799766
U00550,2,2,1.0,34,1.7647058823529411,Design/Web Development,Advanced,2.6399999999999997,0.0,0.0,267,0.0,0.0,1.0,0.0,0.0,0.0,0.0,0.5,0.0,0.0,0.0,0.0,0.0,0.0,0.5,17,Male,1,Advanced Single-Shot Learners,-0.6168733265618257,-1.33777601531787
U00551,4,4,1.0,64,1.875,Web Development/Finance/Digital Marketing/Data Science,Beginner/Advanced,4.1049999999999995,58.665,0.5,73,0.5,0.0,0.5,0.0,0.0,0.0,0.25,0.0,0.25,0.25,0.0,0.0,0.0,0.0,0.25,35,Male,2,Power Learners,1.7332043509311468,0.07068891474630283
U00552,2,2,1.0,241,0.24896265560165975,Programming/Machine Learning,Beginner,2.005,0.0,0.0,21,1.0,0.0,0.0,0.0,0.0,0.0,0.0,0.0,0.0,0.0,0.5,0.0,0.5,0.0,0.0,30,Female,4,Beginner Explorers,0.41392209715762146,-0.8685415379014936
U00553,2,2,1.0,34,1.7647058823529411,Design/Business,Advanced,3.225,0.0,0.0,78,0.0,0.0,1.0,0.0,0.5,0.0,0.0,0.5,0.0,0.0,0.0,0.0,0.0,0.0,0.0,15,Male,1,Advanced Single-Shot Learners,0.03383432621220085,-1.4286357938150658
U00554,1,1,1.0,0,1.0,Business,Beginner,1.96,285.05,1.0,168,1.0,0.0,0.0,0.0,1.0,0.0,0.0,0.0,0.0,0.0,0.0,0.0,0.0,0.0,0.0,18,Male,1,Advanced Single-Shot Learners,-0.3370299623328115,3.1872128886962034
U00555,1,1,1.0,0,1.0,Artificial Intelligence,Intermediate,3.11,415.51,1.0,1,0.0,1.0,0.0,1.0,0.0,0.0,0.0,0.0,0.0,0.0,0.0,0.0,0.0,0.0,0.0,17,Female,0,Premium Explorers,0.32929114662586445,2.7819073849374325
U00556,14,9,1.5555555555555556,356,1.1797752808988764,Design,Beginner,3.281428571428571,93.97999999999999,0.35714285714285715,8,0.5714285714285714,0.0,0.42857142857142855,0.14285714285714285,0.0,0.07142857142857142,0.07142857142857142,0.21428571428571427,0.0,0.0,0.14285714285714285,0.07142857142857142,0.14285714285714285,0.07142857142857142,0.07142857142857142,25,Female,2,Power Learners,3.6562972079980716,-0.6554603368304736
U00557,2,2,1.0,57,1.0526315789473684,Marketing/Machine Learning,Advanced,4.34,0.39,0.5,255,0.0,0.0,1.0,0.0,0.0,0.0,0.0,0.0,0.0,0.0,0.5,0.5,0.0,0.0,0.0,31,Male,1,Advanced Single-Shot Learners,-0.5083009810748702,-1.5558397706774223
U00558,1,1,1.0,0,1.0,Finance,Beginner,4.14,0.0,0.0,98,1.0,0.0,0.0,0.0,0.0,0.0,0.0,0.0,0.0,1.0,0.0,0.0,0.0,0.0,0.0,32,Male,4,Beginner Explorers,-1.4877317933291119,-0.33892216000442665
U00559,11,9,1.2222222222222223,285,1.1578947368421053,Data Science/Artificial Intelligence,Beginner,2.5172727272727276,65.38272727272728,0.36363636363636365,14,0.5454545454545454,0.09090909090909091,0.36363636363636365,0.18181818181818182,0.0,0.09090909090909091,0.18181818181818182,0.09090909090909091,0.09090909090909091,0.09090909090909091,0.09090909090909091,0.09090909090909091,0.0,0.0,0.09090909090909091,20,Male,2,Power Learners,3.3964375257194046,-0.49939243417877605
U00560,2,2,1.0,8,2.0,Data Science/Artificial Intelligence,Beginner,4.145,395.235,1.0,328,1.0,0.0,0.0,0.5,0.0,0.0,0.5,0.0,0.0,0.0,0.0,0.0,0.0,0.0,0.0,32,Male,0,Premium Explorers,0.355173129019752,3.0566050505762674
U00561,1,1,1.0,0,1.0,Project Management,Beginner,4.68,0.0,0.0,48,1.0,0.0,0.0,0.0,0.0,0.0,0.0,0.0,0.0,0.0,0.0,0.0,0.0,1.0,0.0,33,Male,4,Beginner Explorers,-1.1712952424165075,0.5548050374189023
U00562,15,10,1.5,314,1.4331210191082802,Finance,Advanced,2.4859999999999998,106.56333333333333,0.5333333333333333,2,0.4,0.13333333333333333,0.4666666666666667,0.06666666666666667,0.06666666666666667,0.06666666666666667,0.06666666666666667,0.0,0.13333333333333333,0.2,0.06666666666666667,0.0,0.06666666666666667,0.13333333333333333,0.13333333333333333,23,Female,2,Power Learners,3.92858524378984,-0.2588298690579516
U00563,2,2,1.0,98,0.6122448979591837,Digital Marketing/Business,Beginner/Advanced,3.22,0.0,0.0,143,0.5,0.0,0.5,0.0,0.5,0.0,0.0,0.0,0.5,0.0,0.0,0.0,0.0,0.0,0.0,31,Female,1,Advanced Single-Shot Learners,-0.058733322615070686,-0.6866954280510539
U00564,1,1,1.0,0,1.0,Finance,Beginner,2.47,53.86,1.0,74,1.0,0.0,0.0,0.0,0.0,0.0,0.0,0.0,0.0,1.0,0.0,0.0,0.0,0.0,0.0,15,Male,4,Beginner Explorers,-0.42937150190912315,1.9842564014468038
U00565,2,2,1.0,201,0.29850746268656714,Digital Marketing/Artificial Intelligence,Beginner,1.67,124.05,0.5,146,1.0,0.0,0.0,0.5,0.0,0.0,0.0,0.0,0.5,0.0,0.0,0.0,0.0,0.0,0.0,28,Male,0,Premium Explorers,1.0216533419511131,1.8752098472974796
U00566,2,2,1.0,202,0.297029702970297,Machine Learning/Digital Marketing,Intermediate/Advanced,4.275,0.39,0.5,15,0.0,0.5,0.5,0.0,0.0,0.0,0.0,0.0,0.5,0.0,0.5,0.0,0.0,0.0,0.0,31,Male,3,Intermediate Value Seekers,0.43935492095264234,-1.306558616622287
U00567,1,1,1.0,0,1.0,Business,Beginner,1.96,285.05,1.0,286,1.0,0.0,0.0,0.0,1.0,0.0,0.0,0.0,0.0,0.0,0.0,0.0,0.0,0.0,0.0,20,Male,1,Advanced Single-Shot Learners,-0.7331954516044238,3.349103524760263
U00568,1,1,1.0,0,1.0,Business,Advanced,3.15,0.0,0.0,109,0.0,0.0,1.0,0.0,1.0,0.0,0.0,0.0,0.0,0.0,0.0,0.0,0.0,0.0,0.0,16,Female,1,Advanced Single-Shot Learners,-1.3541321542658873,-0.3437418550936425
U00569,14,7,2.0,317,1.3249211356466877,Project Management,Advanced,3.0750000000000006,75.96071428571427,0.35714285714285715,12,0.21428571428571427,0.2857142857142857,0.5,0.0,0.0,0.0,0.07142857142857142,0.07142857142857142,0.07142857142857142,0.21428571428571427,0.07142857142857142,0.0,0.0,0.2857142857142857,0.21428571428571427,15,Female,2,Power Learners,3.3922988093151862,-0.6661631662905937
U00570,14,9,1.5555555555555556,350,1.2,Artificial Intelligence,Beginner,3.4992857142857146,55.54785714285714,0.2857142857142857,4,0.5,0.21428571428571427,0.2857142857142857,0.21428571428571427,0.07142857142857142,0.14285714285714285,0.07142857142857142,0.0,0.14285714285714285,0.0,0.07142857142857142,0.14285714285714285,0.07142857142857142,0.0,0.07142857142857142,27,Male,2,Power Learners,3.561381482740315,-0.8285503276336618
U00571,2,2,1.0,26,2.0,Finance/Design,Beginner,4.324999999999999,0.0,0.0,310,1.0,0.0,0.0,0.0,0.0,0.0,0.0,0.5,0.0,0.5,0.0,0.0,0.0,0.0,0.0,22,Female,4,Beginner Explorers,-0.7875378494950116,-0.7294018970503973
U00572,13,9,1.4444444444444444,343,1.1370262390670554,Programming/Web Development/Cybersecurity/Data Science,Advanced,3.1284615384615386,43.636923076923075,0.3076923076923077,5,0.3076923076923077,0.3076923076923077,0.38461538461538464,0.07692307692307693,0.0,0.15384615384615385,0.15384615384615385,0.0,0.07692307692307693,0.0,0.07692307692307693,0.07692307692307693,0.15384615384615385,0.07692307692307693,0.15384615384615385,32,Male,2,Power Learners,3.418302543146708,-0.9949622620196275
U00573,11,8,1.375,304,1.0855263157894737,Machine Learning/Cybersecurity/Data Science,Intermediate,3.0790909090909095,95.20818181818181,0.45454545454545453,60,0.2727272727272727,0.45454545454545453,0.2727272727272727,0.09090909090909091,0.0,0.18181818181818182,0.18181818181818182,0.0,0.09090909090909091,0.09090909090909091,0.18181818181818182,0.09090909090909091,0.0,0.09090909090909091,0.0,30,Male,2,Power Learners,3.1147600976508243,-0.6364347956055856
U00574,14,9,1.5555555555555556,325,1.2923076923076922,Artificial Intelligence/Project Management/Design/Web Development/Cybersecurity,Advanced,2.6185714285714288,55.686428571428564,0.35714285714285715,30,0.07142857142857142,0.42857142857142855,0.5,0.14285714285714285,0.0,0.14285714285714285,0.0,0.14285714285714285,0.07142857142857142,0.0,0.07142857142857142,0.07142857142857142,0.07142857142857142,0.14285714285714285,0.14285714285714285,33,Female,2,Power Learners,3.466286649994524,-1.0000543116436598
U00575,1,1,1.0,0,1.0,Finance,Intermediate,4.1,0.0,0.0,132,0.0,1.0,0.0,0.0,0.0,0.0,0.0,0.0,0.0,1.0,0.0,0.0,0.0,0.0,0.0,35,Male,3,Intermediate Value Seekers,-1.7565531412156346,-1.1704937657674657
U00576,13,9,1.4444444444444444,311,1.2540192926045015,Digital Marketing,Advanced,3.3969230769230774,77.05692307692308,0.38461538461538464,13,0.23076923076923078,0.3076923076923077,0.46153846153846156,0.07692307692307693,0.15384615384615385,0.15384615384615385,0.07692307692307693,0.07692307692307693,0.23076923076923078,0.07692307692307693,0.0,0.07692307692307693,0.0,0.0,0.07692307692307693,16,Male,2,Power Learners,3.5022055334846693,-0.8769834519582467
U00577,1,1,1.0,0,1.0,Project Management,Intermediate,4.84,342.61,1.0,272,0.0,1.0,0.0,0.0,0.0,0.0,0.0,0.0,0.0,0.0,0.0,0.0,0.0,1.0,0.0,17,Female,3,Intermediate Value Seekers,-0.8785055965909446,2.466230472148032
U00578,1,1,1.0,0,1.0,Digital Marketing,Intermediate,4.66,0.0,0.0,354,0.0,1.0,0.0,0.0,0.0,0.0,0.0,0.0,1.0,0.0,0.0,0.0,0.0,0.0,0.0,26,Male,3,Intermediate Value Seekers,-2.424871936235823,-0.7519203002319375
U00579,1,1,1.0,0,1.0,Programming,Beginner,3.85,0.0,0.0,82,1.0,0.0,0.0,0.0,0.0,0.0,0.0,0.0,0.0,0.0,0.0,0.0,1.0,0.0,0.0,34,Male,4,Beginner Explorers,-1.3387108524099058,-0.007855459741633082
U00580,3,3,1.0,225,0.4,Finance/Web Development/Cybersecurity,Beginner,2.75,0.0,0.0,91,0.6666666666666666,0.3333333333333333,0.0,0.0,0.0,0.3333333333333333,0.0,0.0,0.0,0.3333333333333333,0.0,0.0,0.0,0.0,0.3333333333333333,24,Female,4,Beginner Explorers,0.5902896318409913,-1.2485013593614824
U00581,2,2,1.0,137,0.43795620437956206,Artificial Intelligence/Web Development,Intermediate/Advanced,2.675,44.795,0.5,47,0.0,0.5,0.5,0.5,0.0,0.0,0.0,0.0,0.0,0.0,0.0,0.0,0.0,0.0,0.5,32,Female,0,Premium Explorers,1.060352227265234,0.6166308109874559
U00582,1,1,1.0,0,1.0,Programming,Beginner,2.88,0.0,0.0,95,1.0,0.0,0.0,0.0,0.0,0.0,0.0,0.0,0.0,0.0,0.0,0.0,1.0,0.0,0.0,26,Male,4,Beginner Explorers,-1.3457624918095277,0.1333995603885361
U00583,1,1,1.0,0,1.0,Cybersecurity,Advanced,2.38,0.0,0.0,305,0.0,0.0,1.0,0.0,0.0,1.0,0.0,0.0,0.0,0.0,0.0,0.0,0.0,0.0,0.0,21,Female,1,Advanced Single-Shot Learners,-2.265221254586621,-1.1032887011621995
U00584,14,8,1.75,344,1.2209302325581395,Finance,Intermediate,2.7164285714285716,182.84642857142856,0.6428571428571429,5,0.14285714285714285,0.5,0.35714285714285715,0.14285714285714285,0.0,0.14285714285714285,0.14285714285714285,0.07142857142857142,0.0,0.21428571428571427,0.07142857142857142,0.07142857142857142,0.0,0.14285714285714285,0.0,31,Female,2,Power Learners,3.7040704857189994,-0.315709645434254
U00585,2,2,1.0,116,0.5172413793103449,Machine Learning/Web Development,Beginner,2.2249999999999996,0.0,0.0,30,1.0,0.0,0.0,0.0,0.0,0.0,0.0,0.0,0.0,0.0,0.5,0.0,0.0,0.0,0.5,19,Female,4,Beginner Explorers,0.3073474030705896,-0.858608604455871
U00586,1,1,1.0,0,1.0,Data Science,Beginner,3.74,299.57,1.0,102,1.0,0.0,0.0,0.0,0.0,0.0,1.0,0.0,0.0,0.0,0.0,0.0,0.0,0.0,0.0,21,Male,4,Beginner Explorers,-0.2746687550799027,2.571085406944595
U00587,2,2,1.0,232,0.25862068965517243,Project Management/Programming,Beginner/Advanced,2.54,173.355,0.5,105,0.5,0.0,0.5,0.0,0.0,0.0,0.0,0.0,0.0,0.0,0.0,0.0,0.5,0.5,0.0,22,Female,2,Power Learners,1.0825790903325685,1.1920496857155833
U00588,1,1,1.0,0,1.0,Web Development,Advanced,4.74,57.32,1.0,233,0.0,0.0,1.0,0.0,0.0,0.0,0.0,0.0,0.0,0.0,0.0,0.0,0.0,0.0,1.0,24,Male,1,Advanced Single-Shot Learners,-0.9875734983450734,1.3261540870956803
U00589,1,1,1.0,0,1.0,Design,Advanced,1.52,0.0,0.0,264,0.0,0.0,1.0,0.0,0.0,0.0,0.0,1.0,0.0,0.0,0.0,0.0,0.0,0.0,0.0,19,Female,1,Advanced Single-Shot Learners,-2.0583242428652886,-1.133806699767956
U00590,1,1,1.0,0,1.0,Business,Advanced,3.15,0.0,0.0,31,0.0,0.0,1.0,0.0,1.0,0.0,0.0,0.0,0.0,0.0,0.0,0.0,0.0,0.0,0.0,19,Male,1,Advanced Single-Shot Learners,-1.1177679020674087,-0.4475236918004107
U00591,2,2,1.0,177,0.3389830508474576,Digital Marketing/Data Science,Beginner/Intermediate,2.87,0.0,0.0,146,0.5,0.5,0.0,0.0,0.0,0.0,0.5,0.0,0.5,0.0,0.0,0.0,0.0,0.0,0.0,35,Male,4,Beginner Explorers,-0.11286309394537504,-0.8447686014817993
U00592,14,8,1.75,291,1.4432989690721651,Data Science/Artificial Intelligence/Programming/Cybersecurity/Machine Learning/Marketing,Beginner,3.405714285714286,68.79857142857142,0.14285714285714285,54,0.5,0.2857142857142857,0.21428571428571427,0.14285714285714285,0.0,0.14285714285714285,0.14285714285714285,0.07142857142857142,0.0,0.0,0.14285714285714285,0.14285714285714285,0.14285714285714285,0.0,0.07142857142857142,18,Female,2,Power Learners,3.253605433391697,-1.0633824778575323
U00593,2,2,1.0,128,0.46875,Artificial Intelligence/Marketing,Intermediate/Advanced,2.3449999999999998,44.795,0.5,159,0.0,0.5,0.5,0.5,0.0,0.0,0.0,0.0,0.0,0.0,0.0,0.5,0.0,0.0,0.0,23,Male,0,Premium Explorers,0.5978343837796083,0.13931122375571728
U00594,1,1,1.0,0,1.0,Programming,Beginner,3.85,0.0,0.0,63,1.0,0.0,0.0,0.0,0.0,0.0,0.0,0.0,0.0,0.0,0.0,0.0,1.0,0.0,0.0,20,Male,4,Beginner Explorers,-1.2572624834702408,-0.009953972358740362
U00595,14,9,1.5555555555555556,344,1.2209302325581395,Design,Beginner,2.6028571428571423,76.81857142857143,0.2857142857142857,16,0.42857142857142855,0.21428571428571427,0.35714285714285715,0.07142857142857142,0.14285714285714285,0.0,0.07142857142857142,0.21428571428571427,0.07142857142857142,0.0,0.14285714285714285,0.0,0.14285714285714285,0.07142857142857142,0.07142857142857142,29,Male,2,Power Learners,3.554110545711709,-0.7078349465403643
U00596,2,2,1.0,8,2.0,Digital Marketing/Web Development,Beginner/Advanced,3.605,88.67,0.5,195,0.5,0.0,0.5,0.0,0.0,0.0,0.0,0.0,0.5,0.0,0.0,0.0,0.0,0.0,0.5,26,Male,1,Advanced Single-Shot Learners,0.2598110853779054,0.7932663897317707
U00597,1,1,1.0,0,1.0,Artificial Intelligence,Beginner,1.2,248.1,1.0,104,1.0,0.0,0.0,1.0,0.0,0.0,0.0,0.0,0.0,0.0,0.0,0.0,0.0,0.0,0.0,28,Female,0,Premium Explorers,0.10677371935754254,3.9056133866306144
U00598,1,1,1.0,0,1.0,Artificial Intelligence,Intermediate,3.11,415.51,1.0,84,0.0,1.0,0.0,1.0,0.0,0.0,0.0,0.0,0.0,0.0,0.0,0.0,0.0,0.0,0.0,28,Male,0,Premium Explorers,0.01831912625346252,2.8897732507427416
U00599,1,1,1.0,0,1.0,Machine Learning,Intermediate,1.73,0.0,0.0,117,0.0,1.0,0.0,0.0,0.0,0.0,0.0,0.0,0.0,0.0,1.0,0.0,0.0,0.0,0.0,33,Male,3,Intermediate Value Seekers,-1.7106035500901335,-1.432127137412063
U00600,1,1,1.0,0,1.0,Digital Marketing,Beginner,2.14,0.0,0.0,50,1.0,0.0,0.0,0.0,0.0,0.0,0.0,0.0,1.0,0.0,0.0,0.0,0.0,0.0,0.0,21,Male,4,Beginner Explorers,-1.1843284582411597,-0.007582121378670131
U00601,1,1,1.0,0,1.0,Web Development,Advanced,2.67,0.0,0.0,57,0.0,0.0,1.0,0.0,0.0,0.0,0.0,0.0,0.0,0.0,0.0,0.0,0.0,0.0,1.0,24,Male,1,Advanced Single-Shot Learners,-1.2648762184605937,-0.8384857246870736
U00602,3,3,1.0,223,0.40358744394618834,Digital Marketing/Programming/Project Management,Beginner,3.85,0.0,0.0,10,0.6666666666666666,0.3333333333333333,0.0,0.0,0.0,0.0,0.0,0.0,0.3333333333333333,0.0,0.0,0.0,0.3333333333333333,0.3333333333333333,0.0,25,Female,4,Beginner Explorers,0.93455947339337,-0.9339443741989487
U00603,2,2,1.0,212,0.2830188679245283,Finance/Machine Learning,Intermediate/Advanced,3.995,0.39,0.5,98,0.0,0.5,0.5,0.0,0.0,0.0,0.0,0.0,0.0,0.5,0.5,0.0,0.0,0.0,0.0,35,Male,3,Intermediate Value Seekers,0.13384771279963922,-1.245960784767178
U00604,14,9,1.5555555555555556,254,1.6535433070866141,Machine Learning,Beginner/Advanced,2.8435714285714284,47.31714285714286,0.21428571428571427,36,0.42857142857142855,0.14285714285714285,0.42857142857142855,0.14285714285714285,0.0,0.07142857142857142,0.07142857142857142,0.07142857142857142,0.0,0.14285714285714285,0.21428571428571427,0.07142857142857142,0.07142857142857142,0.0,0.14285714285714285,30,Female,2,Power Learners,3.4003408505204673,-1.0575171168533861
U00605,3,3,1.0,144,0.625,Marketing/Data Science/Artificial Intelligence,Beginner/Intermediate/Advanced,3.643333333333333,39.22666666666667,0.3333333333333333,50,0.3333333333333333,0.3333333333333333,0.3333333333333333,0.3333333333333333,0.0,0.0,0.3333333333333333,0.0,0.0,0.0,0.0,0.3333333333333333,0.0,0.0,0.0,30,Female,2,Power Learners,1.3717466188045175,-0.24112116441587272
U00606,2,2,1.0,4,2.0,Business/Design,Beginner/Advanced,3.255,0.0,0.0,156,0.5,0.0,0.5,0.0,0.5,0.0,0.0,0.5,0.0,0.0,0.0,0.0,0.0,0.0,0.0,33,Female,1,Advanced Single-Shot Learners,-0.515159235215721,-0.8119733095209103
U00607,2,2,1.0,157,0.38216560509554137,Web Development/Artificial Intelligence,Beginner/Advanced,1.25,142.995,1.0,54,0.5,0.0,0.5,0.5,0.0,0.0,0.0,0.0,0.0,0.0,0.0,0.0,0.0,0.0,0.5,30,Male,0,Premium Explorers,1.492427764030634,2.1442326194071857
U00608,1,1,1.0,0,1.0,Programming,Intermediate,2.43,0.0,0.0,175,0.0,1.0,0.0,0.0,0.0,0.0,0.0,0.0,0.0,0.0,0.0,0.0,1.0,0.0,0.0,31,Male,3,Intermediate Value Seekers,-1.7596151840923047,-0.5911222327046409
U00609,4,4,1.0,254,0.47244094488188976,Business/Design/Project Management/Web Development,Beginner/Advanced,2.8274999999999997,81.9975,0.25,41,0.5,0.0,0.5,0.0,0.25,0.0,0.0,0.25,0.0,0.0,0.0,0.0,0.0,0.25,0.25,33,Female,2,Power Learners,1.9332830442913402,-0.019179449249697653
U00610,1,1,1.0,0,1.0,Marketing,Advanced,4.79,0.0,0.0,281,0.0,0.0,1.0,0.0,0.0,0.0,0.0,0.0,0.0,0.0,0.0,1.0,0.0,0.0,0.0,19,Male,1,Advanced Single-Shot Learners,-2.225500369077238,-2.157913286428262
U00611,2,2,1.0,5,2.0,Data Science/Artificial Intelligence,Intermediate,3.065,207.755,0.5,119,0.0,1.0,0.0,0.5,0.0,0.0,0.5,0.0,0.0,0.0,0.0,0.0,0.0,0.0,0.0,30,Male,0,Premium Explorers,0.5829970332261176,1.216380106138114
U00612,1,1,1.0,0,1.0,Web Development,Advanced,4.74,57.32,1.0,243,0.0,0.0,1.0,0.0,0.0,0.0,0.0,0.0,0.0,0.0,0.0,0.0,0.0,0.0,1.0,23,Male,1,Advanced Single-Shot Learners,-1.0196369666725282,1.3419229944023872
U00613,2,2,1.0,210,0.2857142857142857,Artificial Intelligence/Programming,Beginner,2.915,245.45,0.5,97,1.0,0.0,0.0,0.5,0.0,0.0,0.0,0.0,0.0,0.0,0.0,0.0,0.5,0.0,0.0,24,Male,0,Premium Explorers,1.2609503394285069,1.8806318230057548
U00614,1,1,1.0,0,1.0,Digital Marketing,Beginner,4.44,0.0,0.0,150,1.0,0.0,0.0,0.0,0.0,0.0,0.0,0.0,1.0,0.0,0.0,0.0,0.0,0.0,0.0,23,Female,4,Beginner Explorers,-1.562131895196097,-0.14021403688009454
U00615,1,1,1.0,0,1.0,Business,Advanced,3.15,0.0,0.0,85,0.0,0.0,1.0,0.0,1.0,0.0,0.0,0.0,0.0,0.0,0.0,0.0,0.0,0.0,0.0,20,Male,1,Advanced Single-Shot Learners,-1.299173384894283,-0.3735866509668404
U00616,2,2,1.0,83,0.7228915662650602,Cybersecurity/Digital Marketing,Beginner/Intermediate,3.035,0.0,0.0,58,0.5,0.5,0.0,0.0,0.0,0.5,0.0,0.0,0.5,0.0,0.0,0.0,0.0,0.0,0.0,19,Female,3,Intermediate Value Seekers,0.055363868542578826,-1.3177697985696464
U00617,1,1,1.0,0,1.0,Data Science,Intermediate,3.02,0.0,0.0,102,0.0,1.0,0.0,0.0,0.0,0.0,1.0,0.0,0.0,0.0,0.0,0.0,0.0,0.0,0.0,18,Female,3,Intermediate Value Seekers,-1.5226006524549651,-0.6840745264422757
U00618,1,1,1.0,0,1.0,Digital Marketing,Beginner,2.14,0.0,0.0,185,1.0,0.0,0.0,0.0,0.0,0.0,0.0,0.0,1.0,0.0,0.0,0.0,0.0,0.0,0.0,22,Male,4,Beginner Explorers,-1.6359055823727318,0.1798890100699387
U00619,12,9,1.3333333333333333,345,1.0434782608695652,Cybersecurity/Design/Project Management,Intermediate,3.4450000000000003,53.054166666666674,0.3333333333333333,13,0.16666666666666666,0.5,0.3333333333333333,0.0,0.0,0.16666666666666666,0.08333333333333333,0.16666666666666666,0.08333333333333333,0.08333333333333333,0.08333333333333333,0.0,0.08333333333333333,0.16666666666666666,0.08333333333333333,32,Female,2,Power Learners,3.3065939841702563,-1.1514537747251423
U00620,1,1,1.0,0,1.0,Finance,Advanced,1.59,0.0,0.0,246,0.0,0.0,1.0,0.0,0.0,0.0,0.0,0.0,0.0,1.0,0.0,0.0,0.0,0.0,0.0,30,Male,1,Advanced Single-Shot Learners,-1.9832250848088273,-0.7056442729573719
U00621,2,2,1.0,4,2.0,Web Development/Programming,Beginner/Advanced,1.975,0.0,0.0,12,0.5,0.0,0.5,0.0,0.0,0.0,0.0,0.0,0.0,0.0,0.0,0.0,0.5,0.0,0.5,20,Male,4,Beginner Explorers,0.033658695866295614,-0.6755983612362202
U00622,13,8,1.625,356,1.095505617977528,Data Science,Advanced,3.527692307692308,40.31153846153846,0.15384615384615385,8,0.23076923076923078,0.3076923076923077,0.46153846153846156,0.07692307692307693,0.0,0.0,0.23076923076923078,0.15384615384615385,0.07692307692307693,0.07692307692307693,0.0,0.15384615384615385,0.0,0.15384615384615385,0.07692307692307693,28,Female,2,Power Learners,3.2576768629205373,-1.3272295394568392
U00623,2,2,1.0,143,0.4195804195804196,Finance/Digital Marketing,Intermediate,3.705,59.52,0.5,125,0.0,1.0,0.0,0.0,0.0,0.0,0.0,0.0,0.5,0.5,0.0,0.0,0.0,0.0,0.0,23,Female,3,Intermediate Value Seekers,0.5711244617122627,-0.12256391552941093
U00624,2,2,1.0,72,0.8333333333333334,Web Development/Design,Beginner,3.915,0.0,0.0,237,1.0,0.0,0.0,0.0,0.0,0.0,0.0,0.5,0.0,0.0,0.0,0.0,0.0,0.0,0.5,34,Female,4,Beginner Explorers,-0.4790806981540691,-0.7373852761742252
U00625,4,3,1.3333333333333333,309,0.3883495145631068,Cybersecurity,Intermediate,3.1950000000000003,98.565,0.25,13,0.0,0.75,0.25,0.0,0.0,0.5,0.0,0.0,0.0,0.0,0.25,0.25,0.0,0.0,0.0,28,Male,2,Power Learners,1.5746592999820423,-1.4285341133341043
U00626,1,1,1.0,0,1.0,Digital Marketing,Advanced,3.89,177.34,1.0,229,0.0,0.0,1.0,0.0,0.0,0.0,0.0,0.0,1.0,0.0,0.0,0.0,0.0,0.0,0.0,19,Male,1,Advanced Single-Shot Learners,-0.8295840218550898,1.5419794531331366
U00627,4,3,1.3333333333333333,207,0.5797101449275363,Machine Learning,Beginner,1.945,121.98,0.25,131,0.5,0.25,0.25,0.0,0.25,0.0,0.0,0.0,0.0,0.0,0.5,0.0,0.25,0.0,0.0,34,Female,2,Power Learners,1.396131703220108,-0.021559915841016773
U00628,2,2,1.0,61,0.9836065573770493,Programming/Web Development,Beginner,4.03,236.14,0.5,42,1.0,0.0,0.0,0.0,0.0,0.0,0.0,0.0,0.0,0.0,0.0,0.0,0.5,0.0,0.5,32,Female,4,Beginner Explorers,1.1512173332471907,1.092855556697828
U00629,1,1,1.0,0,1.0,Design,Advanced,2.61,0.0,0.0,228,0.0,0.0,1.0,0.0,0.0,0.0,0.0,1.0,0.0,0.0,0.0,0.0,0.0,0.0,0.0,20,Female,1,Advanced Single-Shot Learners,-1.9687339315732022,-1.3085196763294298
U00630,3,2,1.5,274,0.3284671532846716,Finance,Beginner/Intermediate/Advanced,3.5933333333333337,98.79333333333334,0.6666666666666666,10,0.3333333333333333,0.3333333333333333,0.3333333333333333,0.0,0.0,0.0,0.0,0.0,0.3333333333333333,0.6666666666666666,0.0,0.0,0.0,0.0,0.0,17,Male,2,Power Learners,1.4545611235198568,0.2376946274845917
U00631,2,2,1.0,19,2.0,Cybersecurity/Design,Intermediate/Advanced,4.19,0.0,0.0,342,0.0,0.5,0.5,0.0,0.0,0.5,0.0,0.5,0.0,0.0,0.0,0.0,0.0,0.0,0.0,20,Male,3,Intermediate Value Seekers,-1.1231613282472097,-1.705708085152607
U00632,1,1,1.0,0,1.0,Machine Learning,Advanced,1.81,0.0,0.0,113,0.0,0.0,1.0,0.0,0.0,0.0,0.0,0.0,0.0,0.0,1.0,0.0,0.0,0.0,0.0,26,Female,1,Advanced Single-Shot Learners,-1.5905535499724472,-1.4310530508937622
U00633,14,9,1.5555555555555556,345,1.2173913043478262,Cybersecurity/Digital Marketing/Business/Web Development/Design,Advanced,2.855,84.10357142857143,0.42857142857142855,9,0.14285714285714285,0.35714285714285715,0.5,0.07142857142857142,0.14285714285714285,0.14285714285714285,0.0,0.14285714285714285,0.14285714285714285,0.07142857142857142,0.07142857142857142,0.0,0.07142857142857142,0.0,0.14285714285714285,35,Female,2,Power Learners,3.602013230181608,-0.8819625159961363
U00634,3,2,1.5,141,0.6382978723404255,Design,Advanced,3.44,92.12333333333333,0.3333333333333333,120,0.0,0.0,1.0,0.0,0.3333333333333333,0.0,0.0,0.6666666666666666,0.0,0.0,0.0,0.0,0.0,0.0,0.0,15,Female,1,Advanced Single-Shot Learners,0.9046858830572369,-0.4491496519720982
U00635,1,1,1.0,0,1.0,Machine Learning,Intermediate,4.73,0.0,0.0,279,0.0,1.0,0.0,0.0,0.0,0.0,0.0,0.0,0.0,0.0,1.0,0.0,0.0,0.0,0.0,26,Female,3,Intermediate Value Seekers,-2.3023345660541397,-1.5407556243048155
U00636,13,10,1.3,346,1.1271676300578035,Business/Design/Data Science,Beginner,3.174615384615384,130.9023076923077,0.3076923076923077,6,0.38461538461538464,0.3076923076923077,0.3076923076923077,0.07692307692307693,0.15384615384615385,0.07692307692307693,0.15384615384615385,0.15384615384615385,0.07692307692307693,0.07692307692307693,0.0,0.07692307692307693,0.07692307692307693,0.07692307692307693,0.0,21,Female,2,Power Learners,3.6924072266694647,-0.7085773617510226
U00637,2,2,1.0,330,0.18181818181818182,Programming/Web Development,Beginner/Advanced,4.74,264.8,1.0,13,0.5,0.0,0.5,0.0,0.0,0.0,0.0,0.0,0.0,0.0,0.0,0.0,0.5,0.0,0.5,22,Female,2,Power Learners,1.6004649414656091,1.1817301767695227
U00638,2,1,2.0,22,2.0,Web Development,Advanced,3.705,28.66,0.5,294,0.0,0.0,1.0,0.0,0.0,0.0,0.0,0.0,0.0,0.0,0.0,0.0,0.0,0.0,1.0,19,Female,1,Advanced Single-Shot Learners,-0.406511004484401,0.39401337468976005
U00639,14,8,1.75,345,1.2173913043478262,Cybersecurity/Finance,Advanced,3.0192857142857146,72.20428571428572,0.35714285714285715,15,0.2857142857142857,0.2857142857142857,0.42857142857142855,0.0,0.07142857142857142,0.21428571428571427,0.14285714285714285,0.07142857142857142,0.0,0.21428571428571427,0.0,0.14285714285714285,0.07142857142857142,0.0,0.07142857142857142,33,Female,2,Power Learners,3.3976232457738798,-1.1259471700477681
U00640,1,1,1.0,0,1.0,Artificial Intelligence,Beginner,4.55,490.9,1.0,304,1.0,0.0,0.0,1.0,0.0,0.0,0.0,0.0,0.0,0.0,0.0,0.0,0.0,0.0,0.0,31,Male,0,Premium Explorers,-0.5831282253192124,3.940097773971087
U00641,1,1,1.0,0,1.0,Project Management,Intermediate,4.84,342.61,1.0,43,0.0,1.0,0.0,0.0,0.0,0.0,0.0,0.0,0.0,0.0,0.0,0.0,0.0,1.0,0.0,32,Male,3,Intermediate Value Seekers,-0.1539807012476266,2.1297704291303368
U00642,2,2,1.0,113,0.5309734513274337,Web Development/Business,Beginner/Advanced,2.66,0.0,0.0,135,0.5,0.0,0.5,0.0,0.5,0.0,0.0,0.0,0.0,0.0,0.0,0.0,0.0,0.0,0.5,17,Male,1,Advanced Single-Shot Learners,0.012017866413318597,-0.5636294903262663
U00643,1,1,1.0,0,1.0,Project Management,Beginner,1.51,327.99,1.0,30,1.0,0.0,0.0,0.0,0.0,0.0,0.0,0.0,0.0,0.0,0.0,0.0,0.0,1.0,0.0,20,Female,4,Beginner Explorers,0.16080974082379185,3.3664912588355294
U00644,1,1,1.0,0,1.0,Programming,Beginner,2.88,0.0,0.0,231,1.0,0.0,0.0,0.0,0.0,0.0,0.0,0.0,0.0,0.0,0.0,0.0,1.0,0.0,0.0,20,Female,4,Beginner Explorers,-1.771709815120391,0.32373447132679584
U00645,1,1,1.0,0,1.0,Data Science,Beginner,3.74,299.57,1.0,152,1.0,0.0,0.0,0.0,0.0,0.0,1.0,0.0,0.0,0.0,0.0,0.0,0.0,0.0,0.0,23,Female,4,Beginner Explorers,-0.4240956176004062,2.62685912679105
U00646,1,1,1.0,0,1.0,Programming,Beginner,2.88,0.0,0.0,178,1.0,0.0,0.0,0.0,0.0,0.0,0.0,0.0,0.0,0.0,0.0,0.0,1.0,0.0,0.0,29,Female,4,Beginner Explorers,-1.6065503375593913,0.2336755568350332
U00647,1,1,1.0,0,1.0,Business,Advanced,3.64,487.92,1.0,349,0.0,0.0,1.0,0.0,1.0,0.0,0.0,0.0,0.0,0.0,0.0,0.0,0.0,0.0,0.0,26,Female,1,Advanced Single-Shot Learners,-0.9774071351842856,2.461576780411375
U00648,2,2,1.0,23,2.0,Programming/Digital Marketing,Beginner/Intermediate,4.7,236.14,0.5,312,0.5,0.5,0.0,0.0,0.0,0.0,0.0,0.0,0.5,0.0,0.0,0.0,0.5,0.0,0.0,19,Male,4,Beginner Explorers,0.10840723819204419,0.9968556801319775
U00649,1,1,1.0,0,1.0,Artificial Intelligence,Intermediate,3.11,415.51,1.0,37,0.0,1.0,0.0,1.0,0.0,0.0,0.0,0.0,0.0,0.0,0.0,0.0,0.0,0.0,0.0,32,Male,0,Premium Explorers,0.16992116609578778,2.816886033438072
U00650,1,1,1.0,0,1.0,Marketing,Intermediate,4.72,0.0,0.0,309,0.0,1.0,0.0,0.0,0.0,0.0,0.0,0.0,0.0,0.0,0.0,1.0,0.0,0.0,0.0,26,Female,3,Intermediate Value Seekers,-2.386013336866987,-2.1480801976716544
U00651,4,3,1.3333333333333333,233,0.5150214592274678,Programming,Beginner,3.3425000000000002,74.095,0.5,62,0.5,0.25,0.25,0.0,0.0,0.0,0.0,0.0,0.25,0.25,0.0,0.0,0.5,0.0,0.0,29,Male,2,Power Learners,1.648866737531623,0.19354336257662086
U00652,2,2,1.0,67,0.8955223880597015,Web Development/Cybersecurity,Beginner/Intermediate,2.335,197.13,0.5,274,0.5,0.5,0.0,0.0,0.0,0.5,0.0,0.0,0.0,0.0,0.0,0.0,0.0,0.0,0.5,16,Female,4,Beginner Explorers,0.2544242364354492,0.7987973601682222
U00653,1,1,1.0,0,1.0,Project Management,Advanced,1.23,346.71,1.0,184,0.0,0.0,1.0,0.0,0.0,0.0,0.0,0.0,0.0,0.0,0.0,0.0,0.0,1.0,0.0,15,Male,1,Advanced Single-Shot Learners,-0.4241729993863766,2.7792985620649313
U00654,2,2,1.0,246,0.24390243902439027,Finance/Programming,Beginner,1.875,26.93,0.5,79,1.0,0.0,0.0,0.0,0.0,0.0,0.0,0.0,0.0,0.5,0.0,0.0,0.5,0.0,0.0,24,Male,4,Beginner Explorers,0.8826225177518017,0.8163768192114105
U00655,1,1,1.0,0,1.0,Finance,Beginner,2.47,53.86,1.0,304,1.0,0.0,0.0,0.0,0.0,0.0,0.0,0.0,0.0,1.0,0.0,0.0,0.0,0.0,0.0,33,Female,4,Beginner Explorers,-1.1998366741977196,2.264290453881174
U00656,1,1,1.0,0,1.0,Finance,Beginner,4.14,0.0,0.0,250,1.0,0.0,0.0,0.0,0.0,0.0,0.0,0.0,0.0,1.0,0.0,0.0,0.0,0.0,0.0,31,Male,4,Beginner Explorers,-1.9934294970302353,-0.12411818026147994
U00657,1,1,1.0,0,1.0,Artificial Intelligence,Intermediate,2.68,89.59,1.0,146,0.0,1.0,0.0,1.0,0.0,0.0,0.0,0.0,0.0,0.0,0.0,0.0,0.0,0.0,0.0,23,Male,0,Premium Explorers,-0.37390239449955937,2.753278024689209
U00658,1,1,1.0,0,1.0,Digital Marketing,Intermediate,4.66,0.0,0.0,2,0.0,1.0,0.0,0.0,0.0,0.0,0.0,0.0,1.0,0.0,0.0,0.0,0.0,0.0,0.0,23,Female,3,Intermediate Value Seekers,-1.2269916728661516,-1.2508503025926565
U00659,2,2,1.0,18,2.0,Finance/Project Management,Beginner,4.41,0.0,0.0,116,1.0,0.0,0.0,0.0,0.0,0.0,0.0,0.0,0.0,0.5,0.0,0.0,0.0,0.5,0.0,33,Male,4,Beginner Explorers,-0.1326637580779505,-0.24912894896942153
U00660,2,2,1.0,40,1.5,Artificial Intelligence/Business,Intermediate/Advanced,3.16,288.755,1.0,195,0.0,0.5,0.5,0.5,0.5,0.0,0.0,0.0,0.0,0.0,0.0,0.0,0.0,0.0,0.0,22,Male,0,Premium Explorers,0.945149571420658,2.141898223308638
U00661,4,3,1.3333333333333333,265,0.45283018867924524,Programming,Intermediate,2.87,53.0975,0.25,57,0.25,0.5,0.25,0.0,0.0,0.0,0.25,0.0,0.25,0.0,0.0,0.0,0.5,0.0,0.0,23,Female,2,Power Learners,1.559833694427146,-0.3018360557309344
U00662,1,1,1.0,0,1.0,Business,Beginner,1.96,285.05,1.0,27,1.0,0.0,0.0,0.0,1.0,0.0,0.0,0.0,0.0,0.0,0.0,0.0,0.0,0.0,0.0,30,Female,1,Advanced Single-Shot Learners,0.1377040233437981,2.957746890463635
U00663,1,1,1.0,0,1.0,Business,Beginner,1.96,285.05,1.0,144,1.0,0.0,0.0,0.0,1.0,0.0,0.0,0.0,0.0,0.0,0.0,0.0,0.0,0.0,0.0,35,Male,1,Advanced Single-Shot Learners,-0.27892704558688813,3.123783158677197
U00664,1,1,1.0,0,1.0,Data Science,Advanced,2.57,117.68,1.0,316,0.0,0.0,1.0,0.0,0.0,0.0,1.0,0.0,0.0,0.0,0.0,0.0,0.0,0.0,0.0,17,Male,1,Advanced Single-Shot Learners,-1.1485743079921755,1.974435353897318
U00665,1,1,1.0,0,1.0,Web Development,Advanced,1.3,37.89,1.0,204,0.0,0.0,1.0,0.0,0.0,0.0,0.0,0.0,0.0,0.0,0.0,0.0,0.0,0.0,1.0,35,Male,1,Advanced Single-Shot Learners,-0.8669332028592208,1.578338731599762
U00666,12,9,1.3333333333333333,328,1.0975609756097562,Project Management,Advanced,2.910833333333333,80.81,0.3333333333333333,33,0.25,0.25,0.5,0.0,0.08333333333333333,0.08333333333333333,0.16666666666666666,0.08333333333333333,0.08333333333333333,0.08333333333333333,0.08333333333333333,0.08333333333333333,0.0,0.25,0.0,30,Female,2,Power Learners,3.361375683849548,-0.7997750763382545
U00667,2,2,1.0,58,1.0344827586206897,Marketing/Digital Marketing,Advanced,3.065,106.195,0.5,144,0.0,0.0,1.0,0.0,0.0,0.0,0.0,0.0,0.5,0.0,0.0,0.5,0.0,0.0,0.0,18,Female,1,Advanced Single-Shot Learners,0.5855034943838733,-0.4256280602740619
U00668,2,2,1.0,33,1.8181818181818181,Programming/Marketing,Beginner/Advanced,4.32,0.0,0.0,330,0.5,0.0,0.5,0.0,0.0,0.0,0.0,0.0,0.0,0.0,0.0,0.5,0.5,0.0,0.0,34,Female,4,Beginner Explorers,-0.8461291191098668,-1.3502873316555892
U00669,1,1,1.0,0,1.0,Artificial Intelligence,Beginner,1.2,248.1,1.0,352,1.0,0.0,0.0,1.0,0.0,0.0,0.0,0.0,0.0,0.0,0.0,0.0,0.0,0.0,0.0,20,Female,0,Premium Explorers,-0.7100900240422129,4.267242758952494
U00670,2,2,1.0,145,0.4137931034482759,Cybersecurity/Finance,Beginner/Intermediate,4.52,0.0,0.0,115,0.5,0.5,0.0,0.0,0.0,0.5,0.0,0.0,0.0,0.5,0.0,0.0,0.0,0.0,0.0,17,Male,3,Intermediate Value Seekers,-0.17297358736789956,-1.4998680755198135
U00671,1,1,1.0,0,1.0,Business,Advanced,3.15,0.0,0.0,274,0.0,0.0,1.0,0.0,1.0,0.0,0.0,0.0,0.0,0.0,0.0,0.0,0.0,0.0,0.0,18,Female,1,Advanced Single-Shot Learners,-1.9070639045414601,-0.11597341336406711
U00672,1,1,1.0,0,1.0,Marketing,Intermediate,4.11,0.0,0.0,83,0.0,1.0,0.0,0.0,0.0,0.0,0.0,0.0,0.0,0.0,0.0,1.0,0.0,0.0,0.0,15,Male,3,Intermediate Value Seekers,-1.62158892046252,-2.3662184776406425
U00673,2,2,1.0,21,2.0,Web Development/Project Management,Intermediate/Advanced,3.07,190.25,1.0,177,0.0,0.5,0.5,0.0,0.0,0.0,0.0,0.0,0.0,0.0,0.0,0.0,0.0,0.5,0.5,24,Female,1,Advanced Single-Shot Learners,0.7780499518568281,1.601711758141029
U00674,1,1,1.0,0,1.0,Business,Advanced,2.0,0.0,0.0,361,0.0,0.0,1.0,0.0,1.0,0.0,0.0,0.0,0.0,0.0,0.0,0.0,0.0,0.0,0.0,21,Male,1,Advanced Single-Shot Learners,-2.1902473138651803,0.14076210114455212
U00675,1,1,1.0,0,1.0,Marketing,Advanced,2.01,0.0,0.0,303,0.0,0.0,1.0,0.0,0.0,0.0,0.0,0.0,0.0,0.0,0.0,1.0,0.0,0.0,0.0,20,Female,1,Advanced Single-Shot Learners,-2.2057830759862624,-1.8271997519032728
U00676,2,2,1.0,18,2.0,Marketing/Design,Advanced,3.1550000000000002,0.0,0.0,102,0.0,0.0,1.0,0.0,0.0,0.0,0.0,0.5,0.0,0.0,0.0,0.5,0.0,0.0,0.0,32,Male,1,Advanced Single-Shot Learners,-0.259045591139936,-2.318686055362049
U00677,1,1,1.0,0,1.0,Artificial Intelligence,Intermediate,3.11,415.51,1.0,220,0.0,1.0,0.0,1.0,0.0,0.0,0.0,0.0,0.0,0.0,0.0,0.0,0.0,0.0,0.0,35,Female,0,Premium Explorers,-0.4244119158327151,3.057327573853752
U00678,1,1,1.0,0,1.0,Finance,Beginner,4.14,0.0,0.0,354,1.0,0.0,0.0,0.0,0.0,0.0,0.0,0.0,0.0,1.0,0.0,0.0,0.0,0.0,0.0,33,Female,4,Beginner Explorers,-2.322970787087203,0.007344933328334019
U00679,1,1,1.0,0,1.0,Design,Advanced,2.72,276.37,1.0,131,0.0,0.0,1.0,0.0,0.0,0.0,0.0,1.0,0.0,0.0,0.0,0.0,0.0,0.0,0.0,28,Male,1,Advanced Single-Shot Learners,-0.5507039302669898,0.9772383502408145
U00680,1,1,1.0,0,1.0,Business,Advanced,3.64,487.92,1.0,55,0.0,0.0,1.0,0.0,1.0,0.0,0.0,0.0,0.0,0.0,0.0,0.0,0.0,0.0,0.0,35,Female,1,Advanced Single-Shot Learners,-0.008403638432764851,2.0337189049538806
U00681,2,2,1.0,5,2.0,Project Management/Business,Intermediate/Advanced,3.3,0.0,0.0,312,0.0,0.5,0.5,0.0,0.5,0.0,0.0,0.0,0.0,0.0,0.0,0.0,0.0,0.5,0.0,32,Male,1,Advanced Single-Shot Learners,-0.9901703766870462,-0.2885907551549326
U00682,1,1,1.0,0,1.0,Digital Marketing,Beginner,4.44,0.0,0.0,29,1.0,0.0,0.0,0.0,0.0,0.0,0.0,0.0,1.0,0.0,0.0,0.0,0.0,0.0,0.0,33,Male,4,Beginner Explorers,-1.1913805784736655,-0.31653352786213035
U00683,1,1,1.0,0,1.0,Design,Advanced,2.61,0.0,0.0,273,0.0,0.0,1.0,0.0,0.0,0.0,0.0,1.0,0.0,0.0,0.0,0.0,0.0,0.0,0.0,20,Female,1,Advanced Single-Shot Learners,-2.1188292878535893,-1.2454451815432974
U00684,3,2,1.5,44,2.0454545454545454,Design,Advanced,3.0666666666666664,0.0,0.0,204,0.3333333333333333,0.0,0.6666666666666666,0.0,0.0,0.0,0.0,0.6666666666666666,0.3333333333333333,0.0,0.0,0.0,0.0,0.0,0.0,28,Female,1,Advanced Single-Shot Learners,-0.13066848155396907,-1.4526609820595848
U00685,1,1,1.0,0,1.0,Business,Advanced,3.64,487.92,1.0,329,0.0,0.0,1.0,0.0,1.0,0.0,0.0,0.0,0.0,0.0,0.0,0.0,0.0,0.0,0.0,29,Female,1,Advanced Single-Shot Learners,-0.9145712538197841,2.428286612888173
U00686,1,1,1.0,0,1.0,Web Development,Beginner,2.2,0.0,0.0,41,1.0,0.0,0.0,0.0,0.0,0.0,0.0,0.0,0.0,0.0,0.0,0.0,0.0,0.0,1.0,35,Female,4,Beginner Explorers,-1.120465597086709,0.026085901252478415
U00687,15,11,1.3636363636363635,332,1.355421686746988,Web Development,Beginner,2.8059999999999996,118.366,0.5333333333333333,30,0.4,0.26666666666666666,0.3333333333333333,0.13333333333333333,0.06666666666666667,0.06666666666666667,0.06666666666666667,0.06666666666666667,0.13333333333333333,0.06666666666666667,0.06666666666666667,0.06666666666666667,0.06666666666666667,0.0,0.2,29,Female,2,Power Learners,3.9044665385988697,-0.4077802122106379
U00688,2,1,2.0,211,0.2843601895734597,Machine Learning,Advanced,2.85,0.39,0.5,63,0.0,0.0,1.0,0.0,0.0,0.0,0.0,0.0,0.0,0.0,1.0,0.0,0.0,0.0,0.0,30,Female,1,Advanced Single-Shot Learners,-0.05447907827018802,-1.2937593914725047
U00689,2,2,1.0,23,2.0,Design/Machine Learning,Intermediate/Advanced,3.67,0.0,0.0,306,0.0,0.5,0.5,0.0,0.0,0.0,0.0,0.5,0.0,0.0,0.5,0.0,0.0,0.0,0.0,19,Female,1,Advanced Single-Shot Learners,-0.9219870799426784,-1.7752839949200947
U00690,1,1,1.0,0,1.0,Digital Marketing,Intermediate,4.66,0.0,0.0,304,0.0,1.0,0.0,0.0,0.0,0.0,0.0,0.0,1.0,0.0,0.0,0.0,0.0,0.0,0.0,29,Female,3,Intermediate Value Seekers,-2.2420446178680957,-0.8380644772644538
U00691,1,1,1.0,0,1.0,Design,Advanced,2.61,0.0,0.0,55,0.0,0.0,1.0,0.0,0.0,0.0,0.0,1.0,0.0,0.0,0.0,0.0,0.0,0.0,0.0,16,Female,1,Advanced Single-Shot Learners,-1.3865364518225203,-1.5439966557569633
U00692,1,1,1.0,0,1.0,Project Management,Intermediate,3.45,0.0,0.0,10,0.0,1.0,0.0,0.0,0.0,0.0,0.0,0.0,0.0,0.0,0.0,0.0,0.0,1.0,0.0,27,Male,3,Intermediate Value Seekers,-1.1564711713143447,-0.2281749295853133
U00693,1,1,1.0,0,1.0,Web Development,Advanced,4.74,57.32,1.0,344,0.0,0.0,1.0,0.0,0.0,0.0,0.0,0.0,0.0,0.0,0.0,0.0,0.0,0.0,1.0,35,Female,1,Advanced Single-Shot Learners,-1.3520824525482265,1.4516576125752416
U00694,1,1,1.0,0,1.0,Data Science,Intermediate,3.6,0.0,0.0,65,0.0,1.0,0.0,0.0,0.0,0.0,1.0,0.0,0.0,0.0,0.0,0.0,0.0,0.0,0.0,33,Female,3,Intermediate Value Seekers,-1.434089655155508,-0.8274051045111054
U00695,1,1,1.0,0,1.0,Design,Advanced,4.45,0.0,0.0,211,0.0,0.0,1.0,0.0,0.0,0.0,0.0,1.0,0.0,0.0,0.0,0.0,0.0,0.0,0.0,31,Female,1,Advanced Single-Shot Learners,-1.975516014693422,-1.5584144266778406
U00696,1,1,1.0,0,1.0,Project Management,Intermediate,3.45,0.0,0.0,220,0.0,1.0,0.0,0.0,0.0,0.0,0.0,0.0,0.0,0.0,0.0,0.0,0.0,1.0,0.0,25,Male,3,Intermediate Value Seekers,-1.8543340567086701,0.06967741856954826
U00697,1,1,1.0,0,1.0,Programming,Beginner,3.85,0.0,0.0,314,1.0,0.0,0.0,0.0,0.0,0.0,0.0,0.0,0.0,0.0,0.0,0.0,1.0,0.0,0.0,32,Female,4,Beginner Explorers,-2.0900258236138978,0.31002896176788874
U00698,2,2,1.0,48,1.25,Marketing/Web Development,Advanced,3.045,18.945,0.5,164,0.0,0.0,1.0,0.0,0.0,0.0,0.0,0.0,0.0,0.0,0.0,0.5,0.0,0.0,0.5,32,Female,1,Advanced Single-Shot Learners,0.2907291533063086,-0.675120577628875
U00699,2,2,1.0,228,0.2631578947368421,Machine Learning/Marketing,Intermediate/Advanced,3.2649999999999997,0.0,0.0,126,0.0,0.5,0.5,0.0,0.0,0.0,0.0,0.0,0.0,0.0,0.5,0.5,0.0,0.0,0.0,20,Male,3,Intermediate Value Seekers,-0.17002321786337277,-2.4453323595227574
U00700,1,1,1.0,0,1.0,Data Science,Advanced,2.57,117.68,1.0,258,0.0,0.0,1.0,0.0,0.0,0.0,1.0,0.0,0.0,0.0,0.0,0.0,0.0,0.0,0.0,25,Male,1,Advanced Single-Shot Learners,-0.9654465133318352,1.8791205151168844
U00701,14,10,1.4,341,1.2316715542521994,Business/Machine Learning/Project Management/Cybersecurity,Intermediate/Advanced,3.005,102.54785714285715,0.35714285714285715,10,0.2857142857142857,0.35714285714285715,0.35714285714285715,0.07142857142857142,0.14285714285714285,0.14285714285714285,0.07142857142857142,0.07142857142857142,0.07142857142857142,0.0,0.14285714285714285,0.07142857142857142,0.0,0.14285714285714285,0.07142857142857142,32,Male,2,Power Learners,3.6774607645772686,-0.8132975177646534
U00702,3,3,1.0,99,0.9090909090909092,Web Development/Design/Finance,Advanced,2.5066666666666664,0.0,0.0,5,0.3333333333333333,0.0,0.6666666666666666,0.0,0.0,0.0,0.0,0.3333333333333333,0.0,0.3333333333333333,0.0,0.0,0.0,0.0,0.3333333333333333,22,Female,1,Advanced Single-Shot Learners,0.8274599233122916,-1.5990516387735103
U00703,3,3,1.0,144,0.625,Cybersecurity/Artificial Intelligence/Finance,Beginner/Intermediate/Advanced,2.6533333333333338,156.45666666666668,0.6666666666666666,185,0.3333333333333333,0.3333333333333333,0.3333333333333333,0.3333333333333333,0.0,0.3333333333333333,0.0,0.0,0.0,0.3333333333333333,0.0,0.0,0.0,0.0,0.0,32,Female,2,Power Learners,1.21834681183154,0.899879142846882
U00704,13,8,1.625,273,1.4285714285714286,Project Management,Beginner,3.5061538461538464,117.55692307692308,0.46153846153846156,52,0.38461538461538464,0.3076923076923077,0.3076923076923077,0.15384615384615385,0.0,0.0,0.07692307692307693,0.15384615384615385,0.15384615384615385,0.0,0.07692307692307693,0.07692307692307693,0.07692307692307693,0.23076923076923078,0.0,30,Male,2,Power Learners,3.392928005443779,-0.2814695849229251
U00705,1,1,1.0,0,1.0,Marketing,Advanced,4.79,0.0,0.0,251,0.0,0.0,1.0,0.0,0.0,0.0,0.0,0.0,0.0,0.0,0.0,1.0,0.0,0.0,0.0,15,Male,1,Advanced Single-Shot Learners,-2.120272577062011,-2.192953537979864
U00706,2,2,1.0,173,0.3468208092485549,Data Science/Business,Beginner/Advanced,3.6900000000000004,393.745,1.0,56,0.5,0.0,0.5,0.0,0.5,0.0,0.5,0.0,0.0,0.0,0.0,0.0,0.0,0.0,0.0,21,Male,2,Power Learners,1.445292739783273,1.7525813038637565
U00707,1,1,1.0,0,1.0,Design,Beginner,4.51,0.0,0.0,226,1.0,0.0,0.0,0.0,0.0,0.0,0.0,1.0,0.0,0.0,0.0,0.0,0.0,0.0,0.0,29,Male,4,Beginner Explorers,-1.9717721243470903,-0.665566921593999
U00708,1,1,1.0,0,1.0,Marketing,Intermediate,4.72,0.0,0.0,328,0.0,1.0,0.0,0.0,0.0,0.0,0.0,0.0,0.0,0.0,0.0,1.0,0.0,0.0,0.0,29,Female,3,Intermediate Value Seekers,-2.4532600976121546,-2.1267058030468746
U00709,14,10,1.4,349,1.2034383954154728,Digital Marketing,Beginner/Advanced,3.509285714285714,74.49428571428572,0.21428571428571427,1,0.35714285714285715,0.2857142857142857,0.35714285714285715,0.0,0.07142857142857142,0.07142857142857142,0.0,0.07142857142857142,0.21428571428571427,0.07142857142857142,0.07142857142857142,0.14285714285714285,0.07142857142857142,0.07142857142857142,0.14285714285714285,23,Female,2,Power Learners,3.616284906499912,-1.2888428622719394
U00710,1,1,1.0,0,1.0,Artificial Intelligence,Beginner,1.2,248.1,1.0,238,1.0,0.0,0.0,1.0,0.0,0.0,0.0,0.0,0.0,0.0,0.0,0.0,0.0,0.0,0.0,19,Male,0,Premium Explorers,-0.34848526565778876,4.120010738055974
U00711,2,2,1.0,63,0.9523809523809523,Project Management/Web Development,Beginner,2.415,163.995,0.5,294,1.0,0.0,0.0,0.0,0.0,0.0,0.0,0.0,0.0,0.0,0.0,0.0,0.0,0.5,0.5,27,Male,4,Beginner Explorers,0.3309145681387913,1.9296528526943606
U00712,2,2,1.0,208,0.28846153846153844,Finance/Business,Intermediate/Advanced,3.05,0.0,0.0,156,0.0,0.5,0.5,0.0,0.5,0.0,0.0,0.0,0.0,0.5,0.0,0.0,0.0,0.0,0.0,27,Female,1,Advanced Single-Shot Learners,-0.11644139187524985,-1.2031632366570728
U00713,1,1,1.0,0,1.0,Programming,Beginner,4.74,472.28,1.0,360,1.0,0.0,0.0,0.0,0.0,0.0,0.0,0.0,0.0,0.0,0.0,0.0,1.0,0.0,0.0,17,Female,4,Beginner Explorers,-1.0489950142680953,2.836303264135357
U00714,3,3,1.0,254,0.3543307086614173,Data Science/Design/Digital Marketing,Beginner,4.273333333333333,0.0,0.0,64,0.6666666666666666,0.3333333333333333,0.0,0.0,0.0,0.0,0.3333333333333333,0.3333333333333333,0.3333333333333333,0.0,0.0,0.0,0.0,0.0,0.0,25,Male,4,Beginner Explorers,0.6584883399215787,-1.380200362291908
U00715,1,1,1.0,0,1.0,Business,Advanced,3.15,0.0,0.0,312,0.0,0.0,1.0,0.0,1.0,0.0,0.0,0.0,0.0,0.0,0.0,0.0,0.0,0.0,0.0,25,Female,1,Advanced Single-Shot Learners,-2.0428484813222054,-0.07497697702429636
U00716,4,3,1.3333333333333333,157,0.7643312101910827,Data Science,Advanced,3.005,73.755,0.5,78,0.25,0.25,0.5,0.0,0.0,0.25,0.5,0.0,0.25,0.0,0.0,0.0,0.0,0.0,0.0,29,Male,2,Power Learners,1.5121388848344874,-0.007731280605376289
U00717,1,1,1.0,0,1.0,Cybersecurity,Intermediate,1.91,0.0,0.0,171,0.0,1.0,0.0,0.0,0.0,1.0,0.0,0.0,0.0,0.0,0.0,0.0,0.0,0.0,0.0,34,Female,3,Intermediate Value Seekers,-1.90235140612078,-1.2752790591528005
U00718,2,2,1.0,261,0.2298850574712644,Programming/Business,Beginner,2.42,142.525,0.5,74,1.0,0.0,0.0,0.0,0.5,0.0,0.0,0.0,0.0,0.0,0.0,0.0,0.5,0.0,0.0,27,Female,4,Beginner Explorers,1.215688350618011,1.3871561023129984
U00719,1,1,1.0,0,1.0,Data Science,Advanced,2.57,117.68,1.0,95,0.0,0.0,1.0,0.0,0.0,0.0,1.0,0.0,0.0,0.0,0.0,0.0,0.0,0.0,0.0,25,Female,1,Advanced Single-Shot Learners,-0.4018399122110189,1.6398463321285563
U00720,1,1,1.0,0,1.0,Artificial Intelligence,Intermediate,3.11,415.51,1.0,10,0.0,1.0,0.0,1.0,0.0,0.0,0.0,0.0,0.0,0.0,0.0,0.0,0.0,0.0,0.0,17,Female,0,Premium Explorers,0.29927207536978695,2.7945222838946586
U00721,1,1,1.0,0,1.0,Design,Advanced,2.61,0.0,0.0,272,0.0,0.0,1.0,0.0,0.0,0.0,0.0,1.0,0.0,0.0,0.0,0.0,0.0,0.0,0.0,20,Female,1,Advanced Single-Shot Learners,-2.115493835491803,-1.2468468369829893
U00722,3,3,1.0,91,0.989010989010989,Business/Design/Machine Learning,Advanced,1.9500000000000002,92.12333333333333,0.3333333333333333,118,0.3333333333333333,0.0,0.6666666666666666,0.0,0.3333333333333333,0.0,0.0,0.3333333333333333,0.0,0.0,0.3333333333333333,0.0,0.0,0.0,0.0,16,Female,1,Advanced Single-Shot Learners,1.198674301275592,-0.07440497602554987
U00723,14,10,1.4,297,1.4141414141414141,Project Management,Beginner/Advanced,3.0942857142857148,86.68999999999998,0.42857142857142855,41,0.35714285714285715,0.2857142857142857,0.35714285714285715,0.07142857142857142,0.14285714285714285,0.07142857142857142,0.07142857142857142,0.07142857142857142,0.07142857142857142,0.0,0.0,0.07142857142857142,0.14285714285714285,0.21428571428571427,0.07142857142857142,35,Male,2,Power Learners,3.626021505768681,-0.42480814143202333
U00724,15,9,1.6666666666666667,301,1.495016611295681,Business/Design,Intermediate,3.5306666666666664,91.72066666666666,0.26666666666666666,46,0.26666666666666666,0.4,0.3333333333333333,0.06666666666666667,0.2,0.06666666666666667,0.0,0.2,0.06666666666666667,0.0,0.0,0.13333333333333333,0.13333333333333333,0.06666666666666667,0.06666666666666667,16,Female,2,Power Learners,3.515603579422588,-1.0103518041843669
U00725,1,1,1.0,0,1.0,Web Development,Beginner,3.32,0.0,0.0,235,1.0,0.0,0.0,0.0,0.0,0.0,0.0,0.0,0.0,0.0,0.0,0.0,0.0,0.0,1.0,28,Female,4,Beginner Explorers,-1.788504416547594,0.1844009111767048
U00726,1,1,1.0,0,1.0,Programming,Beginner,4.74,472.28,1.0,290,1.0,0.0,0.0,0.0,0.0,0.0,0.0,0.0,0.0,0.0,0.0,0.0,1.0,0.0,0.0,26,Female,4,Beginner Explorers,-0.8271328465567268,2.722416207168833
U00727,4,3,1.3333333333333333,212,0.5660377358490566,Digital Marketing,Advanced,3.0225,97.4325,0.5,60,0.0,0.0,1.0,0.0,0.0,0.25,0.0,0.0,0.5,0.0,0.0,0.0,0.0,0.0,0.25,33,Female,2,Power Learners,1.665730324759057,-0.32641047655098293
U00728,1,1,1.0,0,1.0,Marketing,Intermediate,4.11,0.0,0.0,88,0.0,1.0,0.0,0.0,0.0,0.0,0.0,0.0,0.0,0.0,0.0,1.0,0.0,0.0,0.0,17,Male,3,Intermediate Value Seekers,-1.6408482928522699,-2.3627149062617603
U00729,2,2,1.0,163,0.36809815950920244,Programming/Marketing,Beginner/Advanced,3.835,0.0,0.0,194,0.5,0.0,0.5,0.0,0.0,0.0,0.0,0.0,0.0,0.0,0.0,0.5,0.5,0.0,0.0,30,Male,4,Beginner Explorers,-0.31427862485561053,-1.5547806624917873
U00730,2,2,1.0,53,1.1320754716981132,Marketing/Business,Advanced,3.31,243.96,0.5,140,0.0,0.0,1.0,0.0,0.5,0.0,0.0,0.0,0.0,0.0,0.0,0.5,0.0,0.0,0.0,30,Male,1,Advanced Single-Shot Learners,0.7150179794084588,-0.031866148362382316
U00731,2,2,1.0,134,0.44776119402985076,Business/Web Development,Beginner,2.6399999999999997,142.525,0.5,105,1.0,0.0,0.0,0.0,0.5,0.0,0.0,0.0,0.0,0.0,0.0,0.0,0.0,0.0,0.5,16,Male,4,Beginner Explorers,1.0202270431297835,1.4351646103551081
U00732,1,1,1.0,0,1.0,Cybersecurity,Intermediate,1.35,394.26,1.0,185,0.0,1.0,0.0,0.0,0.0,1.0,0.0,0.0,0.0,0.0,0.0,0.0,0.0,0.0,0.0,22,Male,3,Intermediate Value Seekers,-0.7635674767455904,1.3415290592802882
U00733,1,1,1.0,0,1.0,Design,Advanced,2.61,0.0,0.0,248,0.0,0.0,1.0,0.0,0.0,0.0,0.0,1.0,0.0,0.0,0.0,0.0,0.0,0.0,0.0,28,Female,1,Advanced Single-Shot Learners,-2.0457714211322,-1.2945053908139006
U00734,4,3,1.3333333333333333,234,0.5128205128205129,Data Science,Advanced,2.7875,74.8925,0.25,28,0.25,0.25,0.5,0.0,0.0,0.25,0.5,0.0,0.0,0.0,0.0,0.25,0.0,0.0,0.0,20,Male,2,Power Learners,1.6080444041074697,-0.7372632756491068
U00735,2,2,1.0,117,0.5128205128205129,Digital Marketing/Business,Advanced,2.575,106.195,0.5,240,0.0,0.0,1.0,0.0,0.5,0.0,0.0,0.0,0.5,0.0,0.0,0.0,0.0,0.0,0.0,17,Male,1,Advanced Single-Shot Learners,0.42669971601466483,0.6757568492680472
U00736,1,1,1.0,0,1.0,Machine Learning,Intermediate,4.73,0.0,0.0,162,0.0,1.0,0.0,0.0,0.0,0.0,0.0,0.0,0.0,0.0,1.0,0.0,0.0,0.0,0.0,19,Female,3,Intermediate Value Seekers,-1.903049252692269,-1.6924828403802414
U00737,2,2,1.0,106,0.5660377358490566,Data Science/Artificial Intelligence,Intermediate/Advanced,2.625,103.635,1.0,230,0.0,0.5,0.5,0.5,0.0,0.0,0.5,0.0,0.0,0.0,0.0,0.0,0.0,0.0,0.0,18,Male,0,Premium Explorers,0.6973382035826241,1.855030962834803
U00738,3,3,1.0,184,0.48913043478260865,Web Development/Cybersecurity/Digital Marketing,Advanced,3.1300000000000003,83.42666666666666,0.6666666666666666,96,0.3333333333333333,0.0,0.6666666666666666,0.0,0.0,0.3333333333333333,0.0,0.0,0.3333333333333333,0.0,0.0,0.0,0.0,0.0,0.3333333333333333,29,Female,2,Power Learners,1.403979088177413,0.23797995627425145
U00739,1,1,1.0,0,1.0,Finance,Intermediate,4.1,0.0,0.0,349,0.0,1.0,0.0,0.0,0.0,0.0,0.0,0.0,0.0,1.0,0.0,0.0,0.0,0.0,0.0,25,Female,3,Intermediate Value Seekers,-2.4475078846695597,-0.8596153525750139
U00740,1,1,1.0,0,1.0,Project Management,Beginner,1.51,327.99,1.0,97,1.0,0.0,0.0,0.0,0.0,0.0,0.0,0.0,0.0,0.0,0.0,0.0,0.0,1.0,0.0,34,Female,4,Beginner Explorers,-0.08074034148162025,3.4358692325578444
U00741,4,3,1.3333333333333333,274,0.43795620437956206,Finance,Intermediate,4.1125,115.41250000000001,0.5,21,0.25,0.75,0.0,0.0,0.0,0.0,0.0,0.0,0.0,0.5,0.0,0.25,0.0,0.25,0.0,33,Female,2,Power Learners,1.762248665060002,-0.35487249960263784
U00742,1,1,1.0,0,1.0,Project Management,Beginner,1.51,327.99,1.0,292,1.0,0.0,0.0,0.0,0.0,0.0,0.0,0.0,0.0,0.0,0.0,0.0,0.0,1.0,0.0,29,Male,4,Beginner Explorers,-0.744626141727557,3.7287581541652535
U00743,4,3,1.3333333333333333,175,0.6857142857142857,Programming,Beginner/Advanced,1.96,9.4725,0.25,66,0.5,0.0,0.5,0.0,0.0,0.25,0.0,0.0,0.0,0.0,0.0,0.0,0.5,0.0,0.25,19,Male,2,Power Learners,1.3052923929371225,-0.3979506238709319
U00744,1,1,1.0,0,1.0,Marketing,Advanced,2.98,0.0,0.0,14,0.0,0.0,1.0,0.0,0.0,0.0,0.0,0.0,0.0,0.0,0.0,1.0,0.0,0.0,0.0,15,Male,1,Advanced Single-Shot Learners,-1.281290732107915,-2.321726739242579
U00745,2,2,1.0,147,0.4081632653061224,Business/Design,Advanced,2.335,0.0,0.0,39,0.0,0.0,1.0,0.0,0.5,0.0,0.0,0.5,0.0,0.0,0.0,0.0,0.0,0.0,0.0,29,Female,1,Advanced Single-Shot Learners,0.2589570054464643,-1.4973368749341114
U00746,2,2,1.0,230,0.2608695652173913,Business/Design,Advanced,2.3600000000000003,138.185,0.5,50,0.0,0.0,1.0,0.0,0.5,0.0,0.0,0.5,0.0,0.0,0.0,0.0,0.0,0.0,0.0,28,Male,1,Advanced Single-Shot Learners,1.1100068962774137,0.11002142193267357
U00747,1,1,1.0,0,1.0,Web Development,Beginner,2.2,0.0,0.0,68,1.0,0.0,0.0,0.0,0.0,0.0,0.0,0.0,0.0,0.0,0.0,0.0,0.0,0.0,1.0,28,Female,4,Beginner Explorers,-1.20148542382208,0.07619706849267671
U00748,2,2,1.0,290,0.20689655172413796,Business/Web Development,Advanced,2.335,0.0,0.0,60,0.0,0.0,1.0,0.0,0.5,0.0,0.0,0.0,0.0,0.0,0.0,0.0,0.0,0.0,0.5,30,Female,1,Advanced Single-Shot Learners,0.362237438723706,-1.1542372184554408
U00749,1,1,1.0,0,1.0,Marketing,Intermediate,4.72,0.0,0.0,36,0.0,1.0,0.0,0.0,0.0,0.0,0.0,0.0,0.0,0.0,0.0,1.0,0.0,0.0,0.0,18,Male,3,Intermediate Value Seekers,-1.4850342659256643,-2.5059089631106577
U00750,1,1,1.0,0,1.0,Business,Advanced,3.64,487.92,1.0,258,0.0,0.0,1.0,0.0,1.0,0.0,0.0,0.0,0.0,0.0,0.0,0.0,0.0,0.0,0.0,23,Female,1,Advanced Single-Shot Learners,-0.6700078043904971,2.339283194128783
U00751,1,1,1.0,0,1.0,Programming,Beginner,1.28,0.0,0.0,312,1.0,0.0,0.0,0.0,0.0,0.0,0.0,0.0,0.0,0.0,0.0,0.0,1.0,0.0,0.0,19,Male,4,Beginner Explorers,-2.0176633411311906,0.6296432836623359
U00752,13,9,1.4444444444444444,277,1.407942238267148,Programming/Design/Finance/Marketing,Beginner/Advanced,2.8469230769230762,128.20384615384617,0.38461538461538464,78,0.38461538461538464,0.23076923076923078,0.38461538461538464,0.07692307692307693,0.0,0.07692307692307693,0.07692307692307693,0.15384615384615385,0.0,0.15384615384615385,0.0,0.15384615384615385,0.15384615384615385,0.07692307692307693,0.07692307692307693,30,Male,2,Power Learners,3.3489180865987773,-0.6278395837306506
U00753,2,2,1.0,193,0.31088082901554404,Marketing/Programming,Beginner/Intermediate,3.495,0.0,0.0,116,0.5,0.5,0.0,0.0,0.0,0.0,0.0,0.0,0.0,0.0,0.0,0.5,0.5,0.0,0.0,28,Male,4,Beginner Explorers,-0.059910435611761306,-1.6395983139420414
U00754,1,1,1.0,0,1.0,Artificial Intelligence,Beginner,4.55,490.9,1.0,13,1.0,0.0,0.0,1.0,0.0,0.0,0.0,0.0,0.0,0.0,0.0,0.0,0.0,0.0,0.0,33,Male,0,Premium Explorers,0.38490630137981097,3.5287113352011885
U00755,1,1,1.0,0,1.0,Cybersecurity,Intermediate,1.91,0.0,0.0,159,0.0,1.0,0.0,0.0,0.0,1.0,0.0,0.0,0.0,0.0,0.0,0.0,0.0,0.0,0.0,31,Male,3,Intermediate Value Seekers,-1.8783806780577508,-1.2760375193811775
U00756,1,1,1.0,0,1.0,Finance,Intermediate,4.1,0.0,0.0,238,0.0,1.0,0.0,0.0,0.0,0.0,0.0,0.0,0.0,1.0,0.0,0.0,0.0,0.0,0.0,33,Female,3,Intermediate Value Seekers,-2.08760111483454,-1.0292179296591144
U00757,1,1,1.0,0,1.0,Finance,Beginner,2.47,53.86,1.0,125,1.0,0.0,0.0,0.0,0.0,0.0,0.0,0.0,0.0,1.0,0.0,0.0,0.0,0.0,0.0,22,Female,4,Beginner Explorers,-0.5885890932434572,2.032670012184009
U00758,1,1,1.0,0,1.0,Business,Advanced,2.0,0.0,0.0,319,0.0,0.0,1.0,0.0,1.0,0.0,0.0,0.0,0.0,0.0,0.0,0.0,0.0,0.0,0.0,16,Male,1,Advanced Single-Shot Learners,-2.043703038218107,0.09065433722643729
U00759,1,1,1.0,0,1.0,Machine Learning,Advanced,3.89,0.78,1.0,269,0.0,0.0,1.0,0.0,0.0,0.0,0.0,0.0,0.0,0.0,1.0,0.0,0.0,0.0,0.0,22,Male,1,Advanced Single-Shot Learners,-1.7267880569641838,0.08070636346085626
U00760,13,9,1.4444444444444444,356,1.095505617977528,Programming,Beginner,3.2353846153846155,121.8223076923077,0.38461538461538464,2,0.5384615384615384,0.38461538461538464,0.07692307692307693,0.07692307692307693,0.0,0.15384615384615385,0.07692307692307693,0.07692307692307693,0.0,0.07692307692307693,0.07692307692307693,0.07692307692307693,0.23076923076923078,0.15384615384615385,0.0,21,Female,2,Power Learners,3.6233583037236454,-0.5236597635148212
U00761,1,1,1.0,0,1.0,Digital Marketing,Beginner,4.44,0.0,0.0,35,1.0,0.0,0.0,0.0,0.0,0.0,0.0,0.0,1.0,0.0,0.0,0.0,0.0,0.0,0.0,31,Male,4,Beginner Explorers,-1.208811182063566,-0.30461888940440246
U00762,1,1,1.0,0,1.0,Project Management,Advanced,1.23,346.71,1.0,103,0.0,0.0,1.0,0.0,0.0,0.0,0.0,0.0,0.0,0.0,0.0,0.0,0.0,1.0,0.0,22,Female,1,Advanced Single-Shot Learners,-0.1431108789649066,2.6426936547628146
U00763,1,1,1.0,0,1.0,Data Science,Intermediate,3.02,0.0,0.0,253,0.0,1.0,0.0,0.0,0.0,0.0,1.0,0.0,0.0,0.0,0.0,0.0,0.0,0.0,0.0,16,Male,3,Intermediate Value Seekers,-2.0435997146535265,-0.45811550291067266
U00764,2,1,2.0,21,2.0,Marketing,Advanced,2.495,0.0,0.0,251,0.0,0.0,1.0,0.0,0.0,0.0,0.0,0.0,0.0,0.0,0.0,1.0,0.0,0.0,0.0,18,Male,1,Advanced Single-Shot Learners,-1.0613623667851648,-2.243558978475853
U00765,11,7,1.5714285714285714,295,1.11864406779661,Data Science,Intermediate,2.641818181818182,108.0,0.36363636363636365,17,0.18181818181818182,0.5454545454545454,0.2727272727272727,0.0,0.0,0.09090909090909091,0.2727272727272727,0.09090909090909091,0.0,0.18181818181818182,0.09090909090909091,0.09090909090909091,0.0,0.18181818181818182,0.0,31,Female,2,Power Learners,3.138028836431797,-0.7887697242051858
U00766,3,2,1.5,84,1.0714285714285714,Marketing,Intermediate,4.333333333333333,0.0,0.0,128,0.0,0.6666666666666666,0.3333333333333333,0.0,0.0,0.0,0.0,0.0,0.0,0.3333333333333333,0.0,0.6666666666666666,0.0,0.0,0.0,31,Female,3,Intermediate Value Seekers,-0.04260032313298996,-2.5479731808392656
U00767,14,10,1.4,310,1.3548387096774193,Programming,Intermediate/Advanced,3.0335714285714284,109.25142857142858,0.35714285714285715,46,0.14285714285714285,0.42857142857142855,0.42857142857142855,0.07142857142857142,0.07142857142857142,0.07142857142857142,0.07142857142857142,0.07142857142857142,0.07142857142857142,0.0,0.14285714285714285,0.07142857142857142,0.21428571428571427,0.14285714285714285,0.0,16,Female,2,Power Learners,3.5955703925065,-0.8275081654819583
U00768,2,2,1.0,337,0.17804154302670624,Design/Web Development,Beginner/Advanced,3.59,0.0,0.0,13,0.5,0.0,0.5,0.0,0.0,0.0,0.0,0.5,0.0,0.0,0.0,0.0,0.0,0.0,0.5,19,Male,1,Advanced Single-Shot Learners,0.42570776354891077,-1.500783333041795
U00769,1,1,1.0,0,1.0,Design,Advanced,4.45,0.0,0.0,76,0.0,0.0,1.0,0.0,0.0,0.0,0.0,1.0,0.0,0.0,0.0,0.0,0.0,0.0,0.0,16,Female,1,Advanced Single-Shot Learners,-1.5058641164961262,-1.7213526173894118
U00770,1,1,1.0,0,1.0,Machine Learning,Intermediate,4.73,0.0,0.0,323,0.0,1.0,0.0,0.0,0.0,0.0,0.0,0.0,0.0,0.0,1.0,0.0,0.0,0.0,0.0,29,Male,3,Intermediate Value Seekers,-2.4728955019936008,-1.4735354973691805
U00771,1,1,1.0,0,1.0,Business,Beginner,1.96,285.05,1.0,346,1.0,0.0,0.0,0.0,1.0,0.0,0.0,0.0,0.0,0.0,0.0,0.0,0.0,0.0,0.0,18,Male,1,Advanced Single-Shot Learners,-0.9307404827307899,3.4367075569613497
U00772,13,9,1.4444444444444444,326,1.196319018404908,Digital Marketing/Project Management/Marketing/Cybersecurity,Intermediate,3.5476923076923077,26.354615384615386,0.07692307692307693,20,0.3076923076923077,0.38461538461538464,0.3076923076923077,0.07692307692307693,0.0,0.15384615384615385,0.07692307692307693,0.07692307692307693,0.15384615384615385,0.0,0.0,0.15384615384615385,0.07692307692307693,0.15384615384615385,0.07692307692307693,24,Female,2,Power Learners,3.223564646145881,-1.4989142924834193
U00773,1,1,1.0,0,1.0,Finance,Intermediate,2.75,119.04,1.0,238,0.0,1.0,0.0,0.0,0.0,0.0,0.0,0.0,0.0,1.0,0.0,0.0,0.0,0.0,0.0,25,Female,3,Intermediate Value Seekers,-1.0250833657284808,1.4198328681204233
U00774,1,1,1.0,0,1.0,Cybersecurity,Advanced,2.38,0.0,0.0,304,0.0,0.0,1.0,0.0,0.0,1.0,0.0,0.0,0.0,0.0,0.0,0.0,0.0,0.0,0.0,27,Male,1,Advanced Single-Shot Learners,-2.289560000116922,-1.104400127742062
U00775,14,8,1.75,340,1.2352941176470587,Programming,Beginner/Intermediate,3.2814285714285725,99.38571428571427,0.42857142857142855,3,0.42857142857142855,0.42857142857142855,0.14285714285714285,0.14285714285714285,0.07142857142857142,0.0,0.0,0.07142857142857142,0.14285714285714285,0.14285714285714285,0.14285714285714285,0.0,0.21428571428571427,0.0,0.07142857142857142,29,Female,2,Power Learners,3.593389984782285,-0.48073660480156216
U00776,1,1,1.0,0,1.0,Artificial Intelligence,Beginner,4.55,490.9,1.0,273,1.0,0.0,0.0,1.0,0.0,0.0,0.0,0.0,0.0,0.0,0.0,0.0,0.0,0.0,0.0,26,Female,0,Premium Explorers,-0.45334605950215606,3.8946038735710236
U00777,4,4,1.0,336,0.35714285714285715,Business/Digital Marketing/Finance/Data Science,Beginner/Advanced,3.6675,249.96999999999997,0.75,25,0.5,0.0,0.5,0.0,0.25,0.0,0.25,0.0,0.25,0.25,0.0,0.0,0.0,0.0,0.0,29,Male,2,Power Learners,2.2989188559130627,0.7059932136143926
U00778,2,2,1.0,40,1.5,Marketing/Machine Learning,Intermediate/Advanced,2.355,0.0,0.0,290,0.0,0.5,0.5,0.0,0.0,0.0,0.0,0.0,0.0,0.0,0.5,0.5,0.0,0.0,0.0,33,Male,3,Intermediate Value Seekers,-0.8465788647807689,-2.038542632224874
U00779,1,1,1.0,0,1.0,Cybersecurity,Advanced,2.38,0.0,0.0,92,0.0,0.0,1.0,0.0,0.0,1.0,0.0,0.0,0.0,0.0,0.0,0.0,0.0,0.0,0.0,24,Female,1,Advanced Single-Shot Learners,-1.5586430673973455,-1.4070983685459246
U00780,1,1,1.0,0,1.0,Programming,Intermediate,2.43,0.0,0.0,60,0.0,1.0,0.0,0.0,0.0,0.0,0.0,0.0,0.0,0.0,0.0,0.0,1.0,0.0,0.0,32,Female,3,Intermediate Value Seekers,-1.3574013516276442,-0.7648693074975498
U00781,1,1,1.0,0,1.0,Data Science,Intermediate,3.6,0.0,0.0,358,0.0,1.0,0.0,0.0,0.0,0.0,1.0,0.0,0.0,0.0,0.0,0.0,0.0,0.0,0.0,18,Female,3,Intermediate Value Seekers,-2.3920113678027892,-0.3904347670345727
U00782,1,1,1.0,0,1.0,Design,Advanced,2.61,0.0,0.0,190,0.0,0.0,1.0,0.0,0.0,0.0,0.0,1.0,0.0,0.0,0.0,0.0,0.0,0.0,0.0,25,Male,1,Advanced Single-Shot Learners,-1.868369884426997,-1.3597400012681018
U00783,2,2,1.0,86,0.6976744186046512,Data Science/Web Development,Intermediate/Advanced,3.88,28.66,0.5,196,0.0,0.5,0.5,0.0,0.0,0.0,0.5,0.0,0.0,0.0,0.0,0.0,0.0,0.0,0.5,35,Female,1,Advanced Single-Shot Learners,0.255146889402802,0.079790944146077
U00784,2,2,1.0,80,0.75,Data Science/Project Management,Beginner,4.21,149.785,0.5,106,1.0,0.0,0.0,0.0,0.0,0.0,0.5,0.0,0.0,0.0,0.0,0.0,0.0,0.5,0.0,22,Female,4,Beginner Explorers,0.9153301193215603,1.5053547985346187
U00785,1,1,1.0,0,1.0,Digital Marketing,Intermediate,4.66,0.0,0.0,306,0.0,1.0,0.0,0.0,0.0,0.0,0.0,0.0,1.0,0.0,0.0,0.0,0.0,0.0,0.0,17,Female,3,Intermediate Value Seekers,-2.2332228591067627,-0.8142329314676094
U00786,13,8,1.625,311,1.2540192926045015,Finance,Advanced,3.2807692307692307,91.82307692307693,0.38461538461538464,11,0.23076923076923078,0.23076923076923078,0.5384615384615384,0.0,0.0,0.07692307692307693,0.07692307692307693,0.15384615384615385,0.0,0.23076923076923078,0.0,0.15384615384615385,0.07692307692307693,0.07692307692307693,0.15384615384615385,32,Female,2,Power Learners,3.3976034637454258,-1.0736752372066833
U00787,9,6,1.5,254,1.0629921259842519,Programming,Beginner,3.12,56.68555555555555,0.2222222222222222,60,0.5555555555555556,0.2222222222222222,0.2222222222222222,0.0,0.0,0.0,0.0,0.1111111111111111,0.1111111111111111,0.0,0.1111111111111111,0.0,0.3333333333333333,0.2222222222222222,0.1111111111111111,29,Female,2,Power Learners,2.6618526659285875,-0.4622453749886134
U00788,2,2,1.0,118,0.5084745762711864,Digital Marketing/Machine Learning,Beginner/Intermediate,1.935,0.0,0.0,204,0.5,0.5,0.0,0.0,0.0,0.0,0.0,0.0,0.5,0.0,0.5,0.0,0.0,0.0,0.0,24,Male,3,Intermediate Value Seekers,-0.38290403252517496,-1.0644922692566863
U00789,2,2,1.0,179,0.33519553072625696,Web Development/Data Science,Beginner/Advanced,2.475,18.945,0.5,138,0.5,0.0,0.5,0.0,0.0,0.0,0.5,0.0,0.0,0.0,0.0,0.0,0.0,0.0,0.5,17,Female,1,Advanced Single-Shot Learners,0.6136907675351552,0.5115608359225405
U00790,2,2,1.0,153,0.3921568627450981,Project Management/Machine Learning,Advanced,2.56,173.74499999999998,1.0,120,0.0,0.0,1.0,0.0,0.0,0.0,0.0,0.0,0.0,0.0,0.5,0.0,0.0,0.5,0.0,16,Female,1,Advanced Single-Shot Learners,1.0558090035259136,1.0986685475827218
U00791,2,2,1.0,91,0.6593406593406593,Cybersecurity/Artificial Intelligence,Intermediate,3.305,44.795,0.5,15,0.0,1.0,0.0,0.5,0.0,0.5,0.0,0.0,0.0,0.0,0.0,0.0,0.0,0.0,0.0,34,Female,0,Premium Explorers,0.9629997308628778,0.1942465336035173
U00792,1,1,1.0,0,1.0,Project Management,Advanced,1.23,346.71,1.0,340,0.0,0.0,1.0,0.0,0.0,0.0,0.0,0.0,0.0,0.0,0.0,0.0,0.0,1.0,0.0,20,Male,1,Advanced Single-Shot Learners,-0.9509588442770985,2.9891950461079158
U00793,4,3,1.3333333333333333,157,0.7643312101910827,Digital Marketing,Advanced,3.45,53.0975,0.25,124,0.25,0.25,0.5,0.0,0.0,0.0,0.25,0.25,0.5,0.0,0.0,0.0,0.0,0.0,0.0,19,Male,2,Power Learners,1.2363980709739488,-0.4626525802267319
U00794,2,2,1.0,87,0.6896551724137931,Artificial Intelligence/Design,Beginner/Advanced,2.58,0.0,0.0,28,0.5,0.0,0.5,0.5,0.0,0.0,0.0,0.5,0.0,0.0,0.0,0.0,0.0,0.0,0.0,23,Female,1,Advanced Single-Shot Learners,0.38928896720210254,-0.6791274433659491
U00795,3,3,1.0,194,0.4639175257731959,Project Management/Business/Web Development,Beginner,2.9466666666666668,95.01666666666667,0.3333333333333333,40,1.0,0.0,0.0,0.0,0.3333333333333333,0.0,0.0,0.0,0.0,0.0,0.0,0.0,0.0,0.3333333333333333,0.3333333333333333,34,Female,2,Power Learners,1.655422313747877,0.9616173078072721
U00796,2,2,1.0,7,2.0,Digital Marketing/Programming,Beginner/Advanced,2.215,106.195,0.5,170,0.5,0.0,0.5,0.0,0.0,0.0,0.0,0.0,0.5,0.0,0.0,0.0,0.5,0.0,0.0,22,Female,4,Beginner Explorers,0.398524567684645,0.9916539075804083
U00797,3,3,1.0,177,0.5084745762711864,Machine Learning/Finance/Design,Intermediate,3.4499999999999997,0.0,0.0,172,0.0,0.6666666666666666,0.3333333333333333,0.0,0.0,0.0,0.0,0.3333333333333333,0.0,0.3333333333333333,0.3333333333333333,0.0,0.0,0.0,0.0,20,Male,3,Intermediate Value Seekers,0.13853197581884336,-2.038164232704861
U00798,1,1,1.0,0,1.0,Design,Advanced,1.52,0.0,0.0,203,0.0,0.0,1.0,0.0,0.0,0.0,0.0,1.0,0.0,0.0,0.0,0.0,0.0,0.0,0.0,19,Female,1,Advanced Single-Shot Learners,-1.8548616487963188,-1.2193076815891575
U00799,2,2,1.0,153,0.3921568627450981,Data Science/Web Development,Beginner,2.925,0.0,0.0,151,1.0,0.0,0.0,0.0,0.0,0.0,0.5,0.0,0.0,0.0,0.0,0.0,0.0,0.0,0.5,26,Female,4,Beginner Explorers,-0.025172794560506823,-0.34688791171138095
U00800,2,2,1.0,142,0.4225352112676056,Artificial Intelligence/Machine Learning,Intermediate,3.92,207.755,0.5,151,0.0,1.0,0.0,0.5,0.0,0.0,0.0,0.0,0.0,0.0,0.5,0.0,0.0,0.0,0.0,29,Female,0,Premium Explorers,0.7609523320717263,0.5207315904609342
U00801,2,2,1.0,260,0.23076923076923078,Artificial Intelligence/Machine Learning,Intermediate,3.92,207.755,0.5,103,0.0,1.0,0.0,0.5,0.0,0.0,0.0,0.0,0.0,0.0,0.5,0.0,0.0,0.0,0.0,32,Female,0,Premium Explorers,0.9994890252717635,0.41190064885518984
U00802,2,2,1.0,101,0.594059405940594,Finance/Business,Intermediate/Advanced,2.95,59.52,0.5,120,0.0,0.5,0.5,0.0,0.5,0.0,0.0,0.0,0.0,0.5,0.0,0.0,0.0,0.0,0.0,31,Male,1,Advanced Single-Shot Learners,0.6299364099953786,0.2598531595981417
U00803,3,3,1.0,75,1.2,Business/Design/Data Science,Advanced,2.9633333333333334,92.12333333333333,0.3333333333333333,87,0.0,0.3333333333333333,0.6666666666666666,0.0,0.3333333333333333,0.0,0.3333333333333333,0.3333333333333333,0.0,0.0,0.0,0.0,0.0,0.0,0.0,26,Male,2,Power Learners,1.2308968629074444,-0.2216135876259095
U00804,2,2,1.0,52,1.1538461538461537,Artificial Intelligence/Programming,Beginner/Intermediate,1.98,44.795,0.5,253,0.5,0.5,0.0,0.5,0.0,0.0,0.0,0.0,0.0,0.0,0.0,0.0,0.5,0.0,0.0,24,Female,0,Premium Explorers,0.3569012406720845,1.5243085933747422
U00805,1,1,1.0,0,1.0,Marketing,Intermediate,4.11,0.0,0.0,45,0.0,1.0,0.0,0.0,0.0,0.0,0.0,0.0,0.0,0.0,0.0,1.0,0.0,0.0,0.0,18,Female,3,Intermediate Value Seekers,-1.4787870304362298,-2.4355427893968575
U00806,1,1,1.0,0,1.0,Data Science,Beginner,3.65,0.0,0.0,150,1.0,0.0,0.0,0.0,0.0,0.0,1.0,0.0,0.0,0.0,0.0,0.0,0.0,0.0,0.0,27,Male,4,Beginner Explorers,-1.5785096818884308,0.18590104098261037
U00807,1,1,1.0,0,1.0,Project Management,Intermediate,4.84,342.61,1.0,293,0.0,1.0,0.0,0.0,0.0,0.0,0.0,0.0,0.0,0.0,0.0,0.0,0.0,1.0,0.0,35,Female,3,Intermediate Value Seekers,-0.9717890914158182,2.4641228840053695
U00808,1,1,1.0,0,1.0,Artificial Intelligence,Beginner,3.64,0.0,0.0,180,1.0,0.0,0.0,1.0,0.0,0.0,0.0,0.0,0.0,0.0,0.0,0.0,0.0,0.0,0.0,27,Female,0,Premium Explorers,-1.324144923489267,1.3221377187683772
U00809,1,1,1.0,0,1.0,Artificial Intelligence,Beginner,4.55,490.9,1.0,261,1.0,0.0,0.0,1.0,0.0,0.0,0.0,0.0,0.0,0.0,0.0,0.0,0.0,0.0,0.0,24,Male,0,Premium Explorers,-0.43066638672953556,3.8920930604328583
U00810,1,1,1.0,0,1.0,Design,Advanced,2.72,276.37,1.0,60,0.0,0.0,1.0,0.0,0.0,0.0,0.0,1.0,0.0,0.0,0.0,0.0,0.0,0.0,0.0,28,Male,1,Advanced Single-Shot Learners,-0.31388681258015577,0.8777208140226945
U00811,3,2,1.5,242,0.37190082644628103,Web Development,Beginner,3.0533333333333332,162.64000000000001,0.3333333333333333,3,0.6666666666666666,0.0,0.3333333333333333,0.0,0.3333333333333333,0.0,0.0,0.0,0.0,0.0,0.0,0.0,0.0,0.0,0.6666666666666666,25,Female,2,Power Learners,1.58274610335442,0.5361872022286881
U00812,3,2,1.5,271,0.33210332103321033,Design,Beginner,3.64,95.01666666666667,0.3333333333333333,29,0.6666666666666666,0.0,0.3333333333333333,0.0,0.3333333333333333,0.0,0.0,0.6666666666666666,0.0,0.0,0.0,0.0,0.0,0.0,0.0,24,Female,2,Power Learners,1.3185954571069771,-0.07144875736978289
U00813,4,4,1.0,58,2.0689655172413794,Digital Marketing/Business/Marketing/Finance,Intermediate,3.815,0.0,0.0,46,0.25,0.5,0.25,0.0,0.25,0.0,0.0,0.0,0.25,0.25,0.0,0.25,0.0,0.0,0.0,33,Male,2,Power Learners,1.0389323751084638,-1.8722693030298896
U00814,1,1,1.0,0,1.0,Marketing,Advanced,2.01,0.0,0.0,241,0.0,0.0,1.0,0.0,0.0,0.0,0.0,0.0,0.0,0.0,0.0,1.0,0.0,0.0,0.0,21,Female,1,Advanced Single-Shot Learners,-2.0002760848459147,-1.9158547420739547
U00815,2,2,1.0,195,0.3076923076923077,Artificial Intelligence/Machine Learning,Intermediate,3.92,207.755,0.5,134,0.0,1.0,0.0,0.5,0.0,0.0,0.0,0.0,0.0,0.0,0.5,0.0,0.0,0.0,0.0,17,Male,0,Premium Explorers,0.8543006809906821,0.509850370480763
U00816,3,3,1.0,228,0.39473684210526316,Artificial Intelligence/Machine Learning/Cybersecurity,Intermediate,2.106666666666667,29.863333333333333,0.3333333333333333,21,0.0,1.0,0.0,0.3333333333333333,0.0,0.3333333333333333,0.0,0.0,0.0,0.0,0.3333333333333333,0.0,0.0,0.0,0.0,34,Male,2,Power Learners,1.3639012375573318,-0.5230461197031703
U00817,1,1,1.0,0,1.0,Web Development,Beginner,3.32,0.0,0.0,298,1.0,0.0,0.0,0.0,0.0,0.0,0.0,0.0,0.0,0.0,0.0,0.0,0.0,0.0,1.0,35,Female,4,Beginner Explorers,-2.0076753023729985,0.2604387335087714
U00818,1,1,1.0,0,1.0,Marketing,Advanced,4.79,0.0,0.0,306,0.0,0.0,1.0,0.0,0.0,0.0,0.0,0.0,0.0,0.0,0.0,1.0,0.0,0.0,0.0,20,Female,1,Advanced Single-Shot Learners,-2.290249867262673,-2.1354285996643148
U00819,14,9,1.5555555555555556,315,1.3333333333333333,Digital Marketing/Project Management/Design/Cybersecurity/Finance,Beginner/Advanced,3.027857142857143,81.67214285714284,0.35714285714285715,27,0.35714285714285715,0.2857142857142857,0.35714285714285715,0.07142857142857142,0.07142857142857142,0.14285714285714285,0.07142857142857142,0.14285714285714285,0.14285714285714285,0.14285714285714285,0.0,0.0,0.0,0.14285714285714285,0.07142857142857142,28,Female,2,Power Learners,3.5431583849592188,-0.659398134035785
U00820,3,3,1.0,151,0.5960264900662252,Digital Marketing/Data Science/Business,Beginner/Intermediate/Advanced,3.126666666666667,162.64000000000001,0.3333333333333333,94,0.3333333333333333,0.3333333333333333,0.3333333333333333,0.0,0.3333333333333333,0.0,0.3333333333333333,0.0,0.3333333333333333,0.0,0.0,0.0,0.0,0.0,0.0,31,Female,2,Power Learners,1.3984538246192613,0.3118222493791058
U00821,13,11,1.1818181818181819,350,1.1142857142857143,Artificial Intelligence/Project Management,Beginner,2.9061538461538463,122.86923076923077,0.5384615384615384,4,0.5384615384615384,0.23076923076923078,0.23076923076923078,0.15384615384615385,0.07692307692307693,0.07692307692307693,0.07692307692307693,0.07692307692307693,0.07692307692307693,0.07692307692307693,0.07692307692307693,0.0,0.07692307692307693,0.15384615384615385,0.07692307692307693,23,Male,2,Power Learners,3.8947247970134575,-0.04084206116404476
U00822,1,1,1.0,0,1.0,Programming,Intermediate,2.43,0.0,0.0,309,0.0,1.0,0.0,0.0,0.0,0.0,0.0,0.0,0.0,0.0,0.0,0.0,1.0,0.0,0.0,35,Female,3,Intermediate Value Seekers,-2.191802155583683,-0.42111416174364863
U00823,1,1,1.0,0,1.0,Digital Marketing,Advanced,3.15,212.39,1.0,303,0.0,0.0,1.0,0.0,0.0,0.0,0.0,0.0,1.0,0.0,0.0,0.0,0.0,0.0,0.0,22,Male,1,Advanced Single-Shot Learners,-1.0365378216570376,1.756600081873894
U00824,1,1,1.0,0,1.0,Finance,Intermediate,4.1,0.0,0.0,9,0.0,1.0,0.0,0.0,0.0,0.0,0.0,0.0,0.0,1.0,0.0,0.0,0.0,0.0,0.0,27,Male,3,Intermediate Value Seekers,-1.3359640583926373,-1.3288785615712537
U00825,3,3,1.0,137,0.6569343065693432,Data Science/Business/Design,Advanced,3.703333333333333,162.64000000000001,0.3333333333333333,53,0.0,0.3333333333333333,0.6666666666666666,0.0,0.3333333333333333,0.0,0.3333333333333333,0.3333333333333333,0.0,0.0,0.0,0.0,0.0,0.0,0.0,26,Male,2,Power Learners,1.4309223276804564,-0.2815234662008586
U00826,1,1,1.0,0,1.0,Finance,Beginner,2.47,53.86,1.0,204,1.0,0.0,0.0,0.0,0.0,0.0,0.0,0.0,0.0,1.0,0.0,0.0,0.0,0.0,0.0,16,Male,4,Beginner Explorers,-0.8642713642317633,2.1647192556969532
U00827,2,2,1.0,43,1.3953488372093024,Marketing/Finance,Intermediate,4.41,0.0,0.0,266,0.0,1.0,0.0,0.0,0.0,0.0,0.0,0.0,0.0,0.5,0.0,0.5,0.0,0.0,0.0,26,Female,3,Intermediate Value Seekers,-0.7995277584454851,-2.0570483896708014
U00828,3,3,1.0,296,0.30405405405405406,Artificial Intelligence/Digital Marketing/Marketing,Intermediate,3.9066666666666663,197.61666666666667,0.6666666666666666,51,0.0,0.6666666666666666,0.3333333333333333,0.3333333333333333,0.0,0.0,0.0,0.0,0.3333333333333333,0.0,0.0,0.3333333333333333,0.0,0.0,0.0,25,Male,2,Power Learners,1.7248658386951679,0.09845381366206024
U00829,16,8,2.0,310,1.5483870967741935,Project Management/Cybersecurity,Beginner,3.054375,83.644375,0.25,38,0.4375,0.375,0.1875,0.125,0.0,0.1875,0.0625,0.0625,0.0,0.125,0.0,0.0,0.125,0.1875,0.125,22,Male,2,Power Learners,3.500463416528558,-0.5803252927201615
U00830,1,1,1.0,0,1.0,Business,Intermediate,2.69,326.02,1.0,230,0.0,1.0,0.0,0.0,1.0,0.0,0.0,0.0,0.0,0.0,0.0,0.0,0.0,0.0,0.0,26,Female,1,Advanced Single-Shot Learners,-0.6885491546384124,2.3133941928326296
U00831,2,2,1.0,11,2.0,Design/Machine Learning,Beginner/Advanced,3.16,0.0,0.0,152,0.5,0.0,0.5,0.0,0.0,0.0,0.0,0.5,0.0,0.0,0.5,0.0,0.0,0.0,0.0,18,Male,1,Advanced Single-Shot Learners,-0.46331771975374636,-1.4381871785212634
U00832,1,1,1.0,0,1.0,Programming,Beginner,3.85,0.0,0.0,206,1.0,0.0,0.0,0.0,0.0,0.0,0.0,0.0,0.0,0.0,0.0,0.0,1.0,0.0,0.0,20,Female,4,Beginner Explorers,-1.7143043050560616,0.17967840919863187
U00833,3,3,1.0,267,0.33707865168539325,Web Development/Marketing/Machine Learning,Advanced,2.0066666666666664,0.0,0.0,26,0.3333333333333333,0.0,0.6666666666666666,0.0,0.0,0.0,0.0,0.0,0.0,0.0,0.3333333333333333,0.3333333333333333,0.0,0.0,0.3333333333333333,32,Female,2,Power Learners,0.8316273242220944,-1.9886099599678362
U00834,1,1,1.0,0,1.0,Web Development,Beginner,2.2,0.0,0.0,97,1.0,0.0,0.0,0.0,0.0,0.0,0.0,0.0,0.0,0.0,0.0,0.0,0.0,0.0,1.0,30,Male,4,Beginner Explorers,-1.320723519044337,0.12414471674272262
U00835,1,1,1.0,0,1.0,Data Science,Intermediate,3.02,0.0,0.0,161,0.0,1.0,0.0,0.0,0.0,0.0,1.0,0.0,0.0,0.0,0.0,0.0,0.0,0.0,0.0,33,Female,3,Intermediate Value Seekers,-1.738758171156495,-0.6276621491472837
U00836,15,9,1.6666666666666667,287,1.5679442508710801,Digital Marketing,Beginner,2.886,62.11333333333333,0.3333333333333333,34,0.4666666666666667,0.3333333333333333,0.2,0.0,0.0,0.06666666666666667,0.06666666666666667,0.0,0.2,0.06666666666666667,0.13333333333333333,0.13333333333333333,0.13333333333333333,0.06666666666666667,0.13333333333333333,29,Female,2,Power Learners,3.512367656142485,-0.9325639276252216
U00837,4,3,1.3333333333333333,157,0.7643312101910827,Programming,Beginner,2.5174999999999996,71.2625,0.25,116,0.75,0.0,0.25,0.0,0.25,0.0,0.0,0.0,0.0,0.0,0.0,0.25,0.5,0.0,0.0,28,Male,2,Power Learners,1.4063101213744857,0.09803635151849656
U00838,12,8,1.5,338,1.0650887573964496,Data Science,Advanced,2.8408333333333338,85.59916666666668,0.3333333333333333,7,0.4166666666666667,0.08333333333333333,0.5,0.16666666666666666,0.08333333333333333,0.0,0.25,0.08333333333333333,0.0,0.16666666666666666,0.08333333333333333,0.08333333333333333,0.0,0.0,0.08333333333333333,25,Female,2,Power Learners,3.4359736099771885,-0.5676423942987967
U00839,1,1,1.0,0,1.0,Cybersecurity,Beginner,4.94,0.0,0.0,140,1.0,0.0,0.0,0.0,0.0,1.0,0.0,0.0,0.0,0.0,0.0,0.0,0.0,0.0,0.0,33,Male,4,Beginner Explorers,-1.7461315352987168,-0.7682377761039157
U00840,3,3,1.0,138,0.6521739130434783,Machine Learning/Cybersecurity/Programming,Intermediate,2.4533333333333336,131.42,0.3333333333333333,10,0.3333333333333333,0.6666666666666666,0.0,0.0,0.0,0.3333333333333333,0.0,0.0,0.0,0.0,0.3333333333333333,0.0,0.3333333333333333,0.0,0.0,18,Male,2,Power Learners,1.5004485630767357,-0.3487725031665014
U00841,1,1,1.0,0,1.0,Cybersecurity,Intermediate,1.91,0.0,0.0,155,0.0,1.0,0.0,0.0,0.0,1.0,0.0,0.0,0.0,0.0,0.0,0.0,0.0,0.0,0.0,29,Female,3,Intermediate Value Seekers,-1.8425288918801537,-1.2889437816389278
U00842,2,2,1.0,328,0.18292682926829268,Artificial Intelligence/Programming,Beginner/Intermediate,2.7800000000000002,44.795,0.5,11,0.5,0.5,0.0,0.5,0.0,0.0,0.0,0.0,0.0,0.0,0.0,0.0,0.5,0.0,0.0,21,Female,0,Premium Explorers,1.3408215332977693,0.9939011610066911
U00843,1,1,1.0,0,1.0,Design,Advanced,2.72,276.37,1.0,350,0.0,0.0,1.0,0.0,0.0,0.0,0.0,1.0,0.0,0.0,0.0,0.0,0.0,0.0,0.0,21,Male,1,Advanced Single-Shot Learners,-1.272130610465349,1.2964673619018443
U00844,1,1,1.0,0,1.0,Marketing,Intermediate,4.72,0.0,0.0,329,0.0,1.0,0.0,0.0,0.0,0.0,0.0,0.0,0.0,0.0,0.0,1.0,0.0,0.0,0.0,26,Male,3,Intermediate Value Seekers,-2.472650250252349,-2.1092427425592577
U00845,1,1,1.0,0,1.0,Finance,Beginner,2.47,53.86,1.0,135,1.0,0.0,0.0,0.0,0.0,0.0,0.0,0.0,0.0,1.0,0.0,0.0,0.0,0.0,0.0,25,Female,4,Beginner Explorers,-0.6258167827325476,2.0414295078515616
U00846,1,1,1.0,0,1.0,Web Development,Advanced,4.74,57.32,1.0,218,0.0,0.0,1.0,0.0,0.0,0.0,0.0,0.0,0.0,0.0,0.0,0.0,0.0,0.0,1.0,16,Male,1,Advanced Single-Shot Learners,-0.9272132705950065,1.31914807877861
U00847,1,1,1.0,0,1.0,Digital Marketing,Intermediate,4.66,0.0,0.0,72,0.0,1.0,0.0,0.0,0.0,0.0,0.0,0.0,1.0,0.0,0.0,0.0,0.0,0.0,0.0,23,Male,3,Intermediate Value Seekers,-1.4804012043408332,-1.1419300754956687
U00848,4,3,1.3333333333333333,294,0.4081632653061224,Artificial Intelligence,Intermediate,3.7824999999999998,103.8775,0.25,34,0.25,0.5,0.25,0.5,0.0,0.25,0.0,0.25,0.0,0.0,0.0,0.0,0.0,0.0,0.0,28,Male,2,Power Learners,1.7685829125506523,-0.08745356817953895
U00849,2,1,2.0,55,1.090909090909091,Artificial Intelligence,Beginner,2.42,124.05,0.5,231,1.0,0.0,0.0,1.0,0.0,0.0,0.0,0.0,0.0,0.0,0.0,0.0,0.0,0.0,0.0,20,Male,0,Premium Explorers,0.4021314565507524,2.7891044161283642
U00850,15,9,1.6666666666666667,334,1.347305389221557,Project Management,Advanced,3.0846666666666662,59.86333333333333,0.26666666666666666,27,0.13333333333333333,0.3333333333333333,0.5333333333333333,0.06666666666666667,0.06666666666666667,0.06666666666666667,0.13333333333333333,0.13333333333333333,0.0,0.06666666666666667,0.06666666666666667,0.13333333333333333,0.0,0.26666666666666666,0.0,26,Male,2,Power Learners,3.4878213181090487,-1.1013379332783366
U00851,1,1,1.0,0,1.0,Machine Learning,Intermediate,4.73,0.0,0.0,204,0.0,1.0,0.0,0.0,0.0,0.0,0.0,0.0,0.0,0.0,1.0,0.0,0.0,0.0,0.0,21,Male,3,Intermediate Value Seekers,-2.065648228617749,-1.6263136714142015
U00852,13,8,1.625,337,1.1572700296735905,Artificial Intelligence/Project Management/Cybersecurity/Business/Marketing,Intermediate,3.4723076923076923,121.47230769230768,0.3076923076923077,14,0.3076923076923077,0.38461538461538464,0.3076923076923077,0.15384615384615385,0.15384615384615385,0.15384615384615385,0.0,0.0,0.07692307692307693,0.07692307692307693,0.0,0.15384615384615385,0.0,0.15384615384615385,0.07692307692307693,23,Male,2,Power Learners,3.463179399101205,-0.6625454813592339
U00853,2,2,1.0,92,0.6521739130434783,Marketing/Machine Learning,Intermediate,2.92,0.0,0.0,213,0.0,1.0,0.0,0.0,0.0,0.0,0.0,0.0,0.0,0.0,0.5,0.5,0.0,0.0,0.0,24,Male,3,Intermediate Value Seekers,-0.6048295516455932,-2.245308298104785
U00854,2,2,1.0,14,2.0,Data Science/Marketing,Beginner/Advanced,3.3600000000000003,149.785,0.5,5,0.5,0.0,0.5,0.0,0.0,0.0,0.5,0.0,0.0,0.0,0.0,0.5,0.0,0.0,0.0,28,Male,2,Power Learners,0.9721121344595776,0.029040246243460664
U00855,1,1,1.0,0,1.0,Programming,Beginner,1.28,0.0,0.0,121,1.0,0.0,0.0,0.0,0.0,0.0,0.0,0.0,0.0,0.0,0.0,0.0,1.0,0.0,0.0,15,Female,4,Beginner Explorers,-1.35549985271872,0.3581321600017903
U00856,1,1,1.0,0,1.0,Digital Marketing,Beginner,2.14,0.0,0.0,140,1.0,0.0,0.0,0.0,0.0,0.0,0.0,0.0,1.0,0.0,0.0,0.0,0.0,0.0,0.0,21,Female,4,Beginner Explorers,-1.4645913046523016,0.10776252187503511
U00857,1,1,1.0,0,1.0,Web Development,Beginner,3.32,0.0,0.0,194,1.0,0.0,0.0,0.0,0.0,0.0,0.0,0.0,0.0,0.0,0.0,0.0,0.0,0.0,1.0,15,Male,4,Beginner Explorers,-1.6548950170886707,0.1605179722951486
U00858,15,8,1.875,322,1.3975155279503106,Machine Learning,Beginner,3.258666666666667,26.431333333333335,0.13333333333333333,34,0.4666666666666667,0.26666666666666666,0.26666666666666666,0.0,0.0,0.0,0.0,0.06666666666666667,0.13333333333333333,0.13333333333333333,0.2,0.06666666666666667,0.13333333333333333,0.13333333333333333,0.13333333333333333,20,Male,2,Power Learners,3.217864728186584,-1.2838689261356053
U00859,1,1,1.0,0,1.0,Data Science,Intermediate,3.02,0.0,0.0,146,0.0,1.0,0.0,0.0,0.0,0.0,1.0,0.0,0.0,0.0,0.0,0.0,0.0,0.0,0.0,22,Male,3,Intermediate Value Seekers,-1.6944526436848355,-0.618606752416429
U00860,1,1,1.0,0,1.0,Artificial Intelligence,Beginner,4.55,490.9,1.0,235,1.0,0.0,0.0,1.0,0.0,0.0,0.0,0.0,0.0,0.0,0.0,0.0,0.0,0.0,0.0,23,Female,0,Premium Explorers,-0.32272570388304656,3.846598025592099
U00861,1,1,1.0,0,1.0,Machine Learning,Intermediate,1.73,0.0,0.0,82,0.0,1.0,0.0,0.0,0.0,0.0,0.0,0.0,0.0,0.0,1.0,0.0,0.0,0.0,0.0,22,Female,3,Intermediate Value Seekers,-1.5597332430834785,-1.4727135421121644
U00862,1,1,1.0,0,1.0,Business,Advanced,3.64,487.92,1.0,184,0.0,0.0,1.0,0.0,1.0,0.0,0.0,0.0,0.0,0.0,0.0,0.0,0.0,0.0,0.0,18,Female,1,Advanced Single-Shot Learners,-0.4167290531662597,2.2443224561405297
U00863,1,1,1.0,0,1.0,Programming,Beginner,2.88,0.0,0.0,215,1.0,0.0,0.0,0.0,0.0,0.0,0.0,0.0,0.0,0.0,0.0,0.0,1.0,0.0,0.0,23,Female,4,Beginner Explorers,-1.722215743203035,0.29605092556236146
U00864,1,1,1.0,0,1.0,Business,Advanced,2.0,0.0,0.0,128,0.0,0.0,1.0,0.0,1.0,0.0,0.0,0.0,0.0,0.0,0.0,0.0,0.0,0.0,0.0,22,Female,1,Advanced Single-Shot Learners,-1.3944501027097247,-0.1983803155319925
U00865,1,1,1.0,0,1.0,Business,Beginner,1.96,285.05,1.0,114,1.0,0.0,0.0,0.0,1.0,0.0,0.0,0.0,0.0,0.0,0.0,0.0,0.0,0.0,0.0,27,Male,1,Advanced Single-Shot Learners,-0.16853503241002576,3.0957523187647493
U00866,1,1,1.0,0,1.0,Machine Learning,Intermediate,4.73,0.0,0.0,212,0.0,1.0,0.0,0.0,0.0,0.0,0.0,0.0,0.0,0.0,1.0,0.0,0.0,0.0,0.0,30,Male,3,Intermediate Value Seekers,-2.1039513451257195,-1.6308716040847626
U00867,1,1,1.0,0,1.0,Design,Advanced,2.61,0.0,0.0,37,0.0,0.0,1.0,0.0,0.0,0.0,0.0,1.0,0.0,0.0,0.0,0.0,0.0,0.0,0.0,30,Male,1,Advanced Single-Shot Learners,-1.3645009495257228,-1.5829550480898942
U00868,1,1,1.0,0,1.0,Digital Marketing,Beginner,2.14,0.0,0.0,201,1.0,0.0,0.0,0.0,0.0,0.0,0.0,0.0,1.0,0.0,0.0,0.0,0.0,0.0,0.0,16,Female,4,Beginner Explorers,-1.6615986222692274,0.2020252682451788
U00869,1,1,1.0,0,1.0,Marketing,Advanced,2.01,0.0,0.0,353,0.0,0.0,1.0,0.0,0.0,0.0,0.0,0.0,0.0,0.0,0.0,1.0,0.0,0.0,0.0,19,Male,1,Advanced Single-Shot Learners,-2.3911925049348075,-1.7445602806903333
U00870,15,10,1.5,362,1.2430939226519337,Marketing,Advanced,3.4386666666666668,64.40933333333332,0.3333333333333333,1,0.26666666666666666,0.3333333333333333,0.4,0.06666666666666667,0.0,0.06666666666666667,0.13333333333333333,0.06666666666666667,0.13333333333333333,0.13333333333333333,0.06666666666666667,0.2,0.0,0.06666666666666667,0.06666666666666667,22,Male,2,Power Learners,3.6729232622037564,-1.2436769328719568
U00871,2,2,1.0,193,0.31088082901554404,Cybersecurity/Machine Learning,Intermediate/Advanced,2.0549999999999997,0.0,0.0,92,0.0,0.5,0.5,0.0,0.0,0.5,0.0,0.0,0.0,0.0,0.5,0.0,0.0,0.0,0.0,26,Male,3,Intermediate Value Seekers,-0.07616105009964275,-1.9752412959056453
U00872,1,1,1.0,0,1.0,Web Development,Beginner,3.32,0.0,0.0,46,1.0,0.0,0.0,0.0,0.0,0.0,0.0,0.0,0.0,0.0,0.0,0.0,0.0,0.0,1.0,27,Male,4,Beginner Explorers,-1.1767407310291902,-0.06795526769670314
U00873,1,1,1.0,0,1.0,Design,Advanced,4.45,0.0,0.0,123,0.0,0.0,1.0,0.0,0.0,0.0,0.0,1.0,0.0,0.0,0.0,0.0,0.0,0.0,0.0,28,Male,1,Advanced Single-Shot Learners,-1.6980509071346264,-1.665698700322797
U00874,12,10,1.2,333,1.0810810810810811,Project Management/Business,Beginner/Advanced,3.276666666666666,181.31166666666664,0.5833333333333334,27,0.4166666666666667,0.16666666666666666,0.4166666666666667,0.08333333333333333,0.16666666666666666,0.08333333333333333,0.08333333333333333,0.08333333333333333,0.0,0.08333333333333333,0.0,0.08333333333333333,0.08333333333333333,0.16666666666666666,0.08333333333333333,25,Male,2,Power Learners,3.7095751726827375,-0.07297752630494186
U00875,1,1,1.0,0,1.0,Web Development,Advanced,4.74,57.32,1.0,115,0.0,0.0,1.0,0.0,0.0,0.0,0.0,0.0,0.0,0.0,0.0,0.0,0.0,0.0,1.0,23,Male,1,Advanced Single-Shot Learners,-0.5926990643638697,1.162511098121833
U00876,14,11,1.2727272727272727,360,1.1666666666666667,Artificial Intelligence/Business/Digital Marketing,Intermediate,3.662857142857143,168.03571428571428,0.5714285714285714,3,0.21428571428571427,0.42857142857142855,0.35714285714285715,0.14285714285714285,0.14285714285714285,0.07142857142857142,0.07142857142857142,0.07142857142857142,0.14285714285714285,0.07142857142857142,0.0,0.07142857142857142,0.07142857142857142,0.07142857142857142,0.07142857142857142,27,Male,2,Power Learners,3.9494831642680475,-0.4206509797156953
U00877,1,1,1.0,0,1.0,Artificial Intelligence,Beginner,4.55,490.9,1.0,141,1.0,0.0,0.0,1.0,0.0,0.0,0.0,0.0,0.0,0.0,0.0,0.0,0.0,0.0,0.0,35,Male,0,Premium Explorers,-0.044613711509665324,3.7046185256621658
U00878,1,1,1.0,0,1.0,Digital Marketing,Advanced,3.89,177.34,1.0,221,0.0,0.0,1.0,0.0,0.0,0.0,0.0,0.0,1.0,0.0,0.0,0.0,0.0,0.0,0.0,31,Male,1,Advanced Single-Shot Learners,-0.8183930664457046,1.5097379746981414
U00879,3,3,1.0,155,0.5806451612903225,Artificial Intelligence/Marketing/Data Science,Intermediate,3.5100000000000002,129.72,0.6666666666666666,207,0.3333333333333333,0.6666666666666666,0.0,0.3333333333333333,0.0,0.0,0.3333333333333333,0.0,0.0,0.0,0.0,0.3333333333333333,0.0,0.0,0.0,18,Female,0,Premium Explorers,1.1305427881937151,0.6903571915172266
U00880,1,1,1.0,0,1.0,Digital Marketing,Advanced,3.89,177.34,1.0,148,0.0,0.0,1.0,0.0,0.0,0.0,0.0,0.0,1.0,0.0,0.0,0.0,0.0,0.0,0.0,15,Male,1,Advanced Single-Shot Learners,-0.5542481593887566,1.435454774157252
U00881,16,10,1.6,310,1.5483870967741935,Artificial Intelligence/Data Science,Intermediate,3.0825,168.96,0.5625,28,0.375,0.4375,0.1875,0.1875,0.125,0.125,0.1875,0.0,0.0625,0.0625,0.0625,0.0625,0.0625,0.0625,0.0,34,Female,2,Power Learners,3.9410925815146545,-0.16661699870417346
U00882,1,1,1.0,0,1.0,Digital Marketing,Beginner,2.14,0.0,0.0,292,1.0,0.0,0.0,0.0,0.0,0.0,0.0,0.0,1.0,0.0,0.0,0.0,0.0,0.0,0.0,34,Female,4,Beginner Explorers,-1.9883637824191485,0.2980335608809442
U00883,3,3,1.0,133,0.6766917293233082,Programming/Design/Finance,Beginner,3.8299999999999996,157.42666666666665,0.3333333333333333,67,0.6666666666666666,0.0,0.3333333333333333,0.0,0.0,0.0,0.0,0.3333333333333333,0.0,0.3333333333333333,0.0,0.0,0.3333333333333333,0.0,0.0,27,Female,2,Power Learners,1.418212777306567,0.02820001129889193
U00884,1,1,1.0,0,1.0,Business,Advanced,3.64,487.92,1.0,138,0.0,0.0,1.0,0.0,1.0,0.0,0.0,0.0,0.0,0.0,0.0,0.0,0.0,0.0,0.0,19,Male,1,Advanced Single-Shot Learners,-0.28451716596412824,2.188898299323477
U00885,1,1,1.0,0,1.0,Data Science,Advanced,2.57,117.68,1.0,180,0.0,0.0,1.0,0.0,0.0,0.0,1.0,0.0,0.0,0.0,0.0,0.0,0.0,0.0,0.0,28,Female,1,Advanced Single-Shot Learners,-0.6892265288340891,1.7537299857729967
U00886,2,2,1.0,247,0.24291497975708504,Machine Learning/Programming,Beginner/Intermediate,1.505,0.0,0.0,108,0.5,0.5,0.0,0.0,0.0,0.0,0.0,0.0,0.0,0.0,0.5,0.0,0.5,0.0,0.0,22,Female,4,Beginner Explorers,0.07475226187652557,-1.1171122301379828
U00887,1,1,1.0,0,1.0,Digital Marketing,Beginner,2.14,0.0,0.0,1,1.0,0.0,0.0,0.0,0.0,0.0,0.0,0.0,1.0,0.0,0.0,0.0,0.0,0.0,0.0,17,Male,4,Beginner Explorers,-1.015727071351991,-0.06925382628441622
U00888,4,3,1.3333333333333333,194,0.6185567010309279,Machine Learning,Beginner/Advanced,3.5250000000000004,122.91999999999999,0.5,36,0.5,0.0,0.5,0.25,0.0,0.0,0.0,0.0,0.0,0.0,0.5,0.0,0.25,0.0,0.0,15,Male,2,Power Learners,1.839820445468838,0.26536059210926405
U00889,1,1,1.0,0,1.0,Data Science,Intermediate,3.02,0.0,0.0,251,0.0,1.0,0.0,0.0,0.0,0.0,1.0,0.0,0.0,0.0,0.0,0.0,0.0,0.0,0.0,31,Female,3,Intermediate Value Seekers,-2.0363667731364523,-0.49800845375544195
U00890,2,2,1.0,257,0.23346303501945526,Programming/Data Science,Beginner,2.5100000000000002,149.785,0.5,9,1.0,0.0,0.0,0.0,0.0,0.0,0.5,0.0,0.0,0.0,0.0,0.0,0.5,0.0,0.0,31,Female,4,Beginner Explorers,1.3727879209604903,1.1252285671494697
U00891,2,2,1.0,154,0.3896103896103896,Marketing/Data Science,Intermediate/Advanced,4.195,0.0,0.0,27,0.0,0.5,0.5,0.0,0.0,0.0,0.5,0.0,0.0,0.0,0.0,0.5,0.0,0.0,0.0,28,Female,3,Intermediate Value Seekers,0.1583925783182982,-2.240626606934077
U00892,4,4,1.0,108,1.1111111111111112,Project Management/Marketing/Cybersecurity/Digital Marketing,Intermediate,4.0375,0.0,0.0,108,0.0,1.0,0.0,0.0,0.0,0.25,0.0,0.0,0.25,0.0,0.0,0.25,0.0,0.25,0.0,35,Male,3,Intermediate Value Seekers,0.7142337676426583,-2.0885082974473304
U00893,12,9,1.3333333333333333,335,1.0746268656716418,Finance/Machine Learning/Business,Advanced,2.859166666666667,105.9375,0.4166666666666667,21,0.4166666666666667,0.08333333333333333,0.5,0.08333333333333333,0.16666666666666666,0.08333333333333333,0.08333333333333333,0.08333333333333333,0.0,0.16666666666666666,0.16666666666666666,0.0,0.0,0.08333333333333333,0.08333333333333333,15,Male,2,Power Learners,3.5118098072093664,-0.4200976371757203
U00894,3,3,1.0,121,0.7438016528925621,Data Science/Digital Marketing/Cybersecurity,Intermediate,2.86,170.64666666666668,0.6666666666666666,113,0.0,0.6666666666666666,0.3333333333333333,0.0,0.0,0.3333333333333333,0.3333333333333333,0.0,0.3333333333333333,0.0,0.0,0.0,0.0,0.0,0.0,28,Female,2,Power Learners,1.3179908752403982,0.19918502550029182
U00895,4,3,1.3333333333333333,178,0.6741573033707865,Marketing,Advanced,4.0225,137.055,0.5,112,0.25,0.0,0.75,0.25,0.0,0.0,0.0,0.0,0.0,0.0,0.0,0.5,0.0,0.0,0.25,15,Male,2,Power Learners,1.5742688760119374,-0.22094350756016692
U00896,4,4,1.0,283,0.42402826855123676,Cybersecurity/Data Science/Machine Learning/Marketing,Advanced,3.3525,29.615000000000002,0.5,14,0.25,0.0,0.75,0.0,0.0,0.25,0.25,0.0,0.0,0.0,0.25,0.25,0.0,0.0,0.0,29,Female,2,Power Learners,1.8314244388714107,-0.9627621671192128
U00897,1,1,1.0,0,1.0,Digital Marketing,Advanced,3.89,177.34,1.0,39,0.0,0.0,1.0,0.0,0.0,0.0,0.0,0.0,1.0,0.0,0.0,0.0,0.0,0.0,0.0,20,Male,1,Advanced Single-Shot Learners,-0.19713912840608366,1.2739125666819004
U00898,12,8,1.5,288,1.25,Machine Learning,Beginner,2.980833333333333,55.26833333333334,0.3333333333333333,36,0.5,0.25,0.25,0.08333333333333333,0.0,0.0,0.16666666666666666,0.0,0.08333333333333333,0.08333333333333333,0.25,0.16666666666666666,0.08333333333333333,0.08333333333333333,0.0,24,Female,2,Power Learners,3.2228932137250013,-0.7959921768935159
U00899,1,1,1.0,0,1.0,Marketing,Advanced,2.01,0.0,0.0,84,0.0,0.0,1.0,0.0,0.0,0.0,0.0,0.0,0.0,0.0,0.0,1.0,0.0,0.0,0.0,19,Male,1,Advanced Single-Shot Learners,-1.4939558196142673,-2.1216055939674354
U00900,2,2,1.0,17,2.0,Cybersecurity/Finance,Intermediate,3.34,59.52,0.5,312,0.0,1.0,0.0,0.0,0.0,0.5,0.0,0.0,0.0,0.5,0.0,0.0,0.0,0.0,0.0,26,Female,3,Intermediate Value Seekers,-0.2858851485414876,0.016755058923398587
U00901,1,1,1.0,0,1.0,Cybersecurity,Intermediate,3.93,0.0,0.0,287,0.0,1.0,0.0,0.0,0.0,1.0,0.0,0.0,0.0,0.0,0.0,0.0,0.0,0.0,0.0,23,Female,3,Intermediate Value Seekers,-2.3291666161618223,-1.3204313995372197
U00902,2,2,1.0,44,1.3636363636363638,Web Development/Artificial Intelligence,Beginner,1.7000000000000002,124.05,0.5,144,1.0,0.0,0.0,0.5,0.0,0.0,0.0,0.0,0.0,0.0,0.0,0.0,0.0,0.0,0.5,29,Male,0,Premium Explorers,0.9212417828028941,1.9966475739520424
U00903,13,9,1.4444444444444444,321,1.2149532710280375,Business,Advanced,2.941538461538461,95.28615384615385,0.3076923076923077,29,0.3076923076923077,0.23076923076923078,0.46153846153846156,0.0,0.23076923076923078,0.07692307692307693,0.07692307692307693,0.0,0.07692307692307693,0.15384615384615385,0.0,0.15384615384615385,0.07692307692307693,0.07692307692307693,0.07692307692307693,29,Female,2,Power Learners,3.473186105797604,-0.8426422391502673
U00904,1,1,1.0,0,1.0,Digital Marketing,Beginner,2.14,0.0,0.0,188,1.0,0.0,0.0,0.0,0.0,0.0,0.0,0.0,1.0,0.0,0.0,0.0,0.0,0.0,0.0,16,Female,4,Beginner Explorers,-1.6182377415660043,0.18380374752918494
U00905,1,1,1.0,0,1.0,Design,Advanced,4.45,0.0,0.0,279,0.0,0.0,1.0,0.0,0.0,0.0,0.0,1.0,0.0,0.0,0.0,0.0,0.0,0.0,0.0,15,Male,1,Advanced Single-Shot Learners,-2.2015977567979887,-1.4242598639036217
U00906,1,1,1.0,0,1.0,Data Science,Beginner,3.74,299.57,1.0,336,1.0,0.0,0.0,0.0,0.0,0.0,1.0,0.0,0.0,0.0,0.0,0.0,0.0,0.0,0.0,34,Female,4,Beginner Explorers,-1.0520204603636,2.865487845686675
U00907,12,8,1.5,227,1.5859030837004406,Business,Beginner,3.2266666666666666,170.6816666666667,0.5,120,0.5,0.25,0.25,0.08333333333333333,0.25,0.0,0.08333333333333333,0.0,0.16666666666666666,0.0,0.08333333333333333,0.16666666666666666,0.08333333333333333,0.08333333333333333,0.0,23,Female,2,Power Learners,3.210490747394665,-0.0087921126912973
U00908,1,1,1.0,0,1.0,Cybersecurity,Intermediate,3.93,0.0,0.0,102,0.0,1.0,0.0,0.0,0.0,1.0,0.0,0.0,0.0,0.0,0.0,0.0,0.0,0.0,0.0,16,Female,3,Intermediate Value Seekers,-1.7030705421984775,-1.5674711855116898
U00909,1,1,1.0,0,1.0,Programming,Beginner,2.88,0.0,0.0,347,1.0,0.0,0.0,0.0,0.0,0.0,0.0,0.0,0.0,0.0,0.0,0.0,1.0,0.0,0.0,35,Female,4,Beginner Explorers,-2.1779881184437446,0.4600412086842223
U00910,3,3,1.0,237,0.37974683544303794,Web Development/Artificial Intelligence/Finance,Beginner,2.0500000000000003,122.38,0.6666666666666666,28,0.6666666666666666,0.3333333333333333,0.0,0.3333333333333333,0.0,0.0,0.0,0.0,0.0,0.3333333333333333,0.0,0.0,0.0,0.0,0.3333333333333333,20,Female,2,Power Learners,1.8889720431515882,1.1959645112797495
U00911,10,7,1.4285714285714286,331,0.9063444108761329,Design/Cybersecurity/Business,Beginner,3.318,99.66499999999999,0.3,8,0.4,0.3,0.3,0.0,0.2,0.2,0.1,0.2,0.1,0.1,0.0,0.0,0.0,0.1,0.0,15,Female,2,Power Learners,3.1122758809147046,-0.6803482440583359
U00912,1,1,1.0,0,1.0,Cybersecurity,Intermediate,1.91,0.0,0.0,9,0.0,1.0,0.0,0.0,0.0,1.0,0.0,0.0,0.0,0.0,0.0,0.0,0.0,0.0,0.0,28,Male,3,Intermediate Value Seekers,-1.3741896579185648,-1.4810287766055872
U00913,1,1,1.0,0,1.0,Web Development,Advanced,4.74,57.32,1.0,73,0.0,0.0,1.0,0.0,0.0,0.0,0.0,0.0,0.0,0.0,0.0,0.0,0.0,0.0,1.0,35,Female,1,Advanced Single-Shot Learners,-0.4481748625041132,1.0718089884187556
U00914,1,1,1.0,0,1.0,Marketing,Intermediate,4.11,0.0,0.0,124,0.0,1.0,0.0,0.0,0.0,0.0,0.0,0.0,0.0,0.0,0.0,1.0,0.0,0.0,0.0,22,Male,3,Intermediate Value Seekers,-1.767379854328624,-2.321017074981796
U00915,13,8,1.625,252,1.5476190476190474,Business/Web Development/Finance/Programming/Artificial Intelligence,Beginner,3.1823076923076923,103.3546153846154,0.38461538461538464,102,0.5384615384615384,0.3076923076923077,0.15384615384615385,0.15384615384615385,0.15384615384615385,0.07692307692307693,0.0,0.0,0.0,0.15384615384615385,0.0,0.07692307692307693,0.15384615384615385,0.07692307692307693,0.15384615384615385,24,Female,2,Power Learners,3.244858486097008,-0.12783448224307653
U00916,1,1,1.0,0,1.0,Data Science,Intermediate,3.02,0.0,0.0,335,0.0,1.0,0.0,0.0,0.0,0.0,1.0,0.0,0.0,0.0,0.0,0.0,0.0,0.0,0.0,20,Male,3,Intermediate Value Seekers,-2.3222710294816467,-0.35018916849509607
U00917,15,11,1.3636363636363635,362,1.2430939226519337,Machine Learning/Project Management/Finance/Business,Advanced,3.098,87.99399999999999,0.3333333333333333,1,0.26666666666666666,0.2,0.5333333333333333,0.06666666666666667,0.13333333333333333,0.06666666666666667,0.06666666666666667,0.06666666666666667,0.0,0.13333333333333333,0.13333333333333333,0.06666666666666667,0.06666666666666667,0.13333333333333333,0.06666666666666667,28,Female,2,Power Learners,3.8533091987168344,-0.9347566552416301
U00918,1,1,1.0,0,1.0,Data Science,Beginner,3.74,299.57,1.0,240,1.0,0.0,0.0,0.0,0.0,0.0,1.0,0.0,0.0,0.0,0.0,0.0,0.0,0.0,0.0,35,Male,4,Beginner Explorers,-0.7530359550721489,2.7399809168850306
U00919,14,8,1.75,338,1.242603550295858,Business/Programming,Beginner/Advanced,2.8007142857142857,101.095,0.2857142857142857,6,0.35714285714285715,0.2857142857142857,0.35714285714285715,0.07142857142857142,0.21428571428571427,0.14285714285714285,0.07142857142857142,0.07142857142857142,0.0,0.0,0.07142857142857142,0.14285714285714285,0.21428571428571427,0.0,0.0,28,Male,2,Power Learners,3.4984129376050466,-0.8687774446015416
U00920,1,1,1.0,0,1.0,Finance,Intermediate,4.1,0.0,0.0,225,0.0,1.0,0.0,0.0,0.0,0.0,0.0,0.0,0.0,1.0,0.0,0.0,0.0,0.0,0.0,18,Female,3,Intermediate Value Seekers,-2.024874404775184,-1.021154156728282
U00921,1,1,1.0,0,1.0,Business,Advanced,3.64,487.92,1.0,172,0.0,0.0,1.0,0.0,1.0,0.0,0.0,0.0,0.0,0.0,0.0,0.0,0.0,0.0,0.0,26,Male,1,Advanced Single-Shot Learners,-0.40695993329772745,2.2242881139044806
U00922,2,2,1.0,27,2.0,Design/Programming,Beginner/Advanced,1.4,0.0,0.0,295,0.5,0.0,0.5,0.0,0.0,0.0,0.0,0.5,0.0,0.0,0.0,0.0,0.5,0.0,0.0,31,Female,4,Beginner Explorers,-0.6552837508494369,-0.7096939725642215
U00923,3,3,1.0,159,0.5660377358490566,Data Science/Machine Learning/Cybersecurity,Beginner/Intermediate/Advanced,1.6833333333333333,170.64666666666668,0.6666666666666666,89,0.3333333333333333,0.3333333333333333,0.3333333333333333,0.0,0.0,0.3333333333333333,0.3333333333333333,0.0,0.0,0.0,0.3333333333333333,0.0,0.0,0.0,0.0,29,Female,2,Power Learners,1.4546495168794635,0.3516602037650884
U00924,1,1,1.0,0,1.0,Cybersecurity,Advanced,2.38,0.0,0.0,267,0.0,0.0,1.0,0.0,0.0,1.0,0.0,0.0,0.0,0.0,0.0,0.0,0.0,0.0,0.0,34,Male,1,Advanced Single-Shot Learners,-2.175185649763687,-1.1685278493791786
U00925,2,2,1.0,267,0.2247191011235955,Digital Marketing/Artificial Intelligence,Beginner/Intermediate,4.605,245.45,0.5,33,0.5,0.5,0.0,0.5,0.0,0.0,0.0,0.0,0.5,0.0,0.0,0.0,0.0,0.0,0.0,31,Male,0,Premium Explorers,1.3712232835219442,1.0500112570341646
U00926,2,2,1.0,314,0.19108280254777069,Finance/Project Management,Beginner/Intermediate,4.49,171.305,0.5,26,0.5,0.5,0.0,0.0,0.0,0.0,0.0,0.0,0.0,0.5,0.0,0.0,0.0,0.5,0.0,32,Male,2,Power Learners,1.2195805610566375,0.6655122350318818
U00927,2,2,1.0,183,0.3278688524590164,Marketing/Business,Advanced,3.065,0.0,0.0,135,0.0,0.0,1.0,0.0,0.5,0.0,0.0,0.0,0.0,0.0,0.0,0.5,0.0,0.0,0.0,26,Male,1,Advanced Single-Shot Learners,-0.07010429775105669,-1.787409772816406
U00928,12,9,1.3333333333333333,332,1.0843373493975903,Project Management/Finance/Data Science,Beginner/Intermediate/Advanced,2.85,87.54,0.3333333333333333,14,0.3333333333333333,0.3333333333333333,0.3333333333333333,0.0,0.08333333333333333,0.0,0.16666666666666666,0.08333333333333333,0.08333333333333333,0.16666666666666666,0.08333333333333333,0.08333333333333333,0.08333333333333333,0.16666666666666666,0.0,33,Female,2,Power Learners,3.4344861117094814,-0.7655408785649579
U00929,4,3,1.3333333333333333,215,0.5581395348837209,Data Science,Intermediate/Advanced,3.1875,111.11999999999999,0.75,28,0.0,0.5,0.5,0.0,0.25,0.0,0.5,0.0,0.0,0.0,0.25,0.0,0.0,0.0,0.0,25,Female,2,Power Learners,1.8684725420047004,0.1974203736681257
U00930,3,3,1.0,179,0.5027932960893855,Artificial Intelligence/Finance/Marketing,Intermediate,3.323333333333333,178.1833333333333,0.6666666666666666,8,0.0,1.0,0.0,0.3333333333333333,0.0,0.0,0.0,0.0,0.0,0.3333333333333333,0.0,0.3333333333333333,0.0,0.0,0.0,34,Male,2,Power Learners,1.7438356523226912,0.042626519324344296
U00931,1,1,1.0,0,1.0,Data Science,Advanced,2.57,117.68,1.0,241,0.0,0.0,1.0,0.0,0.0,0.0,1.0,0.0,0.0,0.0,0.0,0.0,0.0,0.0,0.0,31,Male,1,Advanced Single-Shot Learners,-0.9164901549239195,1.8447782551833931
U00932,1,1,1.0,0,1.0,Web Development,Advanced,4.74,57.32,1.0,191,0.0,0.0,1.0,0.0,0.0,0.0,0.0,0.0,0.0,0.0,0.0,0.0,0.0,0.0,1.0,21,Male,1,Advanced Single-Shot Learners,-0.843611333278818,1.2725416173579887
U00933,1,1,1.0,0,1.0,Programming,Beginner,2.88,0.0,0.0,128,1.0,0.0,0.0,0.0,0.0,0.0,0.0,0.0,0.0,0.0,0.0,0.0,1.0,0.0,0.0,27,Female,4,Beginner Explorers,-1.437195608889254,0.16709749067001844
U00934,1,1,1.0,0,1.0,Project Management,Beginner,4.68,0.0,0.0,142,1.0,0.0,0.0,0.0,0.0,0.0,0.0,0.0,0.0,0.0,0.0,0.0,0.0,1.0,0.0,15,Female,4,Beginner Explorers,-1.4416609030474357,0.707298654807566
U00935,1,1,1.0,0,1.0,Data Science,Beginner,3.65,0.0,0.0,310,1.0,0.0,0.0,0.0,0.0,0.0,1.0,0.0,0.0,0.0,0.0,0.0,0.0,0.0,0.0,16,Female,4,Beginner Explorers,-2.078052585430123,0.41863744702241606
U00936,1,1,1.0,0,1.0,Digital Marketing,Beginner,4.44,0.0,0.0,39,1.0,0.0,0.0,0.0,0.0,0.0,0.0,0.0,1.0,0.0,0.0,0.0,0.0,0.0,0.0,30,Female,4,Beginner Explorers,-1.200934070070669,-0.3080642610544065
U00937,1,1,1.0,0,1.0,Machine Learning,Advanced,1.81,0.0,0.0,3,0.0,0.0,1.0,0.0,0.0,0.0,0.0,0.0,0.0,0.0,1.0,0.0,0.0,0.0,0.0,35,Male,1,Advanced Single-Shot Learners,-1.255201153939257,-1.5902019791293998
U00938,1,1,1.0,0,1.0,Design,Beginner,4.51,0.0,0.0,218,1.0,0.0,0.0,0.0,0.0,0.0,0.0,1.0,0.0,0.0,0.0,0.0,0.0,0.0,0.0,30,Male,4,Beginner Explorers,-1.946379560743208,-0.6785325180213221
U00939,1,1,1.0,0,1.0,Data Science,Intermediate,3.6,0.0,0.0,358,0.0,1.0,0.0,0.0,0.0,0.0,1.0,0.0,0.0,0.0,0.0,0.0,0.0,0.0,0.0,18,Male,3,Intermediate Value Seekers,-2.411939233952423,-0.379630420716013
U00940,1,1,1.0,0,1.0,Cybersecurity,Intermediate,1.91,0.0,0.0,174,0.0,1.0,0.0,0.0,0.0,1.0,0.0,0.0,0.0,0.0,0.0,0.0,0.0,0.0,0.0,15,Female,3,Intermediate Value Seekers,-1.8878277126883714,-1.2377793875477454
U00941,2,2,1.0,72,0.8333333333333334,Cybersecurity/Business,Beginner/Intermediate,1.935,142.525,0.5,154,0.5,0.5,0.0,0.0,0.5,0.5,0.0,0.0,0.0,0.0,0.0,0.0,0.0,0.0,0.0,20,Female,2,Power Learners,0.6546993881344083,0.8416443194972657
U00942,1,1,1.0,0,1.0,Finance,Beginner,4.14,0.0,0.0,191,1.0,0.0,0.0,0.0,0.0,0.0,0.0,0.0,0.0,1.0,0.0,0.0,0.0,0.0,0.0,21,Male,4,Beginner Explorers,-1.7837272547807497,-0.189292322105414
U00943,2,2,1.0,67,0.8955223880597015,Marketing/Cybersecurity,Advanced,2.195,0.0,0.0,140,0.0,0.0,1.0,0.0,0.0,0.5,0.0,0.0,0.0,0.0,0.0,0.5,0.0,0.0,0.0,21,Female,1,Advanced Single-Shot Learners,-0.27332193369718866,-2.1829489883437616
U00944,1,1,1.0,0,1.0,Data Science,Advanced,2.57,117.68,1.0,196,0.0,0.0,1.0,0.0,0.0,0.0,1.0,0.0,0.0,0.0,0.0,0.0,0.0,0.0,0.0,28,Female,1,Advanced Single-Shot Learners,-0.7425937666226714,1.776156472808066
U00945,1,1,1.0,0,1.0,Project Management,Beginner,4.68,0.0,0.0,245,1.0,0.0,0.0,0.0,0.0,0.0,0.0,0.0,0.0,0.0,0.0,0.0,0.0,1.0,0.0,27,Female,4,Beginner Explorers,-1.8007051597963404,0.8306409301783637
U00946,1,1,1.0,0,1.0,Marketing,Intermediate,4.72,0.0,0.0,117,0.0,1.0,0.0,0.0,0.0,0.0,0.0,0.0,0.0,0.0,0.0,1.0,0.0,0.0,0.0,20,Female,3,Intermediate Value Seekers,-1.7378601516615462,-2.406683924633756
U00947,1,1,1.0,0,1.0,Digital Marketing,Beginner,2.14,0.0,0.0,272,1.0,0.0,0.0,0.0,0.0,0.0,0.0,0.0,1.0,0.0,0.0,0.0,0.0,0.0,0.0,31,Female,4,Beginner Explorers,-1.917781569312194,0.27525751081647276
U00948,3,3,1.0,256,0.3515625,Programming/Marketing/Finance,Intermediate,4.223333333333334,0.0,0.0,65,0.3333333333333333,0.6666666666666666,0.0,0.0,0.0,0.0,0.0,0.0,0.0,0.3333333333333333,0.0,0.3333333333333333,0.3333333333333333,0.0,0.0,34,Male,3,Intermediate Value Seekers,0.5779936735108326,-1.9854104704473632
U00949,4,3,1.3333333333333333,199,0.6030150753768844,Machine Learning,Beginner,3.165,0.0,0.0,28,0.5,0.25,0.25,0.0,0.25,0.0,0.25,0.0,0.0,0.0,0.5,0.0,0.0,0.0,0.0,16,Male,2,Power Learners,0.9636613358527298,-1.4779852661183268
U00950,1,1,1.0,0,1.0,Digital Marketing,Intermediate,4.66,0.0,0.0,45,0.0,1.0,0.0,0.0,0.0,0.0,0.0,0.0,1.0,0.0,0.0,0.0,0.0,0.0,0.0,33,Female,3,Intermediate Value Seekers,-1.3833266773270552,-1.208102647783792
U00951,2,2,1.0,242,0.24793388429752067,Project Management/Digital Marketing,Intermediate,4.75,171.305,0.5,111,0.0,1.0,0.0,0.0,0.0,0.0,0.0,0.0,0.5,0.0,0.0,0.0,0.0,0.5,0.0,15,Male,3,Intermediate Value Seekers,0.8733218319361803,0.43916716149355334
U00952,2,2,1.0,27,2.0,Programming/Business,Beginner/Advanced,3.5,0.0,0.0,241,0.5,0.0,0.5,0.0,0.5,0.0,0.0,0.0,0.0,0.0,0.0,0.0,0.5,0.0,0.0,22,Female,4,Beginner Explorers,-0.40630578494037706,-0.41299634988490486
U00953,3,3,1.0,13,3.0,Project Management/Artificial Intelligence/Machine Learning,Intermediate,2.646666666666667,29.863333333333333,0.3333333333333333,163,0.0,0.6666666666666666,0.3333333333333333,0.3333333333333333,0.0,0.0,0.0,0.0,0.0,0.0,0.3333333333333333,0.0,0.0,0.3333333333333333,0.0,31,Male,2,Power Learners,0.8554685960748594,0.2523565506795546
U00954,2,2,1.0,9,2.0,Marketing/Business,Intermediate/Advanced,3.36,0.0,0.0,134,0.0,0.5,0.5,0.0,0.5,0.0,0.0,0.0,0.0,0.0,0.0,0.5,0.0,0.0,0.0,21,Female,1,Advanced Single-Shot Learners,-0.38056588121530843,-1.6622781082090128
U00955,3,2,1.5,250,0.36,Finance,Advanced,3.3800000000000003,0.0,0.0,27,0.0,0.3333333333333333,0.6666666666666666,0.0,0.0,0.0,0.0,0.3333333333333333,0.0,0.6666666666666666,0.0,0.0,0.0,0.0,0.0,35,Female,2,Power Learners,0.456169434959716,-2.0292172172131155
U00956,1,1,1.0,0,1.0,Project Management,Beginner,1.51,327.99,1.0,225,1.0,0.0,0.0,0.0,0.0,0.0,0.0,0.0,0.0,0.0,0.0,0.0,0.0,1.0,0.0,21,Female,4,Beginner Explorers,-0.49089452501496394,3.6380617166656477
U00957,3,2,1.5,181,0.4972375690607735,Web Development,Advanced,2.6733333333333333,70.79666666666667,0.3333333333333333,149,0.3333333333333333,0.0,0.6666666666666666,0.0,0.0,0.0,0.0,0.0,0.3333333333333333,0.0,0.0,0.0,0.0,0.0,0.6666666666666666,22,Male,1,Advanced Single-Shot Learners,0.8875444780748244,0.19019144837563742
U00958,2,1,2.0,52,1.1538461538461537,Digital Marketing,Beginner/Intermediate,4.550000000000001,0.0,0.0,303,0.5,0.5,0.0,0.0,0.0,0.0,0.0,0.0,1.0,0.0,0.0,0.0,0.0,0.0,0.0,28,Female,4,Beginner Explorers,-1.1172620122386736,-0.737224120848093
U00959,13,9,1.4444444444444444,325,1.2,Machine Learning,Advanced,3.1107692307692307,111.08076923076922,0.46153846153846156,30,0.3076923076923077,0.3076923076923077,0.38461538461538464,0.0,0.07692307692307693,0.15384615384615385,0.15384615384615385,0.07692307692307693,0.07692307692307693,0.0,0.23076923076923078,0.07692307692307693,0.07692307692307693,0.07692307692307693,0.0,22,Male,2,Power Learners,3.4728401726584943,-0.7891903585744272
U00960,1,1,1.0,0,1.0,Design,Advanced,2.61,0.0,0.0,38,0.0,0.0,1.0,0.0,0.0,0.0,0.0,1.0,0.0,0.0,0.0,0.0,0.0,0.0,0.0,17,Male,1,Advanced Single-Shot Learners,-1.3510526831121943,-1.5587728048229532
U00961,14,9,1.5555555555555556,326,1.2883435582822085,Finance/Artificial Intelligence/Machine Learning/Business/Programming,Beginner,3.2514285714285713,88.78071428571427,0.42857142857142855,26,0.42857142857142855,0.21428571428571427,0.35714285714285715,0.14285714285714285,0.14285714285714285,0.0,0.07142857142857142,0.0,0.07142857142857142,0.14285714285714285,0.14285714285714285,0.07142857142857142,0.14285714285714285,0.0,0.07142857142857142,31,Male,2,Power Learners,3.5973173425237492,-0.4897246477005704
U00962,1,1,1.0,0,1.0,Business,Advanced,3.15,0.0,0.0,281,0.0,0.0,1.0,0.0,1.0,0.0,0.0,0.0,0.0,0.0,0.0,0.0,0.0,0.0,0.0,20,Male,1,Advanced Single-Shot Learners,-1.9529220478044167,-0.09886218478724151
U00963,2,2,1.0,82,0.7317073170731707,Marketing/Cybersecurity,Intermediate/Advanced,2.9699999999999998,0.0,0.0,140,0.0,0.5,0.5,0.0,0.0,0.5,0.0,0.0,0.0,0.0,0.0,0.5,0.0,0.0,0.0,20,Female,3,Intermediate Value Seekers,-0.31976191911311264,-2.2865022009336187
U00964,1,1,1.0,0,1.0,Marketing,Advanced,2.98,0.0,0.0,11,0.0,0.0,1.0,0.0,0.0,0.0,0.0,0.0,0.0,0.0,0.0,1.0,0.0,0.0,0.0,16,Female,1,Advanced Single-Shot Learners,-1.2526475641633308,-2.3384884047900028
U00965,1,1,1.0,0,1.0,Digital Marketing,Beginner,2.14,0.0,0.0,364,1.0,0.0,0.0,0.0,0.0,0.0,0.0,0.0,1.0,0.0,0.0,0.0,0.0,0.0,0.0,34,Female,4,Beginner Explorers,-2.2285163524677687,0.3989527525387561
U00966,1,1,1.0,0,1.0,Programming,Intermediate,2.43,0.0,0.0,223,0.0,1.0,0.0,0.0,0.0,0.0,0.0,0.0,0.0,0.0,0.0,0.0,1.0,0.0,0.0,23,Female,3,Intermediate Value Seekers,-1.889460588985147,-0.5206282946396856
U00967,14,8,1.75,326,1.2883435582822085,Project Management,Beginner/Intermediate,3.092142857142857,58.339285714285715,0.21428571428571427,27,0.35714285714285715,0.35714285714285715,0.2857142857142857,0.0,0.0,0.07142857142857142,0.0,0.14285714285714285,0.14285714285714285,0.07142857142857142,0.0,0.14285714285714285,0.07142857142857142,0.21428571428571427,0.14285714285714285,15,Male,2,Power Learners,3.3187805570782634,-1.074485379972285
U00968,2,2,1.0,52,1.1538461538461537,Web Development/Machine Learning,Beginner/Intermediate,2.525,0.0,0.0,199,0.5,0.5,0.0,0.0,0.0,0.0,0.0,0.0,0.0,0.0,0.5,0.0,0.0,0.0,0.5,21,Male,3,Intermediate Value Seekers,-0.41674184064336994,-1.043145401272911
U00969,1,1,1.0,0,1.0,Artificial Intelligence,Beginner,1.2,248.1,1.0,304,1.0,0.0,0.0,1.0,0.0,0.0,0.0,0.0,0.0,0.0,0.0,0.0,0.0,0.0,0.0,29,Male,0,Premium Explorers,-0.5815356744397793,4.194996467977751
U00970,1,1,1.0,0,1.0,Business,Beginner,1.96,285.05,1.0,241,1.0,0.0,0.0,0.0,1.0,0.0,0.0,0.0,0.0,0.0,0.0,0.0,0.0,0.0,0.0,18,Male,1,Advanced Single-Shot Learners,-0.5805179847432184,3.2895337357937073
U00971,3,3,1.0,172,0.5232558139534884,Marketing/Artificial Intelligence/Data Science,Beginner/Intermediate/Advanced,4.12,163.63333333333333,0.3333333333333333,115,0.3333333333333333,0.3333333333333333,0.3333333333333333,0.3333333333333333,0.0,0.0,0.3333333333333333,0.0,0.0,0.0,0.0,0.3333333333333333,0.0,0.0,0.0,19,Female,2,Power Learners,1.361926137733858,0.06454878053712708
U00972,4,4,1.0,153,0.7843137254901962,Web Development/Artificial Intelligence/Programming/Finance,Beginner,3.6125,147.82999999999998,0.5,140,0.75,0.25,0.0,0.25,0.0,0.0,0.0,0.0,0.0,0.25,0.0,0.0,0.25,0.0,0.25,27,Female,2,Power Learners,1.7622293379917013,0.8776321233406326
U00973,1,1,1.0,0,1.0,Web Development,Advanced,4.74,57.32,1.0,45,0.0,0.0,1.0,0.0,0.0,0.0,0.0,0.0,0.0,0.0,0.0,0.0,0.0,0.0,1.0,22,Male,1,Advanced Single-Shot Learners,-0.3579263437484132,1.0661475702531933
U00974,1,1,1.0,0,1.0,Digital Marketing,Intermediate,4.66,0.0,0.0,211,0.0,1.0,0.0,0.0,0.0,0.0,0.0,0.0,1.0,0.0,0.0,0.0,0.0,0.0,0.0,31,Male,3,Intermediate Value Seekers,-1.954357524952413,-0.9611187926568114
U00975,1,1,1.0,0,1.0,Web Development,Beginner,3.32,0.0,0.0,107,1.0,0.0,0.0,0.0,0.0,0.0,0.0,0.0,0.0,0.0,0.0,0.0,0.0,0.0,1.0,35,Female,4,Beginner Explorers,-1.370603901271797,-0.007277455472368355
U00976,12,9,1.3333333333333333,306,1.1764705882352942,Cybersecurity/Business/Design,Advanced,3.1658333333333335,121.88583333333334,0.4166666666666667,21,0.25,0.3333333333333333,0.4166666666666667,0.08333333333333333,0.16666666666666666,0.16666666666666666,0.0,0.16666666666666666,0.08333333333333333,0.0,0.0,0.08333333333333333,0.08333333333333333,0.08333333333333333,0.08333333333333333,30,Male,2,Power Learners,3.4722853039934187,-0.6743969946401405
U00977,1,1,1.0,0,1.0,Marketing,Advanced,2.98,0.0,0.0,108,0.0,0.0,1.0,0.0,0.0,0.0,0.0,0.0,0.0,0.0,0.0,1.0,0.0,0.0,0.0,33,Female,1,Advanced Single-Shot Learners,-1.5981343831935615,-2.2323178266062973
U00978,1,1,1.0,0,1.0,Design,Beginner,4.51,0.0,0.0,209,1.0,0.0,0.0,0.0,0.0,0.0,0.0,1.0,0.0,0.0,0.0,0.0,0.0,0.0,0.0,18,Male,4,Beginner Explorers,-1.9008678260022245,-0.6701191820610877
U00979,3,3,1.0,338,0.2662721893491124,Cybersecurity/Design/Marketing,Beginner,4.1433333333333335,0.0,0.0,4,0.6666666666666666,0.0,0.3333333333333333,0.0,0.0,0.3333333333333333,0.0,0.3333333333333333,0.0,0.0,0.0,0.3333333333333333,0.0,0.0,0.0,16,Female,2,Power Learners,0.8635301286825755,-2.1572427832856635
U00980,1,1,1.0,0,1.0,Finance,Advanced,1.59,0.0,0.0,251,0.0,0.0,1.0,0.0,0.0,0.0,0.0,0.0,0.0,1.0,0.0,0.0,0.0,0.0,0.0,17,Male,1,Advanced Single-Shot Learners,-1.9831186278424444,-0.6758554079316635
U00981,13,9,1.4444444444444444,350,1.1142857142857143,Project Management/Artificial Intelligence/Business/Design,Advanced,2.7469230769230775,110.55461538461537,0.46153846153846156,5,0.15384615384615385,0.3076923076923077,0.5384615384615384,0.15384615384615385,0.15384615384615385,0.0,0.07692307692307693,0.15384615384615385,0.0,0.07692307692307693,0.07692307692307693,0.07692307692307693,0.0,0.15384615384615385,0.07692307692307693,34,Male,2,Power Learners,3.6396318518447304,-0.523171778560095
U00982,1,1,1.0,0,1.0,Project Management,Advanced,1.23,346.71,1.0,144,0.0,0.0,1.0,0.0,0.0,0.0,0.0,0.0,0.0,0.0,0.0,0.0,0.0,1.0,0.0,27,Female,1,Advanced Single-Shot Learners,-0.28631970225019293,2.691399763241238
U00983,1,1,1.0,0,1.0,Business,Advanced,2.0,0.0,0.0,168,0.0,0.0,1.0,0.0,1.0,0.0,0.0,0.0,0.0,0.0,0.0,0.0,0.0,0.0,0.0,26,Female,1,Advanced Single-Shot Learners,-1.533032418342816,-0.1493235095834729
U00984,1,1,1.0,0,1.0,Artificial Intelligence,Intermediate,3.11,415.51,1.0,333,0.0,1.0,0.0,1.0,0.0,0.0,0.0,0.0,0.0,0.0,0.0,0.0,0.0,0.0,0.0,27,Male,0,Premium Explorers,-0.8109174565409409,3.2405378081357963
U00985,1,1,1.0,0,1.0,Machine Learning,Advanced,1.81,0.0,0.0,134,0.0,0.0,1.0,0.0,0.0,0.0,0.0,0.0,0.0,0.0,1.0,0.0,0.0,0.0,0.0,21,Male,1,Advanced Single-Shot Learners,-1.6740706392675513,-1.3820521757927322
U00986,2,1,2.0,283,0.21201413427561838,Cybersecurity,Beginner/Advanced,3.66,0.0,0.0,25,0.5,0.0,0.5,0.0,0.0,1.0,0.0,0.0,0.0,0.0,0.0,0.0,0.0,0.0,0.0,25,Male,4,Beginner Explorers,-0.14176598423601128,-1.6523080383939273
U00987,1,1,1.0,0,1.0,Digital Marketing,Beginner,4.44,0.0,0.0,58,1.0,0.0,0.0,0.0,0.0,0.0,0.0,0.0,1.0,0.0,0.0,0.0,0.0,0.0,0.0,27,Female,4,Beginner Explorers,-1.260434499073384,-0.2761757489708965
U00988,1,1,1.0,0,1.0,Cybersecurity,Advanced,2.38,0.0,0.0,173,0.0,0.0,1.0,0.0,0.0,1.0,0.0,0.0,0.0,0.0,0.0,0.0,0.0,0.0,0.0,21,Female,1,Advanced Single-Shot Learners,-1.824941542830817,-1.2883072192015212
U00989,12,9,1.3333333333333333,339,1.0619469026548671,Programming/Business/Marketing,Advanced,2.6199999999999997,82.80166666666666,0.3333333333333333,20,0.25,0.25,0.5,0.08333333333333333,0.16666666666666666,0.08333333333333333,0.0,0.08333333333333333,0.0,0.08333333333333333,0.08333333333333333,0.16666666666666666,0.16666666666666666,0.08333333333333333,0.0,26,Male,2,Power Learners,3.415852347540284,-0.8721560193800292
U00990,1,1,1.0,0,1.0,Finance,Intermediate,4.1,0.0,0.0,165,0.0,1.0,0.0,0.0,0.0,0.0,0.0,0.0,0.0,1.0,0.0,0.0,0.0,0.0,0.0,20,Male,3,Intermediate Value Seekers,-1.8472572397984532,-1.097953842610809
U00991,1,1,1.0,0,1.0,Artificial Intelligence,Intermediate,2.68,89.59,1.0,230,0.0,1.0,0.0,1.0,0.0,0.0,0.0,0.0,0.0,0.0,0.0,0.0,0.0,0.0,0.0,30,Male,0,Premium Explorers,-0.6631177799224784,2.858750611254804
U00992,4,4,1.0,222,0.5405405405405405,Project Management/Business/Programming/Data Science,Advanced,2.8225000000000002,238.0775,0.75,119,0.25,0.0,0.75,0.0,0.25,0.0,0.25,0.0,0.0,0.0,0.0,0.0,0.25,0.25,0.0,22,Female,2,Power Learners,2.0083182994658917,1.0326402652746434
U00993,1,1,1.0,0,1.0,Business,Intermediate,2.69,326.02,1.0,35,0.0,1.0,0.0,0.0,1.0,0.0,0.0,0.0,0.0,0.0,0.0,0.0,0.0,0.0,0.0,17,Male,1,Advanced Single-Shot Learners,-0.04644431262601975,2.066646904599378
U00994,1,1,1.0,0,1.0,Machine Learning,Intermediate,4.73,0.0,0.0,292,0.0,1.0,0.0,0.0,0.0,0.0,0.0,0.0,0.0,0.0,1.0,0.0,0.0,0.0,0.0,29,Female,3,Intermediate Value Seekers,-2.349568612628589,-1.5277911623181868
U00995,2,2,1.0,125,0.48,Cybersecurity/Web Development,Beginner/Advanced,2.29,0.0,0.0,4,0.5,0.0,0.5,0.0,0.0,0.5,0.0,0.0,0.0,0.0,0.0,0.0,0.0,0.0,0.5,27,Female,1,Advanced Single-Shot Learners,0.3411065818049066,-1.2958765403425598
U00996,1,1,1.0,0,1.0,Digital Marketing,Intermediate,4.66,0.0,0.0,231,0.0,1.0,0.0,0.0,0.0,0.0,0.0,0.0,1.0,0.0,0.0,0.0,0.0,0.0,0.0,24,Male,3,Intermediate Value Seekers,-2.012029185155279,-0.9208192134944558
U00997,15,8,1.875,299,1.5050167224080266,Digital Marketing/Design/Machine Learning,Advanced,3.1686666666666667,30.699333333333335,0.13333333333333333,50,0.26666666666666666,0.26666666666666666,0.4666666666666667,0.13333333333333333,0.06666666666666667,0.06666666666666667,0.0,0.2,0.2,0.0,0.2,0.06666666666666667,0.0,0.06666666666666667,0.0,34,Female,2,Power Learners,3.1942777664628164,-1.4054370681311863
U00998,2,2,1.0,32,1.875,Project Management/Data Science,Beginner/Intermediate,2.555,163.995,0.5,127,0.5,0.5,0.0,0.0,0.0,0.0,0.5,0.0,0.0,0.0,0.0,0.0,0.0,0.5,0.0,18,Male,2,Power Learners,0.8073129557351959,1.3623753672870076
U00999,1,1,1.0,0,1.0,Design,Beginner,4.51,0.0,0.0,206,1.0,0.0,0.0,0.0,0.0,0.0,0.0,1.0,0.0,0.0,0.0,0.0,0.0,0.0,0.0,33,Female,4,Beginner Explorers,-1.890299432123364,-0.7114137883455489
U01000,12,7,1.7142857142857142,313,1.1501597444089458,Machine Learning/Programming,Intermediate/Advanced,3.448333333333334,95.95166666666665,0.5,40,0.16666666666666666,0.4166666666666667,0.4166666666666667,0.0,0.08333333333333333,0.0,0.08333333333333333,0.0,0.08333333333333333,0.0,0.25,0.0,0.25,0.08333333333333333,0.16666666666666666,16,Female,2,Power Learners,3.218324443428688,-0.5632389888254754
U01001,1,1,1.0,0,1.0,Project Management,Intermediate,3.45,0.0,0.0,100,0.0,1.0,0.0,0.0,0.0,0.0,0.0,0.0,0.0,0.0,0.0,0.0,0.0,1.0,0.0,18,Male,3,Intermediate Value Seekers,-1.445042386261441,-0.08625476382495287
U01002,1,1,1.0,0,1.0,Business,Advanced,3.15,0.0,0.0,211,0.0,0.0,1.0,0.0,1.0,0.0,0.0,0.0,0.0,0.0,0.0,0.0,0.0,0.0,0.0,19,Male,1,Advanced Single-Shot Learners,-1.71814932718896,-0.19522571265588123
U01003,1,1,1.0,0,1.0,Business,Advanced,2.0,0.0,0.0,105,0.0,0.0,1.0,0.0,1.0,0.0,0.0,0.0,0.0,0.0,0.0,0.0,0.0,0.0,0.0,35,Male,1,Advanced Single-Shot Learners,-1.3544462833135862,-0.24259463215359411
U01004,1,1,1.0,0,1.0,Artificial Intelligence,Intermediate,3.11,415.51,1.0,211,0.0,1.0,0.0,1.0,0.0,0.0,0.0,0.0,0.0,0.0,0.0,0.0,0.0,0.0,0.0,16,Female,0,Premium Explorers,-0.36986279405886985,3.078007380182505
U01005,1,1,1.0,0,1.0,Finance,Intermediate,2.75,119.04,1.0,20,0.0,1.0,0.0,0.0,0.0,0.0,0.0,0.0,0.0,1.0,0.0,0.0,0.0,0.0,0.0,19,Male,3,Intermediate Value Seekers,-0.3101362852662271,1.1355904460448942
U01006,2,2,1.0,197,0.30456852791878175,Programming/Web Development,Intermediate/Advanced,1.8650000000000002,18.945,0.5,49,0.0,0.5,0.5,0.0,0.0,0.0,0.0,0.0,0.0,0.0,0.0,0.0,0.5,0.0,0.5,19,Male,2,Power Learners,0.8547612115566859,-0.014161505747244075
U01007,1,1,1.0,0,1.0,Finance,Intermediate,4.1,0.0,0.0,156,0.0,1.0,0.0,0.0,0.0,0.0,0.0,0.0,0.0,1.0,0.0,0.0,0.0,0.0,0.0,30,Male,3,Intermediate Value Seekers,-1.830148721446464,-1.1280922706659198
U01008,2,2,1.0,139,0.4316546762589928,Programming/Data Science,Beginner/Intermediate,3.24,0.0,0.0,174,0.5,0.5,0.0,0.0,0.0,0.0,0.5,0.0,0.0,0.0,0.0,0.0,0.5,0.0,0.0,18,Male,4,Beginner Explorers,-0.21729997404978596,-0.7180603787977828
U01009,1,1,1.0,0,1.0,Machine Learning,Advanced,3.89,0.78,1.0,332,0.0,0.0,1.0,0.0,0.0,0.0,0.0,0.0,0.0,0.0,1.0,0.0,0.0,0.0,0.0,15,Female,1,Advanced Single-Shot Learners,-1.9079563025742312,0.17047278021140067
U01010,1,1,1.0,0,1.0,Design,Advanced,2.61,0.0,0.0,192,0.0,0.0,1.0,0.0,0.0,0.0,0.0,1.0,0.0,0.0,0.0,0.0,0.0,0.0,0.0,35,Female,1,Advanced Single-Shot Learners,-1.8680234759050243,-1.3852645658051619
U01011,1,1,1.0,0,1.0,Artificial Intelligence,Beginner,1.2,248.1,1.0,115,1.0,0.0,0.0,1.0,0.0,0.0,0.0,0.0,0.0,0.0,0.0,0.0,0.0,0.0,0.0,18,Male,0,Premium Explorers,0.0630664301323466,3.9493594718836675
U01012,1,1,1.0,0,1.0,Project Management,Beginner,1.51,327.99,1.0,254,1.0,0.0,0.0,0.0,0.0,0.0,0.0,0.0,0.0,0.0,0.0,0.0,0.0,1.0,0.0,35,Female,4,Beginner Explorers,-0.6056974175724932,3.6541767836796737
U01013,3,3,1.0,121,0.7438016528925621,Business/Design/Data Science,Advanced,2.8033333333333332,99.85666666666667,0.3333333333333333,163,0.3333333333333333,0.0,0.6666666666666666,0.0,0.3333333333333333,0.0,0.3333333333333333,0.3333333333333333,0.0,0.0,0.0,0.0,0.0,0.0,0.0,22,Male,1,Advanced Single-Shot Learners,1.0695666271715145,0.19165266951731463
U01014,3,3,1.0,297,0.30303030303030304,Artificial Intelligence/Design/Marketing,Advanced,3.3666666666666667,0.0,0.0,22,0.3333333333333333,0.0,0.6666666666666666,0.3333333333333333,0.0,0.0,0.0,0.3333333333333333,0.0,0.0,0.0,0.3333333333333333,0.0,0.0,0.0,17,Male,2,Power Learners,0.924885214768625,-1.6864450571353475
U01015,15,9,1.6666666666666667,345,1.3043478260869565,Data Science,Intermediate,3.234,79.52266666666667,0.4666666666666667,6,0.2,0.4666666666666667,0.3333333333333333,0.13333333333333333,0.0,0.06666666666666667,0.26666666666666666,0.0,0.13333333333333333,0.06666666666666667,0.06666666666666667,0.06666666666666667,0.06666666666666667,0.0,0.13333333333333333,29,Male,2,Power Learners,3.6769335058582295,-0.7221680959912045
U01016,2,2,1.0,58,1.0344827586206897,Web Development/Finance,Advanced,3.165,28.66,0.5,304,0.0,0.0,1.0,0.0,0.0,0.0,0.0,0.0,0.0,0.5,0.0,0.0,0.0,0.0,0.5,27,Female,1,Advanced Single-Shot Learners,-0.08995735884841159,0.16006370281519205
U01017,2,1,2.0,43,1.3953488372093024,Business,Beginner/Intermediate,2.325,305.53499999999997,1.0,310,0.5,0.5,0.0,0.0,1.0,0.0,0.0,0.0,0.0,0.0,0.0,0.0,0.0,0.0,0.0,21,Female,1,Advanced Single-Shot Learners,0.16994975496213816,2.56109271167505
U01018,1,1,1.0,0,1.0,Finance,Beginner,4.14,0.0,0.0,29,1.0,0.0,0.0,0.0,0.0,0.0,0.0,0.0,0.0,1.0,0.0,0.0,0.0,0.0,0.0,23,Female,4,Beginner Explorers,-1.2260382166025372,-0.43066955547362695
U01019,1,1,1.0,0,1.0,Finance,Beginner,4.14,0.0,0.0,12,1.0,0.0,0.0,0.0,0.0,0.0,0.0,0.0,0.0,1.0,0.0,0.0,0.0,0.0,0.0,27,Male,4,Beginner Explorers,-1.1944276137634375,-0.45070276326898207
U01020,12,9,1.3333333333333333,296,1.2162162162162162,Artificial Intelligence/Web Development/Digital Marketing,Intermediate,2.72,97.42916666666666,0.5,31,0.25,0.5,0.25,0.16666666666666666,0.08333333333333333,0.08333333333333333,0.08333333333333333,0.0,0.16666666666666666,0.08333333333333333,0.0,0.08333333333333333,0.08333333333333333,0.0,0.16666666666666666,28,Male,2,Power Learners,3.4834469139497632,-0.3753078952155378
U01021,2,2,1.0,134,0.44776119402985076,Design/Web Development,Beginner,3.355,0.0,0.0,130,1.0,0.0,0.0,0.0,0.0,0.0,0.0,0.5,0.0,0.0,0.0,0.0,0.0,0.0,0.5,29,Female,4,Beginner Explorers,-0.04366346507397828,-0.8510066387202749
U01022,13,10,1.3,343,1.1370262390670554,Web Development,Intermediate,3.6884615384615382,66.86923076923077,0.3076923076923077,11,0.38461538461538464,0.46153846153846156,0.15384615384615385,0.07692307692307693,0.0,0.07692307692307693,0.07692307692307693,0.07692307692307693,0.07692307692307693,0.07692307692307693,0.07692307692307693,0.07692307692307693,0.0,0.15384615384615385,0.23076923076923078,17,Male,2,Power Learners,3.5437094754389804,-0.898419628501422
U01023,2,2,1.0,57,1.0526315789473684,Design/Cybersecurity,Beginner/Intermediate,4.22,0.0,0.0,261,0.5,0.5,0.0,0.0,0.0,0.5,0.0,0.5,0.0,0.0,0.0,0.0,0.0,0.0,0.0,18,Male,3,Intermediate Value Seekers,-0.7558900607648038,-1.445611796550216
U01024,3,2,1.5,186,0.48387096774193544,Digital Marketing,Beginner/Intermediate/Advanced,4.246666666666667,162.64000000000001,0.3333333333333333,83,0.3333333333333333,0.3333333333333333,0.3333333333333333,0.0,0.3333333333333333,0.0,0.0,0.0,0.6666666666666666,0.0,0.0,0.0,0.0,0.0,0.0,17,Female,2,Power Learners,1.1892319983302566,0.1920326886652001
U01025,1,1,1.0,0,1.0,Artificial Intelligence,Beginner,4.55,490.9,1.0,162,1.0,0.0,0.0,1.0,0.0,0.0,0.0,0.0,0.0,0.0,0.0,0.0,0.0,0.0,0.0,34,Male,0,Premium Explorers,-0.11336715581677076,3.7358056428054827
U01026,1,1,1.0,0,1.0,Finance,Beginner,4.14,0.0,0.0,8,1.0,0.0,0.0,0.0,0.0,0.0,0.0,0.0,0.0,1.0,0.0,0.0,0.0,0.0,0.0,33,Female,4,Beginner Explorers,-1.1689042699091114,-0.4776278488050395
U01027,2,2,1.0,96,0.625,Web Development/Programming,Beginner,2.3,0.0,0.0,234,1.0,0.0,0.0,0.0,0.0,0.0,0.0,0.0,0.0,0.0,0.0,0.0,0.5,0.0,0.5,32,Male,4,Beginner Explorers,-0.3502986568475159,-0.1647723957734739
U01028,2,2,1.0,192,0.3125,Project Management/Programming,Beginner,2.195,163.995,0.5,148,1.0,0.0,0.0,0.0,0.0,0.0,0.0,0.0,0.0,0.0,0.0,0.0,0.5,0.5,0.0,23,Female,4,Beginner Explorers,0.9494690586289218,1.7227434606925762
U01029,1,1,1.0,0,1.0,Finance,Intermediate,2.75,119.04,1.0,146,0.0,1.0,0.0,0.0,0.0,0.0,0.0,0.0,0.0,1.0,0.0,0.0,0.0,0.0,0.0,15,Male,3,Intermediate Value Seekers,-0.7252390616896777,1.3192084430852187
U01030,1,1,1.0,0,1.0,Marketing,Intermediate,4.72,0.0,0.0,129,0.0,1.0,0.0,0.0,0.0,0.0,0.0,0.0,0.0,0.0,0.0,1.0,0.0,0.0,0.0,23,Female,3,Intermediate Value Seekers,-1.7817587458742092,-2.395121118086819
U01031,13,8,1.625,310,1.2580645161290323,Design,Advanced,3.331538461538462,118.41384615384617,0.38461538461538464,49,0.3076923076923077,0.3076923076923077,0.38461538461538464,0.0,0.0,0.15384615384615385,0.0,0.23076923076923078,0.15384615384615385,0.07692307692307693,0.07692307692307693,0.15384615384615385,0.07692307692307693,0.07692307692307693,0.0,15,Male,2,Power Learners,3.2778435896444877,-1.023006628780034
U01032,14,10,1.4,312,1.346153846153846,Marketing,Advanced,3.3864285714285716,99.255,0.35714285714285715,12,0.42857142857142855,0.07142857142857142,0.5,0.14285714285714285,0.07142857142857142,0.0,0.07142857142857142,0.07142857142857142,0.07142857142857142,0.07142857142857142,0.07142857142857142,0.21428571428571427,0.07142857142857142,0.0,0.14285714285714285,16,Male,2,Power Learners,3.727699598514337,-0.822555310643783
U01033,13,7,1.8571428571428572,347,1.1239193083573487,Business/Data Science,Beginner/Advanced,3.169230769230769,140.80769230769232,0.5384615384615384,14,0.38461538461538464,0.23076923076923078,0.38461538461538464,0.0,0.23076923076923078,0.0,0.23076923076923078,0.15384615384615385,0.07692307692307693,0.0,0.07692307692307693,0.0,0.15384615384615385,0.0,0.07692307692307693,30,Male,2,Power Learners,3.446193649053045,-0.2521438104338533
U01034,12,7,1.7142857142857142,294,1.2244897959183672,Web Development/Finance,Beginner/Intermediate/Advanced,3.2566666666666673,12.4225,0.25,42,0.3333333333333333,0.3333333333333333,0.3333333333333333,0.08333333333333333,0.0,0.08333333333333333,0.08333333333333333,0.0,0.0,0.25,0.0,0.08333333333333333,0.16666666666666666,0.0,0.25,18,Female,2,Power Learners,2.879156127502408,-1.1508645439024598
U01035,3,2,1.5,222,0.4054054054054054,Business,Advanced,2.47,257.6566666666667,0.6666666666666666,135,0.3333333333333333,0.0,0.6666666666666666,0.0,0.6666666666666666,0.0,0.0,0.0,0.0,0.0,0.3333333333333333,0.0,0.0,0.0,0.0,33,Male,1,Advanced Single-Shot Learners,1.242159621558356,0.958838622785291
U01036,1,1,1.0,0,1.0,Finance,Advanced,1.59,0.0,0.0,287,0.0,0.0,1.0,0.0,0.0,0.0,0.0,0.0,0.0,1.0,0.0,0.0,0.0,0.0,0.0,35,Male,1,Advanced Single-Shot Learners,-2.126433908094113,-0.6569381644789489
U01037,1,1,1.0,0,1.0,Artificial Intelligence,Intermediate,3.11,415.51,1.0,221,0.0,1.0,0.0,1.0,0.0,0.0,0.0,0.0,0.0,0.0,0.0,0.0,0.0,0.0,0.0,32,Female,0,Premium Explorers,-0.42387420232327505,3.063986288022809
U01038,1,1,1.0,0,1.0,Project Management,Intermediate,4.84,342.61,1.0,233,0.0,1.0,0.0,0.0,0.0,0.0,0.0,0.0,0.0,0.0,0.0,0.0,0.0,1.0,0.0,33,Male,3,Intermediate Value Seekers,-0.7890077052774506,2.3943326097619964
U01039,1,1,1.0,0,1.0,Cybersecurity,Beginner,4.94,0.0,0.0,44,1.0,0.0,0.0,0.0,0.0,1.0,0.0,0.0,0.0,0.0,0.0,0.0,0.0,0.0,0.0,21,Female,4,Beginner Explorers,-1.390507578932683,-0.8925728097154304
U01040,1,1,1.0,0,1.0,Business,Beginner,1.96,285.05,1.0,35,1.0,0.0,0.0,0.0,1.0,0.0,0.0,0.0,0.0,0.0,0.0,0.0,0.0,0.0,0.0,21,Female,1,Advanced Single-Shot Learners,0.12263990206318641,2.984731310169265
U01041,1,1,1.0,0,1.0,Web Development,Advanced,2.67,0.0,0.0,196,0.0,0.0,1.0,0.0,0.0,0.0,0.0,0.0,0.0,0.0,0.0,0.0,0.0,0.0,1.0,23,Female,1,Advanced Single-Shot Learners,-1.70728517530886,-0.6527076119786804
U01042,1,1,1.0,0,1.0,Project Management,Intermediate,3.45,0.0,0.0,245,0.0,1.0,0.0,0.0,0.0,0.0,0.0,0.0,0.0,0.0,0.0,0.0,0.0,1.0,0.0,26,Male,3,Intermediate Value Seekers,-1.9390114210437386,0.10296645165205563
U01043,4,3,1.3333333333333333,203,0.5911330049261084,Web Development,Advanced,2.5149999999999997,14.33,0.25,10,0.25,0.0,0.75,0.0,0.0,0.0,0.0,0.25,0.0,0.0,0.25,0.0,0.0,0.0,0.5,19,Female,2,Power Learners,1.5188266646150328,-0.9514826703669153
U01044,1,1,1.0,0,1.0,Web Development,Advanced,2.67,0.0,0.0,242,0.0,0.0,1.0,0.0,0.0,0.0,0.0,0.0,0.0,0.0,0.0,0.0,0.0,0.0,1.0,31,Female,1,Advanced Single-Shot Learners,-1.8710444262743051,-0.6022502850311634
U01045,2,2,1.0,179,0.33519553072625696,Programming/Data Science,Beginner/Intermediate,3.24,0.0,0.0,98,0.5,0.5,0.0,0.0,0.0,0.0,0.5,0.0,0.0,0.0,0.0,0.0,0.5,0.0,0.0,32,Female,4,Beginner Explorers,0.07009416195012147,-0.8749327898971403
U01046,1,1,1.0,0,1.0,Finance,Beginner,2.47,53.86,1.0,264,1.0,0.0,0.0,0.0,0.0,0.0,0.0,0.0,0.0,1.0,0.0,0.0,0.0,0.0,0.0,28,Female,4,Beginner Explorers,-1.0599633032742195,2.2169860008424425
U01047,1,1,1.0,0,1.0,Design,Beginner,4.51,0.0,0.0,7,1.0,0.0,0.0,0.0,0.0,0.0,0.0,1.0,0.0,0.0,0.0,0.0,0.0,0.0,0.0,29,Female,4,Beginner Explorers,-1.2213801909662358,-0.9833338092050696
U01048,1,1,1.0,0,1.0,Machine Learning,Advanced,1.81,0.0,0.0,303,0.0,0.0,1.0,0.0,0.0,0.0,0.0,0.0,0.0,0.0,1.0,0.0,0.0,0.0,0.0,16,Female,1,Advanced Single-Shot Learners,-2.211378945807774,-1.1472149882544305
U01049,2,1,2.0,119,0.5042016806722689,Data Science,Beginner/Intermediate,3.335,0.0,0.0,143,0.5,0.5,0.0,0.0,0.0,0.0,1.0,0.0,0.0,0.0,0.0,0.0,0.0,0.0,0.0,34,Male,3,Intermediate Value Seekers,-0.5348660248435841,-0.636828763289529
U01050,1,1,1.0,0,1.0,Cybersecurity,Intermediate,1.91,0.0,0.0,14,0.0,1.0,0.0,0.0,0.0,1.0,0.0,0.0,0.0,0.0,0.0,0.0,0.0,0.0,0.0,25,Female,3,Intermediate Value Seekers,-1.3670658877066364,-1.4795677869963224
U01051,2,2,1.0,35,1.7142857142857142,Marketing/Design,Advanced,3.23,0.0,0.0,98,0.0,0.0,1.0,0.0,0.0,0.0,0.0,0.5,0.0,0.0,0.0,0.5,0.0,0.0,0.0,18,Female,1,Advanced Single-Shot Learners,-0.13398060310677445,-2.3567890278724635
U01052,2,2,1.0,186,0.3225806451612903,Machine Learning/Design,Beginner/Intermediate,4.62,0.0,0.0,98,0.5,0.5,0.0,0.0,0.0,0.0,0.0,0.5,0.0,0.0,0.5,0.0,0.0,0.0,0.0,22,Female,3,Intermediate Value Seekers,-0.08618494152236246,-1.8611552422091444
U01053,1,1,1.0,0,1.0,Data Science,Intermediate,3.02,0.0,0.0,104,0.0,1.0,0.0,0.0,0.0,0.0,1.0,0.0,0.0,0.0,0.0,0.0,0.0,0.0,0.0,26,Female,3,Intermediate Value Seekers,-1.5395999995018086,-0.6952900388411993
U01054,2,2,1.0,206,0.29126213592233013,Design/Machine Learning,Advanced,2.21,0.0,0.0,115,0.0,0.0,1.0,0.0,0.0,0.0,0.0,0.5,0.0,0.0,0.5,0.0,0.0,0.0,0.0,20,Female,1,Advanced Single-Shot Learners,-0.058124517963047496,-1.9941343200688282
U01055,1,1,1.0,0,1.0,Machine Learning,Intermediate,4.73,0.0,0.0,339,0.0,1.0,0.0,0.0,0.0,0.0,0.0,0.0,0.0,0.0,1.0,0.0,0.0,0.0,0.0,22,Female,3,Intermediate Value Seekers,-2.4972974865996878,-1.4496468862841523
U01056,2,2,1.0,218,0.27522935779816515,Cybersecurity/Machine Learning,Intermediate/Advanced,3.91,0.39,0.5,43,0.0,0.5,0.5,0.0,0.0,0.5,0.0,0.0,0.0,0.0,0.5,0.0,0.0,0.0,0.0,15,Male,3,Intermediate Value Seekers,0.3015512109141058,-1.478399352333243
U01057,1,1,1.0,0,1.0,Finance,Intermediate,4.1,0.0,0.0,159,0.0,1.0,0.0,0.0,0.0,0.0,0.0,0.0,0.0,1.0,0.0,0.0,0.0,0.0,0.0,33,Male,3,Intermediate Value Seekers,-1.8440282444030498,-1.1291443630762095
U01058,2,2,1.0,137,0.43795620437956206,Digital Marketing/Cybersecurity,Intermediate/Advanced,2.25,303.325,1.0,137,0.0,0.5,0.5,0.0,0.0,0.5,0.0,0.0,0.5,0.0,0.0,0.0,0.0,0.0,0.0,34,Female,2,Power Learners,0.9470623796719656,0.8483373832387705
U01059,1,1,1.0,0,1.0,Marketing,Intermediate,4.72,0.0,0.0,34,0.0,1.0,0.0,0.0,0.0,0.0,0.0,0.0,0.0,0.0,0.0,1.0,0.0,0.0,0.0,30,Male,3,Intermediate Value Seekers,-1.4938560246869974,-2.529740508907502
U01060,1,1,1.0,0,1.0,Finance,Intermediate,2.75,119.04,1.0,137,0.0,1.0,0.0,0.0,0.0,0.0,0.0,0.0,0.0,1.0,0.0,0.0,0.0,0.0,0.0,34,Female,3,Intermediate Value Seekers,-0.699822174801734,1.262494492523453
U01061,2,1,2.0,102,0.5882352941176471,Project Management,Beginner/Intermediate,4.76,171.305,0.5,199,0.5,0.5,0.0,0.0,0.0,0.0,0.0,0.0,0.0,0.0,0.0,0.0,0.0,1.0,0.0,22,Female,4,Beginner Explorers,0.23744839381941105,1.5870176159474474
U01062,1,1,1.0,0,1.0,Design,Advanced,4.45,0.0,0.0,312,0.0,0.0,1.0,0.0,0.0,0.0,0.0,1.0,0.0,0.0,0.0,0.0,0.0,0.0,0.0,22,Female,1,Advanced Single-Shot Learners,-2.300777205620168,-1.40107605108087
U01063,1,1,1.0,0,1.0,Web Development,Advanced,2.67,0.0,0.0,339,0.0,0.0,1.0,0.0,0.0,0.0,0.0,0.0,0.0,0.0,0.0,0.0,0.0,0.0,1.0,31,Female,1,Advanced Single-Shot Learners,-2.194583305367585,-0.4662897073810555
U01064,2,2,1.0,166,0.3614457831325301,Business/Project Management,Beginner/Advanced,4.16,243.96,0.5,62,0.5,0.0,0.5,0.0,0.5,0.0,0.0,0.0,0.0,0.0,0.0,0.0,0.0,0.5,0.0,26,Female,2,Power Learners,1.2194699504287,1.2208941341911914
U01065,4,4,1.0,297,0.40404040404040403,Business/Finance/Project Management/Marketing,Beginner/Advanced,2.6574999999999998,81.9975,0.25,36,0.5,0.0,0.5,0.0,0.25,0.0,0.0,0.0,0.0,0.25,0.0,0.25,0.0,0.25,0.0,15,Male,2,Power Learners,1.948448331839226,-0.2075056077403216
U01066,12,7,1.7142857142857142,346,1.0404624277456647,Machine Learning/Project Management/Marketing/Data Science/Finance,Beginner/Intermediate/Advanced,2.9533333333333336,80.84750000000001,0.25,1,0.3333333333333333,0.3333333333333333,0.3333333333333333,0.0,0.0,0.0,0.16666666666666666,0.0,0.08333333333333333,0.16666666666666666,0.16666666666666666,0.16666666666666666,0.08333333333333333,0.16666666666666666,0.0,19,Female,2,Power Learners,3.2300957587865264,-0.9967864557982761
U01067,1,1,1.0,0,1.0,Cybersecurity,Intermediate,1.91,0.0,0.0,195,0.0,1.0,0.0,0.0,0.0,1.0,0.0,0.0,0.0,0.0,0.0,0.0,0.0,0.0,0.0,17,Male,3,Intermediate Value Seekers,-1.9803821890163373,-1.2010449828152343
U01068,2,2,1.0,132,0.45454545454545453,Data Science/Cybersecurity,Beginner/Intermediate,4.2700000000000005,0.0,0.0,88,0.5,0.5,0.0,0.0,0.0,0.5,0.5,0.0,0.0,0.0,0.0,0.0,0.0,0.0,0.0,32,Female,3,Intermediate Value Seekers,-0.055300097928899,-1.3471287884957996
U01069,1,1,1.0,0,1.0,Cybersecurity,Beginner,4.94,0.0,0.0,147,1.0,0.0,0.0,0.0,0.0,1.0,0.0,0.0,0.0,0.0,0.0,0.0,0.0,0.0,0.0,35,Male,4,Beginner Explorers,-1.772061812412039,-0.7619308938456497
U01070,1,1,1.0,0,1.0,Finance,Beginner,4.14,0.0,0.0,94,1.0,0.0,0.0,0.0,0.0,0.0,0.0,0.0,0.0,1.0,0.0,0.0,0.0,0.0,0.0,32,Male,4,Beginner Explorers,-1.4743899838819663,-0.3445287817631939
U01071,2,2,1.0,310,0.1935483870967742,Digital Marketing/Business,Beginner/Advanced,2.5549999999999997,248.72,1.0,32,0.5,0.0,0.5,0.0,0.5,0.0,0.0,0.0,0.5,0.0,0.0,0.0,0.0,0.0,0.0,19,Female,2,Power Learners,1.6074078617790448,1.6029207256044866
U01072,1,1,1.0,0,1.0,Project Management,Beginner,1.51,327.99,1.0,242,1.0,0.0,0.0,0.0,0.0,0.0,0.0,0.0,0.0,0.0,0.0,0.0,0.0,1.0,0.0,32,Male,4,Beginner Explorers,-0.5817266895094637,3.6534183234512967
U01073,2,2,1.0,93,0.6451612903225806,Programming/Design,Beginner/Advanced,3.7300000000000004,374.325,1.0,72,0.5,0.0,0.5,0.0,0.0,0.0,0.0,0.5,0.0,0.0,0.0,0.0,0.5,0.0,0.0,23,Male,2,Power Learners,1.2120668147566964,1.169460122242149
U01074,1,1,1.0,0,1.0,Finance,Advanced,1.59,0.0,0.0,156,0.0,0.0,1.0,0.0,0.0,0.0,0.0,0.0,0.0,1.0,0.0,0.0,0.0,0.0,0.0,26,Female,1,Advanced Single-Shot Learners,-1.6579422849367824,-0.835588197209043
U01075,2,2,1.0,241,0.24896265560165975,Artificial Intelligence/Web Development,Beginner,3.9349999999999996,245.45,0.5,49,1.0,0.0,0.0,0.5,0.0,0.0,0.0,0.0,0.0,0.0,0.0,0.0,0.0,0.0,0.5,17,Male,0,Premium Explorers,1.4318413277647974,1.6619163541182098
U01076,1,1,1.0,0,1.0,Design,Advanced,4.45,0.0,0.0,227,0.0,0.0,1.0,0.0,0.0,0.0,0.0,1.0,0.0,0.0,0.0,0.0,0.0,0.0,0.0,20,Male,1,Advanced Single-Shot Learners,-2.0346095104371407,-1.505907711316539
U01077,2,2,1.0,84,0.7142857142857143,Artificial Intelligence/Digital Marketing,Beginner,3.3449999999999998,245.45,0.5,243,1.0,0.0,0.0,0.5,0.0,0.0,0.0,0.0,0.5,0.0,0.0,0.0,0.0,0.0,0.0,24,Female,0,Premium Explorers,0.6703274930129876,1.994794031240317
U01078,2,2,1.0,107,0.5607476635514018,Marketing/Design,Advanced,2.795,0.0,0.0,175,0.0,0.0,1.0,0.0,0.0,0.0,0.0,0.5,0.0,0.0,0.0,0.5,0.0,0.0,0.0,27,Male,1,Advanced Single-Shot Learners,-0.37496773958380814,-2.2638189196042964
U01079,13,7,1.8571428571428572,318,1.2264150943396226,Machine Learning,Beginner/Advanced,2.927692307692307,2.914615384615385,0.07692307692307693,31,0.38461538461538464,0.23076923076923078,0.38461538461538464,0.07692307692307693,0.0,0.0,0.07692307692307693,0.0,0.0,0.15384615384615385,0.23076923076923078,0.15384615384615385,0.15384615384615385,0.0,0.15384615384615385,21,Male,2,Power Learners,2.7250117178668,-1.7765366952446215
U01080,1,1,1.0,0,1.0,Data Science,Advanced,2.57,117.68,1.0,93,0.0,0.0,1.0,0.0,0.0,0.0,1.0,0.0,0.0,0.0,0.0,0.0,0.0,0.0,0.0,30,Female,1,Advanced Single-Shot Learners,-0.40162428393949023,1.6282812567002307
U01081,1,1,1.0,0,1.0,Business,Intermediate,2.69,326.02,1.0,332,0.0,1.0,0.0,0.0,1.0,0.0,0.0,0.0,0.0,0.0,0.0,0.0,0.0,0.0,0.0,26,Female,1,Advanced Single-Shot Learners,-1.0287652955406248,2.4563630476811964
U01082,1,1,1.0,0,1.0,Finance,Intermediate,4.1,0.0,0.0,132,0.0,1.0,0.0,0.0,0.0,0.0,0.0,0.0,0.0,1.0,0.0,0.0,0.0,0.0,0.0,25,Male,3,Intermediate Value Seekers,-1.7436425883115463,-1.1529702366695818
U01083,15,11,1.3636363636363635,346,1.300578034682081,Data Science,Intermediate/Advanced,3.1826666666666674,118.636,0.4666666666666667,10,0.2,0.4,0.4,0.06666666666666667,0.06666666666666667,0.06666666666666667,0.2,0.13333333333333333,0.13333333333333333,0.0,0.06666666666666667,0.06666666666666667,0.06666666666666667,0.06666666666666667,0.06666666666666667,29,Male,2,Power Learners,3.865765401645313,-0.7803151578015296
U01084,13,8,1.625,294,1.3265306122448979,Artificial Intelligence/Digital Marketing/Programming/Data Science/Finance,Beginner,3.3153846153846156,166.59846153846155,0.5384615384615384,46,0.5384615384615384,0.15384615384615385,0.3076923076923077,0.15384615384615385,0.0,0.07692307692307693,0.15384615384615385,0.07692307692307693,0.15384615384615385,0.15384615384615385,0.0,0.0,0.15384615384615385,0.07692307692307693,0.0,24,Male,2,Power Learners,3.515881347511497,0.07619094921030926
U01085,2,2,1.0,241,0.24896265560165975,Programming/Finance,Intermediate,2.59,59.52,0.5,18,0.0,1.0,0.0,0.0,0.0,0.0,0.0,0.0,0.0,0.5,0.0,0.0,0.5,0.0,0.0,26,Female,3,Intermediate Value Seekers,1.0317569107681306,-0.09883726724696175
U01086,1,1,1.0,0,1.0,Data Science,Advanced,2.57,117.68,1.0,200,0.0,0.0,1.0,0.0,0.0,0.0,1.0,0.0,0.0,0.0,0.0,0.0,0.0,0.0,0.0,29,Female,1,Advanced Single-Shot Learners,-0.7572266313602258,1.7800107416570452
U01087,1,1,1.0,0,1.0,Data Science,Beginner,3.74,299.57,1.0,21,1.0,0.0,0.0,0.0,0.0,0.0,1.0,0.0,0.0,0.0,0.0,0.0,0.0,0.0,0.0,19,Male,4,Beginner Explorers,-0.0019150031943869408,2.4610560221491338
U01088,2,2,1.0,253,0.23715415019762845,Cybersecurity/Web Development,Intermediate/Advanced,3.045,225.79,1.0,32,0.0,0.5,0.5,0.0,0.0,0.5,0.0,0.0,0.0,0.0,0.0,0.0,0.0,0.0,0.5,21,Male,2,Power Learners,1.332990452527034,0.5987731133019942
U01089,1,1,1.0,0,1.0,Digital Marketing,Beginner,2.14,0.0,0.0,239,1.0,0.0,0.0,0.0,0.0,0.0,0.0,0.0,1.0,0.0,0.0,0.0,0.0,0.0,0.0,17,Female,4,Beginner Explorers,-1.7896368673075194,0.25353582204367997
U01090,2,2,1.0,60,1.0,Machine Learning/Digital Marketing,Intermediate,3.1950000000000003,0.0,0.0,142,0.0,1.0,0.0,0.0,0.0,0.0,0.0,0.0,0.5,0.0,0.5,0.0,0.0,0.0,0.0,25,Female,3,Intermediate Value Seekers,-0.3192247228635846,-1.707044061960426
U01091,2,2,1.0,35,1.7142857142857142,Marketing/Machine Learning,Intermediate,4.42,0.0,0.0,64,0.0,1.0,0.0,0.0,0.0,0.0,0.0,0.0,0.0,0.0,0.5,0.5,0.0,0.0,0.0,29,Female,3,Intermediate Value Seekers,-0.156074751792015,-2.592039280803473
U01092,15,9,1.6666666666666667,326,1.3803680981595092,Programming/Artificial Intelligence,Beginner,3.2646666666666673,141.31066666666666,0.3333333333333333,23,0.4,0.3333333333333333,0.26666666666666666,0.2,0.13333333333333333,0.06666666666666667,0.0,0.13333333333333333,0.0,0.0,0.06666666666666667,0.06666666666666667,0.2,0.06666666666666667,0.06666666666666667,34,Female,2,Power Learners,3.7162473956044617,-0.5224955064141201
U01093,1,1,1.0,0,1.0,Programming,Beginner,3.85,0.0,0.0,217,1.0,0.0,0.0,0.0,0.0,0.0,0.0,0.0,0.0,0.0,0.0,0.0,1.0,0.0,0.0,23,Female,4,Beginner Explorers,-1.7548674469069383,0.1898395603058768
U01094,2,2,1.0,259,0.23166023166023167,Machine Learning/Business,Beginner/Intermediate,3.345,142.525,0.5,18,0.5,0.5,0.0,0.0,0.5,0.0,0.0,0.0,0.0,0.0,0.5,0.0,0.0,0.0,0.0,30,Male,2,Power Learners,1.1961409090836679,0.35405134565557334
U01095,1,1,1.0,0,1.0,Design,Beginner,4.51,0.0,0.0,304,1.0,0.0,0.0,0.0,0.0,0.0,0.0,1.0,0.0,0.0,0.0,0.0,0.0,0.0,0.0,21,Female,4,Beginner Explorers,-2.2016811000935244,-0.5530233203382887
U01096,16,7,2.2857142857142856,348,1.3793103448275863,Finance,Advanced,2.90875,48.1075,0.25,10,0.3125,0.3125,0.375,0.125,0.0,0.0,0.1875,0.125,0.0,0.25,0.125,0.0,0.0625,0.0,0.125,18,Male,2,Power Learners,3.3939021804215987,-0.9566047807609358
U01097,1,1,1.0,0,1.0,Web Development,Advanced,2.67,0.0,0.0,239,0.0,0.0,1.0,0.0,0.0,0.0,0.0,0.0,0.0,0.0,0.0,0.0,0.0,0.0,1.0,29,Female,1,Advanced Single-Shot Learners,-1.8584559586081282,-0.602950545530662
U01098,4,3,1.3333333333333333,259,0.46332046332046334,Business,Advanced,2.6825,295.4375,0.75,81,0.25,0.25,0.5,0.0,0.5,0.25,0.25,0.0,0.0,0.0,0.0,0.0,0.0,0.0,0.0,17,Female,2,Power Learners,1.9254431500256168,0.84034166513959
U01099,1,1,1.0,0,1.0,Marketing,Advanced,4.79,0.0,0.0,12,0.0,0.0,1.0,0.0,0.0,0.0,0.0,0.0,0.0,0.0,0.0,1.0,0.0,0.0,0.0,35,Female,1,Advanced Single-Shot Learners,-1.328992702253605,-2.573800592580539
U01100,3,3,1.0,122,0.7377049180327869,Finance/Cybersecurity/Programming,Advanced,2.606666666666667,0.0,0.0,91,0.3333333333333333,0.0,0.6666666666666666,0.0,0.0,0.3333333333333333,0.0,0.0,0.0,0.3333333333333333,0.0,0.0,0.3333333333333333,0.0,0.0,24,Female,2,Power Learners,0.5275779721207497,-1.453210813115347
U01101,1,1,1.0,0,1.0,Marketing,Advanced,2.01,0.0,0.0,147,0.0,0.0,1.0,0.0,0.0,0.0,0.0,0.0,0.0,0.0,0.0,1.0,0.0,0.0,0.0,33,Male,1,Advanced Single-Shot Learners,-1.7221640924725339,-2.0578342420038878
U01102,2,2,1.0,98,0.6122448979591837,Cybersecurity/Design,Beginner/Advanced,3.83,138.185,0.5,59,0.5,0.0,0.5,0.0,0.0,0.5,0.0,0.5,0.0,0.0,0.0,0.0,0.0,0.0,0.0,23,Female,2,Power Learners,0.8632944015394183,-0.11814655307295056
U01103,4,4,1.0,111,1.081081081081081,Business/Cybersecurity/Design/Web Development,Advanced,2.905,98.565,0.25,106,0.0,0.25,0.75,0.0,0.25,0.25,0.0,0.25,0.0,0.0,0.0,0.0,0.0,0.0,0.25,22,Male,2,Power Learners,1.5481925791081215,-0.6181704261504903
U01104,1,1,1.0,0,1.0,Machine Learning,Advanced,3.89,0.78,1.0,259,0.0,0.0,1.0,0.0,0.0,0.0,0.0,0.0,0.0,0.0,1.0,0.0,0.0,0.0,0.0,29,Male,1,Advanced Single-Shot Learners,-1.702470920379182,0.05442333869541905
U01105,1,1,1.0,0,1.0,Cybersecurity,Advanced,2.38,0.0,0.0,289,0.0,0.0,1.0,0.0,0.0,1.0,0.0,0.0,0.0,0.0,0.0,0.0,0.0,0.0,0.0,27,Male,1,Advanced Single-Shot Learners,-2.2395282146901256,-1.1254249593374397
U01106,1,1,1.0,0,1.0,Project Management,Beginner,1.51,327.99,1.0,327,1.0,0.0,0.0,0.0,0.0,0.0,0.0,0.0,0.0,0.0,0.0,0.0,0.0,1.0,0.0,31,Male,4,Beginner Explorers,-0.8639490849708984,3.7743113887348905
U01107,1,1,1.0,0,1.0,Artificial Intelligence,Beginner,3.64,0.0,0.0,16,1.0,0.0,0.0,1.0,0.0,0.0,0.0,0.0,0.0,0.0,0.0,0.0,0.0,0.0,0.0,30,Female,0,Premium Explorers,-0.7810039020275243,1.0870091679295517
U01108,4,4,1.0,214,0.5607476635514018,Design/Programming/Machine Learning/Artificial Intelligence,Beginner,2.48,69.0925,0.25,9,0.5,0.25,0.25,0.25,0.0,0.0,0.0,0.25,0.0,0.0,0.25,0.0,0.25,0.0,0.0,16,Male,2,Power Learners,1.9821332196681198,-0.17872612815196198
U01109,1,1,1.0,0,1.0,Business,Advanced,2.0,0.0,0.0,16,0.0,0.0,1.0,0.0,1.0,0.0,0.0,0.0,0.0,0.0,0.0,0.0,0.0,0.0,0.0,24,Female,1,Advanced Single-Shot Learners,-1.023461548770466,-0.3588704305970544
U01110,2,1,2.0,182,0.32967032967032966,Web Development,Advanced,1.9849999999999999,18.945,0.5,69,0.0,0.0,1.0,0.0,0.0,0.0,0.0,0.0,0.0,0.0,0.0,0.0,0.0,0.0,1.0,23,Female,1,Advanced Single-Shot Learners,0.47177307889028147,0.07615675688000374
U01111,1,1,1.0,0,1.0,Machine Learning,Beginner,1.13,0.0,0.0,94,1.0,0.0,0.0,0.0,0.0,0.0,0.0,0.0,0.0,0.0,1.0,0.0,0.0,0.0,0.0,31,Male,4,Beginner Explorers,-1.462621263012421,-0.5149624657253409
U01112,1,1,1.0,0,1.0,Digital Marketing,Advanced,3.15,212.39,1.0,49,0.0,0.0,1.0,0.0,0.0,0.0,0.0,0.0,1.0,0.0,0.0,0.0,0.0,0.0,0.0,24,Female,1,Advanced Single-Shot Learners,-0.17198716619447696,1.3862705480540327
U01113,1,1,1.0,0,1.0,Business,Advanced,3.64,487.92,1.0,279,0.0,0.0,1.0,0.0,1.0,0.0,0.0,0.0,0.0,0.0,0.0,0.0,0.0,0.0,0.0,22,Female,1,Advanced Single-Shot Learners,-0.7387612486976026,2.3704703112721
U01114,1,1,1.0,0,1.0,Data Science,Intermediate,3.02,0.0,0.0,356,0.0,1.0,0.0,0.0,0.0,0.0,1.0,0.0,0.0,0.0,0.0,0.0,0.0,0.0,0.0,32,Male,3,Intermediate Value Seekers,-2.4078081925640666,-0.34178263917902846
U01115,1,1,1.0,0,1.0,Project Management,Beginner,1.51,327.99,1.0,165,1.0,0.0,0.0,0.0,0.0,0.0,0.0,0.0,0.0,0.0,0.0,0.0,0.0,1.0,0.0,18,Male,4,Beginner Explorers,-0.30682208358618773,3.570023795332063
U01116,1,1,1.0,0,1.0,Finance,Advanced,1.59,0.0,0.0,79,0.0,0.0,1.0,0.0,0.0,0.0,0.0,0.0,0.0,1.0,0.0,0.0,0.0,0.0,0.0,21,Female,1,Advanced Single-Shot Learners,-1.3946571766271858,-0.9347539015163718
U01117,1,1,1.0,0,1.0,Programming,Intermediate,2.43,0.0,0.0,130,0.0,1.0,0.0,0.0,0.0,0.0,0.0,0.0,0.0,0.0,0.0,0.0,1.0,0.0,0.0,23,Female,3,Intermediate Value Seekers,-1.579263519339012,-0.6509822505310259
U01118,1,1,1.0,0,1.0,Finance,Intermediate,2.75,119.04,1.0,3,0.0,1.0,0.0,0.0,0.0,0.0,0.0,0.0,0.0,1.0,0.0,0.0,0.0,0.0,0.0,31,Male,3,Intermediate Value Seekers,-0.2689262586007644,1.0907340686526725
U01119,1,1,1.0,0,1.0,Programming,Intermediate,2.43,0.0,0.0,236,0.0,1.0,0.0,0.0,0.0,0.0,0.0,0.0,0.0,0.0,0.0,0.0,1.0,0.0,0.0,17,Female,3,Intermediate Value Seekers,-1.925075137945917,-0.49189265646496116
U01120,1,1,1.0,0,1.0,Data Science,Advanced,2.57,117.68,1.0,98,0.0,0.0,1.0,0.0,0.0,0.0,1.0,0.0,0.0,0.0,0.0,0.0,0.0,0.0,0.0,35,Female,1,Advanced Single-Shot Learners,-0.42475682220046634,1.626527769349748
U01121,1,1,1.0,0,1.0,Data Science,Advanced,2.57,117.68,1.0,278,0.0,0.0,1.0,0.0,0.0,0.0,1.0,0.0,0.0,0.0,0.0,0.0,0.0,0.0,0.0,20,Male,1,Advanced Single-Shot Learners,-1.025700284115519,1.9159153884596631
U01122,2,1,2.0,46,1.3043478260869565,Digital Marketing,Beginner/Advanced,3.795,106.195,0.5,60,0.5,0.0,0.5,0.0,0.0,0.0,0.0,0.0,1.0,0.0,0.0,0.0,0.0,0.0,0.0,29,Female,4,Beginner Explorers,0.5637847101792077,0.5795766971941413
U01123,15,10,1.5,319,1.4106583072100314,Design,Beginner,2.8846666666666674,114.68399999999998,0.4666666666666667,10,0.4666666666666667,0.2,0.3333333333333333,0.13333333333333333,0.06666666666666667,0.06666666666666667,0.13333333333333333,0.2,0.06666666666666667,0.06666666666666667,0.0,0.0,0.06666666666666667,0.06666666666666667,0.13333333333333333,29,Female,2,Power Learners,3.8762849095008476,-0.34050700527107025
U01124,3,3,1.0,94,0.9574468085106383,Web Development/Project Management/Design,Advanced,3.01,114.20333333333333,0.3333333333333333,210,0.0,0.3333333333333333,0.6666666666666666,0.0,0.0,0.0,0.0,0.3333333333333333,0.0,0.0,0.0,0.0,0.0,0.3333333333333333,0.3333333333333333,30,Female,1,Advanced Single-Shot Learners,0.8804485026462145,0.010153749588547617
U01125,2,2,1.0,55,1.090909090909091,Machine Learning/Business,Intermediate/Advanced,3.9400000000000004,0.0,0.0,163,0.0,0.5,0.5,0.0,0.5,0.0,0.0,0.0,0.0,0.0,0.5,0.0,0.0,0.0,0.0,32,Female,1,Advanced Single-Shot Learners,-0.33074901527192324,-1.481449527284173
U01126,2,2,1.0,54,1.1111111111111112,Marketing/Project Management,Beginner/Intermediate,4.395,0.0,0.0,20,0.5,0.5,0.0,0.0,0.0,0.0,0.0,0.0,0.0,0.0,0.0,0.5,0.0,0.5,0.0,15,Male,3,Intermediate Value Seekers,0.1748241561701698,-1.4292305794869675
U01127,3,3,1.0,56,1.6071428571428572,Finance/Design/Machine Learning,Intermediate,3.9766666666666666,39.68,0.3333333333333333,283,0.0,0.6666666666666666,0.3333333333333333,0.0,0.0,0.0,0.0,0.3333333333333333,0.0,0.3333333333333333,0.3333333333333333,0.0,0.0,0.0,0.0,28,Female,3,Intermediate Value Seekers,0.3328808737603803,-0.7556690020134278
U01128,2,2,1.0,0,2.0,Project Management/Finance,Beginner/Intermediate,4.39,0.0,0.0,356,0.5,0.5,0.0,0.0,0.0,0.0,0.0,0.0,0.0,0.5,0.0,0.0,0.0,0.5,0.0,31,Female,3,Intermediate Value Seekers,-1.5230344495163821,-0.17076666244020433
U01129,1,1,1.0,0,1.0,Business,Intermediate,2.69,326.02,1.0,197,0.0,1.0,0.0,0.0,1.0,0.0,0.0,0.0,0.0,0.0,0.0,0.0,0.0,0.0,0.0,28,Female,1,Advanced Single-Shot Learners,-0.5810613372802791,2.2636348575032224
U01130,1,1,1.0,0,1.0,Finance,Beginner,2.47,53.86,1.0,159,1.0,0.0,0.0,0.0,0.0,0.0,0.0,0.0,0.0,1.0,0.0,0.0,0.0,0.0,0.0,28,Male,4,Beginner Explorers,-0.7296686714362814,2.08061652599336
U01131,3,3,1.0,198,0.4545454545454546,Web Development/Machine Learning/Design,Advanced,2.5366666666666666,0.26,0.3333333333333333,138,0.3333333333333333,0.0,0.6666666666666666,0.0,0.0,0.0,0.0,0.3333333333333333,0.0,0.0,0.3333333333333333,0.0,0.0,0.0,0.3333333333333333,25,Male,1,Advanced Single-Shot Learners,0.5531669469406862,-1.109787150185174
U01132,4,3,1.3333333333333333,198,0.6060606060606061,Artificial Intelligence,Beginner,2.6149999999999998,106.36,0.5,117,0.5,0.25,0.25,0.5,0.0,0.0,0.0,0.0,0.25,0.0,0.25,0.0,0.0,0.0,0.0,27,Female,0,Premium Explorers,1.6744110180628635,0.876389696537109
U01133,1,1,1.0,0,1.0,Design,Beginner,4.51,0.0,0.0,12,1.0,0.0,0.0,0.0,0.0,0.0,0.0,1.0,0.0,0.0,0.0,0.0,0.0,0.0,0.0,35,Female,4,Beginner Explorers,-1.2458037845176206,-0.9868396494653411
U01134,3,3,1.0,98,0.9183673469387755,Digital Marketing/Cybersecurity/Programming,Beginner/Intermediate/Advanced,3.0833333333333335,0.0,0.0,228,0.3333333333333333,0.3333333333333333,0.3333333333333333,0.0,0.0,0.3333333333333333,0.0,0.0,0.3333333333333333,0.0,0.0,0.0,0.3333333333333333,0.0,0.0,19,Female,4,Beginner Explorers,0.04905867634888418,-1.2471377766074014
U01135,1,1,1.0,0,1.0,Design,Advanced,2.61,0.0,0.0,166,0.0,0.0,1.0,0.0,0.0,0.0,0.0,1.0,0.0,0.0,0.0,0.0,0.0,0.0,0.0,22,Male,1,Advanced Single-Shot Learners,-1.7844458618728969,-1.3881226730913405
U01136,1,1,1.0,0,1.0,Digital Marketing,Advanced,3.15,212.39,1.0,213,0.0,0.0,1.0,0.0,0.0,0.0,0.0,0.0,1.0,0.0,0.0,0.0,0.0,0.0,0.0,35,Male,1,Advanced Single-Shot Learners,-0.7531308278715768,1.6076705044743802
U01137,2,2,1.0,35,1.7142857142857142,Business/Machine Learning,Beginner/Advanced,2.385,243.96,0.5,34,0.5,0.0,0.5,0.0,0.5,0.0,0.0,0.0,0.0,0.0,0.5,0.0,0.0,0.0,0.0,28,Female,1,Advanced Single-Shot Learners,1.1532874534205289,0.6938840459931371
U01138,1,1,1.0,0,1.0,Artificial Intelligence,Intermediate,2.68,89.59,1.0,135,0.0,1.0,0.0,1.0,0.0,0.0,0.0,0.0,0.0,0.0,0.0,0.0,0.0,0.0,0.0,22,Female,0,Premium Explorers,-0.3159934970798663,2.728807821443827
U01139,1,1,1.0,0,1.0,Programming,Beginner,3.85,0.0,0.0,339,1.0,0.0,0.0,0.0,0.0,0.0,0.0,0.0,0.0,0.0,0.0,0.0,1.0,0.0,0.0,22,Female,4,Beginner Explorers,-2.1605015797544698,0.3625938768580686
U01140,1,1,1.0,0,1.0,Finance,Intermediate,2.75,119.04,1.0,105,0.0,1.0,0.0,0.0,0.0,0.0,0.0,0.0,0.0,1.0,0.0,0.0,0.0,0.0,0.0,29,Female,3,Intermediate Value Seekers,-0.5866324227725253,1.2264032830022562
U01141,1,1,1.0,0,1.0,Design,Advanced,2.72,276.37,1.0,206,0.0,0.0,1.0,0.0,0.0,0.0,0.0,1.0,0.0,0.0,0.0,0.0,0.0,0.0,0.0,17,Female,1,Advanced Single-Shot Learners,-0.7667333830568385,1.0908340439068145
U01142,2,2,1.0,15,2.0,Project Management/Machine Learning,Beginner/Advanced,3.245,0.0,0.0,82,0.5,0.0,0.5,0.0,0.0,0.0,0.0,0.0,0.0,0.0,0.5,0.0,0.0,0.5,0.0,27,Male,4,Beginner Explorers,-0.08306247982214587,-0.831833501542502
U01143,14,10,1.4,298,1.4093959731543624,Machine Learning/Web Development/Data Science/Artificial Intelligence,Intermediate,2.850714285714286,72.72785714285715,0.35714285714285715,1,0.14285714285714285,0.5714285714285714,0.2857142857142857,0.14285714285714285,0.0,0.07142857142857142,0.14285714285714285,0.07142857142857142,0.07142857142857142,0.07142857142857142,0.14285714285714285,0.07142857142857142,0.07142857142857142,0.0,0.14285714285714285,31,Male,2,Power Learners,3.6461728557513284,-1.034600086719935
U01144,2,2,1.0,60,1.0,Project Management/Data Science,Intermediate/Advanced,2.415,173.355,0.5,304,0.0,0.5,0.5,0.0,0.0,0.0,0.5,0.0,0.0,0.0,0.0,0.0,0.0,0.5,0.0,29,Female,1,Advanced Single-Shot Learners,0.18460991722488404,1.1433281801646644
U01145,1,1,1.0,0,1.0,Programming,Beginner,4.74,472.28,1.0,176,1.0,0.0,0.0,0.0,0.0,0.0,0.0,0.0,0.0,0.0,0.0,0.0,1.0,0.0,0.0,15,Female,4,Beginner Explorers,-0.4326896691185805,2.5819033690516364
U01146,13,9,1.4444444444444444,321,1.2149532710280375,Machine Learning,Advanced,3.130769230769231,13.701538461538462,0.15384615384615385,37,0.3076923076923077,0.3076923076923077,0.38461538461538464,0.0,0.07692307692307693,0.07692307692307693,0.07692307692307693,0.07692307692307693,0.15384615384615385,0.07692307692307693,0.23076923076923078,0.0,0.15384615384615385,0.07692307692307693,0.0,15,Male,2,Power Learners,3.0902692591390006,-1.4470854673992626
U01147,1,1,1.0,0,1.0,Programming,Intermediate,2.43,0.0,0.0,176,0.0,1.0,0.0,0.0,0.0,0.0,0.0,0.0,0.0,0.0,0.0,0.0,1.0,0.0,0.0,15,Male,3,Intermediate Value Seekers,-1.7422937518075496,-0.5616829307083346
U01148,2,2,1.0,55,1.090909090909091,Cybersecurity/Web Development,Intermediate/Advanced,3.3,0.0,0.0,149,0.0,0.5,0.5,0.0,0.0,0.5,0.0,0.0,0.0,0.0,0.0,0.0,0.0,0.0,0.5,28,Male,3,Intermediate Value Seekers,-0.32779276500456866,-1.5906536391066517
U01149,4,3,1.3333333333333333,186,0.6451612903225806,Business,Beginner,3.72,315.96750000000003,0.75,13,0.5,0.25,0.25,0.25,0.5,0.0,0.0,0.0,0.0,0.0,0.25,0.0,0.0,0.0,0.0,26,Female,2,Power Learners,2.1957413029546213,1.1076875133564692
U01150,1,1,1.0,0,1.0,Finance,Beginner,2.47,53.86,1.0,288,1.0,0.0,0.0,0.0,0.0,0.0,0.0,0.0,0.0,1.0,0.0,0.0,0.0,0.0,0.0,20,Male,4,Beginner Explorers,-1.1496135837834562,2.275448900991914
U01151,14,8,1.75,354,1.1864406779661016,Business,Beginner,2.6735714285714285,77.51142857142858,0.2857142857142857,2,0.42857142857142855,0.21428571428571427,0.35714285714285715,0.07142857142857142,0.21428571428571427,0.14285714285714285,0.0,0.0,0.14285714285714285,0.0,0.0,0.14285714285714285,0.14285714285714285,0.07142857142857142,0.07142857142857142,28,Female,2,Power Learners,3.5394570580923523,-0.7269856188191323
U01152,1,1,1.0,0,1.0,Project Management,Advanced,1.23,346.71,1.0,66,0.0,0.0,1.0,0.0,0.0,0.0,0.0,0.0,0.0,0.0,0.0,0.0,0.0,1.0,0.0,34,Male,1,Advanced Single-Shot Learners,-0.05511967121334973,2.5806085148953155
U01153,1,1,1.0,0,1.0,Project Management,Intermediate,4.84,342.61,1.0,310,0.0,1.0,0.0,0.0,0.0,0.0,0.0,0.0,0.0,0.0,0.0,0.0,0.0,1.0,0.0,15,Female,3,Intermediate Value Seekers,-1.0026706757580102,2.522998084675898
U01154,2,2,1.0,57,1.0526315789473684,Digital Marketing/Machine Learning,Beginner/Advanced,3.125,0.0,0.0,292,0.5,0.0,0.5,0.0,0.0,0.0,0.0,0.0,0.5,0.0,0.5,0.0,0.0,0.0,0.0,24,Male,4,Beginner Explorers,-0.7217408292861808,-1.0273284049437426
U01155,4,4,1.0,152,0.7894736842105263,Cybersecurity/Digital Marketing/Project Management/Finance,Intermediate/Advanced,2.525,53.0975,0.25,201,0.0,0.5,0.5,0.0,0.0,0.25,0.0,0.0,0.25,0.25,0.0,0.0,0.0,0.25,0.0,32,Female,2,Power Learners,1.1642299152530944,-0.43036814095664516
U01156,2,2,1.0,7,2.0,Project Management/Business,Beginner/Advanced,3.34,0.0,0.0,220,0.5,0.0,0.5,0.0,0.5,0.0,0.0,0.0,0.0,0.0,0.0,0.0,0.0,0.5,0.0,30,Male,1,Advanced Single-Shot Learners,-0.5530631536684024,0.002502055410126219
U01157,4,4,1.0,229,0.5240174672489083,Digital Marketing/Business/Data Science/Design,Intermediate/Advanced,3.355,121.98,0.25,68,0.0,0.5,0.5,0.0,0.25,0.0,0.25,0.25,0.25,0.0,0.0,0.0,0.0,0.0,0.0,31,Female,2,Power Learners,1.7623638148322753,-0.5796271165835997
U01158,12,10,1.2,332,1.0843373493975903,Cybersecurity/Project Management,Beginner,3.486666666666667,101.16083333333331,0.3333333333333333,20,0.5,0.3333333333333333,0.16666666666666666,0.08333333333333333,0.0,0.16666666666666666,0.08333333333333333,0.08333333333333333,0.08333333333333333,0.08333333333333333,0.08333333333333333,0.0,0.08333333333333333,0.16666666666666666,0.08333333333333333,35,Male,2,Power Learners,3.5030768053249557,-0.5965526433516944
U01159,1,1,1.0,0,1.0,Marketing,Intermediate,4.72,0.0,0.0,248,0.0,1.0,0.0,0.0,0.0,0.0,0.0,0.0,0.0,0.0,0.0,1.0,0.0,0.0,0.0,26,Female,3,Intermediate Value Seekers,-2.182550742798017,-2.233581179492856
U01160,4,4,1.0,131,0.9160305343511451,Digital Marketing/Machine Learning/Finance/Marketing,Beginner/Advanced,2.885,66.5625,0.5,194,0.5,0.0,0.5,0.0,0.0,0.0,0.0,0.0,0.25,0.25,0.25,0.25,0.0,0.0,0.0,15,Female,2,Power Learners,1.3428881744864216,-0.18710799715824084
U01161,1,1,1.0,0,1.0,Finance,Intermediate,4.1,0.0,0.0,180,0.0,1.0,0.0,0.0,0.0,0.0,0.0,0.0,0.0,1.0,0.0,0.0,0.0,0.0,0.0,33,Male,3,Intermediate Value Seekers,-1.914072744000564,-1.099709598842681
U01162,1,1,1.0,0,1.0,Machine Learning,Advanced,1.81,0.0,0.0,316,0.0,0.0,1.0,0.0,0.0,0.0,0.0,0.0,0.0,0.0,1.0,0.0,0.0,0.0,0.0,19,Female,1,Advanced Single-Shot Learners,-2.2586129923822242,-1.1342505262678018
U01163,13,4,3.25,295,1.3220338983050848,Design,Advanced,3.157692307692308,132.30307692307693,0.38461538461538464,15,0.3076923076923077,0.15384615384615385,0.5384615384615384,0.0,0.23076923076923078,0.0,0.0,0.38461538461538464,0.0,0.0,0.0,0.07692307692307693,0.0,0.3076923076923077,0.0,24,Male,2,Power Learners,2.95690497218483,-0.39388818007930915
U01164,1,1,1.0,0,1.0,Web Development,Advanced,2.67,0.0,0.0,333,0.0,0.0,1.0,0.0,0.0,0.0,0.0,0.0,0.0,0.0,0.0,0.0,0.0,0.0,1.0,25,Female,1,Advanced Single-Shot Learners,-2.166824259454414,-0.46418552256047607
U01165,2,2,1.0,11,2.0,Project Management/Data Science,Intermediate/Advanced,2.415,173.355,0.5,91,0.0,0.5,0.5,0.0,0.0,0.0,0.5,0.0,0.0,0.0,0.0,0.0,0.0,0.5,0.0,24,Male,2,Power Learners,0.727851679962598,0.9579907357954882
U01166,2,2,1.0,11,2.0,Business/Web Development,Beginner/Advanced,2.315,142.525,0.5,195,0.5,0.0,0.5,0.0,0.5,0.0,0.0,0.0,0.0,0.0,0.0,0.0,0.0,0.0,0.5,21,Male,1,Advanced Single-Shot Learners,0.4661511109155421,1.2957664447958912
U01167,11,9,1.2222222222222223,244,1.3524590163934427,Web Development,Advanced,2.6390909090909087,58.69909090909091,0.36363636363636365,72,0.09090909090909091,0.36363636363636365,0.5454545454545454,0.0,0.09090909090909091,0.09090909090909091,0.09090909090909091,0.09090909090909091,0.09090909090909091,0.09090909090909091,0.09090909090909091,0.09090909090909091,0.0,0.0,0.2727272727272727,16,Female,2,Power Learners,3.113218464450445,-1.0411476662210573
U01168,1,1,1.0,0,1.0,Web Development,Advanced,1.3,37.89,1.0,293,0.0,0.0,1.0,0.0,0.0,0.0,0.0,0.0,0.0,0.0,0.0,0.0,0.0,0.0,1.0,27,Female,1,Advanced Single-Shot Learners,-1.1335321545853057,1.7063005426920825
U01169,1,1,1.0,0,1.0,Machine Learning,Intermediate,4.73,0.0,0.0,36,0.0,1.0,0.0,0.0,0.0,0.0,0.0,0.0,0.0,0.0,1.0,0.0,0.0,0.0,0.0,31,Female,3,Intermediate Value Seekers,-1.4982749185920894,-1.8901196606988728
U01170,14,8,1.75,332,1.2650602409638554,Artificial Intelligence,Beginner/Advanced,3.0435714285714286,195.6457142857143,0.7142857142857143,24,0.35714285714285715,0.2857142857142857,0.35714285714285715,0.21428571428571427,0.14285714285714285,0.0,0.0,0.07142857142857142,0.14285714285714285,0.0,0.07142857142857142,0.07142857142857142,0.14285714285714285,0.14285714285714285,0.0,27,Female,2,Power Learners,3.7874624837080337,0.26224686720140533
U01171,1,1,1.0,0,1.0,Project Management,Beginner,1.51,327.99,1.0,83,1.0,0.0,0.0,0.0,0.0,0.0,0.0,0.0,0.0,0.0,0.0,0.0,0.0,1.0,0.0,19,Male,4,Beginner Explorers,-0.034606045210112124,3.4533356963675446
U01172,3,3,1.0,91,0.989010989010989,Artificial Intelligence/Marketing/Digital Marketing,Intermediate,3.516666666666667,100.66000000000001,0.6666666666666666,271,0.0,0.6666666666666666,0.3333333333333333,0.3333333333333333,0.0,0.0,0.0,0.0,0.3333333333333333,0.0,0.0,0.3333333333333333,0.0,0.0,0.0,30,Male,0,Premium Explorers,0.7898490879712851,0.3865788114343102
U01173,3,3,1.0,193,0.46632124352331605,Project Management/Marketing/Business,Advanced,2.6733333333333333,115.57,0.3333333333333333,165,0.0,0.0,1.0,0.0,0.3333333333333333,0.0,0.0,0.0,0.0,0.0,0.0,0.3333333333333333,0.0,0.3333333333333333,0.0,26,Female,1,Advanced Single-Shot Learners,1.15429346348837,-0.11469608758710415
U01174,1,1,1.0,0,1.0,Artificial Intelligence,Intermediate,2.68,89.59,1.0,330,0.0,1.0,0.0,1.0,0.0,0.0,0.0,0.0,0.0,0.0,0.0,0.0,0.0,0.0,0.0,15,Female,0,Premium Explorers,-0.9573693205953516,3.0143971025522527
U01175,1,1,1.0,0,1.0,Design,Advanced,1.52,0.0,0.0,258,0.0,0.0,1.0,0.0,0.0,0.0,0.0,1.0,0.0,0.0,0.0,0.0,0.0,0.0,0.0,20,Female,1,Advanced Single-Shot Learners,-2.039602583984979,-1.1439689853158952
U01176,3,3,1.0,207,0.43478260869565216,Artificial Intelligence/Business/Project Management,Beginner,3.823333333333333,0.0,0.0,62,0.6666666666666666,0.0,0.3333333333333333,0.3333333333333333,0.3333333333333333,0.0,0.0,0.0,0.0,0.0,0.0,0.0,0.0,0.3333333333333333,0.0,20,Male,2,Power Learners,0.9016737396327833,-0.2531847955244516
U01177,13,9,1.4444444444444444,348,1.120689655172414,Finance,Beginner,3.083076923076923,41.45076923076923,0.3076923076923077,15,0.46153846153846156,0.3076923076923077,0.23076923076923078,0.07692307692307693,0.0,0.07692307692307693,0.07692307692307693,0.15384615384615385,0.07692307692307693,0.23076923076923078,0.07692307692307693,0.15384615384615385,0.07692307692307693,0.0,0.0,16,Male,2,Power Learners,3.365630595817823,-1.1270350617301585
U01178,2,2,1.0,89,0.6741573033707865,Data Science/Cybersecurity,Beginner/Intermediate,2.78,0.0,0.0,46,0.5,0.5,0.0,0.0,0.0,0.5,0.5,0.0,0.0,0.0,0.0,0.0,0.0,0.0,0.0,21,Female,3,Intermediate Value Seekers,0.09903927474138892,-1.1965840922414503
U01179,2,2,1.0,229,0.26200873362445415,Project Management/Artificial Intelligence,Beginner/Advanced,1.2149999999999999,297.405,1.0,48,0.5,0.0,0.5,0.5,0.0,0.0,0.0,0.0,0.0,0.0,0.0,0.0,0.0,0.5,0.0,31,Female,0,Premium Explorers,1.7086064560778467,2.630183572620449
U01180,13,10,1.3,314,1.2420382165605095,Data Science,Advanced,3.0500000000000003,131.3530769230769,0.5384615384615384,12,0.23076923076923078,0.23076923076923078,0.5384615384615384,0.07692307692307693,0.0,0.07692307692307693,0.23076923076923078,0.15384615384615385,0.07692307692307693,0.07692307692307693,0.07692307692307693,0.07692307692307693,0.0,0.07692307692307693,0.07692307692307693,18,Male,2,Power Learners,3.714823352558535,-0.5982625333635421
U01181,1,1,1.0,0,1.0,Programming,Beginner,3.85,0.0,0.0,223,1.0,0.0,0.0,0.0,0.0,0.0,0.0,0.0,0.0,0.0,0.0,0.0,1.0,0.0,0.0,27,Female,4,Beginner Explorers,-1.7800443822392922,0.19124008130487413
U01182,3,3,1.0,54,1.6666666666666665,Digital Marketing/Web Development/Business,Beginner/Intermediate/Advanced,3.19,127.77999999999999,0.6666666666666666,198,0.3333333333333333,0.3333333333333333,0.3333333333333333,0.0,0.3333333333333333,0.0,0.0,0.0,0.3333333333333333,0.0,0.0,0.0,0.0,0.0,0.3333333333333333,25,Female,2,Power Learners,1.1343197786065649,0.890684030358537
U01183,2,2,1.0,179,0.33519553072625696,Finance/Web Development,Beginner/Advanced,2.455,0.0,0.0,94,0.5,0.0,0.5,0.0,0.0,0.0,0.0,0.0,0.0,0.5,0.0,0.0,0.0,0.0,0.5,21,Female,1,Advanced Single-Shot Learners,0.1363934788175836,-1.0007243130027175
U01184,1,1,1.0,0,1.0,Finance,Beginner,2.47,53.86,1.0,114,1.0,0.0,0.0,0.0,0.0,0.0,0.0,0.0,0.0,1.0,0.0,0.0,0.0,0.0,0.0,31,Male,4,Beginner Explorers,-0.58344648102712,2.012284972477863
U01185,2,2,1.0,31,1.9354838709677418,Design/Cybersecurity,Intermediate/Advanced,2.035,335.315,1.0,291,0.0,0.5,0.5,0.0,0.0,0.5,0.0,0.5,0.0,0.0,0.0,0.0,0.0,0.0,0.0,28,Male,1,Advanced Single-Shot Learners,0.32417895212831205,0.8945686902778369
U01186,1,1,1.0,0,1.0,Artificial Intelligence,Beginner,3.64,0.0,0.0,274,1.0,0.0,0.0,1.0,0.0,0.0,0.0,0.0,0.0,0.0,0.0,0.0,0.0,0.0,0.0,34,Male,0,Premium Explorers,-1.6666426986796838,1.4524312060494502
U01187,1,1,1.0,0,1.0,Cybersecurity,Advanced,2.38,0.0,0.0,97,0.0,0.0,1.0,0.0,0.0,1.0,0.0,0.0,0.0,0.0,0.0,0.0,0.0,0.0,0.0,35,Female,1,Advanced Single-Shot Learners,-1.5895219374007745,-1.4193659733551378
U01188,1,1,1.0,0,1.0,Machine Learning,Intermediate,1.73,0.0,0.0,257,0.0,1.0,0.0,0.0,0.0,0.0,0.0,0.0,0.0,0.0,1.0,0.0,0.0,0.0,0.0,24,Male,3,Intermediate Value Seekers,-2.1659473831265497,-1.220124199667111
U01189,1,1,1.0,0,1.0,Marketing,Intermediate,4.11,0.0,0.0,355,0.0,1.0,0.0,0.0,0.0,0.0,0.0,0.0,0.0,0.0,0.0,1.0,0.0,0.0,0.0,28,Male,3,Intermediate Value Seekers,-2.545615681643734,-2.007748785871714
U01190,1,1,1.0,0,1.0,Cybersecurity,Beginner,4.94,0.0,0.0,167,1.0,0.0,0.0,0.0,0.0,1.0,0.0,0.0,0.0,0.0,0.0,0.0,0.0,0.0,0.0,31,Male,4,Beginner Explorers,-1.8336066384861318,-0.7268883734126594
U01191,1,1,1.0,0,1.0,Programming,Beginner,4.74,472.28,1.0,14,1.0,0.0,0.0,0.0,0.0,0.0,0.0,0.0,0.0,0.0,0.0,0.0,1.0,0.0,0.0,28,Female,4,Beginner Explorers,0.09086989471550068,2.332054599994311
U01192,1,1,1.0,0,1.0,Marketing,Intermediate,4.11,0.0,0.0,66,0.0,1.0,0.0,0.0,0.0,0.0,0.0,0.0,0.0,0.0,0.0,1.0,0.0,0.0,0.0,20,Female,3,Intermediate Value Seekers,-1.5514136406145618,-2.4096127309829054
U01193,2,2,1.0,319,0.18808777429467086,Design/Business,Advanced,2.58,243.96,0.5,11,0.0,0.0,1.0,0.0,0.5,0.0,0.0,0.5,0.0,0.0,0.0,0.0,0.0,0.0,0.0,20,Female,1,Advanced Single-Shot Learners,1.388836524306984,0.11783363547052851
U01194,1,1,1.0,0,1.0,Web Development,Beginner,2.2,0.0,0.0,343,1.0,0.0,0.0,0.0,0.0,0.0,0.0,0.0,0.0,0.0,0.0,0.0,0.0,0.0,1.0,32,Female,4,Beginner Explorers,-2.1238990444749737,0.45464290276877667
U01195,1,1,1.0,0,1.0,Business,Advanced,3.64,487.92,1.0,175,0.0,0.0,1.0,0.0,1.0,0.0,0.0,0.0,0.0,0.0,0.0,0.0,0.0,0.0,0.0,23,Male,1,Advanced Single-Shot Learners,-0.4130931245118602,2.2337501389529213
U01196,2,2,1.0,9,2.0,Design/Machine Learning,Advanced,3.305,138.575,1.0,14,0.0,0.0,1.0,0.0,0.0,0.0,0.0,0.5,0.0,0.0,0.5,0.0,0.0,0.0,0.0,21,Female,1,Advanced Single-Shot Learners,0.9756875724412144,0.22646318099765544
U01197,14,9,1.5555555555555556,331,1.2688821752265862,Cybersecurity,Intermediate,3.2135714285714285,45.21071428571429,0.35714285714285715,33,0.21428571428571427,0.42857142857142855,0.35714285714285715,0.0,0.14285714285714285,0.21428571428571427,0.14285714285714285,0.07142857142857142,0.07142857142857142,0.14285714285714285,0.07142857142857142,0.0,0.0,0.07142857142857142,0.07142857142857142,28,Male,2,Power Learners,3.3619924535648367,-1.0393424984730477
U01198,1,1,1.0,0,1.0,Design,Advanced,1.52,0.0,0.0,328,0.0,0.0,1.0,0.0,0.0,0.0,0.0,1.0,0.0,0.0,0.0,0.0,0.0,0.0,0.0,33,Female,1,Advanced Single-Shot Learners,-2.289867968085341,-1.0686336923647164
U01199,1,1,1.0,0,1.0,Web Development,Advanced,2.67,0.0,0.0,173,0.0,0.0,1.0,0.0,0.0,0.0,0.0,0.0,0.0,0.0,0.0,0.0,0.0,0.0,1.0,17,Female,1,Advanced Single-Shot Learners,-1.62282343924532,-0.6744315696328621
U01200,1,1,1.0,0,1.0,Web Development,Beginner,2.2,0.0,0.0,306,1.0,0.0,0.0,0.0,0.0,0.0,0.0,0.0,0.0,0.0,0.0,0.0,0.0,0.0,1.0,15,Female,4,Beginner Explorers,-1.9785393671519271,0.43257165096658173
U01201,1,1,1.0,0,1.0,Digital Marketing,Advanced,3.89,177.34,1.0,159,0.0,0.0,1.0,0.0,0.0,0.0,0.0,0.0,1.0,0.0,0.0,0.0,0.0,0.0,0.0,28,Male,1,Advanced Single-Shot Learners,-0.6077218541437217,1.4280923961666128
U01202,1,1,1.0,0,1.0,Design,Advanced,4.45,0.0,0.0,106,0.0,0.0,1.0,0.0,0.0,0.0,0.0,1.0,0.0,0.0,0.0,0.0,0.0,0.0,0.0,29,Female,1,Advanced Single-Shot Learners,-1.6227114061250327,-1.702083542025906
U01203,16,11,1.4545454545454546,359,1.3370473537604457,Business,Advanced,3.033125,114.22562500000001,0.5,4,0.25,0.1875,0.5625,0.0625,0.1875,0.125,0.0,0.0625,0.0625,0.0625,0.0625,0.125,0.0625,0.125,0.0625,15,Male,2,Power Learners,3.99775783556508,-0.6849694201933627
U01204,3,2,1.5,221,0.4072398190045249,Machine Learning,Advanced,1.8499999999999999,0.0,0.0,98,0.0,0.3333333333333333,0.6666666666666666,0.0,0.0,0.0,0.0,0.0,0.0,0.0,0.6666666666666666,0.3333333333333333,0.0,0.0,0.0,17,Female,1,Advanced Single-Shot Learners,0.22018299317110285,-2.289599319538607
U01205,2,2,1.0,2,2.0,Digital Marketing/Data Science,Advanced,2.86,165.035,1.0,355,0.0,0.0,1.0,0.0,0.0,0.0,0.5,0.0,0.5,0.0,0.0,0.0,0.0,0.0,0.0,27,Male,1,Advanced Single-Shot Learners,-0.24381365692294987,1.624242141516164
U01206,1,1,1.0,0,1.0,Web Development,Advanced,1.3,37.89,1.0,313,0.0,0.0,1.0,0.0,0.0,0.0,0.0,0.0,0.0,0.0,0.0,0.0,0.0,0.0,1.0,15,Female,1,Advanced Single-Shot Learners,-1.1847485383361276,1.75536188640338
U01207,1,1,1.0,0,1.0,Machine Learning,Intermediate,4.73,0.0,0.0,311,0.0,1.0,0.0,0.0,0.0,0.0,0.0,0.0,0.0,0.0,1.0,0.0,0.0,0.0,0.0,30,Female,3,Intermediate Value Seekers,-2.4142332627929393,-1.5029120618738308
U01208,1,1,1.0,0,1.0,Marketing,Intermediate,4.11,0.0,0.0,215,0.0,1.0,0.0,0.0,0.0,0.0,0.0,0.0,0.0,0.0,0.0,1.0,0.0,0.0,0.0,27,Female,3,Intermediate Value Seekers,-2.0574334295535963,-2.213032540837341
U01209,2,2,1.0,47,1.2765957446808511,Design/Web Development,Beginner,3.915,0.0,0.0,258,1.0,0.0,0.0,0.0,0.0,0.0,0.0,0.5,0.0,0.0,0.0,0.0,0.0,0.0,0.5,20,Male,4,Beginner Explorers,-0.564183288812116,-0.6501716670798613
U01210,1,1,1.0,0,1.0,Design,Advanced,4.45,0.0,0.0,270,0.0,0.0,1.0,0.0,0.0,0.0,0.0,1.0,0.0,0.0,0.0,0.0,0.0,0.0,0.0,22,Female,1,Advanced Single-Shot Learners,-2.160688206425139,-1.4599455795479268
U01211,1,1,1.0,0,1.0,Artificial Intelligence,Beginner,4.55,490.9,1.0,325,1.0,0.0,0.0,1.0,0.0,0.0,0.0,0.0,0.0,0.0,0.0,0.0,0.0,0.0,0.0,32,Female,0,Premium Explorers,-0.6345359140575016,3.956975838976268
U01212,1,1,1.0,0,1.0,Design,Advanced,4.45,0.0,0.0,4,0.0,0.0,1.0,0.0,0.0,0.0,0.0,1.0,0.0,0.0,0.0,0.0,0.0,0.0,0.0,18,Female,1,Advanced Single-Shot Learners,-1.2682936570283234,-1.8257765148668004
U01213,1,1,1.0,0,1.0,Digital Marketing,Advanced,3.89,177.34,1.0,345,0.0,0.0,1.0,0.0,0.0,0.0,0.0,0.0,1.0,0.0,0.0,0.0,0.0,0.0,0.0,20,Female,1,Advanced Single-Shot Learners,-1.197859684963087,1.6920147849090412
U01214,1,1,1.0,0,1.0,Machine Learning,Advanced,1.81,0.0,0.0,87,0.0,0.0,1.0,0.0,0.0,0.0,0.0,0.0,0.0,0.0,1.0,0.0,0.0,0.0,0.0,31,Female,1,Advanced Single-Shot Learners,-1.510287065018045,-1.4762578568746918
U01215,1,1,1.0,0,1.0,Artificial Intelligence,Beginner,4.55,490.9,1.0,260,1.0,0.0,0.0,1.0,0.0,0.0,0.0,0.0,0.0,0.0,0.0,0.0,0.0,0.0,0.0,15,Female,0,Premium Explorers,-0.39578357060443575,3.895658234862702
U01216,1,1,1.0,0,1.0,Web Development,Advanced,1.3,37.89,1.0,204,0.0,0.0,1.0,0.0,0.0,0.0,0.0,0.0,0.0,0.0,0.0,0.0,0.0,0.0,1.0,15,Male,1,Advanced Single-Shot Learners,-0.8411120970510442,1.61338578979553
U01217,1,1,1.0,0,1.0,Marketing,Intermediate,4.11,0.0,0.0,199,0.0,1.0,0.0,0.0,0.0,0.0,0.0,0.0,0.0,0.0,0.0,1.0,0.0,0.0,0.0,25,Female,3,Intermediate Value Seekers,-2.0014840811841963,-2.2319543220528337
U01218,1,1,1.0,0,1.0,Business,Advanced,3.64,487.92,1.0,134,0.0,0.0,1.0,0.0,1.0,0.0,0.0,0.0,0.0,0.0,0.0,0.0,0.0,0.0,0.0,34,Male,1,Advanced Single-Shot Learners,-0.2905411858731151,2.1570063839178837
U01219,1,1,1.0,0,1.0,Data Science,Advanced,2.57,117.68,1.0,50,0.0,0.0,1.0,0.0,0.0,0.0,1.0,0.0,0.0,0.0,0.0,0.0,0.0,0.0,0.0,16,Male,1,Advanced Single-Shot Learners,-0.26005292446658546,1.6033473598490793
U01220,1,1,1.0,0,1.0,Business,Beginner,1.96,285.05,1.0,30,1.0,0.0,0.0,0.0,1.0,0.0,0.0,0.0,0.0,0.0,0.0,0.0,0.0,0.0,0.0,29,Female,1,Advanced Single-Shot Learners,0.12898872154884772,2.963704209692499
U01221,13,8,1.625,340,1.1470588235294117,Web Development/Artificial Intelligence/Business/Marketing/Project Management,Beginner/Advanced,2.8338461538461535,95.88615384615385,0.46153846153846156,22,0.46153846153846156,0.07692307692307693,0.46153846153846156,0.15384615384615385,0.15384615384615385,0.0,0.0,0.07692307692307693,0.0,0.0,0.07692307692307693,0.15384615384615385,0.07692307692307693,0.15384615384615385,0.15384615384615385,32,Male,2,Power Learners,3.519689352842132,-0.26835893486837176
U01222,3,2,1.5,260,0.3461538461538462,Cybersecurity,Beginner/Intermediate/Advanced,3.4766666666666666,138.50333333333333,0.3333333333333333,91,0.3333333333333333,0.3333333333333333,0.3333333333333333,0.3333333333333333,0.0,0.6666666666666666,0.0,0.0,0.0,0.0,0.0,0.0,0.0,0.0,0.0,19,Female,2,Power Learners,1.160157958222204,0.12853619245396056
U01223,1,1,1.0,0,1.0,Digital Marketing,Intermediate,4.66,0.0,0.0,283,0.0,1.0,0.0,0.0,0.0,0.0,0.0,0.0,1.0,0.0,0.0,0.0,0.0,0.0,0.0,23,Female,3,Intermediate Value Seekers,-2.164253786528129,-0.8569851240392519
U01224,11,8,1.375,225,1.4666666666666666,Artificial Intelligence/Business/Project Management,Intermediate/Advanced,2.8445454545454547,151.1518181818182,0.5454545454545454,139,0.09090909090909091,0.45454545454545453,0.45454545454545453,0.18181818181818182,0.18181818181818182,0.09090909090909091,0.0,0.09090909090909091,0.09090909090909091,0.0,0.0,0.0,0.09090909090909091,0.18181818181818182,0.09090909090909091,23,Female,2,Power Learners,3.07997319448643,0.10399375186617632
U01225,2,2,1.0,125,0.48,Finance/Data Science,Intermediate,3.8499999999999996,0.0,0.0,106,0.0,1.0,0.0,0.0,0.0,0.0,0.5,0.0,0.0,0.5,0.0,0.0,0.0,0.0,0.0,30,Female,3,Intermediate Value Seekers,-0.1362416334532549,-1.508977504851291
U01226,2,2,1.0,108,0.5555555555555556,Programming/Design,Beginner/Advanced,2.0,138.185,0.5,139,0.5,0.0,0.5,0.0,0.0,0.0,0.0,0.5,0.0,0.0,0.0,0.0,0.5,0.0,0.0,31,Female,1,Advanced Single-Shot Learners,0.7376292637133737,0.5405334741134562
U01227,1,1,1.0,0,1.0,Project Management,Beginner,1.51,327.99,1.0,355,1.0,0.0,0.0,0.0,0.0,0.0,0.0,0.0,0.0,0.0,0.0,0.0,0.0,1.0,0.0,15,Male,4,Beginner Explorers,-0.9366848664543763,3.8415953876028763
U01228,4,3,1.3333333333333333,203,0.5911330049261084,Cybersecurity,Advanced,1.5775000000000001,108.0375,0.5,156,0.25,0.25,0.5,0.0,0.0,0.5,0.0,0.0,0.0,0.0,0.0,0.0,0.25,0.0,0.25,28,Male,2,Power Learners,1.3392739977187809,0.12862183074124767
U01229,2,2,1.0,95,0.6315789473684211,Data Science/Artificial Intelligence,Beginner/Intermediate,3.62,0.0,0.0,51,0.5,0.5,0.0,0.5,0.0,0.0,0.5,0.0,0.0,0.0,0.0,0.0,0.0,0.0,0.0,27,Female,0,Premium Explorers,0.3042629850263012,-0.3539363128883198
U01230,3,3,1.0,31,2.9032258064516125,Machine Learning/Cybersecurity/Web Development,Beginner/Intermediate/Advanced,3.6566666666666676,12.63,0.3333333333333333,198,0.3333333333333333,0.3333333333333333,0.3333333333333333,0.0,0.0,0.3333333333333333,0.0,0.0,0.0,0.0,0.3333333333333333,0.0,0.0,0.0,0.3333333333333333,23,Female,2,Power Learners,0.6376279812604153,-0.6083299583629236
U01231,14,9,1.5555555555555556,276,1.5217391304347827,Web Development,Advanced,3.055,128.19071428571428,0.5714285714285714,1,0.42857142857142855,0.07142857142857142,0.5,0.07142857142857142,0.07142857142857142,0.07142857142857142,0.07142857142857142,0.0,0.14285714285714285,0.0,0.07142857142857142,0.0,0.14285714285714285,0.14285714285714285,0.21428571428571427,21,Female,2,Power Learners,3.8414398064535056,-0.0925092773434446
U01232,1,1,1.0,0,1.0,Data Science,Beginner,3.65,0.0,0.0,210,1.0,0.0,0.0,0.0,0.0,0.0,1.0,0.0,0.0,0.0,0.0,0.0,0.0,0.0,0.0,27,Female,4,Beginner Explorers,-1.7587089574459807,0.25919602104556055
U01233,11,8,1.375,316,1.0443037974683544,Artificial Intelligence/Marketing/Data Science,Beginner/Intermediate,3.039090909090909,142.23181818181817,0.5454545454545454,40,0.45454545454545453,0.45454545454545453,0.09090909090909091,0.18181818181818182,0.09090909090909091,0.0,0.18181818181818182,0.0,0.0,0.09090909090909091,0.09090909090909091,0.18181818181818182,0.09090909090909091,0.09090909090909091,0.0,28,Male,2,Power Learners,3.359209388766942,-0.07159718470074648
U01234,1,1,1.0,0,1.0,Marketing,Advanced,2.98,0.0,0.0,19,0.0,0.0,1.0,0.0,0.0,0.0,0.0,0.0,0.0,0.0,0.0,1.0,0.0,0.0,0.0,27,Male,1,Advanced Single-Shot Learners,-1.3134606574017529,-2.3357466969615803
U01235,14,9,1.5555555555555556,326,1.2883435582822085,Machine Learning,Advanced,3.307857142857143,118.50785714285713,0.5,30,0.21428571428571427,0.2857142857142857,0.5,0.14285714285714285,0.0,0.07142857142857142,0.07142857142857142,0.0,0.14285714285714285,0.07142857142857142,0.21428571428571427,0.0,0.07142857142857142,0.07142857142857142,0.14285714285714285,27,Female,2,Power Learners,3.6368094976258583,-0.53321701700225
U01236,1,1,1.0,0,1.0,Data Science,Intermediate,3.6,0.0,0.0,60,0.0,1.0,0.0,0.0,0.0,0.0,1.0,0.0,0.0,0.0,0.0,0.0,0.0,0.0,0.0,20,Female,3,Intermediate Value Seekers,-1.4006286745712613,-0.8116327938823154
U01237,13,8,1.625,299,1.3043478260869565,Data Science,Beginner,3.4476923076923076,98.41692307692307,0.38461538461538464,43,0.5384615384615384,0.23076923076923078,0.23076923076923078,0.0,0.0,0.0,0.3076923076923077,0.07692307692307693,0.15384615384615385,0.07692307692307693,0.07692307692307693,0.0,0.15384615384615385,0.07692307692307693,0.07692307692307693,24,Male,2,Power Learners,3.347295180598682,-0.4166098600572582
U01238,1,1,1.0,0,1.0,Data Science,Intermediate,3.6,0.0,0.0,243,0.0,1.0,0.0,0.0,0.0,0.0,1.0,0.0,0.0,0.0,0.0,0.0,0.0,0.0,0.0,35,Male,3,Intermediate Value Seekers,-2.0503101522839375,-0.5706107957469765
U01239,12,9,1.3333333333333333,342,1.0526315789473684,Business/Marketing/Project Management,Beginner,3.023333333333333,181.88916666666668,0.5,19,0.5,0.16666666666666666,0.3333333333333333,0.08333333333333333,0.16666666666666666,0.0,0.08333333333333333,0.08333333333333333,0.08333333333333333,0.0,0.08333333333333333,0.16666666666666666,0.08333333333333333,0.16666666666666666,0.0,20,Male,2,Power Learners,3.6340058966994926,-0.17751422059496677
U01240,1,1,1.0,0,1.0,Machine Learning,Advanced,1.81,0.0,0.0,34,0.0,0.0,1.0,0.0,0.0,0.0,0.0,0.0,0.0,0.0,1.0,0.0,0.0,0.0,0.0,16,Male,1,Advanced Single-Shot Learners,-1.3340701266368675,-1.5134559552129734
U01241,2,2,1.0,179,0.33519553072625696,Design/Business,Advanced,3.225,0.0,0.0,23,0.0,0.0,1.0,0.0,0.5,0.0,0.0,0.5,0.0,0.0,0.0,0.0,0.0,0.0,0.0,25,Male,1,Advanced Single-Shot Learners,0.2989915121821127,-1.6136837776530857
U01242,2,2,1.0,118,0.5084745762711864,Web Development/Cybersecurity,Advanced,1.8399999999999999,18.945,0.5,5,0.0,0.0,1.0,0.0,0.0,0.5,0.0,0.0,0.0,0.0,0.0,0.0,0.0,0.0,0.5,22,Male,1,Advanced Single-Shot Learners,0.8815161940628813,-0.4013122277624551
U01243,2,2,1.0,148,0.4054054054054054,Business/Design,Intermediate/Advanced,2.65,163.01,0.5,72,0.0,0.5,0.5,0.0,0.5,0.0,0.0,0.5,0.0,0.0,0.0,0.0,0.0,0.0,0.0,31,Female,1,Advanced Single-Shot Learners,0.9675534455224516,0.14168040592062253
U01244,14,11,1.2727272727272727,356,1.1797752808988764,Business/Design/Marketing,Advanced,3.235714285714286,130.67285714285714,0.35714285714285715,7,0.14285714285714285,0.21428571428571427,0.6428571428571429,0.07142857142857142,0.14285714285714285,0.07142857142857142,0.0,0.14285714285714285,0.07142857142857142,0.07142857142857142,0.07142857142857142,0.14285714285714285,0.07142857142857142,0.07142857142857142,0.07142857142857142,30,Female,2,Power Learners,3.8103631978854655,-1.0860531621835083
U01245,1,1,1.0,0,1.0,Artificial Intelligence,Beginner,3.64,0.0,0.0,332,1.0,0.0,0.0,1.0,0.0,0.0,0.0,0.0,0.0,0.0,0.0,0.0,0.0,0.0,0.0,35,Male,0,Premium Explorers,-1.8613899909537035,1.5319748686417878
U01246,2,2,1.0,230,0.2608695652173913,Machine Learning/Business,Intermediate/Advanced,2.44,0.0,0.0,4,0.0,0.5,0.5,0.0,0.5,0.0,0.0,0.0,0.0,0.0,0.5,0.0,0.0,0.0,0.0,27,Male,1,Advanced Single-Shot Learners,0.36619164084121253,-1.598166125051353
U01247,1,1,1.0,0,1.0,Data Science,Intermediate,3.02,0.0,0.0,175,0.0,1.0,0.0,0.0,0.0,0.0,1.0,0.0,0.0,0.0,0.0,0.0,0.0,0.0,0.0,19,Male,3,Intermediate Value Seekers,-1.7873075963054148,-0.5727016859360008
U01248,2,2,1.0,84,0.7142857142857143,Machine Learning/Design,Advanced,3.25,0.39,0.5,71,0.0,0.0,1.0,0.0,0.0,0.0,0.0,0.5,0.0,0.0,0.5,0.0,0.0,0.0,0.0,16,Male,1,Advanced Single-Shot Learners,0.17687558455068028,-1.3404033719914596
U01249,14,9,1.5555555555555556,300,1.4,Business,Beginner,3.1878571428571427,145.1078571428571,0.5,35,0.5714285714285714,0.2857142857142857,0.14285714285714285,0.14285714285714285,0.21428571428571427,0.0,0.07142857142857142,0.07142857142857142,0.14285714285714285,0.0,0.07142857142857142,0.0,0.14285714285714285,0.07142857142857142,0.07142857142857142,25,Male,2,Power Learners,3.7091544619692844,0.07825229414962658
U01250,15,10,1.5,299,1.5050167224080266,Digital Marketing/Design/Marketing/Cybersecurity/Artificial Intelligence,Beginner/Advanced,3.1373333333333333,38.556666666666665,0.2,4,0.4,0.2,0.4,0.13333333333333333,0.0,0.13333333333333333,0.06666666666666667,0.13333333333333333,0.13333333333333333,0.0,0.06666666666666667,0.13333333333333333,0.06666666666666667,0.06666666666666667,0.06666666666666667,27,Female,2,Power Learners,3.6121412192978952,-1.2630689129651815
U01251,2,2,1.0,177,0.3389830508474576,Business/Marketing,Advanced,2.49,0.0,0.0,22,0.0,0.0,1.0,0.0,0.5,0.0,0.0,0.0,0.0,0.0,0.0,0.5,0.0,0.0,0.0,29,Male,1,Advanced Single-Shot Learners,0.31387260686374613,-1.8844370211562955
U01252,1,1,1.0,0,1.0,Artificial Intelligence,Intermediate,3.11,415.51,1.0,116,0.0,1.0,0.0,1.0,0.0,0.0,0.0,0.0,0.0,0.0,0.0,0.0,0.0,0.0,0.0,19,Female,0,Premium Explorers,-0.05686798556038885,2.939593054682416
U01253,1,1,1.0,0,1.0,Digital Marketing,Advanced,3.15,212.39,1.0,206,0.0,0.0,1.0,0.0,0.0,0.0,0.0,0.0,1.0,0.0,0.0,0.0,0.0,0.0,0.0,17,Male,1,Advanced Single-Shot Learners,-0.706543666111713,1.6294012687727284
U01254,1,1,1.0,0,1.0,Machine Learning,Advanced,1.81,0.0,0.0,222,0.0,0.0,1.0,0.0,0.0,0.0,0.0,0.0,0.0,0.0,1.0,0.0,0.0,0.0,0.0,23,Male,1,Advanced Single-Shot Learners,-1.9701725576855718,-1.2622112029194277
U01255,4,4,1.0,313,0.38338658146964855,Business/Machine Learning/Digital Marketing/Marketing,Advanced,3.235,44.53,0.5,34,0.0,0.0,1.0,0.0,0.25,0.0,0.0,0.0,0.25,0.0,0.25,0.25,0.0,0.0,0.0,29,Female,2,Power Learners,1.8860889194771069,-0.8509685784594466
U01256,1,1,1.0,0,1.0,Programming,Intermediate,2.43,0.0,0.0,285,0.0,1.0,0.0,0.0,0.0,0.0,0.0,0.0,0.0,0.0,0.0,0.0,1.0,0.0,0.0,32,Male,3,Intermediate Value Seekers,-2.1278059991792166,-0.43869248724832777
U01257,2,2,1.0,210,0.2857142857142857,Marketing/Cybersecurity,Intermediate/Advanced,3.35,0.0,0.0,17,0.0,0.5,0.5,0.0,0.0,0.5,0.0,0.0,0.0,0.0,0.0,0.5,0.0,0.0,0.0,29,Female,3,Intermediate Value Seekers,0.17514536778378062,-2.5722979622628706
U01258,4,4,1.0,273,0.43956043956043955,Machine Learning/Programming/Artificial Intelligence/Project Management,Beginner,2.335,209.40249999999997,0.5,30,0.5,0.25,0.25,0.25,0.0,0.0,0.0,0.0,0.0,0.0,0.25,0.0,0.25,0.25,0.0,25,Male,2,Power Learners,2.226361779635124,0.7638609850242255
U01259,1,1,1.0,0,1.0,Cybersecurity,Intermediate,1.35,394.26,1.0,25,0.0,1.0,0.0,0.0,0.0,1.0,0.0,0.0,0.0,0.0,0.0,0.0,0.0,0.0,0.0,18,Female,3,Intermediate Value Seekers,-0.20480301154849798,1.1134692542501894
U01260,1,1,1.0,0,1.0,Data Science,Beginner,3.65,0.0,0.0,360,1.0,0.0,0.0,0.0,0.0,0.0,1.0,0.0,0.0,0.0,0.0,0.0,0.0,0.0,0.0,31,Female,4,Beginner Explorers,-2.264191032875575,0.46243492536018166
U01261,13,10,1.3,302,1.2913907284768211,Digital Marketing/Machine Learning/Project Management,Advanced,2.859230769230769,118.75384615384615,0.46153846153846156,60,0.3076923076923077,0.23076923076923078,0.46153846153846156,0.07692307692307693,0.07692307692307693,0.07692307692307693,0.07692307692307693,0.07692307692307693,0.15384615384615385,0.0,0.15384615384615385,0.07692307692307693,0.0,0.15384615384615385,0.07692307692307693,25,Male,2,Power Learners,3.5348500136615453,-0.4966132804400248
U01262,4,4,1.0,258,0.46511627906976744,Machine Learning/Business/Artificial Intelligence/Digital Marketing,Intermediate,3.2975000000000003,144.3775,0.5,36,0.25,0.5,0.25,0.25,0.25,0.0,0.0,0.0,0.25,0.0,0.25,0.0,0.0,0.0,0.0,29,Female,2,Power Learners,2.100164479646167,0.24188455393286423
U01263,1,1,1.0,0,1.0,Artificial Intelligence,Beginner,4.55,490.9,1.0,119,1.0,0.0,0.0,1.0,0.0,0.0,0.0,0.0,0.0,0.0,0.0,0.0,0.0,0.0,0.0,17,Female,0,Premium Explorers,0.07193310182662818,3.694520112046577
U01264,1,1,1.0,0,1.0,Cybersecurity,Beginner,4.94,0.0,0.0,16,1.0,0.0,0.0,0.0,0.0,1.0,0.0,0.0,0.0,0.0,0.0,0.0,0.0,0.0,0.0,15,Male,4,Beginner Explorers,-1.3092964472098445,-0.9105006982495115
U01265,2,2,1.0,44,1.3636363636363638,Cybersecurity/Web Development,Advanced,2.525,0.0,0.0,314,0.0,0.0,1.0,0.0,0.0,0.5,0.0,0.0,0.0,0.0,0.0,0.0,0.0,0.0,0.5,23,Male,1,Advanced Single-Shot Learners,-0.8119546287648723,-1.245090910665292
U01266,14,8,1.75,352,1.1931818181818183,Programming/Business,Advanced,2.567142857142857,139.35,0.5714285714285714,2,0.35714285714285715,0.21428571428571427,0.42857142857142855,0.14285714285714285,0.21428571428571427,0.07142857142857142,0.14285714285714285,0.0,0.07142857142857142,0.07142857142857142,0.0,0.0,0.21428571428571427,0.0,0.07142857142857142,18,Female,2,Power Learners,3.7765048530986,0.04374702980511272
U01267,14,11,1.2727272727272727,320,1.3125,Design,Beginner/Advanced,2.7257142857142855,112.96142857142857,0.35714285714285715,11,0.35714285714285715,0.2857142857142857,0.35714285714285715,0.07142857142857142,0.07142857142857142,0.14285714285714285,0.07142857142857142,0.21428571428571427,0.07142857142857142,0.07142857142857142,0.0,0.07142857142857142,0.07142857142857142,0.07142857142857142,0.07142857142857142,30,Female,2,Power Learners,3.7911870128699188,-0.8258782477478809
U01268,13,9,1.4444444444444444,302,1.2913907284768211,Programming/Data Science/Finance/Digital Marketing,Beginner/Advanced,3.413846153846154,91.71076923076923,0.38461538461538464,40,0.38461538461538464,0.23076923076923078,0.38461538461538464,0.0,0.07692307692307693,0.07692307692307693,0.15384615384615385,0.07692307692307693,0.15384615384615385,0.15384615384615385,0.07692307692307693,0.07692307692307693,0.15384615384615385,0.0,0.0,33,Male,2,Power Learners,3.392442344147316,-0.8330224303322515
U01269,1,1,1.0,0,1.0,Business,Intermediate,2.69,326.02,1.0,128,0.0,1.0,0.0,0.0,1.0,0.0,0.0,0.0,0.0,0.0,0.0,0.0,0.0,0.0,0.0,25,Female,1,Advanced Single-Shot Learners,-0.34704195844579133,2.172177690893851
U01270,2,2,1.0,67,0.8955223880597015,Business/Design,Beginner/Advanced,3.83,0.0,0.0,85,0.5,0.0,0.5,0.0,0.5,0.0,0.0,0.5,0.0,0.0,0.0,0.0,0.0,0.0,0.0,19,Male,1,Advanced Single-Shot Learners,0.022589012883991823,-1.0957126470215284
U01271,1,1,1.0,0,1.0,Cybersecurity,Intermediate,1.91,0.0,0.0,189,0.0,1.0,0.0,0.0,0.0,1.0,0.0,0.0,0.0,0.0,0.0,0.0,0.0,0.0,0.0,23,Female,3,Intermediate Value Seekers,-1.948187940438438,-1.230773379230675
U01272,1,1,1.0,0,1.0,Design,Advanced,4.45,0.0,0.0,99,0.0,0.0,1.0,0.0,0.0,0.0,0.0,1.0,0.0,0.0,0.0,0.0,0.0,0.0,0.0,16,Female,1,Advanced Single-Shot Learners,-1.582579520817213,-1.6891145422764997
U01273,1,1,1.0,0,1.0,Artificial Intelligence,Beginner,3.64,0.0,0.0,156,1.0,0.0,0.0,1.0,0.0,0.0,0.0,0.0,0.0,0.0,0.0,0.0,0.0,0.0,0.0,31,Female,0,Premium Explorers,-1.249258287968029,1.2814885765766197
U01274,1,1,1.0,0,1.0,Project Management,Advanced,1.23,346.71,1.0,258,0.0,0.0,1.0,0.0,0.0,0.0,0.0,0.0,0.0,0.0,0.0,0.0,0.0,1.0,0.0,32,Female,1,Advanced Single-Shot Learners,-0.6730165479458861,2.8424267188171646
U01275,1,1,1.0,0,1.0,Cybersecurity,Beginner,4.94,0.0,0.0,230,1.0,0.0,0.0,0.0,0.0,1.0,0.0,0.0,0.0,0.0,0.0,0.0,0.0,0.0,0.0,35,Male,4,Beginner Explorers,-2.0489043584403097,-0.6455934923512276
U01276,2,2,1.0,225,0.26666666666666666,Finance/Data Science,Intermediate,3.8499999999999996,0.0,0.0,31,0.0,1.0,0.0,0.0,0.0,0.0,0.5,0.0,0.0,0.5,0.0,0.0,0.0,0.0,0.0,27,Female,3,Intermediate Value Seekers,0.1938483284110127,-1.6438385099152037
U01277,12,8,1.5,317,1.135646687697161,Cybersecurity/Finance/Marketing/Web Development,Beginner/Intermediate/Advanced,3.4341666666666675,14.778333333333334,0.08333333333333333,38,0.3333333333333333,0.3333333333333333,0.3333333333333333,0.0,0.0,0.16666666666666666,0.08333333333333333,0.08333333333333333,0.08333333333333333,0.16666666666666666,0.0,0.16666666666666666,0.08333333333333333,0.0,0.16666666666666666,26,Female,2,Power Learners,2.8832806311453454,-1.7617168966296595
U01278,2,2,1.0,47,1.2765957446808511,Web Development/Artificial Intelligence,Beginner/Intermediate,3.0,44.795,0.5,133,0.5,0.5,0.0,0.5,0.0,0.0,0.0,0.0,0.0,0.0,0.0,0.0,0.0,0.0,0.5,16,Female,0,Premium Explorers,0.7489377583829473,1.21989760304387
U01279,3,3,1.0,188,0.4787234042553192,Marketing/Design/Data Science,Advanced,2.7866666666666666,99.85666666666667,0.3333333333333333,107,0.3333333333333333,0.0,0.6666666666666666,0.0,0.0,0.0,0.3333333333333333,0.3333333333333333,0.0,0.0,0.0,0.3333333333333333,0.0,0.0,0.0,29,Female,2,Power Learners,1.2330176847203622,-0.5587836448883555
U01280,12,7,1.7142857142857142,241,1.4937759336099585,Machine Learning,Beginner,2.533333333333333,76.1375,0.3333333333333333,118,0.5833333333333334,0.16666666666666666,0.25,0.16666666666666666,0.16666666666666666,0.0,0.0,0.08333333333333333,0.0,0.0,0.25,0.0,0.16666666666666666,0.08333333333333333,0.08333333333333333,26,Female,2,Power Learners,2.9765683452280984,-0.09085704788342569
U01281,13,10,1.3,333,1.1711711711711712,Data Science/Finance/Marketing,Intermediate/Advanced,3.0923076923076924,67.37692307692308,0.3076923076923077,23,0.23076923076923078,0.38461538461538464,0.38461538461538464,0.07692307692307693,0.07692307692307693,0.0,0.15384615384615385,0.07692307692307693,0.07692307692307693,0.15384615384615385,0.07692307692307693,0.15384615384615385,0.07692307692307693,0.07692307692307693,0.0,23,Female,2,Power Learners,3.5179082327765303,-1.0488248037183856
U01282,3,3,1.0,172,0.5232558139534884,Design/Project Management/Machine Learning,Beginner,3.64,0.0,0.0,11,0.6666666666666666,0.3333333333333333,0.0,0.0,0.0,0.0,0.0,0.3333333333333333,0.0,0.0,0.3333333333333333,0.0,0.0,0.3333333333333333,0.0,26,Male,2,Power Learners,0.7898732970627704,-1.3710406895255236
U01283,1,1,1.0,0,1.0,Machine Learning,Advanced,1.81,0.0,0.0,49,0.0,0.0,1.0,0.0,0.0,0.0,0.0,0.0,0.0,0.0,1.0,0.0,0.0,0.0,0.0,15,Male,1,Advanced Single-Shot Learners,-1.3828108567732547,-1.4906787707078073
U01284,15,11,1.3636363636363635,333,1.3513513513513513,Project Management/Finance/Web Development/Data Science,Advanced,3.108666666666667,162.5166666666667,0.4666666666666667,25,0.3333333333333333,0.26666666666666666,0.4,0.06666666666666667,0.06666666666666667,0.0,0.13333333333333333,0.06666666666666667,0.06666666666666667,0.13333333333333333,0.06666666666666667,0.06666666666666667,0.06666666666666667,0.13333333333333333,0.13333333333333333,34,Female,2,Power Learners,3.9123155415481774,-0.4878306129205911
U01285,4,2,2.0,81,1.4814814814814814,Machine Learning,Advanced,2.8875,0.195,0.25,142,0.25,0.25,0.5,0.0,0.0,0.0,0.0,0.0,0.0,0.0,0.75,0.25,0.0,0.0,0.0,35,Female,1,Advanced Single-Shot Learners,0.2983064675504302,-1.7222218324357794
U01286,13,7,1.8571428571428572,323,1.2074303405572755,Data Science,Beginner/Advanced,3.3269230769230775,140.09153846153845,0.38461538461538464,6,0.38461538461538464,0.23076923076923078,0.38461538461538464,0.0,0.15384615384615385,0.0,0.23076923076923078,0.07692307692307693,0.15384615384615385,0.15384615384615385,0.0,0.15384615384615385,0.07692307692307693,0.0,0.0,27,Male,2,Power Learners,3.3905657227203716,-0.6788554095559901
U01287,12,9,1.3333333333333333,282,1.276595744680851,Artificial Intelligence/Business/Design,Intermediate,3.0658333333333334,164.26583333333335,0.5,41,0.3333333333333333,0.4166666666666667,0.25,0.16666666666666666,0.16666666666666666,0.08333333333333333,0.0,0.16666666666666666,0.08333333333333333,0.08333333333333333,0.08333333333333333,0.08333333333333333,0.08333333333333333,0.0,0.0,33,Female,2,Power Learners,3.506484702768632,-0.3956550064630447
U01288,2,2,1.0,3,2.0,Digital Marketing/Cybersecurity,Intermediate/Advanced,3.91,88.67,0.5,160,0.0,0.5,0.5,0.0,0.0,0.5,0.0,0.0,0.5,0.0,0.0,0.0,0.0,0.0,0.0,18,Male,3,Intermediate Value Seekers,0.05225776985833655,0.01628246041261499
U01289,1,1,1.0,0,1.0,Design,Advanced,2.61,0.0,0.0,343,0.0,0.0,1.0,0.0,0.0,0.0,0.0,1.0,0.0,0.0,0.0,0.0,0.0,0.0,0.0,35,Female,1,Advanced Single-Shot Learners,-2.3716767825347693,-1.1736145944116954
U01290,14,10,1.4,324,1.2962962962962963,Business/Programming/Cybersecurity/Data Science,Intermediate,2.982142857142857,36.20285714285714,0.21428571428571427,36,0.2857142857142857,0.42857142857142855,0.2857142857142857,0.07142857142857142,0.14285714285714285,0.14285714285714285,0.14285714285714285,0.07142857142857142,0.07142857142857142,0.0,0.07142857142857142,0.0,0.14285714285714285,0.07142857142857142,0.07142857142857142,16,Male,2,Power Learners,3.430274343074282,-1.0131207871302121
U01291,1,1,1.0,0,1.0,Web Development,Advanced,2.67,0.0,0.0,238,0.0,0.0,1.0,0.0,0.0,0.0,0.0,0.0,0.0,0.0,0.0,0.0,0.0,0.0,1.0,34,Female,1,Advanced Single-Shot Learners,-1.8615757826983856,-0.6131139655192959
U01292,1,1,1.0,0,1.0,Web Development,Advanced,2.67,0.0,0.0,287,0.0,0.0,1.0,0.0,0.0,0.0,0.0,0.0,0.0,0.0,0.0,0.0,0.0,0.0,1.0,29,Male,1,Advanced Single-Shot Learners,-2.0384855381235085,-0.5248667381068943
U01293,1,1,1.0,0,1.0,Cybersecurity,Intermediate,1.35,394.26,1.0,159,0.0,1.0,0.0,0.0,0.0,1.0,0.0,0.0,0.0,0.0,0.0,0.0,0.0,0.0,0.0,33,Male,3,Intermediate Value Seekers,-0.6910473235336412,1.2858101358406284
U01294,1,1,1.0,0,1.0,Design,Advanced,2.61,0.0,0.0,238,0.0,0.0,1.0,0.0,0.0,0.0,0.0,1.0,0.0,0.0,0.0,0.0,0.0,0.0,0.0,30,Male,1,Advanced Single-Shot Learners,-2.0349268742447877,-1.3012223047118359
U01295,4,4,1.0,331,0.36253776435045315,Finance/Marketing/Data Science/Design,Intermediate,3.4475000000000002,98.8525,0.5,4,0.0,0.75,0.25,0.0,0.0,0.0,0.25,0.25,0.0,0.25,0.0,0.25,0.0,0.0,0.0,34,Female,2,Power Learners,1.9836590919300876,-0.9055790242042062
U01296,1,1,1.0,0,1.0,Project Management,Beginner,4.68,0.0,0.0,103,1.0,0.0,0.0,0.0,0.0,0.0,0.0,0.0,0.0,0.0,0.0,0.0,0.0,1.0,0.0,21,Female,4,Beginner Explorers,-1.3193245926802193,0.6421199752008542
U01297,1,1,1.0,0,1.0,Machine Learning,Advanced,1.81,0.0,0.0,163,0.0,0.0,1.0,0.0,0.0,0.0,0.0,0.0,0.0,0.0,1.0,0.0,0.0,0.0,0.0,27,Male,1,Advanced Single-Shot Learners,-1.7785450895018098,-1.3519182855003995
U01298,1,1,1.0,0,1.0,Digital Marketing,Beginner,4.44,0.0,0.0,118,1.0,0.0,0.0,0.0,0.0,0.0,0.0,0.0,1.0,0.0,0.0,0.0,0.0,0.0,0.0,22,Female,4,Beginner Explorers,-1.4541063643285235,-0.18331465804044467
U01299,1,1,1.0,0,1.0,Marketing,Intermediate,4.72,0.0,0.0,183,0.0,1.0,0.0,0.0,0.0,0.0,0.0,0.0,0.0,0.0,0.0,1.0,0.0,0.0,0.0,28,Female,3,Intermediate Value Seekers,-1.968328449862719,-2.3281934888924023
U01300,1,1,1.0,0,1.0,Business,Advanced,3.15,0.0,0.0,212,0.0,0.0,1.0,0.0,1.0,0.0,0.0,0.0,0.0,0.0,0.0,0.0,0.0,0.0,0.0,19,Male,1,Advanced Single-Shot Learners,-1.7214847795507464,-0.1938240572161894
U01301,1,1,1.0,0,1.0,Digital Marketing,Beginner,4.44,0.0,0.0,2,1.0,0.0,0.0,0.0,0.0,0.0,0.0,0.0,1.0,0.0,0.0,0.0,0.0,0.0,0.0,27,Male,4,Beginner Explorers,-1.0935770329629797,-0.34386410727507943
U01302,2,2,1.0,174,0.3448275862068966,Design/Web Development,Beginner/Advanced,3.885,0.0,0.0,92,0.5,0.0,0.5,0.0,0.0,0.0,0.0,0.5,0.0,0.0,0.0,0.0,0.0,0.0,0.5,19,Female,1,Advanced Single-Shot Learners,0.07805165209693753,-1.3939073575886283
U01303,2,2,1.0,60,1.0,Cybersecurity/Data Science,Intermediate/Advanced,3.25,58.84,0.5,59,0.0,0.5,0.5,0.0,0.0,0.5,0.5,0.0,0.0,0.0,0.0,0.0,0.0,0.0,0.0,23,Female,2,Power Learners,0.7140915963559382,-0.1914130795301346
U01304,2,2,1.0,101,0.594059405940594,Programming/Digital Marketing,Beginner,2.995,0.0,0.0,22,1.0,0.0,0.0,0.0,0.0,0.0,0.0,0.0,0.5,0.0,0.0,0.0,0.5,0.0,0.0,33,Female,4,Beginner Explorers,0.3447882969184927,-0.5996648063857647
U01305,3,3,1.0,78,1.1538461538461537,Marketing/Finance/Project Management,Advanced,2.76,0.0,0.0,39,0.3333333333333333,0.0,0.6666666666666666,0.0,0.0,0.0,0.0,0.0,0.0,0.3333333333333333,0.0,0.3333333333333333,0.0,0.3333333333333333,0.0,22,Female,2,Power Learners,0.7169847020406676,-1.536514536151921
U01306,1,1,1.0,0,1.0,Web Development,Advanced,2.67,0.0,0.0,127,0.0,0.0,1.0,0.0,0.0,0.0,0.0,0.0,0.0,0.0,0.0,0.0,0.0,0.0,1.0,22,Male,1,Advanced Single-Shot Learners,-1.4957757732048236,-0.7368651380890685
U01307,1,1,1.0,0,1.0,Design,Advanced,4.45,0.0,0.0,202,0.0,0.0,1.0,0.0,0.0,0.0,0.0,1.0,0.0,0.0,0.0,0.0,0.0,0.0,0.0,16,Female,1,Advanced Single-Shot Learners,-1.9261311140812118,-1.544744031988241
U01308,1,1,1.0,0,1.0,Cybersecurity,Advanced,2.38,0.0,0.0,328,0.0,0.0,1.0,0.0,0.0,1.0,0.0,0.0,0.0,0.0,0.0,0.0,0.0,0.0,0.0,23,Male,1,Advanced Single-Shot Learners,-2.36444663563816,-1.0637509855503045
U01309,2,2,1.0,118,0.5084745762711864,Data Science/Marketing,Beginner/Advanced,2.83,0.0,0.0,115,0.5,0.0,0.5,0.0,0.0,0.0,0.5,0.0,0.0,0.0,0.0,0.5,0.0,0.0,0.0,35,Male,4,Beginner Explorers,-0.08244369414817646,-1.5104780013628079
U01310,3,3,1.0,144,0.625,Marketing/Design/Finance,Intermediate,3.606666666666667,0.0,0.0,29,0.0,0.6666666666666666,0.3333333333333333,0.0,0.0,0.0,0.0,0.3333333333333333,0.0,0.3333333333333333,0.0,0.3333333333333333,0.0,0.0,0.0,21,Female,3,Intermediate Value Seekers,0.6145603815384384,-2.4736993267006357
U01311,1,1,1.0,0,1.0,Project Management,Beginner,1.51,327.99,1.0,302,1.0,0.0,0.0,0.0,0.0,0.0,0.0,0.0,0.0,0.0,0.0,0.0,0.0,1.0,0.0,27,Male,4,Beginner Explorers,-0.7753985547646033,3.746279414381749
U01312,1,1,1.0,0,1.0,Design,Advanced,2.61,0.0,0.0,280,0.0,0.0,1.0,0.0,0.0,0.0,0.0,1.0,0.0,0.0,0.0,0.0,0.0,0.0,0.0,16,Male,1,Advanced Single-Shot Learners,-2.1569410993740923,-1.2178198355077414
U01313,3,3,1.0,242,0.37190082644628103,Machine Learning/Marketing/Artificial Intelligence,Intermediate,3.5499999999999994,82.7,0.3333333333333333,98,0.3333333333333333,0.6666666666666666,0.0,0.3333333333333333,0.0,0.0,0.0,0.0,0.0,0.0,0.3333333333333333,0.3333333333333333,0.0,0.0,0.0,31,Male,2,Power Learners,1.2775849753811883,-0.3541796787680211
U01314,2,2,1.0,185,0.3243243243243243,Data Science/Marketing,Beginner/Intermediate,3.9250000000000003,149.785,0.5,130,0.5,0.5,0.0,0.0,0.0,0.0,0.5,0.0,0.0,0.0,0.0,0.5,0.0,0.0,0.0,26,Female,2,Power Learners,0.7425225465157388,-0.017493633865619307
U01315,13,9,1.4444444444444444,299,1.3043478260869565,Business/Project Management/Web Development/Programming,Advanced,2.9376923076923083,143.8476923076923,0.46153846153846156,34,0.38461538461538464,0.15384615384615385,0.46153846153846156,0.07692307692307693,0.15384615384615385,0.07692307692307693,0.07692307692307693,0.07692307692307693,0.07692307692307693,0.0,0.0,0.0,0.15384615384615385,0.15384615384615385,0.15384615384615385,33,Male,2,Power Learners,3.605152134637248,-0.14445926099566686
U01316,1,1,1.0,0,1.0,Business,Advanced,3.15,0.0,0.0,117,0.0,0.0,1.0,0.0,1.0,0.0,0.0,0.0,0.0,0.0,0.0,0.0,0.0,0.0,0.0,31,Female,1,Advanced Single-Shot Learners,-1.400181602516311,-0.3588139052229339
U01317,1,1,1.0,0,1.0,Finance,Advanced,1.59,0.0,0.0,157,0.0,0.0,1.0,0.0,0.0,0.0,0.0,0.0,0.0,1.0,0.0,0.0,0.0,0.0,0.0,32,Female,1,Advanced Single-Shot Learners,-1.6690240690410219,-0.8447006592280815
U01318,14,11,1.2727272727272727,351,1.1965811965811965,Project Management/Cybersecurity/Finance,Intermediate/Advanced,3.0364285714285706,95.51071428571427,0.35714285714285715,9,0.14285714285714285,0.42857142857142855,0.42857142857142855,0.07142857142857142,0.07142857142857142,0.14285714285714285,0.07142857142857142,0.07142857142857142,0.0,0.14285714285714285,0.07142857142857142,0.07142857142857142,0.07142857142857142,0.14285714285714285,0.07142857142857142,18,Female,2,Power Learners,3.7648502297041317,-0.972218925281614
U01319,1,1,1.0,0,1.0,Marketing,Intermediate,4.72,0.0,0.0,97,0.0,1.0,0.0,0.0,0.0,0.0,0.0,0.0,0.0,0.0,0.0,1.0,0.0,0.0,0.0,25,Male,3,Intermediate Value Seekers,-1.6975342470274961,-2.4326744516579746
U01320,4,4,1.0,210,0.5714285714285714,Finance/Cybersecurity/Programming/Business,Beginner,2.83,71.2625,0.25,36,0.5,0.25,0.25,0.0,0.25,0.25,0.0,0.0,0.0,0.25,0.0,0.0,0.25,0.0,0.0,20,Male,2,Power Learners,1.8307563437938543,-0.22872435938528957
U01321,14,8,1.75,306,1.3725490196078431,Machine Learning,Beginner/Advanced,2.7807142857142857,60.92428571428571,0.2857142857142857,48,0.42857142857142855,0.14285714285714285,0.42857142857142855,0.0,0.14285714285714285,0.07142857142857142,0.07142857142857142,0.14285714285714285,0.07142857142857142,0.14285714285714285,0.21428571428571427,0.0,0.14285714285714285,0.0,0.0,35,Male,2,Power Learners,3.2590920608648934,-0.9251248470009021
U01322,12,8,1.5,323,1.1145510835913313,Data Science,Advanced,3.393333333333333,63.38666666666668,0.3333333333333333,26,0.16666666666666666,0.3333333333333333,0.5,0.0,0.0,0.08333333333333333,0.3333333333333333,0.0,0.08333333333333333,0.08333333333333333,0.16666666666666666,0.08333333333333333,0.0,0.08333333333333333,0.08333333333333333,26,Female,2,Power Learners,3.212547551798158,-1.090541483194394
U01323,2,2,1.0,86,0.6976744186046512,Programming/Project Management,Beginner/Intermediate,3.6500000000000004,0.0,0.0,187,0.5,0.5,0.0,0.0,0.0,0.0,0.0,0.0,0.0,0.0,0.0,0.0,0.5,0.5,0.0,15,Male,4,Beginner Explorers,-0.26537202962430084,-0.39394297184634874
U01324,1,1,1.0,0,1.0,Digital Marketing,Intermediate,4.66,0.0,0.0,260,0.0,1.0,0.0,0.0,0.0,0.0,0.0,0.0,1.0,0.0,0.0,0.0,0.0,0.0,0.0,24,Male,3,Intermediate Value Seekers,-2.108757303647084,-0.8801712057433927
U01325,2,2,1.0,112,0.5357142857142857,Design/Digital Marketing,Advanced,3.25,88.67,0.5,100,0.0,0.0,1.0,0.0,0.0,0.0,0.0,0.5,0.5,0.0,0.0,0.0,0.0,0.0,0.0,18,Female,1,Advanced Single-Shot Learners,0.7523027865356285,-0.2318121354490924
U01326,2,2,1.0,121,0.49586776859504134,Machine Learning/Digital Marketing,Intermediate/Advanced,4.275,0.39,0.5,147,0.0,0.5,0.5,0.0,0.0,0.0,0.0,0.0,0.5,0.0,0.5,0.0,0.0,0.0,0.0,15,Female,3,Intermediate Value Seekers,-0.024784104951908133,-1.073927942745219
U01327,1,1,1.0,0,1.0,Business,Advanced,3.64,487.92,1.0,96,0.0,0.0,1.0,0.0,1.0,0.0,0.0,0.0,0.0,0.0,0.0,0.0,0.0,0.0,0.0,23,Male,1,Advanced Single-Shot Learners,-0.14959238793073507,2.123019359217267
U01328,1,1,1.0,0,1.0,Artificial Intelligence,Beginner,1.2,248.1,1.0,46,1.0,0.0,0.0,1.0,0.0,0.0,0.0,0.0,0.0,0.0,0.0,0.0,0.0,0.0,0.0,27,Male,0,Premium Explorers,0.28159314548192843,3.8368740703568367
U01329,1,1,1.0,0,1.0,Design,Advanced,2.72,276.37,1.0,63,0.0,0.0,1.0,0.0,0.0,0.0,0.0,1.0,0.0,0.0,0.0,0.0,0.0,0.0,0.0,15,Female,1,Advanced Single-Shot Learners,-0.2871815847405663,0.8939020218504595
U01330,2,2,1.0,219,0.273972602739726,Business/Artificial Intelligence,Beginner/Advanced,2.8200000000000003,0.0,0.0,139,0.5,0.0,0.5,0.5,0.5,0.0,0.0,0.0,0.0,0.0,0.0,0.0,0.0,0.0,0.0,20,Female,1,Advanced Single-Shot Learners,0.23770742263140915,-0.006767368642808889
U01331,13,8,1.625,309,1.262135922330097,Data Science,Advanced,2.6507692307692308,99.08153846153846,0.46153846153846156,20,0.3076923076923077,0.23076923076923078,0.46153846153846156,0.07692307692307693,0.07692307692307693,0.0,0.23076923076923078,0.0,0.0,0.07692307692307693,0.0,0.15384615384615385,0.15384615384615385,0.07692307692307693,0.15384615384615385,16,Male,2,Power Learners,3.5058279256232088,-0.40559467136500565
U01332,12,8,1.5,302,1.1920529801324504,Marketing,Intermediate/Advanced,2.986666666666667,114.77833333333335,0.5,3,0.16666666666666666,0.4166666666666667,0.4166666666666667,0.08333333333333333,0.0,0.0,0.16666666666666666,0.16666666666666666,0.08333333333333333,0.08333333333333333,0.0,0.25,0.0,0.08333333333333333,0.08333333333333333,20,Male,2,Power Learners,3.4460718548908926,-0.8057090027113117
U01333,1,1,1.0,0,1.0,Design,Advanced,2.61,0.0,0.0,172,0.0,0.0,1.0,0.0,0.0,0.0,0.0,1.0,0.0,0.0,0.0,0.0,0.0,0.0,0.0,15,Male,1,Advanced Single-Shot Learners,-1.7954211890107536,-1.3674462700846708
U01334,13,9,1.4444444444444444,255,1.5294117647058822,Cybersecurity,Intermediate,2.963846153846154,50.860769230769236,0.23076923076923078,26,0.3076923076923077,0.38461538461538464,0.3076923076923077,0.07692307692307693,0.07692307692307693,0.23076923076923078,0.07692307692307693,0.15384615384615385,0.15384615384615385,0.0,0.07692307692307693,0.0,0.0,0.07692307692307693,0.07692307692307693,35,Female,2,Power Learners,3.3367467004985447,-1.0744322975281457
U01335,1,1,1.0,0,1.0,Machine Learning,Intermediate,4.73,0.0,0.0,244,0.0,1.0,0.0,0.0,0.0,0.0,0.0,0.0,0.0,0.0,1.0,0.0,0.0,0.0,0.0,16,Female,3,Intermediate Value Seekers,-2.1726831804875273,-1.572290035596146
U01336,14,9,1.5555555555555556,337,1.2462908011869438,Data Science,Advanced,2.9671428571428575,62.18928571428571,0.2857142857142857,7,0.2857142857142857,0.2857142857142857,0.42857142857142855,0.07142857142857142,0.0,0.0,0.21428571428571427,0.0,0.07142857142857142,0.07142857142857142,0.14285714285714285,0.14285714285714285,0.07142857142857142,0.07142857142857142,0.14285714285714285,33,Male,2,Power Learners,3.513667111963456,-1.0478932763920503
U01337,16,10,1.6,332,1.4457831325301205,Machine Learning,Advanced,2.9125,77.68125,0.375,15,0.1875,0.3125,0.5,0.125,0.0625,0.125,0.0,0.0,0.0625,0.0625,0.1875,0.0625,0.125,0.0625,0.125,32,Female,2,Power Learners,3.7751373875147265,-0.954452465635699
U01338,3,3,1.0,333,0.2702702702702703,Marketing/Web Development/Cybersecurity,Advanced,2.353333333333333,0.0,0.0,31,0.0,0.0,1.0,0.0,0.0,0.3333333333333333,0.0,0.0,0.0,0.0,0.0,0.3333333333333333,0.0,0.0,0.3333333333333333,15,Male,1,Advanced Single-Shot Learners,0.8055546617329559,-2.243382958002511
U01339,2,2,1.0,110,0.5454545454545455,Programming/Artificial Intelligence,Intermediate,2.77,207.755,0.5,129,0.0,1.0,0.0,0.5,0.0,0.0,0.0,0.0,0.0,0.0,0.0,0.0,0.5,0.0,0.0,35,Male,0,Premium Explorers,0.8891274408619397,1.0517592408695402
U01340,2,2,1.0,64,0.9375,Programming/Artificial Intelligence,Beginner/Intermediate,2.195,207.755,0.5,54,0.5,0.5,0.0,0.5,0.0,0.0,0.0,0.0,0.0,0.0,0.0,0.0,0.5,0.0,0.0,32,Female,0,Premium Explorers,1.213168794663003,1.4751861128572272
U01341,3,2,1.5,149,0.6040268456375839,Data Science,Beginner,2.8066666666666666,39.22666666666667,0.3333333333333333,71,0.6666666666666666,0.0,0.3333333333333333,0.0,0.0,0.0,0.6666666666666666,0.0,0.0,0.0,0.0,0.0,0.0,0.0,0.3333333333333333,29,Male,2,Power Learners,1.0425975542842516,0.3726715639695189
U01342,2,2,1.0,119,0.5042016806722689,Programming/Business,Beginner/Advanced,3.5,0.0,0.0,229,0.5,0.0,0.5,0.0,0.5,0.0,0.0,0.0,0.0,0.0,0.0,0.0,0.5,0.0,0.0,25,Male,4,Beginner Explorers,-0.3381417048756891,-0.502559678488262
U01343,14,9,1.5555555555555556,333,1.2612612612612613,Digital Marketing/Programming/Cybersecurity/Project Management/Machine Learning,Intermediate,2.9757142857142855,139.76571428571427,0.5714285714285714,5,0.2857142857142857,0.42857142857142855,0.2857142857142857,0.0,0.07142857142857142,0.14285714285714285,0.07142857142857142,0.0,0.14285714285714285,0.07142857142857142,0.14285714285714285,0.0,0.14285714285714285,0.14285714285714285,0.07142857142857142,32,Male,2,Power Learners,3.7097661148282004,-0.4147267956563758
U01344,14,7,2.0,354,1.1864406779661016,Project Management/Design,Beginner/Intermediate,2.903571428571429,48.59285714285715,0.21428571428571427,5,0.35714285714285715,0.35714285714285715,0.2857142857142857,0.14285714285714285,0.0,0.0,0.0,0.21428571428571427,0.07142857142857142,0.07142857142857142,0.0,0.14285714285714285,0.14285714285714285,0.21428571428571427,0.0,25,Female,2,Power Learners,3.3197542330738825,-0.9287939964467454
U01345,1,1,1.0,0,1.0,Web Development,Beginner,2.2,0.0,0.0,311,1.0,0.0,0.0,0.0,0.0,0.0,0.0,0.0,0.0,0.0,0.0,0.0,0.0,0.0,1.0,19,Male,4,Beginner Explorers,-2.0203087162721287,0.443374862844447
U01346,15,11,1.3636363636363635,323,1.393188854489164,Cybersecurity/Project Management/Artificial Intelligence/Programming,Advanced,2.9886666666666666,92.72333333333334,0.4,2,0.26666666666666666,0.26666666666666666,0.4666666666666667,0.13333333333333333,0.0,0.13333333333333333,0.06666666666666667,0.06666666666666667,0.06666666666666667,0.06666666666666667,0.06666666666666667,0.06666666666666667,0.13333333333333333,0.13333333333333333,0.06666666666666667,16,Male,2,Power Learners,3.8883139853101,-0.7377282243488712
U01347,13,9,1.4444444444444444,310,1.2580645161290323,Machine Learning/Finance/Marketing/Artificial Intelligence,Beginner/Advanced,3.2384615384615385,63.10615384615384,0.3076923076923077,54,0.38461538461538464,0.23076923076923078,0.38461538461538464,0.15384615384615385,0.07692307692307693,0.0,0.07692307692307693,0.0,0.07692307692307693,0.15384615384615385,0.15384615384615385,0.15384615384615385,0.0,0.07692307692307693,0.07692307692307693,20,Male,2,Power Learners,3.3483757170370523,-0.7744343603144095
U01348,2,2,1.0,6,2.0,Cybersecurity/Design,Beginner/Intermediate,3.21,0.0,0.0,184,0.5,0.5,0.0,0.0,0.0,0.5,0.0,0.5,0.0,0.0,0.0,0.0,0.0,0.0,0.0,29,Female,3,Intermediate Value Seekers,-0.7165603722206949,-1.3450718917644515
U01349,1,1,1.0,0,1.0,Machine Learning,Intermediate,1.73,0.0,0.0,6,0.0,1.0,0.0,0.0,0.0,0.0,0.0,0.0,0.0,0.0,1.0,0.0,0.0,0.0,0.0,26,Male,3,Intermediate Value Seekers,-1.3313309508989817,-1.5754444208493374
U01350,13,8,1.625,337,1.1572700296735905,Cybersecurity,Beginner,3.2746153846153843,83.70384615384616,0.3076923076923077,18,0.46153846153846156,0.3076923076923077,0.23076923076923078,0.15384615384615385,0.15384615384615385,0.23076923076923078,0.07692307692307693,0.07692307692307693,0.07692307692307693,0.15384615384615385,0.0,0.0,0.0,0.07692307692307693,0.0,16,Female,2,Power Learners,3.4330359618217527,-0.5227956202906917
U01351,2,2,1.0,83,0.7228915662650602,Machine Learning/Project Management,Intermediate/Advanced,3.67,0.39,0.5,63,0.0,0.5,0.5,0.0,0.0,0.0,0.0,0.0,0.0,0.0,0.5,0.0,0.0,0.5,0.0,16,Male,3,Intermediate Value Seekers,0.2596792117166679,-0.6572633350075892
U01352,13,9,1.4444444444444444,293,1.3310580204778155,Marketing,Intermediate,3.845384615384615,101.50615384615384,0.46153846153846156,17,0.3076923076923077,0.38461538461538464,0.3076923076923077,0.07692307692307693,0.07692307692307693,0.0,0.0,0.0,0.07692307692307693,0.07692307692307693,0.07692307692307693,0.23076923076923078,0.07692307692307693,0.15384615384615385,0.15384615384615385,25,Male,2,Power Learners,3.545944094878608,-0.738975407222245
U01353,1,1,1.0,0,1.0,Web Development,Beginner,2.2,0.0,0.0,160,1.0,0.0,0.0,0.0,0.0,0.0,0.0,0.0,0.0,0.0,0.0,0.0,0.0,0.0,1.0,20,Female,4,Beginner Explorers,-1.4980185987831578,0.21916819222263242
U01354,2,2,1.0,2,2.0,Design/Marketing,Intermediate/Advanced,4.585,0.0,0.0,48,0.0,0.5,0.5,0.0,0.0,0.0,0.0,0.5,0.0,0.0,0.0,0.5,0.0,0.0,0.0,15,Male,3,Intermediate Value Seekers,-0.4716149615448077,-2.415645064791955
U01355,13,8,1.625,348,1.120689655172414,Marketing,Advanced,3.5300000000000002,111.51846153846152,0.38461538461538464,9,0.07692307692307693,0.23076923076923078,0.6923076923076923,0.0,0.15384615384615385,0.07692307692307693,0.07692307692307693,0.07692307692307693,0.07692307692307693,0.0,0.15384615384615385,0.3076923076923077,0.07692307692307693,0.0,0.0,28,Female,2,Power Learners,3.4068276735883414,-1.4162829572013216
U01356,3,3,1.0,54,1.6666666666666665,Data Science/Artificial Intelligence/Finance,Intermediate,3.28,29.863333333333333,0.3333333333333333,23,0.3333333333333333,0.6666666666666666,0.0,0.3333333333333333,0.0,0.0,0.3333333333333333,0.0,0.0,0.3333333333333333,0.0,0.0,0.0,0.0,0.0,26,Female,2,Power Learners,1.4046119545719549,0.15414938830750163
U01357,1,1,1.0,0,1.0,Machine Learning,Advanced,3.89,0.78,1.0,360,0.0,0.0,1.0,0.0,0.0,0.0,0.0,0.0,0.0,0.0,1.0,0.0,0.0,0.0,0.0,28,Female,1,Advanced Single-Shot Learners,-2.0181326874795644,0.18693854469552273
U01358,1,1,1.0,0,1.0,Web Development,Advanced,1.3,37.89,1.0,313,0.0,0.0,1.0,0.0,0.0,0.0,0.0,0.0,0.0,0.0,0.0,0.0,0.0,0.0,1.0,31,Male,1,Advanced Single-Shot Learners,-1.2253332891323028,1.7381285861653253
U01359,2,2,1.0,7,2.0,Design/Cybersecurity,Beginner/Intermediate,3.21,0.0,0.0,50,0.5,0.5,0.0,0.0,0.0,0.5,0.0,0.5,0.0,0.0,0.0,0.0,0.0,0.0,0.0,18,Female,3,Intermediate Value Seekers,-0.2310731080619623,-1.5220643465022323
U01360,1,1,1.0,0,1.0,Finance,Intermediate,2.75,119.04,1.0,261,0.0,1.0,0.0,0.0,0.0,0.0,0.0,0.0,0.0,1.0,0.0,0.0,0.0,0.0,0.0,22,Female,3,Intermediate Value Seekers,-1.0979256041783414,1.4573280019627006
U01361,1,1,1.0,0,1.0,Web Development,Beginner,2.2,0.0,0.0,220,1.0,0.0,0.0,0.0,0.0,0.0,0.0,0.0,0.0,0.0,0.0,0.0,0.0,0.0,1.0,31,Male,4,Beginner Explorers,-1.7322752148344724,0.29479598291502956
U01362,3,3,1.0,278,0.3237410071942446,Artificial Intelligence/Marketing/Digital Marketing,Beginner,2.92,0.0,0.0,83,0.6666666666666666,0.0,0.3333333333333333,0.3333333333333333,0.0,0.0,0.0,0.0,0.3333333333333333,0.0,0.0,0.3333333333333333,0.0,0.0,0.0,26,Male,2,Power Learners,0.7791551045113566,-1.066353052284543
U01363,2,2,1.0,39,1.5384615384615383,Data Science/Marketing,Intermediate/Advanced,3.29,0.0,0.0,167,0.0,0.5,0.5,0.0,0.0,0.0,0.5,0.0,0.0,0.0,0.0,0.5,0.0,0.0,0.0,25,Male,3,Intermediate Value Seekers,-0.3834346138952267,-1.851513163943078
U01364,13,9,1.4444444444444444,333,1.1711711711711712,Digital Marketing,Intermediate/Advanced,3.351538461538461,133.44615384615386,0.38461538461538464,22,0.23076923076923078,0.38461538461538464,0.38461538461538464,0.07692307692307693,0.07692307692307693,0.15384615384615385,0.07692307692307693,0.15384615384615385,0.23076923076923078,0.0,0.07692307692307693,0.07692307692307693,0.0,0.07692307692307693,0.0,16,Female,2,Power Learners,3.5417560317357646,-0.8449305754405846
U01365,14,11,1.2727272727272727,306,1.3725490196078431,Finance/Data Science/Programming,Beginner/Intermediate,2.9314285714285715,122.08928571428571,0.5,10,0.42857142857142855,0.42857142857142855,0.14285714285714285,0.07142857142857142,0.07142857142857142,0.07142857142857142,0.14285714285714285,0.07142857142857142,0.07142857142857142,0.14285714285714285,0.07142857142857142,0.0,0.14285714285714285,0.07142857142857142,0.07142857142857142,25,Male,2,Power Learners,3.85792678862108,-0.36147699149420076
U01366,1,1,1.0,0,1.0,Finance,Advanced,1.59,0.0,0.0,357,0.0,0.0,1.0,0.0,0.0,0.0,0.0,0.0,0.0,1.0,0.0,0.0,0.0,0.0,0.0,29,Female,1,Advanced Single-Shot Learners,-2.3322413755270737,-0.55911251256035
U01367,1,1,1.0,0,1.0,Project Management,Beginner,4.68,0.0,0.0,303,1.0,0.0,0.0,0.0,0.0,0.0,0.0,0.0,0.0,0.0,0.0,0.0,0.0,1.0,0.0,22,Male,4,Beginner Explorers,-2.0076339864775408,0.9315030565479918
U01368,1,1,1.0,0,1.0,Web Development,Beginner,2.2,0.0,0.0,145,1.0,0.0,0.0,0.0,0.0,0.0,0.0,0.0,0.0,0.0,0.0,0.0,0.0,0.0,1.0,24,Female,4,Beginner Explorers,-1.453151034517997,0.19113394898810132
U01369,1,1,1.0,0,1.0,Data Science,Intermediate,3.02,0.0,0.0,247,0.0,1.0,0.0,0.0,0.0,0.0,1.0,0.0,0.0,0.0,0.0,0.0,0.0,0.0,0.0,21,Male,3,Intermediate Value Seekers,-2.0300422769348527,-0.4752872000977656
U01370,3,3,1.0,66,1.3636363636363635,Machine Learning/Web Development/Design,Advanced,2.2433333333333336,92.12333333333333,0.3333333333333333,216,0.3333333333333333,0.0,0.6666666666666666,0.0,0.0,0.0,0.0,0.3333333333333333,0.0,0.0,0.3333333333333333,0.0,0.0,0.0,0.3333333333333333,21,Female,1,Advanced Single-Shot Learners,0.8308522235725103,-0.11968988407435299
U01371,1,1,1.0,0,1.0,Data Science,Intermediate,3.02,0.0,0.0,87,0.0,1.0,0.0,0.0,0.0,0.0,1.0,0.0,0.0,0.0,0.0,0.0,0.0,0.0,0.0,22,Male,3,Intermediate Value Seekers,-1.4976609543394381,-0.7013044233582472
U01372,1,1,1.0,0,1.0,Digital Marketing,Intermediate,4.66,0.0,0.0,320,0.0,1.0,0.0,0.0,0.0,0.0,0.0,0.0,1.0,0.0,0.0,0.0,0.0,0.0,0.0,19,Female,3,Intermediate Value Seekers,-2.28250130275259,-0.7981144611315006
U01373,1,1,1.0,0,1.0,Cybersecurity,Intermediate,3.93,0.0,0.0,239,0.0,1.0,0.0,0.0,0.0,1.0,0.0,0.0,0.0,0.0,0.0,0.0,0.0,0.0,0.0,24,Male,3,Intermediate Value Seekers,-2.190283824236118,-1.3786588672336564
U01374,1,1,1.0,0,1.0,Digital Marketing,Beginner,2.14,0.0,0.0,267,1.0,0.0,0.0,0.0,0.0,0.0,0.0,0.0,1.0,0.0,0.0,0.0,0.0,0.0,0.0,32,Female,4,Beginner Explorers,-1.902395362793671,0.2664968807082252
U01375,13,9,1.4444444444444444,344,1.1337209302325582,Marketing,Beginner,3.1692307692307695,148.82846153846154,0.46153846153846156,6,0.38461538461538464,0.3076923076923077,0.3076923076923077,0.07692307692307693,0.07692307692307693,0.07692307692307693,0.15384615384615385,0.07692307692307693,0.15384615384615385,0.0,0.07692307692307693,0.23076923076923078,0.0,0.07692307692307693,0.0,22,Male,2,Power Learners,3.6357400455394044,-0.6803959025650905
U01376,1,1,1.0,0,1.0,Project Management,Beginner,4.68,0.0,0.0,165,1.0,0.0,0.0,0.0,0.0,0.0,0.0,0.0,0.0,0.0,0.0,0.0,0.0,1.0,0.0,28,Male,4,Beginner Explorers,-1.5550878922934714,0.7275604884117887
U01377,4,3,1.3333333333333333,351,0.3418803418803419,Artificial Intelligence,Intermediate,2.6125,208.2725,0.75,10,0.25,0.5,0.25,0.5,0.25,0.0,0.0,0.0,0.0,0.0,0.0,0.0,0.0,0.25,0.0,16,Male,2,Power Learners,2.3211595116574637,1.5014042457547612
U01378,2,2,1.0,55,1.090909090909091,Design/Programming,Beginner,4.625,236.14,0.5,304,1.0,0.0,0.0,0.0,0.0,0.0,0.0,0.5,0.0,0.0,0.0,0.0,0.5,0.0,0.0,35,Male,4,Beginner Explorers,0.15424424332951064,1.0478850367608792
U01379,2,2,1.0,29,2.0,Machine Learning/Data Science,Beginner,2.435,149.785,0.5,48,1.0,0.0,0.0,0.0,0.0,0.0,0.5,0.0,0.0,0.0,0.5,0.0,0.0,0.0,0.0,22,Male,4,Beginner Explorers,1.015835873800138,0.9173153711172911
U01380,1,1,1.0,0,1.0,Web Development,Advanced,1.3,37.89,1.0,67,0.0,0.0,1.0,0.0,0.0,0.0,0.0,0.0,0.0,0.0,0.0,0.0,0.0,0.0,1.0,26,Male,1,Advanced Single-Shot Learners,-0.3983567316808051,1.4020831125500768
U01381,1,1,1.0,0,1.0,Finance,Beginner,4.14,0.0,0.0,67,1.0,0.0,0.0,0.0,0.0,0.0,0.0,0.0,0.0,1.0,0.0,0.0,0.0,0.0,0.0,15,Male,4,Beginner Explorers,-1.3623848301767834,-0.35258347916847055
U01382,1,1,1.0,0,1.0,Business,Intermediate,2.69,326.02,1.0,132,0.0,1.0,0.0,0.0,1.0,0.0,0.0,0.0,0.0,0.0,0.0,0.0,0.0,0.0,0.0,22,Female,1,Advanced Single-Shot Learners,-0.35651060202171037,2.1830413713819836
U01383,1,1,1.0,0,1.0,Cybersecurity,Intermediate,3.93,0.0,0.0,211,0.0,1.0,0.0,0.0,0.0,1.0,0.0,0.0,0.0,0.0,0.0,0.0,0.0,0.0,0.0,32,Male,3,Intermediate Value Seekers,-2.10721960042937,-1.4319240428233349
U01384,3,3,1.0,134,0.6716417910447761,Programming/Design/Marketing,Advanced,3.4433333333333334,157.42666666666665,0.3333333333333333,127,0.3333333333333333,0.0,0.6666666666666666,0.0,0.0,0.0,0.0,0.3333333333333333,0.0,0.0,0.0,0.3333333333333333,0.3333333333333333,0.0,0.0,23,Female,2,Power Learners,1.1919898301011265,-0.5127335905992788
U01385,1,1,1.0,0,1.0,Finance,Beginner,4.14,0.0,0.0,52,1.0,0.0,0.0,0.0,0.0,0.0,0.0,0.0,0.0,1.0,0.0,0.0,0.0,0.0,0.0,33,Female,4,Beginner Explorers,-1.3156641738277128,-0.4159550094585989
U01386,1,1,1.0,0,1.0,Business,Advanced,3.64,487.92,1.0,295,0.0,0.0,1.0,0.0,1.0,0.0,0.0,0.0,0.0,0.0,0.0,0.0,0.0,0.0,0.0,16,Male,1,Advanced Single-Shot Learners,-0.8043100208933658,2.41421526208446
U01387,1,1,1.0,0,1.0,Data Science,Beginner,3.65,0.0,0.0,198,1.0,0.0,0.0,0.0,0.0,0.0,1.0,0.0,0.0,0.0,0.0,0.0,0.0,0.0,0.0,21,Female,4,Beginner Explorers,-1.710937197362091,0.252890273227989
U01388,1,1,1.0,0,1.0,Design,Advanced,2.61,0.0,0.0,236,0.0,0.0,1.0,0.0,0.0,0.0,0.0,1.0,0.0,0.0,0.0,0.0,0.0,0.0,0.0,27,Male,1,Advanced Single-Shot Learners,-2.024382803649989,-1.2987685568618543
U01389,1,1,1.0,0,1.0,Programming,Beginner,3.85,0.0,0.0,274,1.0,0.0,0.0,0.0,0.0,0.0,0.0,0.0,0.0,0.0,0.0,0.0,1.0,0.0,0.0,30,Male,4,Beginner Explorers,-1.9739534847112583,0.26827179631835213
U01390,2,2,1.0,125,0.48,Design/Business,Beginner/Advanced,3.255,0.0,0.0,67,0.5,0.0,0.5,0.0,0.5,0.0,0.0,0.5,0.0,0.0,0.0,0.0,0.0,0.0,0.0,33,Female,1,Advanced Single-Shot Learners,0.1530371678741088,-1.1268482609013581
U01391,1,1,1.0,0,1.0,Business,Advanced,3.15,0.0,0.0,197,0.0,0.0,1.0,0.0,1.0,0.0,0.0,0.0,0.0,0.0,0.0,0.0,0.0,0.0,0.0,30,Male,1,Advanced Single-Shot Learners,-1.6856546023184475,-0.2341247708192393
U01392,3,3,1.0,320,0.28125,Artificial Intelligence/Marketing/Programming,Beginner,2.4233333333333333,82.7,0.3333333333333333,33,0.6666666666666666,0.0,0.3333333333333333,0.3333333333333333,0.0,0.0,0.0,0.0,0.0,0.0,0.0,0.3333333333333333,0.3333333333333333,0.0,0.0,29,Female,2,Power Learners,1.7159207510753847,0.23311028390512853
U01393,1,1,1.0,0,1.0,Data Science,Intermediate,3.02,0.0,0.0,336,0.0,1.0,0.0,0.0,0.0,0.0,1.0,0.0,0.0,0.0,0.0,0.0,0.0,0.0,0.0,30,Male,3,Intermediate Value Seekers,-2.3385170347475213,-0.3663110421532882
U01394,14,9,1.5555555555555556,329,1.2765957446808511,Data Science/Web Development,Beginner,3.436428571428572,48.576428571428565,0.21428571428571427,25,0.42857142857142855,0.35714285714285715,0.21428571428571427,0.07142857142857142,0.07142857142857142,0.07142857142857142,0.21428571428571427,0.0,0.07142857142857142,0.07142857142857142,0.0,0.07142857142857142,0.0,0.14285714285714285,0.21428571428571427,26,Female,2,Power Learners,3.448104171211126,-0.8489598814163077
U01395,14,9,1.5555555555555556,335,1.2537313432835822,Design,Beginner/Intermediate,2.882857142857142,81.27357142857144,0.2857142857142857,26,0.35714285714285715,0.35714285714285715,0.2857142857142857,0.0,0.07142857142857142,0.07142857142857142,0.07142857142857142,0.21428571428571427,0.0,0.07142857142857142,0.14285714285714285,0.0,0.14285714285714285,0.14285714285714285,0.07142857142857142,31,Male,2,Power Learners,3.459996058710325,-0.904686938310876
U01396,3,3,1.0,161,0.5590062111801243,Programming/Digital Marketing/Cybersecurity,Intermediate,2.813333333333333,131.42,0.3333333333333333,139,0.0,1.0,0.0,0.0,0.0,0.3333333333333333,0.0,0.0,0.3333333333333333,0.0,0.0,0.0,0.3333333333333333,0.0,0.0,17,Female,3,Intermediate Value Seekers,1.0940598007593862,-0.29744064143193816
U01397,13,8,1.625,276,1.4130434782608696,Web Development/Data Science,Beginner,3.21,68.23846153846154,0.46153846153846156,56,0.46153846153846156,0.3076923076923077,0.23076923076923078,0.07692307692307693,0.07692307692307693,0.15384615384615385,0.23076923076923078,0.0,0.0,0.07692307692307693,0.0,0.0,0.07692307692307693,0.07692307692307693,0.23076923076923078,28,Male,2,Power Learners,3.3072488318896665,-0.2578110449072622
U01398,1,1,1.0,0,1.0,Web Development,Advanced,2.67,0.0,0.0,317,0.0,0.0,1.0,0.0,0.0,0.0,0.0,0.0,0.0,0.0,0.0,0.0,0.0,0.0,1.0,23,Female,1,Advanced Single-Shot Learners,-2.110874911085014,-0.48310730377596856
U01399,16,8,2.0,296,1.6216216216216215,Web Development/Business/Artificial Intelligence,Beginner,3.1793750000000003,103.05812499999999,0.4375,66,0.5,0.1875,0.3125,0.1875,0.1875,0.0,0.0625,0.0,0.125,0.0625,0.125,0.0,0.0625,0.0,0.1875,20,Male,2,Power Learners,3.5759805335023747,-0.1025542294105737
U01400,1,1,1.0,0,1.0,Artificial Intelligence,Beginner,3.64,0.0,0.0,30,1.0,0.0,0.0,1.0,0.0,0.0,0.0,0.0,0.0,0.0,0.0,0.0,0.0,0.0,0.0,21,Female,0,Premium Explorers,-0.8160807374788545,1.1224035202733331
U01401,1,1,1.0,0,1.0,Project Management,Beginner,1.51,327.99,1.0,55,1.0,0.0,0.0,0.0,0.0,0.0,0.0,0.0,0.0,0.0,0.0,0.0,0.0,1.0,0.0,19,Female,4,Beginner Explorers,0.0787144870695408,3.403284997737613
U01402,4,4,1.0,177,0.6779661016949152,Artificial Intelligence/Machine Learning/Business/Web Development,Intermediate,3.95,95.835,0.5,77,0.25,0.5,0.25,0.25,0.25,0.0,0.0,0.0,0.0,0.0,0.25,0.0,0.0,0.0,0.25,19,Female,2,Power Learners,1.875070670412709,0.21269401289628126
U01403,1,1,1.0,0,1.0,Cybersecurity,Intermediate,1.91,0.0,0.0,231,0.0,1.0,0.0,0.0,0.0,1.0,0.0,0.0,0.0,0.0,0.0,0.0,0.0,0.0,0.0,27,Male,3,Intermediate Value Seekers,-2.1133690269447363,-1.1681089160842122
U01404,1,1,1.0,0,1.0,Web Development,Advanced,2.67,0.0,0.0,208,0.0,0.0,1.0,0.0,0.0,0.0,0.0,0.0,0.0,0.0,0.0,0.0,0.0,0.0,1.0,18,Female,1,Advanced Single-Shot Learners,-1.7408553271982528,-0.6271259821534364
U01405,12,9,1.3333333333333333,288,1.25,Web Development/Data Science/Finance,Advanced,2.874166666666666,86.20083333333334,0.5,71,0.25,0.25,0.5,0.0,0.08333333333333333,0.0,0.16666666666666666,0.08333333333333333,0.08333333333333333,0.16666666666666666,0.08333333333333333,0.08333333333333333,0.0,0.08333333333333333,0.16666666666666666,35,Male,2,Power Learners,3.277379900039735,-0.5854885471905624
U01406,1,1,1.0,0,1.0,Web Development,Advanced,2.67,0.0,0.0,355,0.0,0.0,1.0,0.0,0.0,0.0,0.0,0.0,0.0,0.0,0.0,0.0,0.0,0.0,1.0,21,Female,1,Advanced Single-Shot Learners,-2.2350399902520794,-0.4263396912481023
U01407,1,1,1.0,0,1.0,Marketing,Intermediate,4.72,0.0,0.0,287,0.0,1.0,0.0,0.0,0.0,0.0,0.0,0.0,0.0,0.0,0.0,1.0,0.0,0.0,0.0,34,Female,3,Intermediate Value Seekers,-2.3229618272309565,-2.192935440623182
U01408,2,2,1.0,26,2.0,Web Development/Programming,Beginner,3.0999999999999996,0.0,0.0,177,1.0,0.0,0.0,0.0,0.0,0.0,0.0,0.0,0.0,0.0,0.0,0.0,0.5,0.0,0.5,18,Male,4,Beginner Explorers,-0.2005440952117682,-0.24179956433391936
U01409,4,3,1.3333333333333333,227,0.5286343612334802,Finance,Intermediate,3.025,147.82999999999998,0.5,115,0.25,0.5,0.25,0.0,0.0,0.0,0.25,0.0,0.0,0.5,0.0,0.0,0.25,0.0,0.0,31,Male,2,Power Learners,1.5025358426693383,0.18495990638613052
U01410,1,1,1.0,0,1.0,Web Development,Advanced,1.3,37.89,1.0,212,0.0,0.0,1.0,0.0,0.0,0.0,0.0,0.0,0.0,0.0,0.0,0.0,0.0,0.0,1.0,17,Male,1,Advanced Single-Shot Learners,-0.870377826526153,1.6210943274934877
U01411,15,9,1.6666666666666667,331,1.3595166163141994,Design,Beginner/Advanced,3.510666666666667,96.006,0.26666666666666666,16,0.4,0.2,0.4,0.06666666666666667,0.06666666666666667,0.0,0.13333333333333333,0.26666666666666666,0.06666666666666667,0.06666666666666667,0.13333333333333333,0.06666666666666667,0.13333333333333333,0.0,0.0,21,Male,2,Power Learners,3.583328093493482,-1.0502852243728649
U01412,3,3,1.0,249,0.36144578313253006,Web Development/Finance/Machine Learning,Advanced,4.243333333333333,19.366666666666667,0.6666666666666666,109,0.0,0.3333333333333333,0.6666666666666666,0.0,0.0,0.0,0.0,0.0,0.0,0.3333333333333333,0.3333333333333333,0.0,0.0,0.0,0.3333333333333333,16,Male,2,Power Learners,1.10717125551954,-0.4969771928787858
U01413,1,1,1.0,0,1.0,Machine Learning,Intermediate,1.73,0.0,0.0,243,0.0,1.0,0.0,0.0,0.0,0.0,0.0,0.0,0.0,0.0,1.0,0.0,0.0,0.0,0.0,24,Male,3,Intermediate Value Seekers,-2.119251050061539,-1.2397473758227966
U01414,16,11,1.4545454545454546,295,1.6271186440677965,Finance/Digital Marketing/Data Science/Cybersecurity/Web Development,Intermediate/Advanced,3.05875,75.00625,0.4375,55,0.125,0.4375,0.4375,0.0625,0.0625,0.125,0.125,0.0625,0.125,0.125,0.0625,0.0625,0.0625,0.0,0.125,35,Female,2,Power Learners,3.6987514223339084,-1.0000802467360015
U01415,3,3,1.0,188,0.4787234042553192,Cybersecurity/Design/Artificial Intelligence,Intermediate,2.393333333333333,362.0466666666666,1.0,155,0.0,0.6666666666666666,0.3333333333333333,0.3333333333333333,0.0,0.3333333333333333,0.0,0.3333333333333333,0.0,0.0,0.0,0.0,0.0,0.0,0.0,18,Male,2,Power Learners,1.5203432546189823,1.0788400337771484
U01416,2,2,1.0,193,0.31088082901554404,Cybersecurity/Business,Beginner/Intermediate,3.8150000000000004,163.01,0.5,112,0.5,0.5,0.0,0.0,0.5,0.5,0.0,0.0,0.0,0.0,0.0,0.0,0.0,0.0,0.0,22,Female,2,Power Learners,0.8632702167474002,0.5354957506381633
U01417,2,1,2.0,204,0.29411764705882354,Project Management,Beginner/Advanced,2.955,173.355,0.5,73,0.5,0.0,0.5,0.0,0.0,0.0,0.0,0.0,0.0,0.0,0.0,0.0,0.0,1.0,0.0,26,Female,2,Power Learners,0.8259142857647669,1.5747052373545836
U01418,1,1,1.0,0,1.0,Design,Advanced,4.45,0.0,0.0,224,0.0,0.0,1.0,0.0,0.0,0.0,0.0,1.0,0.0,0.0,0.0,0.0,0.0,0.0,0.0,20,Female,1,Advanced Single-Shot Learners,-2.0046752872021476,-1.5209170239541743
U01419,2,2,1.0,18,2.0,Programming/Project Management,Beginner,1.395,163.995,0.5,320,1.0,0.0,0.0,0.0,0.0,0.0,0.0,0.0,0.0,0.0,0.0,0.0,0.5,0.5,0.0,34,Female,4,Beginner Explorers,0.20112240327113268,2.1655748350351534
U01420,3,3,1.0,119,0.7563025210084033,Business/Machine Learning/Finance,Beginner,2.7733333333333334,113.23,1.0,121,0.6666666666666666,0.0,0.3333333333333333,0.0,0.3333333333333333,0.0,0.0,0.0,0.0,0.3333333333333333,0.3333333333333333,0.0,0.0,0.0,0.0,34,Female,2,Power Learners,1.4789162168683867,1.2086406728345023
U01421,1,1,1.0,0,1.0,Finance,Beginner,4.14,0.0,0.0,316,1.0,0.0,0.0,0.0,0.0,0.0,0.0,0.0,0.0,1.0,0.0,0.0,0.0,0.0,0.0,22,Male,4,Beginner Explorers,-2.2019498552944574,-0.015837745053723512
U01422,2,2,1.0,24,2.0,Finance/Artificial Intelligence,Beginner/Intermediate,4.324999999999999,245.45,0.5,203,0.5,0.5,0.0,0.5,0.0,0.0,0.0,0.0,0.0,0.5,0.0,0.0,0.0,0.0,0.0,16,Male,0,Premium Explorers,0.6141219263248874,1.4024733023214324
U01423,1,1,1.0,0,1.0,Design,Advanced,4.45,0.0,0.0,150,0.0,0.0,1.0,0.0,0.0,0.0,0.0,1.0,0.0,0.0,0.0,0.0,0.0,0.0,0.0,25,Male,1,Advanced Single-Shot Learners,-1.7842349550316325,-1.6225969447217523
U01424,1,1,1.0,0,1.0,Artificial Intelligence,Intermediate,3.11,415.51,1.0,167,0.0,1.0,0.0,1.0,0.0,0.0,0.0,0.0,0.0,0.0,0.0,0.0,0.0,0.0,0.0,28,Female,0,Premium Explorers,-0.23859555362517437,2.9953063059186036
U01425,1,1,1.0,0,1.0,Project Management,Beginner,4.68,0.0,0.0,93,1.0,0.0,0.0,0.0,0.0,0.0,0.0,0.0,0.0,0.0,0.0,0.0,0.0,1.0,0.0,25,Female,4,Beginner Explorers,-1.2911342902239906,0.6210940091647823
U01426,1,1,1.0,0,1.0,Artificial Intelligence,Intermediate,2.68,89.59,1.0,77,0.0,1.0,0.0,1.0,0.0,0.0,0.0,0.0,0.0,0.0,0.0,0.0,0.0,0.0,0.0,24,Male,0,Premium Explorers,-0.145047236826707,2.6548114464406845
U01427,1,1,1.0,0,1.0,Artificial Intelligence,Beginner,3.64,0.0,0.0,231,1.0,0.0,0.0,1.0,0.0,0.0,0.0,0.0,0.0,0.0,0.0,0.0,0.0,0.0,0.0,25,Male,0,Premium Explorers,-1.5115987495091894,1.407931198330797
U01428,1,1,1.0,0,1.0,Marketing,Advanced,4.79,0.0,0.0,5,0.0,0.0,1.0,0.0,0.0,0.0,0.0,0.0,0.0,0.0,0.0,1.0,0.0,0.0,0.0,35,Female,1,Advanced Single-Shot Learners,-1.3056445357211004,-2.583612180658382
U01429,15,10,1.5,320,1.40625,Design,Beginner,3.680666666666667,55.278000000000006,0.2,40,0.4666666666666667,0.2,0.3333333333333333,0.0,0.0,0.13333333333333333,0.13333333333333333,0.2,0.06666666666666667,0.13333333333333333,0.06666666666666667,0.06666666666666667,0.06666666666666667,0.06666666666666667,0.06666666666666667,31,Female,2,Power Learners,3.4688424561891646,-1.2988919111252977
U01430,13,10,1.3,300,1.3,Cybersecurity,Advanced,3.455384615384616,99.74461538461537,0.38461538461538464,28,0.3076923076923077,0.07692307692307693,0.6153846153846154,0.0,0.07692307692307693,0.23076923076923078,0.07692307692307693,0.15384615384615385,0.07692307692307693,0.07692307692307693,0.07692307692307693,0.07692307692307693,0.07692307692307693,0.07692307692307693,0.0,19,Female,2,Power Learners,3.549731286772857,-1.0031382798841544
U01431,2,2,1.0,163,0.36809815950920244,Marketing/Cybersecurity,Intermediate,4.0200000000000005,0.0,0.0,99,0.0,1.0,0.0,0.0,0.0,0.5,0.0,0.0,0.0,0.0,0.0,0.5,0.0,0.0,0.0,34,Female,3,Intermediate Value Seekers,-0.19688232704329992,-2.533345858495197
U01432,12,8,1.5,323,1.1145510835913313,Artificial Intelligence/Data Science/Cybersecurity/Digital Marketing,Intermediate,3.2849999999999997,188.86166666666668,0.5833333333333334,2,0.25,0.4166666666666667,0.3333333333333333,0.16666666666666666,0.0,0.16666666666666666,0.16666666666666666,0.08333333333333333,0.16666666666666666,0.08333333333333333,0.0,0.08333333333333333,0.08333333333333333,0.0,0.0,17,Female,2,Power Learners,3.5912515899534494,-0.3448002939661556
U01433,2,1,2.0,1,2.0,Artificial Intelligence,Beginner/Intermediate,3.16,44.795,0.5,26,0.5,0.5,0.0,1.0,0.0,0.0,0.0,0.0,0.0,0.0,0.0,0.0,0.0,0.0,0.0,16,Female,0,Premium Explorers,0.4032864612221831,1.9932932234064682
U01434,2,2,1.0,347,0.1729106628242075,Artificial Intelligence/Machine Learning,Intermediate/Advanced,3.285,45.185,1.0,2,0.0,0.5,0.5,0.5,0.0,0.0,0.0,0.0,0.0,0.0,0.5,0.0,0.0,0.0,0.0,24,Male,0,Premium Explorers,1.4156249933898264,0.7801309618457699
U01435,13,10,1.3,308,1.2662337662337662,Programming/Artificial Intelligence/Web Development,Intermediate,2.9015384615384616,113.74307692307691,0.46153846153846156,53,0.3076923076923077,0.38461538461538464,0.3076923076923077,0.15384615384615385,0.07692307692307693,0.07692307692307693,0.07692307692307693,0.07692307692307693,0.07692307692307693,0.07692307692307693,0.0,0.07692307692307693,0.15384615384615385,0.0,0.15384615384615385,16,Male,2,Power Learners,3.583090124743695,-0.4143401163245209
U01436,2,2,1.0,79,0.759493670886076,Business/Data Science,Intermediate/Advanced,2.8,0.0,0.0,209,0.0,0.5,0.5,0.0,0.5,0.0,0.5,0.0,0.0,0.0,0.0,0.0,0.0,0.0,0.0,34,Female,1,Advanced Single-Shot Learners,-0.37186610419668953,-0.8625823354572874
U01437,1,1,1.0,0,1.0,Finance,Beginner,4.14,0.0,0.0,209,1.0,0.0,0.0,0.0,0.0,0.0,0.0,0.0,0.0,1.0,0.0,0.0,0.0,0.0,0.0,33,Female,4,Beginner Explorers,-1.8393301946281768,-0.19589510542698155
U01438,4,3,1.3333333333333333,215,0.5581395348837209,Web Development,Beginner,2.32,9.4725,0.25,43,0.75,0.0,0.25,0.25,0.0,0.0,0.0,0.0,0.25,0.0,0.0,0.0,0.0,0.0,0.5,30,Female,2,Power Learners,1.5395646920643775,0.11285361874318939
U01439,1,1,1.0,0,1.0,Project Management,Beginner,1.51,327.99,1.0,208,1.0,0.0,0.0,0.0,0.0,0.0,0.0,0.0,0.0,0.0,0.0,0.0,0.0,1.0,0.0,22,Male,4,Beginner Explorers,-0.45541075630463795,3.6232855675996585
U01440,2,1,2.0,70,0.8571428571428571,Cybersecurity,Intermediate,2.64,197.13,0.5,23,0.0,1.0,0.0,0.0,0.0,1.0,0.0,0.0,0.0,0.0,0.0,0.0,0.0,0.0,0.0,20,Female,3,Intermediate Value Seekers,0.5356933922132122,-0.23318143751236153
U01441,1,1,1.0,0,1.0,Project Management,Beginner,1.51,327.99,1.0,286,1.0,0.0,0.0,0.0,0.0,0.0,0.0,0.0,0.0,0.0,0.0,0.0,0.0,1.0,0.0,24,Female,4,Beginner Explorers,-0.6982302849551607,3.7183056397574847
U01442,3,3,1.0,158,0.569620253164557,Digital Marketing/Project Management/Design,Advanced,2.33,186.36666666666665,0.6666666666666666,33,0.0,0.0,1.0,0.0,0.0,0.0,0.0,0.3333333333333333,0.3333333333333333,0.0,0.0,0.0,0.0,0.3333333333333333,0.0,34,Female,2,Power Learners,1.7286074466542976,0.3348475805243483
U01443,2,2,1.0,29,2.0,Artificial Intelligence/Design,Beginner/Advanced,3.125,0.0,0.0,228,0.5,0.0,0.5,0.5,0.0,0.0,0.0,0.5,0.0,0.0,0.0,0.0,0.0,0.0,0.0,17,Female,1,Advanced Single-Shot Learners,-0.29393808194379434,-0.3935185323653794
U01444,2,2,1.0,259,0.23166023166023167,Artificial Intelligence/Project Management,Intermediate/Advanced,1.955,218.14999999999998,1.0,15,0.0,0.5,0.5,0.5,0.0,0.0,0.0,0.0,0.0,0.0,0.0,0.0,0.0,0.5,0.0,29,Male,0,Premium Explorers,1.682062515728489,2.011607376550428
U01445,12,9,1.3333333333333333,299,1.2040133779264215,Web Development,Beginner,2.795833333333333,132.02666666666667,0.5,26,0.4166666666666667,0.3333333333333333,0.25,0.08333333333333333,0.08333333333333333,0.08333333333333333,0.08333333333333333,0.0,0.08333333333333333,0.0,0.08333333333333333,0.16666666666666666,0.0,0.08333333333333333,0.25,29,Male,2,Power Learners,3.5280767941174074,-0.38909033558145595
U01446,1,1,1.0,0,1.0,Web Development,Beginner,3.32,0.0,0.0,75,1.0,0.0,0.0,0.0,0.0,0.0,0.0,0.0,0.0,0.0,0.0,0.0,0.0,0.0,1.0,32,Female,4,Beginner Explorers,-1.259996259823406,-0.0468733708131418
U01447,1,1,1.0,0,1.0,Business,Advanced,3.15,0.0,0.0,257,0.0,0.0,1.0,0.0,1.0,0.0,0.0,0.0,0.0,0.0,0.0,0.0,0.0,0.0,0.0,17,Female,1,Advanced Single-Shot Learners,-1.8490701591006828,-0.13804920292903988
U01448,1,1,1.0,0,1.0,Data Science,Intermediate,3.6,0.0,0.0,280,0.0,1.0,0.0,0.0,0.0,0.0,1.0,0.0,0.0,0.0,0.0,0.0,0.0,0.0,0.0,25,Female,3,Intermediate Value Seekers,-2.1408834706163122,-0.5120303616990545
U01449,2,2,1.0,165,0.36363636363636365,Web Development/Digital Marketing,Beginner/Intermediate,3.99,0.0,0.0,156,0.5,0.5,0.0,0.0,0.0,0.0,0.0,0.0,0.5,0.0,0.0,0.0,0.0,0.0,0.5,34,Male,4,Beginner Explorers,-0.1611080626361743,-1.0232700361104234
U01450,11,8,1.375,287,1.1498257839721255,Machine Learning/Design/Artificial Intelligence,Intermediate,3.4645454545454544,94.51181818181817,0.45454545454545453,31,0.18181818181818182,0.45454545454545453,0.36363636363636365,0.18181818181818182,0.09090909090909091,0.09090909090909091,0.0,0.18181818181818182,0.09090909090909091,0.0,0.18181818181818182,0.09090909090909091,0.0,0.09090909090909091,0.0,16,Female,2,Power Learners,3.2703503933124174,-0.7027835059052101
U01451,11,7,1.5714285714285714,340,0.9705882352941176,Artificial Intelligence,Beginner,3.328181818181818,82.40090909090908,0.18181818181818182,24,0.5454545454545454,0.2727272727272727,0.18181818181818182,0.2727272727272727,0.09090909090909091,0.0,0.09090909090909091,0.0,0.0,0.18181818181818182,0.18181818181818182,0.09090909090909091,0.0,0.0,0.09090909090909091,17,Male,2,Power Learners,3.142680018487958,-0.5452890707805939
U01452,2,2,1.0,163,0.36809815950920244,Web Development/Data Science,Advanced,1.935,77.785,1.0,33,0.0,0.0,1.0,0.0,0.0,0.0,0.5,0.0,0.0,0.0,0.0,0.0,0.0,0.0,0.5,23,Male,1,Advanced Single-Shot Learners,1.2740661011981482,0.9529135221461887
U01453,2,2,1.0,11,2.0,Cybersecurity/Digital Marketing,Beginner/Intermediate,3.1750000000000003,0.0,0.0,115,0.5,0.5,0.0,0.0,0.0,0.5,0.0,0.0,0.5,0.0,0.0,0.0,0.0,0.0,0.0,17,Male,3,Intermediate Value Seekers,-0.32838568961639625,-1.127963213626345
U01454,2,2,1.0,213,0.28169014084507044,Design/Cybersecurity,Intermediate/Advanced,2.26,0.0,0.0,5,0.0,0.5,0.5,0.0,0.0,0.5,0.0,0.5,0.0,0.0,0.0,0.0,0.0,0.0,0.0,18,Female,1,Advanced Single-Shot Learners,0.2620468289697931,-2.102578918975266
U01455,14,11,1.2727272727272727,315,1.3333333333333333,Digital Marketing/Artificial Intelligence/Web Development,Intermediate/Advanced,3.0978571428571438,71.06285714285714,0.35714285714285715,7,0.2857142857142857,0.35714285714285715,0.35714285714285715,0.14285714285714285,0.0,0.07142857142857142,0.07142857142857142,0.07142857142857142,0.14285714285714285,0.07142857142857142,0.07142857142857142,0.07142857142857142,0.07142857142857142,0.07142857142857142,0.14285714285714285,22,Female,2,Power Learners,3.7711097803686875,-0.8626820317125142
U01456,1,1,1.0,0,1.0,Finance,Beginner,4.14,0.0,0.0,88,1.0,0.0,0.0,0.0,0.0,0.0,0.0,0.0,0.0,1.0,0.0,0.0,0.0,0.0,0.0,30,Male,4,Beginner Explorers,-1.4517951591304303,-0.3494340085817681
U01457,1,1,1.0,0,1.0,Cybersecurity,Intermediate,1.35,394.26,1.0,216,0.0,1.0,0.0,0.0,0.0,1.0,0.0,0.0,0.0,0.0,0.0,0.0,0.0,0.0,0.0,27,Male,3,Intermediate Value Seekers,-0.8734217764130128,1.3762186133617929
U01458,1,1,1.0,0,1.0,Business,Advanced,2.0,0.0,0.0,261,0.0,0.0,1.0,0.0,1.0,0.0,0.0,0.0,0.0,0.0,0.0,0.0,0.0,0.0,0.0,24,Male,1,Advanced Single-Shot Learners,-1.8605752435577667,-0.0046605015539960964
U01459,1,1,1.0,0,1.0,Programming,Beginner,1.28,0.0,0.0,324,1.0,0.0,0.0,0.0,0.0,0.0,0.0,0.0,0.0,0.0,0.0,0.0,1.0,0.0,0.0,17,Female,4,Beginner Explorers,-2.035178792742176,0.6391635084396551
U01460,13,10,1.3,315,1.2380952380952381,Project Management/Data Science/Cybersecurity,Beginner/Advanced,3.0584615384615383,125.74,0.38461538461538464,39,0.38461538461538464,0.23076923076923078,0.38461538461538464,0.07692307692307693,0.07692307692307693,0.15384615384615385,0.15384615384615385,0.0,0.07692307692307693,0.07692307692307693,0.07692307692307693,0.07692307692307693,0.0,0.15384615384615385,0.07692307692307693,32,Female,2,Power Learners,3.5956192943991248,-0.5418342477695759
U01461,1,1,1.0,0,1.0,Project Management,Beginner,1.51,327.99,1.0,76,1.0,0.0,0.0,0.0,0.0,0.0,0.0,0.0,0.0,0.0,0.0,0.0,0.0,1.0,0.0,16,Male,4,Beginner Explorers,-0.007384712806380825,3.448781167019067
U01462,1,1,1.0,0,1.0,Digital Marketing,Advanced,3.15,212.39,1.0,199,0.0,0.0,1.0,0.0,0.0,0.0,0.0,0.0,1.0,0.0,0.0,0.0,0.0,0.0,0.0,27,Male,1,Advanced Single-Shot Learners,-0.6961060524832966,1.6020661515970018
U01463,13,7,1.8571428571428572,253,1.541501976284585,Finance,Beginner,3.256153846153846,93.78615384615384,0.3076923076923077,108,0.5384615384615384,0.38461538461538464,0.07692307692307693,0.07692307692307693,0.0,0.07692307692307693,0.0,0.0,0.15384615384615385,0.23076923076923078,0.15384615384615385,0.0,0.15384615384615385,0.0,0.15384615384615385,30,Female,2,Power Learners,2.9951680276688375,-0.49879593402447386
U01464,1,1,1.0,0,1.0,Design,Beginner,4.51,0.0,0.0,132,1.0,0.0,0.0,0.0,0.0,0.0,0.0,1.0,0.0,0.0,0.0,0.0,0.0,0.0,0.0,33,Male,4,Beginner Explorers,-1.6634038235008046,-0.8043319445641847
U01465,2,2,1.0,5,2.0,Machine Learning/Cybersecurity,Intermediate,3.04,197.13,0.5,333,0.0,1.0,0.0,0.0,0.0,0.5,0.0,0.0,0.0,0.0,0.5,0.0,0.0,0.0,0.0,33,Male,3,Intermediate Value Seekers,-0.4540279879041574,0.11074660194095493
U01466,2,2,1.0,136,0.4411764705882353,Business/Design,Advanced,3.8,0.0,0.0,47,0.0,0.0,1.0,0.0,0.5,0.0,0.0,0.5,0.0,0.0,0.0,0.0,0.0,0.0,0.0,22,Male,1,Advanced Single-Shot Learners,0.1727761742352778,-1.6231171973593346
U01467,1,1,1.0,0,1.0,Business,Advanced,3.64,487.92,1.0,109,0.0,0.0,1.0,0.0,1.0,0.0,0.0,0.0,0.0,0.0,0.0,0.0,0.0,0.0,0.0,19,Female,1,Advanced Single-Shot Learners,-0.16786118132268904,2.1374459452538543
U01468,2,2,1.0,251,0.2390438247011952,Cybersecurity/Data Science,Beginner/Advanced,3.06,149.785,0.5,99,0.5,0.0,0.5,0.0,0.0,0.5,0.5,0.0,0.0,0.0,0.0,0.0,0.0,0.0,0.0,28,Female,2,Power Learners,0.9288519333827379,0.40366601089900045
U01469,2,2,1.0,298,0.20134228187919462,Marketing/Cybersecurity,Advanced,3.585,0.0,0.0,62,0.0,0.0,1.0,0.0,0.0,0.5,0.0,0.0,0.0,0.0,0.0,0.5,0.0,0.0,0.0,29,Female,1,Advanced Single-Shot Learners,0.11019548933355729,-2.5498028873148995
U01470,2,2,1.0,90,0.6666666666666666,Cybersecurity/Artificial Intelligence,Intermediate,3.52,207.755,0.5,189,0.0,1.0,0.0,0.5,0.0,0.5,0.0,0.0,0.0,0.0,0.0,0.0,0.0,0.0,0.0,28,Male,0,Premium Explorers,0.565995732547692,0.7148220919938013
U01471,1,1,1.0,0,1.0,Artificial Intelligence,Beginner,3.64,0.0,0.0,352,1.0,0.0,0.0,1.0,0.0,0.0,0.0,0.0,0.0,0.0,0.0,0.0,0.0,0.0,0.0,19,Female,0,Premium Explorers,-1.8875142873932567,1.5772412776736793
U01472,12,8,1.5,347,1.037463976945245,Cybersecurity,Advanced,3.0775,90.51333333333334,0.3333333333333333,14,0.3333333333333333,0.25,0.4166666666666667,0.08333333333333333,0.16666666666666666,0.25,0.0,0.08333333333333333,0.0,0.0,0.0,0.16666666666666666,0.08333333333333333,0.08333333333333333,0.08333333333333333,27,Female,2,Power Learners,3.357071819199878,-0.8560937157505569
U01473,15,9,1.6666666666666667,313,1.4376996805111821,Digital Marketing/Artificial Intelligence/Business/Data Science/Finance/Programming,Beginner,2.8900000000000006,158.78200000000004,0.6,47,0.4666666666666667,0.2,0.3333333333333333,0.13333333333333333,0.13333333333333333,0.06666666666666667,0.13333333333333333,0.06666666666666667,0.13333333333333333,0.13333333333333333,0.0,0.0,0.13333333333333333,0.06666666666666667,0.0,17,Female,2,Power Learners,3.7909885315595506,0.11783897438426733
U01474,2,1,2.0,43,1.3953488372093024,Web Development,Beginner/Advanced,2.435,0.0,0.0,238,0.5,0.0,0.5,0.0,0.0,0.0,0.0,0.0,0.0,0.0,0.0,0.0,0.0,0.0,1.0,20,Male,1,Advanced Single-Shot Learners,-0.7793491512342701,-0.46079373550766667
U01475,15,9,1.6666666666666667,351,1.2820512820512822,Artificial Intelligence,Advanced,2.8880000000000003,86.36133333333333,0.4,9,0.3333333333333333,0.2,0.4666666666666667,0.2,0.13333333333333333,0.0,0.06666666666666667,0.06666666666666667,0.13333333333333333,0.13333333333333333,0.0,0.06666666666666667,0.0,0.06666666666666667,0.13333333333333333,20,Male,2,Power Learners,3.7544239537732693,-0.4305268520299371
U01476,1,1,1.0,0,1.0,Business,Intermediate,2.69,326.02,1.0,272,0.0,1.0,0.0,0.0,1.0,0.0,0.0,0.0,0.0,0.0,0.0,0.0,0.0,0.0,0.0,35,Female,1,Advanced Single-Shot Learners,-0.8402576514471206,2.356492545111591
U01477,1,1,1.0,0,1.0,Digital Marketing,Beginner,2.14,0.0,0.0,42,1.0,0.0,0.0,0.0,0.0,0.0,0.0,0.0,1.0,0.0,0.0,0.0,0.0,0.0,0.0,17,Female,4,Beginner Explorers,-1.1325527520355994,-0.022590299575610817
U01478,1,1,1.0,0,1.0,Programming,Intermediate,2.43,0.0,0.0,265,0.0,1.0,0.0,0.0,0.0,0.0,0.0,0.0,0.0,0.0,0.0,0.0,1.0,0.0,0.0,35,Female,3,Intermediate Value Seekers,-2.0450422516650812,-0.4827870010900893
U01479,1,1,1.0,0,1.0,Finance,Beginner,4.14,0.0,0.0,39,1.0,0.0,0.0,0.0,0.0,0.0,0.0,0.0,0.0,1.0,0.0,0.0,0.0,0.0,0.0,25,Female,4,Beginner Explorers,-1.2619748508012187,-0.4201577068962855
U01480,1,1,1.0,0,1.0,Machine Learning,Advanced,3.89,0.78,1.0,339,0.0,0.0,1.0,0.0,0.0,0.0,0.0,0.0,0.0,0.0,1.0,0.0,0.0,0.0,0.0,20,Female,1,Advanced Single-Shot Learners,-1.9377597455587803,0.17152260374030157
U01481,1,1,1.0,0,1.0,Machine Learning,Intermediate,1.73,0.0,0.0,10,0.0,1.0,0.0,0.0,0.0,0.0,0.0,0.0,0.0,0.0,1.0,0.0,0.0,0.0,0.0,20,Male,3,Intermediate Value Seekers,-1.3369264286036744,-1.5593236816318397
U01482,2,2,1.0,67,0.8955223880597015,Artificial Intelligence/Web Development,Beginner,3.375,245.45,0.5,232,1.0,0.0,0.0,0.5,0.0,0.0,0.0,0.0,0.0,0.0,0.0,0.0,0.0,0.0,0.5,17,Male,0,Premium Explorers,0.6972973988496937,2.0557040489398974
U01483,1,1,1.0,0,1.0,Design,Beginner,4.51,0.0,0.0,296,1.0,0.0,0.0,0.0,0.0,0.0,0.0,1.0,0.0,0.0,0.0,0.0,0.0,0.0,0.0,18,Male,4,Beginner Explorers,-2.1910521814776405,-0.5481751588078985
U01484,1,1,1.0,0,1.0,Programming,Beginner,1.28,0.0,0.0,172,1.0,0.0,0.0,0.0,0.0,0.0,0.0,0.0,0.0,0.0,0.0,0.0,1.0,0.0,0.0,17,Male,4,Beginner Explorers,-1.5481178999002778,0.43691622792505663
U01485,1,1,1.0,0,1.0,Finance,Beginner,4.14,0.0,0.0,219,1.0,0.0,0.0,0.0,0.0,0.0,0.0,0.0,0.0,1.0,0.0,0.0,0.0,0.0,0.0,16,Male,4,Beginner Explorers,-1.8706646444587245,-0.14128420524510077
U01486,1,1,1.0,0,1.0,Finance,Advanced,1.59,0.0,0.0,161,0.0,0.0,1.0,0.0,0.0,0.0,0.0,0.0,0.0,1.0,0.0,0.0,0.0,0.0,0.0,17,Male,1,Advanced Single-Shot Learners,-1.6829279152816687,-0.8020043975039284
U01487,2,2,1.0,274,0.21897810218978103,Design/Digital Marketing,Intermediate/Advanced,3.09,0.0,0.0,37,0.0,0.5,0.5,0.0,0.0,0.0,0.0,0.5,0.5,0.0,0.0,0.0,0.0,0.0,0.0,17,Female,1,Advanced Single-Shot Learners,0.25669797577016895,-1.8889937313595642
U01488,12,7,1.7142857142857142,341,1.0557184750733137,Programming/Web Development/Finance/Machine Learning/Data Science,Intermediate,2.9324999999999997,49.98,0.25,11,0.3333333333333333,0.4166666666666667,0.25,0.08333333333333333,0.0,0.0,0.16666666666666666,0.0,0.0,0.16666666666666666,0.16666666666666666,0.08333333333333333,0.16666666666666666,0.0,0.16666666666666666,27,Male,2,Power Learners,3.1262719717745204,-0.9664131514245327
U01489,1,1,1.0,0,1.0,Business,Advanced,3.64,487.92,1.0,204,0.0,0.0,1.0,0.0,1.0,0.0,0.0,0.0,0.0,0.0,0.0,0.0,0.0,0.0,0.0,27,Male,1,Advanced Single-Shot Learners,-0.514985464165301,2.2673887350648307
U01490,1,1,1.0,0,1.0,Cybersecurity,Intermediate,1.91,0.0,0.0,74,0.0,1.0,0.0,0.0,0.0,1.0,0.0,0.0,0.0,0.0,0.0,0.0,0.0,0.0,0.0,19,Female,3,Intermediate Value Seekers,-1.5594466976713672,-1.3849543431560822
U01491,3,2,1.5,160,0.5625,Digital Marketing,Intermediate,4.6066666666666665,0.0,0.0,129,0.3333333333333333,0.6666666666666666,0.0,0.0,0.0,0.0,0.0,0.0,0.6666666666666666,0.0,0.0,0.3333333333333333,0.0,0.0,0.0,17,Female,3,Intermediate Value Seekers,0.10126706352903496,-1.8103570235014441
U01492,4,4,1.0,229,0.5240174672489083,Finance/Artificial Intelligence/Project Management/Digital Marketing,Beginner,3.645,209.40249999999997,0.5,104,0.5,0.25,0.25,0.25,0.0,0.0,0.0,0.0,0.25,0.25,0.0,0.0,0.0,0.25,0.0,23,Female,2,Power Learners,1.9609032006033265,0.8085118916809441
U01493,1,1,1.0,0,1.0,Artificial Intelligence,Intermediate,3.11,415.51,1.0,316,0.0,1.0,0.0,1.0,0.0,0.0,0.0,0.0,0.0,0.0,0.0,0.0,0.0,0.0,0.0,18,Female,0,Premium Explorers,-0.722667402627259,3.2216764955305703
U01494,1,1,1.0,0,1.0,Cybersecurity,Advanced,2.38,0.0,0.0,223,0.0,0.0,1.0,0.0,0.0,1.0,0.0,0.0,0.0,0.0,0.0,0.0,0.0,0.0,0.0,32,Male,1,Advanced Single-Shot Learners,-2.025843635264268,-1.2266959829060424
U01495,1,1,1.0,0,1.0,Project Management,Intermediate,3.45,0.0,0.0,190,0.0,1.0,0.0,0.0,0.0,0.0,0.0,0.0,0.0,0.0,0.0,0.0,0.0,1.0,0.0,31,Female,3,Intermediate Value Seekers,-1.7420889514478974,0.0063092916015033106
U01496,13,9,1.4444444444444444,271,1.4391143911439115,Design/Business/Finance/Machine Learning,Advanced,3.2684615384615388,129.46692307692308,0.46153846153846156,44,0.07692307692307693,0.3076923076923077,0.6153846153846154,0.07692307692307693,0.15384615384615385,0.07692307692307693,0.0,0.15384615384615385,0.0,0.15384615384615385,0.15384615384615385,0.07692307692307693,0.0,0.07692307692307693,0.07692307692307693,22,Female,2,Power Learners,3.485242552926902,-0.8347778019976598
U01497,13,9,1.4444444444444444,293,1.3310580204778155,Digital Marketing,Beginner,3.14,64.43153846153845,0.15384615384615385,26,0.46153846153846156,0.23076923076923078,0.3076923076923077,0.07692307692307693,0.0,0.07692307692307693,0.07692307692307693,0.07692307692307693,0.23076923076923078,0.07692307692307693,0.0,0.0,0.15384615384615385,0.07692307692307693,0.15384615384615385,35,Female,2,Power Learners,3.3930064658295365,-0.8693510074771421
U01498,1,1,1.0,0,1.0,Business,Advanced,2.0,0.0,0.0,317,0.0,0.0,1.0,0.0,1.0,0.0,0.0,0.0,0.0,0.0,0.0,0.0,0.0,0.0,0.0,15,Male,1,Advanced Single-Shot Learners,-2.0357410782041256,0.089603379256842
U01499,1,1,1.0,0,1.0,Machine Learning,Advanced,1.81,0.0,0.0,265,0.0,0.0,1.0,0.0,0.0,0.0,0.0,0.0,0.0,0.0,1.0,0.0,0.0,0.0,0.0,30,Female,1,Advanced Single-Shot Learners,-2.102706530125614,-1.2250108356997575
U01500,13,9,1.4444444444444444,332,1.1746987951807228,Digital Marketing/Marketing/Artificial Intelligence/Business,Advanced,3.012307692307692,77.09769230769231,0.3076923076923077,31,0.38461538461538464,0.15384615384615385,0.46153846153846156,0.15384615384615385,0.15384615384615385,0.07692307692307693,0.07692307692307693,0.07692307692307693,0.15384615384615385,0.07692307692307693,0.0,0.15384615384615385,0.07692307692307693,0.0,0.0,15,Male,2,Power Learners,3.4753316406810826,-0.7325067344962397
U01501,1,1,1.0,0,1.0,Finance,Intermediate,2.75,119.04,1.0,308,0.0,1.0,0.0,0.0,0.0,0.0,0.0,0.0,0.0,1.0,0.0,0.0,0.0,0.0,0.0,23,Male,3,Intermediate Value Seekers,-1.2759107866223445,1.532257801036988
U01502,1,1,1.0,0,1.0,Web Development,Advanced,4.74,57.32,1.0,20,0.0,0.0,1.0,0.0,0.0,0.0,0.0,0.0,0.0,0.0,0.0,0.0,0.0,0.0,1.0,28,Female,1,Advanced Single-Shot Learners,-0.2623585002965723,1.0097877204836074
U01503,1,1,1.0,0,1.0,Design,Advanced,2.72,276.37,1.0,199,0.0,0.0,1.0,0.0,0.0,0.0,0.0,1.0,0.0,0.0,0.0,0.0,0.0,0.0,0.0,30,Female,1,Advanced Single-Shot Learners,-0.7601689352996486,1.0582418680017227
U01504,1,1,1.0,0,1.0,Programming,Beginner,4.74,472.28,1.0,104,1.0,0.0,0.0,0.0,0.0,0.0,0.0,0.0,0.0,0.0,0.0,0.0,1.0,0.0,0.0,31,Male,4,Beginner Explorers,-0.23312184986613527,2.4637508771557703
U01505,3,3,1.0,106,0.8490566037735849,Cybersecurity/Data Science/Finance,Beginner,4.2299999999999995,0.0,0.0,53,0.6666666666666666,0.3333333333333333,0.0,0.0,0.0,0.3333333333333333,0.3333333333333333,0.0,0.0,0.3333333333333333,0.0,0.0,0.0,0.0,0.0,35,Male,4,Beginner Explorers,0.5556830005234097,-1.385012780660734
U01506,15,9,1.6666666666666667,338,1.331360946745562,Artificial Intelligence/Business/Marketing/Design/Data Science/Finance,Advanced,3.2320000000000007,77.37066666666666,0.3333333333333333,15,0.26666666666666666,0.26666666666666666,0.4666666666666667,0.13333333333333333,0.13333333333333333,0.0,0.13333333333333333,0.13333333333333333,0.06666666666666667,0.13333333333333333,0.06666666666666667,0.13333333333333333,0.0,0.06666666666666667,0.0,34,Male,2,Power Learners,3.6039115467841922,-0.9144832835424876
U01507,3,3,1.0,142,0.6338028169014085,Finance/Business/Data Science,Beginner,2.736666666666667,117.81,0.6666666666666666,208,0.6666666666666666,0.0,0.3333333333333333,0.0,0.3333333333333333,0.0,0.3333333333333333,0.0,0.0,0.3333333333333333,0.0,0.0,0.0,0.0,0.0,18,Female,2,Power Learners,1.148614067277468,1.1918521751781752
U01508,1,1,1.0,0,1.0,Cybersecurity,Beginner,4.94,0.0,0.0,129,1.0,0.0,0.0,0.0,0.0,1.0,0.0,0.0,0.0,0.0,0.0,0.0,0.0,0.0,0.0,34,Male,4,Beginner Explorers,-1.710732614609475,-0.7854083388503142
U01509,1,1,1.0,0,1.0,Web Development,Advanced,4.74,57.32,1.0,95,0.0,0.0,1.0,0.0,0.0,0.0,0.0,0.0,0.0,0.0,0.0,0.0,0.0,0.0,1.0,15,Female,1,Advanced Single-Shot Learners,-0.4957337086552372,1.137692466287744
U01510,2,2,1.0,33,1.8181818181818181,Data Science/Machine Learning,Beginner/Intermediate,2.075,0.0,0.0,245,0.5,0.5,0.0,0.0,0.0,0.0,0.5,0.0,0.0,0.0,0.5,0.0,0.0,0.0,0.0,16,Female,3,Intermediate Value Seekers,-0.5409383359855836,-0.8355841180980936
U01511,13,6,2.1666666666666665,313,1.2460063897763578,Design/Finance/Project Management,Beginner,3.202307692307692,73.68384615384615,0.3076923076923077,28,0.46153846153846156,0.23076923076923078,0.3076923076923077,0.0,0.15384615384615385,0.0,0.0,0.23076923076923078,0.07692307692307693,0.23076923076923078,0.0,0.0,0.07692307692307693,0.23076923076923078,0.0,15,Male,2,Power Learners,3.125149782708812,-0.487712718889985
U01512,12,8,1.5,335,1.0746268656716418,Cybersecurity/Design/Machine Learning/Marketing,Advanced,2.6366666666666663,133.155,0.4166666666666667,28,0.25,0.3333333333333333,0.4166666666666667,0.0,0.08333333333333333,0.16666666666666666,0.08333333333333333,0.16666666666666666,0.08333333333333333,0.0,0.16666666666666666,0.16666666666666666,0.0,0.08333333333333333,0.0,19,Male,2,Power Learners,3.3204108262510723,-0.9233765864014511
U01513,1,1,1.0,0,1.0,Finance,Intermediate,4.1,0.0,0.0,209,0.0,1.0,0.0,0.0,0.0,0.0,0.0,0.0,0.0,1.0,0.0,0.0,0.0,0.0,0.0,23,Male,3,Intermediate Value Seekers,-1.997890309588281,-1.0415380619937338
U01514,1,1,1.0,0,1.0,Artificial Intelligence,Beginner,3.64,0.0,0.0,321,1.0,0.0,0.0,1.0,0.0,0.0,0.0,0.0,0.0,0.0,0.0,0.0,0.0,0.0,0.0,25,Male,0,Premium Explorers,-1.8117894620699648,1.5340801879030617
U01515,1,1,1.0,0,1.0,Design,Advanced,1.52,0.0,0.0,86,0.0,0.0,1.0,0.0,0.0,0.0,0.0,1.0,0.0,0.0,0.0,0.0,0.0,0.0,0.0,35,Female,1,Advanced Single-Shot Learners,-1.4852706071138515,-1.4113390145897162
U01516,1,1,1.0,0,1.0,Design,Advanced,2.61,0.0,0.0,293,0.0,0.0,1.0,0.0,0.0,0.0,0.0,1.0,0.0,0.0,0.0,0.0,0.0,0.0,0.0,19,Male,1,Advanced Single-Shot Learners,-2.2041751459485424,-1.204855373521113
U01517,14,10,1.4,351,1.1965811965811965,Business/Artificial Intelligence/Cybersecurity/Design,Beginner/Advanced,2.8249999999999997,84.61928571428572,0.2857142857142857,10,0.42857142857142855,0.14285714285714285,0.42857142857142855,0.14285714285714285,0.14285714285714285,0.14285714285714285,0.07142857142857142,0.14285714285714285,0.07142857142857142,0.07142857142857142,0.07142857142857142,0.0,0.0,0.07142857142857142,0.07142857142857142,26,Male,2,Power Learners,3.6872451185465183,-0.6736142857916442
U01518,1,1,1.0,0,1.0,Artificial Intelligence,Beginner,4.55,490.9,1.0,325,1.0,0.0,0.0,1.0,0.0,0.0,0.0,0.0,0.0,0.0,0.0,0.0,0.0,0.0,0.0,21,Male,0,Premium Explorers,-0.6402621720126384,3.9870560673025
U01519,2,2,1.0,33,1.8181818181818181,Design/Marketing,Intermediate/Advanced,2.8150000000000004,0.0,0.0,256,0.0,0.5,0.5,0.0,0.0,0.0,0.0,0.5,0.0,0.0,0.0,0.5,0.0,0.0,0.0,16,Male,1,Advanced Single-Shot Learners,-0.7027580634082726,-2.0788232870835603
U01520,1,1,1.0,0,1.0,Digital Marketing,Intermediate,4.66,0.0,0.0,321,0.0,1.0,0.0,0.0,0.0,0.0,0.0,0.0,1.0,0.0,0.0,0.0,0.0,0.0,0.0,26,Female,3,Intermediate Value Seekers,-2.2948741421472385,-0.8089792760603276
U01521,1,1,1.0,0,1.0,Project Management,Beginner,1.51,327.99,1.0,34,1.0,0.0,0.0,0.0,0.0,0.0,0.0,0.0,0.0,0.0,0.0,0.0,0.0,1.0,0.0,34,Female,4,Beginner Explorers,0.12939315731092266,3.347564939857259
U01522,14,8,1.75,345,1.2173913043478262,Digital Marketing/Machine Learning,Advanced,2.8892857142857147,32.94785714285714,0.21428571428571427,13,0.35714285714285715,0.21428571428571427,0.42857142857142855,0.07142857142857142,0.14285714285714285,0.14285714285714285,0.07142857142857142,0.0,0.21428571428571427,0.0,0.21428571428571427,0.0,0.07142857142857142,0.0,0.07142857142857142,31,Female,2,Power Learners,3.3206397447384854,-1.1081820506383364
U01523,1,1,1.0,0,1.0,Machine Learning,Intermediate,1.73,0.0,0.0,271,0.0,1.0,0.0,0.0,0.0,0.0,0.0,0.0,0.0,0.0,1.0,0.0,0.0,0.0,0.0,16,Male,3,Intermediate Value Seekers,-2.2023152738682885,-1.1864822002331181
U01524,1,1,1.0,0,1.0,Digital Marketing,Beginner,4.44,0.0,0.0,240,1.0,0.0,0.0,0.0,0.0,0.0,0.0,0.0,1.0,0.0,0.0,0.0,0.0,0.0,0.0,30,Female,4,Beginner Explorers,-1.8713599947897346,-0.026331517676348545
U01525,2,2,1.0,117,0.5128205128205129,Machine Learning/Project Management,Advanced,2.56,173.74499999999998,1.0,114,0.0,0.0,1.0,0.0,0.0,0.0,0.0,0.0,0.0,0.0,0.5,0.0,0.0,0.5,0.0,32,Female,1,Advanced Single-Shot Learners,1.0238441450875766,1.0779534517152438
U01526,12,9,1.3333333333333333,310,1.161290322580645,Project Management,Beginner,3.3149999999999995,147.0975,0.4166666666666667,44,0.4166666666666667,0.3333333333333333,0.25,0.08333333333333333,0.08333333333333333,0.08333333333333333,0.0,0.0,0.08333333333333333,0.08333333333333333,0.08333333333333333,0.16666666666666666,0.0,0.25,0.08333333333333333,20,Male,2,Power Learners,3.4531821437654453,-0.4072987101323316
U01527,1,1,1.0,0,1.0,Web Development,Advanced,1.3,37.89,1.0,50,0.0,0.0,1.0,0.0,0.0,0.0,0.0,0.0,0.0,0.0,0.0,0.0,0.0,0.0,1.0,29,Female,1,Advanced Single-Shot Learners,-0.325599341252029,1.3621935650273909
U01528,14,10,1.4,292,1.4383561643835618,Machine Learning/Design/Business/Data Science,Beginner,3.25,156.75857142857143,0.5714285714285714,50,0.5,0.2857142857142857,0.21428571428571427,0.07142857142857142,0.14285714285714285,0.0,0.14285714285714285,0.14285714285714285,0.0,0.07142857142857142,0.14285714285714285,0.07142857142857142,0.07142857142857142,0.07142857142857142,0.07142857142857142,16,Male,2,Power Learners,3.7215507356286266,-0.1949319895411214
U01529,3,3,1.0,180,0.5,Machine Learning/Cybersecurity/Finance,Beginner/Intermediate/Advanced,3.6166666666666667,0.0,0.0,56,0.3333333333333333,0.3333333333333333,0.3333333333333333,0.0,0.0,0.3333333333333333,0.0,0.0,0.0,0.3333333333333333,0.3333333333333333,0.0,0.0,0.0,0.0,19,Female,2,Power Learners,0.5800660029147353,-1.912294099403579
U01530,15,8,1.875,286,1.5734265734265735,Machine Learning,Advanced,2.9426666666666663,36.274,0.3333333333333333,58,0.2,0.26666666666666666,0.5333333333333333,0.0,0.13333333333333333,0.13333333333333333,0.06666666666666667,0.0,0.06666666666666667,0.13333333333333333,0.26666666666666666,0.06666666666666667,0.0,0.0,0.13333333333333333,16,Male,2,Power Learners,3.226501736573502,-1.2200394944935786
U01531,14,8,1.75,345,1.2173913043478262,Design/Marketing,Beginner/Intermediate,3.4464285714285716,44.505714285714284,0.14285714285714285,10,0.35714285714285715,0.35714285714285715,0.2857142857142857,0.07142857142857142,0.0,0.0,0.14285714285714285,0.21428571428571427,0.0,0.07142857142857142,0.07142857142857142,0.21428571428571427,0.0,0.14285714285714285,0.07142857142857142,30,Female,2,Power Learners,3.2992058008968623,-1.4256719607151562
U01532,1,1,1.0,0,1.0,Data Science,Intermediate,3.02,0.0,0.0,339,0.0,1.0,0.0,0.0,0.0,0.0,1.0,0.0,0.0,0.0,0.0,0.0,0.0,0.0,0.0,28,Female,3,Intermediate Value Seekers,-2.3260134151024285,-0.3694057163331957
U01533,3,3,1.0,266,0.3383458646616541,Design/Finance/Web Development,Beginner,3.9066666666666667,37.06,0.6666666666666666,44,0.6666666666666666,0.0,0.3333333333333333,0.0,0.0,0.0,0.0,0.3333333333333333,0.0,0.3333333333333333,0.0,0.0,0.0,0.0,0.3333333333333333,16,Female,2,Power Learners,1.526453337447245,0.1444447697839428
U01534,1,1,1.0,0,1.0,Cybersecurity,Beginner,4.94,0.0,0.0,287,1.0,0.0,0.0,0.0,0.0,1.0,0.0,0.0,0.0,0.0,0.0,0.0,0.0,0.0,0.0,28,Male,4,Beginner Explorers,-2.229987756029272,-0.5534326619202745
U01535,4,3,1.3333333333333333,173,0.6936416184971098,Artificial Intelligence,Intermediate,3.1025,236.075,0.75,154,0.25,0.5,0.25,0.5,0.0,0.0,0.0,0.0,0.0,0.0,0.0,0.0,0.0,0.25,0.25,20,Male,0,Premium Explorers,1.744251426228576,1.5872821284166425
U01536,12,8,1.5,300,1.2,Business/Digital Marketing/Project Management/Artificial Intelligence,Advanced,3.2183333333333333,146.51500000000001,0.4166666666666667,20,0.25,0.3333333333333333,0.4166666666666667,0.16666666666666666,0.16666666666666666,0.08333333333333333,0.0,0.0,0.16666666666666666,0.08333333333333333,0.0,0.08333333333333333,0.08333333333333333,0.16666666666666666,0.0,33,Female,2,Power Learners,3.4797644567842108,-0.31749955981915656
U01537,3,3,1.0,215,0.41860465116279066,Artificial Intelligence/Programming/Data Science,Intermediate,3.623333333333333,295.93,0.6666666666666666,20,0.3333333333333333,0.6666666666666666,0.0,0.3333333333333333,0.0,0.0,0.3333333333333333,0.0,0.0,0.0,0.0,0.0,0.3333333333333333,0.0,0.0,27,Female,2,Power Learners,1.9333685865329338,1.0266132003248114
U01538,1,1,1.0,0,1.0,Artificial Intelligence,Intermediate,3.11,415.51,1.0,21,0.0,1.0,0.0,1.0,0.0,0.0,0.0,0.0,0.0,0.0,0.0,0.0,0.0,0.0,0.0,27,Female,0,Premium Explorers,0.2496715464860481,2.792416964633385
U01539,1,1,1.0,0,1.0,Machine Learning,Intermediate,4.73,0.0,0.0,302,0.0,1.0,0.0,0.0,0.0,0.0,0.0,0.0,0.0,0.0,1.0,0.0,0.0,0.0,0.0,24,Female,3,Intermediate Value Seekers,-2.376467859794409,-1.5050128433723267
U01540,1,1,1.0,0,1.0,Cybersecurity,Beginner,4.94,0.0,0.0,24,1.0,0.0,0.0,0.0,0.0,1.0,0.0,0.0,0.0,0.0,0.0,0.0,0.0,0.0,0.0,30,Female,4,Beginner Explorers,-1.3354180293106346,-0.9363770946973629
U01541,4,4,1.0,297,0.40404040404040403,Machine Learning/Project Management/Data Science/Web Development,Advanced,2.02,171.0425,0.75,38,0.25,0.0,0.75,0.0,0.0,0.0,0.25,0.0,0.0,0.0,0.25,0.0,0.0,0.25,0.25,29,Female,2,Power Learners,2.223600490129541,0.5925835092490113
U01542,1,1,1.0,0,1.0,Digital Marketing,Advanced,3.89,177.34,1.0,157,0.0,0.0,1.0,0.0,0.0,0.0,0.0,0.0,1.0,0.0,0.0,0.0,0.0,0.0,0.0,18,Female,1,Advanced Single-Shot Learners,-0.5682125303664268,1.4320082680665536
U01543,16,10,1.6,301,1.5946843853820598,Finance,Intermediate,3.1418749999999998,115.51749999999998,0.4375,40,0.375,0.4375,0.1875,0.125,0.125,0.0625,0.125,0.0,0.0625,0.1875,0.0625,0.0,0.125,0.0625,0.0625,25,Female,2,Power Learners,3.807851713180227,-0.3687598694096963
U01544,1,1,1.0,0,1.0,Finance,Intermediate,2.75,119.04,1.0,169,0.0,1.0,0.0,0.0,0.0,0.0,0.0,0.0,0.0,1.0,0.0,0.0,0.0,0.0,0.0,31,Female,3,Intermediate Value Seekers,-0.8026834845076721,1.3126045253229568
U01545,1,1,1.0,0,1.0,Web Development,Beginner,2.2,0.0,0.0,23,1.0,0.0,0.0,0.0,0.0,0.0,0.0,0.0,0.0,0.0,0.0,0.0,0.0,0.0,1.0,15,Female,4,Beginner Explorers,-1.0346063487663772,0.03590316153379343
U01546,1,1,1.0,0,1.0,Artificial Intelligence,Beginner,3.64,0.0,0.0,237,1.0,0.0,0.0,1.0,0.0,0.0,0.0,0.0,0.0,0.0,0.0,0.0,0.0,0.0,0.0,34,Male,0,Premium Explorers,-1.543230961293587,1.4005699547808523
U01547,2,2,1.0,258,0.23255813953488372,Design/Machine Learning,Advanced,1.665,0.0,0.0,39,0.0,0.0,1.0,0.0,0.0,0.0,0.0,0.5,0.0,0.0,0.5,0.0,0.0,0.0,0.0,17,Male,1,Advanced Single-Shot Learners,0.2263845892551515,-2.0369840616492083
U01548,1,1,1.0,0,1.0,Programming,Beginner,2.88,0.0,0.0,140,1.0,0.0,0.0,0.0,0.0,0.0,0.0,0.0,0.0,0.0,0.0,0.0,1.0,0.0,0.0,35,Female,4,Beginner Explorers,-1.4875494795539612,0.16989853266801322
U01549,1,1,1.0,0,1.0,Digital Marketing,Beginner,2.14,0.0,0.0,210,1.0,0.0,0.0,0.0,0.0,0.0,0.0,0.0,1.0,0.0,0.0,0.0,0.0,0.0,0.0,34,Female,4,Beginner Explorers,-1.7148566887526637,0.18309781482621407
U01550,1,1,1.0,0,1.0,Machine Learning,Intermediate,1.73,0.0,0.0,147,0.0,1.0,0.0,0.0,0.0,0.0,0.0,0.0,0.0,0.0,1.0,0.0,0.0,0.0,0.0,16,Male,3,Intermediate Value Seekers,-1.7887191810067753,-1.3602874747549052
U01551,1,1,1.0,0,1.0,Marketing,Advanced,2.98,0.0,0.0,127,0.0,0.0,1.0,0.0,0.0,0.0,0.0,0.0,0.0,0.0,0.0,1.0,0.0,0.0,0.0,16,Male,1,Advanced Single-Shot Learners,-1.6594879042801864,-2.16509202746719
U01552,1,1,1.0,0,1.0,Design,Advanced,4.45,0.0,0.0,190,0.0,0.0,1.0,0.0,0.0,0.0,0.0,1.0,0.0,0.0,0.0,0.0,0.0,0.0,0.0,32,Male,1,Advanced Single-Shot Learners,-1.9266904365359503,-1.5787971975025978
U01553,15,10,1.5,344,1.3081395348837208,Data Science,Advanced,2.920666666666667,42.06666666666667,0.2,1,0.3333333333333333,0.26666666666666666,0.4,0.06666666666666667,0.13333333333333333,0.0,0.2,0.06666666666666667,0.06666666666666667,0.06666666666666667,0.13333333333333333,0.06666666666666667,0.13333333333333333,0.06666666666666667,0.0,27,Male,2,Power Learners,3.620757758072104,-1.111717989505196
U01554,4,4,1.0,260,0.46153846153846156,Cybersecurity/Finance/Machine Learning/Project Management,Beginner/Intermediate,3.46,0.0,0.0,98,0.5,0.5,0.0,0.0,0.0,0.25,0.0,0.0,0.0,0.25,0.25,0.0,0.0,0.25,0.0,20,Male,2,Power Learners,0.9023280684656857,-1.497377108579437
U01555,1,1,1.0,0,1.0,Data Science,Beginner,3.65,0.0,0.0,274,1.0,0.0,0.0,0.0,0.0,0.0,1.0,0.0,0.0,0.0,0.0,0.0,0.0,0.0,0.0,23,Female,4,Beginner Explorers,-1.9670136874386743,0.35591138082499146
U01556,2,2,1.0,109,0.5504587155963303,Finance/Marketing,Intermediate/Advanced,4.445,0.0,0.0,221,0.0,0.5,0.5,0.0,0.0,0.0,0.0,0.0,0.0,0.5,0.0,0.5,0.0,0.0,0.0,23,Female,3,Intermediate Value Seekers,-0.560033789177491,-2.161880383715852
U01557,1,1,1.0,0,1.0,Machine Learning,Advanced,1.81,0.0,0.0,75,0.0,0.0,1.0,0.0,0.0,0.0,0.0,0.0,0.0,0.0,1.0,0.0,0.0,0.0,0.0,17,Male,1,Advanced Single-Shot Learners,-1.4721147287605185,-1.4577404350953966
U01558,1,1,1.0,0,1.0,Web Development,Advanced,4.74,57.32,1.0,56,0.0,0.0,1.0,0.0,0.0,0.0,0.0,0.0,0.0,0.0,0.0,0.0,0.0,0.0,1.0,32,Male,1,Advanced Single-Shot Learners,-0.4075268726321518,1.0640422509919194
U01559,1,1,1.0,0,1.0,Artificial Intelligence,Intermediate,2.68,89.59,1.0,249,0.0,1.0,0.0,1.0,0.0,0.0,0.0,0.0,0.0,0.0,0.0,0.0,0.0,0.0,0.0,19,Male,0,Premium Explorers,-0.7122897666019227,2.904657946616621
U01560,1,1,1.0,0,1.0,Data Science,Intermediate,3.6,0.0,0.0,14,0.0,1.0,0.0,0.0,0.0,0.0,1.0,0.0,0.0,0.0,0.0,0.0,0.0,0.0,0.0,24,Male,3,Intermediate Value Seekers,-1.272289953240356,-0.8723140094287335
U01561,1,1,1.0,0,1.0,Data Science,Intermediate,3.02,0.0,0.0,232,0.0,1.0,0.0,0.0,0.0,0.0,1.0,0.0,0.0,0.0,0.0,0.0,0.0,0.0,0.0,32,Male,3,Intermediate Value Seekers,-1.994212099702554,-0.5155879137008156
U01562,1,1,1.0,0,1.0,Digital Marketing,Beginner,2.14,0.0,0.0,154,1.0,0.0,0.0,0.0,0.0,0.0,0.0,0.0,1.0,0.0,0.0,0.0,0.0,0.0,0.0,18,Female,4,Beginner Explorers,-1.5074144718460845,0.13264275676008594
U01563,1,1,1.0,0,1.0,Finance,Intermediate,4.1,0.0,0.0,9,0.0,1.0,0.0,0.0,0.0,0.0,0.0,0.0,0.0,1.0,0.0,0.0,0.0,0.0,0.0,35,Female,3,Intermediate Value Seekers,-1.326364634566274,-1.3537017311681205
U01564,1,1,1.0,0,1.0,Project Management,Advanced,1.23,346.71,1.0,35,0.0,0.0,1.0,0.0,0.0,0.0,0.0,0.0,0.0,0.0,0.0,0.0,0.0,1.0,0.0,28,Female,1,Advanced Single-Shot Learners,0.07595354989411535,2.5368669674050395
U01565,1,1,1.0,0,1.0,Digital Marketing,Advanced,3.15,212.39,1.0,336,0.0,0.0,1.0,0.0,0.0,0.0,0.0,0.0,1.0,0.0,0.0,0.0,0.0,0.0,0.0,32,Male,1,Advanced Single-Shot Learners,-1.159518302500077,1.7853311822858404
U01566,1,1,1.0,0,1.0,Artificial Intelligence,Beginner,3.64,0.0,0.0,133,1.0,0.0,0.0,1.0,0.0,0.0,0.0,0.0,0.0,0.0,0.0,0.0,0.0,0.0,0.0,29,Male,0,Premium Explorers,-1.189888639215758,1.2635595536018438
U01567,1,1,1.0,0,1.0,Digital Marketing,Beginner,2.14,0.0,0.0,186,1.0,0.0,0.0,0.0,0.0,0.0,0.0,0.0,1.0,0.0,0.0,0.0,0.0,0.0,0.0,22,Male,4,Beginner Explorers,-1.639241034734518,0.18129066550963052
U01568,3,3,1.0,265,0.33962264150943394,Business/Finance/Artificial Intelligence,Intermediate,3.07,138.50333333333333,0.3333333333333333,91,0.0,0.6666666666666666,0.3333333333333333,0.3333333333333333,0.3333333333333333,0.0,0.0,0.0,0.0,0.3333333333333333,0.0,0.0,0.0,0.0,0.0,26,Female,2,Power Learners,1.4959463667886983,0.2839785375702542
U01569,1,1,1.0,0,1.0,Marketing,Advanced,2.01,0.0,0.0,359,0.0,0.0,1.0,0.0,0.0,0.0,0.0,0.0,0.0,0.0,0.0,1.0,0.0,0.0,0.0,35,Male,1,Advanced Single-Shot Learners,-2.431862103752067,-1.7641879946087966
U01570,2,2,1.0,189,0.31746031746031744,Business/Finance,Beginner/Intermediate,3.415,163.01,0.5,21,0.5,0.5,0.0,0.0,0.5,0.0,0.0,0.0,0.0,0.5,0.0,0.0,0.0,0.0,0.0,31,Male,2,Power Learners,1.1909001351352138,0.6474519890216567
U01571,2,2,1.0,223,0.26905829596412556,Cybersecurity/Finance,Advanced,1.9849999999999999,0.0,0.0,128,0.0,0.0,1.0,0.0,0.0,0.5,0.0,0.0,0.0,0.5,0.0,0.0,0.0,0.0,0.0,19,Male,1,Advanced Single-Shot Learners,-0.09006958341262855,-1.651019564126428
U01572,1,1,1.0,0,1.0,Finance,Beginner,2.47,53.86,1.0,182,1.0,0.0,0.0,0.0,0.0,0.0,0.0,0.0,0.0,1.0,0.0,0.0,0.0,0.0,0.0,29,Female,4,Beginner Explorers,-0.7877472648981436,2.100297901877924
U01573,2,2,1.0,242,0.24793388429752067,Project Management/Business,Intermediate/Advanced,3.545,243.96,0.5,96,0.0,0.5,0.5,0.0,0.5,0.0,0.0,0.0,0.0,0.0,0.0,0.0,0.0,0.5,0.0,18,Female,2,Power Learners,1.10872656657478,0.8897732597174187
U01574,1,1,1.0,0,1.0,Project Management,Advanced,1.23,346.71,1.0,208,0.0,0.0,1.0,0.0,0.0,0.0,0.0,0.0,0.0,0.0,0.0,0.0,0.0,1.0,0.0,17,Male,1,Advanced Single-Shot Learners,-0.5068059666500676,2.8094335867979585
U01575,13,7,1.8571428571428572,322,1.2111801242236027,Cybersecurity,Beginner,3.3392307692307694,99.16846153846153,0.5384615384615384,23,0.46153846153846156,0.15384615384615385,0.38461538461538464,0.07692307692307693,0.07692307692307693,0.3076923076923077,0.23076923076923078,0.0,0.0,0.0,0.07692307692307693,0.0,0.07692307692307693,0.0,0.15384615384615385,15,Female,2,Power Learners,3.392731395610237,-0.29878999972304043
U01576,2,2,1.0,125,0.48,Cybersecurity/Programming,Beginner/Intermediate,2.605,0.0,0.0,101,0.5,0.5,0.0,0.0,0.0,0.5,0.0,0.0,0.0,0.0,0.0,0.0,0.5,0.0,0.0,35,Male,4,Beginner Explorers,-0.07039888876318569,-1.164901154283596
U01577,1,1,1.0,0,1.0,Design,Advanced,1.52,0.0,0.0,104,0.0,0.0,1.0,0.0,0.0,0.0,0.0,1.0,0.0,0.0,0.0,0.0,0.0,0.0,0.0,30,Male,1,Advanced Single-Shot Learners,-1.5587813393235965,-1.3665431058077615
U01578,15,10,1.5,304,1.480263157894737,Machine Learning/Data Science/Artificial Intelligence/Finance/Cybersecurity,Intermediate,2.8846666666666674,93.86666666666666,0.5333333333333333,6,0.2,0.5333333333333333,0.26666666666666666,0.13333333333333333,0.06666666666666667,0.13333333333333333,0.13333333333333333,0.06666666666666667,0.06666666666666667,0.13333333333333333,0.13333333333333333,0.0,0.06666666666666667,0.06666666666666667,0.0,26,Male,2,Power Learners,3.8039865662195598,-0.5700582905176581
U01579,1,1,1.0,0,1.0,Finance,Advanced,1.59,0.0,0.0,210,0.0,0.0,1.0,0.0,0.0,0.0,0.0,0.0,0.0,1.0,0.0,0.0,0.0,0.0,0.0,31,Male,1,Advanced Single-Shot Learners,-1.8644398550749257,-0.7578562216960663
U01580,2,2,1.0,125,0.48,Machine Learning/Cybersecurity,Intermediate,1.54,197.13,0.5,221,0.0,1.0,0.0,0.0,0.0,0.5,0.0,0.0,0.0,0.0,0.5,0.0,0.0,0.0,0.0,15,Female,3,Intermediate Value Seekers,0.341000513392482,-0.035516300205928636
U01581,2,2,1.0,90,0.6666666666666666,Web Development/Digital Marketing,Advanced,2.595,107.61500000000001,1.0,205,0.0,0.0,1.0,0.0,0.0,0.0,0.0,0.0,0.5,0.0,0.0,0.0,0.0,0.0,0.5,30,Male,1,Advanced Single-Shot Learners,0.6579136281008962,1.0843336864785766
U01582,1,1,1.0,0,1.0,Marketing,Intermediate,4.11,0.0,0.0,43,0.0,1.0,0.0,0.0,0.0,0.0,0.0,0.0,0.0,0.0,0.0,1.0,0.0,0.0,0.0,16,Male,3,Intermediate Value Seekers,-1.489461881281473,-2.4240370481381044
U01583,1,1,1.0,0,1.0,Project Management,Intermediate,3.45,0.0,0.0,166,0.0,1.0,0.0,0.0,0.0,0.0,0.0,0.0,0.0,0.0,0.0,0.0,0.0,1.0,0.0,30,Female,3,Intermediate Value Seekers,-1.660747039474615,-0.025578086041312342
U01584,1,1,1.0,0,1.0,Digital Marketing,Beginner,4.44,0.0,0.0,4,1.0,0.0,0.0,0.0,0.0,0.0,0.0,0.0,1.0,0.0,0.0,0.0,0.0,0.0,0.0,32,Male,4,Beginner Explorers,-1.1067032141385968,-0.34982256094463776
U01585,11,6,1.8333333333333333,261,1.264367816091954,Programming/Finance,Beginner,3.441818181818182,81.06090909090908,0.36363636363636365,82,0.5454545454545454,0.2727272727272727,0.18181818181818182,0.0,0.0,0.09090909090909091,0.09090909090909091,0.0,0.09090909090909091,0.2727272727272727,0.18181818181818182,0.0,0.2727272727272727,0.0,0.0,27,Male,2,Power Learners,2.7664889076990584,-0.5098837098034129
U01586,14,9,1.5555555555555556,325,1.2923076923076922,Machine Learning,Beginner,3.0142857142857147,85.25928571428572,0.2857142857142857,17,0.5714285714285714,0.21428571428571427,0.21428571428571427,0.14285714285714285,0.07142857142857142,0.07142857142857142,0.14285714285714285,0.0,0.0,0.0,0.21428571428571427,0.07142857142857142,0.07142857142857142,0.14285714285714285,0.07142857142857142,27,Male,2,Power Learners,3.5818347145291187,-0.5286238595080522
U01587,2,2,1.0,17,2.0,Cybersecurity/Web Development,Intermediate/Advanced,2.615,18.945,0.5,85,0.0,0.5,0.5,0.0,0.0,0.5,0.0,0.0,0.0,0.0,0.0,0.0,0.0,0.0,0.5,27,Male,1,Advanced Single-Shot Learners,0.4159796323801804,-0.2863968566956266
U01588,1,1,1.0,0,1.0,Project Management,Intermediate,3.45,0.0,0.0,319,0.0,1.0,0.0,0.0,0.0,0.0,0.0,0.0,0.0,0.0,0.0,0.0,0.0,1.0,0.0,32,Male,3,Intermediate Value Seekers,-2.193581227558385,0.19617483673052075
U01589,1,1,1.0,0,1.0,Cybersecurity,Beginner,4.94,0.0,0.0,288,1.0,0.0,0.0,0.0,0.0,1.0,0.0,0.0,0.0,0.0,0.0,0.0,0.0,0.0,0.0,16,Female,4,Beginner Explorers,-2.197902678756519,-0.5418071178816817
U01590,1,1,1.0,0,1.0,Project Management,Beginner,4.68,0.0,0.0,329,1.0,0.0,0.0,0.0,0.0,0.0,0.0,0.0,0.0,0.0,0.0,0.0,0.0,1.0,0.0,33,Male,4,Beginner Explorers,-2.1085573560784843,0.9486702159723069
U01591,2,2,1.0,113,0.5309734513274337,Artificial Intelligence/Cybersecurity,Beginner/Advanced,3.01,0.0,0.0,30,0.5,0.0,0.5,0.5,0.0,0.5,0.0,0.0,0.0,0.0,0.0,0.0,0.0,0.0,0.0,32,Female,0,Premium Explorers,0.3617681105636682,-0.7187320752095516
U01592,4,4,1.0,46,2.608695652173913,Cybersecurity/Digital Marketing/Web Development/Machine Learning,Beginner,2.295,0.0,0.0,86,0.5,0.25,0.25,0.0,0.0,0.25,0.0,0.0,0.25,0.0,0.25,0.0,0.0,0.0,0.25,33,Male,2,Power Learners,0.975271926696409,-1.4709956773129162
U01593,1,1,1.0,0,1.0,Digital Marketing,Beginner,4.44,0.0,0.0,57,1.0,0.0,0.0,0.0,0.0,0.0,0.0,0.0,1.0,0.0,0.0,0.0,0.0,0.0,0.0,34,Male,4,Beginner Explorers,-1.2860642998940932,-0.2790395284605474
U01594,1,1,1.0,0,1.0,Web Development,Advanced,1.3,37.89,1.0,134,0.0,0.0,1.0,0.0,0.0,0.0,0.0,0.0,0.0,0.0,0.0,0.0,0.0,0.0,1.0,35,Male,1,Advanced Single-Shot Learners,-0.6334515375341732,1.4802228508213338
U01595,2,2,1.0,139,0.4316546762589928,Artificial Intelligence/Digital Marketing,Intermediate/Advanced,3.5,296.425,1.0,22,0.0,0.5,0.5,0.5,0.0,0.0,0.0,0.0,0.5,0.0,0.0,0.0,0.0,0.0,0.0,15,Male,0,Premium Explorers,1.5468826712066883,1.5299431430540404
U01596,2,2,1.0,117,0.5128205128205129,Machine Learning/Data Science,Beginner,2.3899999999999997,0.0,0.0,126,1.0,0.0,0.0,0.0,0.0,0.0,0.5,0.0,0.0,0.0,0.5,0.0,0.0,0.0,0.0,22,Male,4,Beginner Explorers,-0.06317734134787657,-0.6649579880382759
U01597,1,1,1.0,0,1.0,Data Science,Beginner,3.74,299.57,1.0,363,1.0,0.0,0.0,0.0,0.0,0.0,1.0,0.0,0.0,0.0,0.0,0.0,0.0,0.0,0.0,21,Female,4,Beginner Explorers,-1.1252939553565182,2.926113130385603
U01598,1,1,1.0,0,1.0,Web Development,Beginner,3.32,0.0,0.0,34,1.0,0.0,0.0,0.0,0.0,0.0,0.0,0.0,0.0,0.0,0.0,0.0,0.0,0.0,1.0,30,Female,4,Beginner Explorers,-1.1206606024093462,-0.1008365380209301
U01599,1,1,1.0,0,1.0,Marketing,Advanced,2.98,0.0,0.0,138,0.0,0.0,1.0,0.0,0.0,0.0,0.0,0.0,0.0,0.0,0.0,1.0,0.0,0.0,0.0,29,Female,1,Advanced Single-Shot Learners,-1.6930337328855178,-2.1832587517763886
U01600,1,1,1.0,0,1.0,Business,Intermediate,2.69,326.02,1.0,199,0.0,1.0,0.0,0.0,1.0,0.0,0.0,0.0,0.0,0.0,0.0,0.0,0.0,0.0,0.0,29,Female,1,Advanced Single-Shot Learners,-0.5890232972942607,2.2646858154728178
U01601,2,2,1.0,33,1.8181818181818181,Project Management/Design,Beginner/Advanced,2.87,173.355,0.5,149,0.5,0.0,0.5,0.0,0.0,0.0,0.0,0.5,0.0,0.0,0.0,0.0,0.0,0.5,0.0,23,Female,1,Advanced Single-Shot Learners,0.7265314744377667,0.9252096571354866
U01602,13,10,1.3,311,1.2540192926045015,Machine Learning/Digital Marketing/Artificial Intelligence,Beginner,3.2761538461538464,67.03076923076922,0.23076923076923078,30,0.38461538461538464,0.3076923076923077,0.3076923076923077,0.15384615384615385,0.0,0.07692307692307693,0.07692307692307693,0.07692307692307693,0.15384615384615385,0.07692307692307693,0.15384615384615385,0.0,0.07692307692307693,0.07692307692307693,0.07692307692307693,31,Female,2,Power Learners,3.4882521804069704,-0.875657863825898
U01603,2,2,1.0,188,0.3191489361702128,Artificial Intelligence/Finance,Intermediate/Advanced,2.1350000000000002,44.795,0.5,103,0.0,0.5,0.5,0.5,0.0,0.0,0.0,0.0,0.0,0.5,0.0,0.0,0.0,0.0,0.0,32,Male,0,Premium Explorers,0.8539120742792851,0.6263491558380542
U01604,1,1,1.0,0,1.0,Project Management,Intermediate,3.45,0.0,0.0,324,0.0,1.0,0.0,0.0,0.0,0.0,0.0,0.0,0.0,0.0,0.0,0.0,0.0,1.0,0.0,31,Female,3,Intermediate Value Seekers,-2.1890395679272743,0.19413112052020867
U01605,1,1,1.0,0,1.0,Web Development,Advanced,4.74,57.32,1.0,42,0.0,0.0,1.0,0.0,0.0,0.0,0.0,0.0,0.0,0.0,0.0,0.0,0.0,0.0,1.0,18,Male,1,Advanced Single-Shot Learners,-0.3427557655014186,1.0689520155732715
U01606,1,1,1.0,0,1.0,Project Management,Advanced,1.23,346.71,1.0,245,0.0,0.0,1.0,0.0,0.0,0.0,0.0,0.0,0.0,0.0,0.0,0.0,0.0,1.0,0.0,17,Female,1,Advanced Single-Shot Learners,-0.6102898378865306,2.8504904917479967
U01607,1,1,1.0,0,1.0,Artificial Intelligence,Intermediate,2.68,89.59,1.0,353,0.0,1.0,0.0,1.0,0.0,0.0,0.0,0.0,0.0,0.0,0.0,0.0,0.0,0.0,0.0,25,Male,0,Premium Explorers,-1.066923143970161,3.039915994885841
U01608,1,1,1.0,0,1.0,Machine Learning,Intermediate,1.73,0.0,0.0,257,0.0,1.0,0.0,0.0,0.0,0.0,0.0,0.0,0.0,0.0,1.0,0.0,0.0,0.0,0.0,15,Female,3,Intermediate Value Seekers,-2.134400019363236,-1.215157369797575
U01609,1,1,1.0,0,1.0,Web Development,Beginner,2.2,0.0,0.0,127,1.0,0.0,0.0,0.0,0.0,0.0,0.0,0.0,0.0,0.0,0.0,0.0,0.0,0.0,1.0,15,Male,4,Beginner Explorers,-1.4014212605417962,0.19247967358030363
U01610,1,1,1.0,0,1.0,Marketing,Advanced,2.01,0.0,0.0,16,0.0,0.0,1.0,0.0,0.0,0.0,0.0,0.0,0.0,0.0,0.0,1.0,0.0,0.0,0.0,31,Male,1,Advanced Single-Shot Learners,-1.2826377224976981,-2.237946398783941
U01611,1,1,1.0,0,1.0,Marketing,Advanced,2.01,0.0,0.0,183,0.0,0.0,1.0,0.0,0.0,0.0,0.0,0.0,0.0,0.0,0.0,1.0,0.0,0.0,0.0,27,Male,1,Advanced Single-Shot Learners,-1.834494045754391,-1.9968605287162515
U01612,1,1,1.0,0,1.0,Machine Learning,Intermediate,1.73,0.0,0.0,306,0.0,1.0,0.0,0.0,0.0,0.0,0.0,0.0,0.0,0.0,1.0,0.0,0.0,0.0,0.0,29,Male,3,Intermediate Value Seekers,-2.335839825306127,-1.1602048476711533
U01613,1,1,1.0,0,1.0,Cybersecurity,Beginner,4.94,0.0,0.0,276,1.0,0.0,0.0,0.0,0.0,1.0,0.0,0.0,0.0,0.0,0.0,0.0,0.0,0.0,0.0,25,Male,4,Beginner Explorers,-2.1894246141783955,-0.5635938130275194
U01614,1,1,1.0,0,1.0,Digital Marketing,Intermediate,4.66,0.0,0.0,6,0.0,1.0,0.0,0.0,0.0,0.0,0.0,0.0,1.0,0.0,0.0,0.0,0.0,0.0,0.0,17,Male,3,Intermediate Value Seekers,-1.2525150167204782,-1.2239252170565993
U01615,1,1,1.0,0,1.0,Machine Learning,Advanced,1.81,0.0,0.0,282,0.0,0.0,1.0,0.0,0.0,0.0,0.0,0.0,0.0,0.0,1.0,0.0,0.0,0.0,0.0,29,Male,1,Advanced Single-Shot Learners,-2.1780460311352083,-1.1886259939966481
U01616,1,1,1.0,0,1.0,Web Development,Beginner,3.32,0.0,0.0,296,1.0,0.0,0.0,0.0,0.0,0.0,0.0,0.0,0.0,0.0,0.0,0.0,0.0,0.0,1.0,20,Male,4,Beginner Explorers,-2.0015664344429274,0.2947250625947734
U01617,1,1,1.0,0,1.0,Programming,Beginner,1.28,0.0,0.0,73,1.0,0.0,0.0,0.0,0.0,0.0,0.0,0.0,0.0,0.0,0.0,0.0,1.0,0.0,0.0,21,Male,4,Beginner Explorers,-1.22307233724506,0.29114292775641176
U01618,13,8,1.625,297,1.3131313131313131,Marketing,Beginner/Advanced,3.12923076923077,69.14999999999999,0.38461538461538464,24,0.38461538461538464,0.23076923076923078,0.38461538461538464,0.07692307692307693,0.0,0.0,0.0,0.07692307692307693,0.07692307692307693,0.15384615384615385,0.07692307692307693,0.23076923076923078,0.0,0.15384615384615385,0.15384615384615385,15,Female,2,Power Learners,3.3931767148211462,-0.8359469545935144
U01619,1,1,1.0,0,1.0,Artificial Intelligence,Beginner,4.55,490.9,1.0,230,1.0,0.0,0.0,1.0,0.0,0.0,0.0,0.0,0.0,0.0,0.0,0.0,0.0,0.0,0.0,20,Female,0,Premium Explorers,-0.30217527620288803,3.844846807123005
U01620,1,1,1.0,0,1.0,Digital Marketing,Beginner,4.44,0.0,0.0,194,1.0,0.0,0.0,0.0,0.0,0.0,0.0,0.0,1.0,0.0,0.0,0.0,0.0,0.0,0.0,19,Female,4,Beginner Explorers,-1.7037275779530632,-0.07153178589450035
U01621,2,2,1.0,114,0.5263157894736842,Machine Learning/Business,Advanced,1.905,0.0,0.0,236,0.0,0.0,1.0,0.0,0.5,0.0,0.0,0.0,0.0,0.0,0.5,0.0,0.0,0.0,0.0,16,Female,1,Advanced Single-Shot Learners,-0.4084945745025908,-1.1556022277107436
U01622,1,1,1.0,0,1.0,Machine Learning,Advanced,3.89,0.78,1.0,305,0.0,0.0,1.0,0.0,0.0,0.0,0.0,0.0,0.0,0.0,1.0,0.0,0.0,0.0,0.0,15,Female,1,Advanced Single-Shot Learners,-1.8178990888059985,0.1326280833397212
U01623,1,1,1.0,0,1.0,Digital Marketing,Beginner,2.14,0.0,0.0,22,1.0,0.0,0.0,0.0,0.0,0.0,0.0,0.0,1.0,0.0,0.0,0.0,0.0,0.0,0.0,23,Male,4,Beginner Explorers,-1.0935179026919581,-0.0503331795096181
U01624,4,4,1.0,70,1.7142857142857142,Design/Artificial Intelligence/Digital Marketing/Data Science,Intermediate/Advanced,3.265,202.39,0.75,2,0.0,0.5,0.5,0.25,0.0,0.0,0.25,0.25,0.25,0.0,0.0,0.0,0.0,0.0,0.0,34,Female,2,Power Learners,2.2478192336082192,0.38424895536115805
U01625,3,3,1.0,82,1.0975609756097562,Data Science/Project Management/Cybersecurity,Intermediate,3.2099999999999995,131.42,0.3333333333333333,62,0.3333333333333333,0.6666666666666666,0.0,0.0,0.0,0.3333333333333333,0.3333333333333333,0.0,0.0,0.0,0.0,0.0,0.0,0.3333333333333333,0.0,33,Female,2,Power Learners,1.346227768538543,0.16397645561340105
U01626,1,1,1.0,0,1.0,Finance,Beginner,4.14,0.0,0.0,134,1.0,0.0,0.0,0.0,0.0,0.0,0.0,0.0,0.0,1.0,0.0,0.0,0.0,0.0,0.0,26,Female,4,Beginner Explorers,-1.5801338804613352,-0.28875279303535
U01627,13,9,1.4444444444444444,338,1.1538461538461537,Cybersecurity/Machine Learning/Finance/Design,Beginner/Intermediate,2.856923076923077,56.37384615384615,0.3076923076923077,13,0.38461538461538464,0.38461538461538464,0.23076923076923078,0.0,0.07692307692307693,0.15384615384615385,0.07692307692307693,0.15384615384615385,0.0,0.15384615384615385,0.15384615384615385,0.0,0.07692307692307693,0.07692307692307693,0.07692307692307693,23,Female,2,Power Learners,3.410943387828888,-1.0032931949456805
U01628,14,7,2.0,275,1.5272727272727273,Business,Advanced,2.5435714285714286,112.60071428571429,0.42857142857142855,23,0.2857142857142857,0.2857142857142857,0.42857142857142855,0.14285714285714285,0.21428571428571427,0.0,0.0,0.0,0.14285714285714285,0.14285714285714285,0.07142857142857142,0.14285714285714285,0.0,0.14285714285714285,0.0,26,Male,2,Power Learners,3.467098217580692,-0.34003110372201223
U01629,1,1,1.0,0,1.0,Finance,Beginner,2.47,53.86,1.0,336,1.0,0.0,0.0,0.0,0.0,0.0,0.0,0.0,0.0,1.0,0.0,0.0,0.0,0.0,0.0,28,Female,4,Beginner Explorers,-1.30011587332284,2.3179051925002545
U01630,1,1,1.0,0,1.0,Data Science,Intermediate,3.02,0.0,0.0,69,0.0,1.0,0.0,0.0,0.0,0.0,1.0,0.0,0.0,0.0,0.0,0.0,0.0,0.0,0.0,33,Male,3,Intermediate Value Seekers,-1.4518244200217805,-0.7458101032803726
U01631,2,2,1.0,164,0.36585365853658536,Cybersecurity/Design,Intermediate/Advanced,1.435,197.13,0.5,75,0.0,0.5,0.5,0.0,0.0,0.5,0.0,0.5,0.0,0.0,0.0,0.0,0.0,0.0,0.0,18,Female,1,Advanced Single-Shot Learners,0.9092662367915588,-0.22214804453824744
U01632,1,1,1.0,0,1.0,Cybersecurity,Intermediate,3.93,0.0,0.0,259,0.0,1.0,0.0,0.0,0.0,1.0,0.0,0.0,0.0,0.0,0.0,0.0,0.0,0.0,0.0,21,Male,3,Intermediate Value Seekers,-2.2531197056006196,-1.3453686997104546
U01633,1,1,1.0,0,1.0,Project Management,Beginner,4.68,0.0,0.0,173,1.0,0.0,0.0,0.0,0.0,0.0,0.0,0.0,0.0,0.0,0.0,0.0,0.0,1.0,0.0,34,Male,4,Beginner Explorers,-1.5895178429302155,0.7282596144705928
U01634,1,1,1.0,0,1.0,Data Science,Intermediate,3.02,0.0,0.0,29,0.0,1.0,0.0,0.0,0.0,0.0,1.0,0.0,0.0,0.0,0.0,0.0,0.0,0.0,0.0,35,Male,3,Intermediate Value Seekers,-1.3209884361311421,-0.8053810266876225
U01635,14,9,1.5555555555555556,281,1.494661921708185,Design/Digital Marketing/Data Science/Marketing/Business,Advanced,2.9021428571428567,53.08142857142857,0.2857142857142857,6,0.2857142857142857,0.21428571428571427,0.5,0.07142857142857142,0.14285714285714285,0.07142857142857142,0.14285714285714285,0.14285714285714285,0.14285714285714285,0.07142857142857142,0.0,0.14285714285714285,0.0,0.0,0.07142857142857142,18,Female,2,Power Learners,3.5412391917208597,-1.0957323617639934
U01636,1,1,1.0,0,1.0,Design,Advanced,4.45,0.0,0.0,236,0.0,0.0,1.0,0.0,0.0,0.0,0.0,1.0,0.0,0.0,0.0,0.0,0.0,0.0,0.0,19,Male,1,Advanced Single-Shot Learners,-2.0633375264028095,-1.4915404594495243
U01637,13,9,1.4444444444444444,239,1.6317991631799162,Project Management/Web Development/Digital Marketing/Finance,Beginner,3.713846153846154,120.56461538461538,0.46153846153846156,86,0.6153846153846154,0.23076923076923078,0.15384615384615385,0.07692307692307693,0.0,0.07692307692307693,0.0,0.0,0.15384615384615385,0.15384615384615385,0.07692307692307693,0.07692307692307693,0.07692307692307693,0.15384615384615385,0.15384615384615385,30,Male,2,Power Learners,3.369401473592257,-0.22174868327360847
U01638,1,1,1.0,0,1.0,Web Development,Beginner,2.2,0.0,0.0,127,1.0,0.0,0.0,0.0,0.0,0.0,0.0,0.0,0.0,0.0,0.0,0.0,0.0,0.0,1.0,26,Male,4,Beginner Explorers,-1.4156228687362933,0.17320379157263124
U01639,1,1,1.0,0,1.0,Programming,Intermediate,2.43,0.0,0.0,357,0.0,1.0,0.0,0.0,0.0,0.0,0.0,0.0,0.0,0.0,0.0,0.0,1.0,0.0,0.0,27,Male,3,Intermediate Value Seekers,-2.3615032927757933,-0.3290115310415739
U01640,1,1,1.0,0,1.0,Marketing,Intermediate,4.72,0.0,0.0,155,0.0,1.0,0.0,0.0,0.0,0.0,0.0,0.0,0.0,0.0,0.0,1.0,0.0,0.0,0.0,23,Female,3,Intermediate Value Seekers,-1.8684805072806556,-2.358678076654831
U01641,1,1,1.0,0,1.0,Finance,Intermediate,4.1,0.0,0.0,235,0.0,1.0,0.0,0.0,0.0,0.0,0.0,0.0,0.0,1.0,0.0,0.0,0.0,0.0,0.0,17,Male,3,Intermediate Value Seekers,-2.076865739252274,-0.994580903103016
U01642,1,1,1.0,0,1.0,Data Science,Beginner,3.65,0.0,0.0,227,1.0,0.0,0.0,0.0,0.0,0.0,1.0,0.0,0.0,0.0,0.0,0.0,0.0,0.0,0.0,26,Male,4,Beginner Explorers,-1.8340484584555745,0.29558086274866985
U01643,1,1,1.0,0,1.0,Artificial Intelligence,Intermediate,2.68,89.59,1.0,3,0.0,1.0,0.0,1.0,0.0,0.0,0.0,0.0,0.0,0.0,0.0,0.0,0.0,0.0,0.0,25,Male,0,Premium Explorers,0.10048518265507758,2.5493365909937
U01644,3,2,1.5,220,0.4090909090909091,Business,Advanced,3.526666666666667,162.64000000000001,0.3333333333333333,59,0.3333333333333333,0.0,0.6666666666666666,0.0,0.6666666666666666,0.3333333333333333,0.0,0.0,0.0,0.0,0.0,0.0,0.0,0.0,0.0,23,Male,2,Power Learners,1.2837245251613043,0.23774462561183166
U01645,3,3,1.0,262,0.3435114503816794,Marketing/Business/Machine Learning,Advanced,3.3333333333333335,0.26,0.3333333333333333,11,0.0,0.3333333333333333,0.6666666666666666,0.0,0.3333333333333333,0.0,0.0,0.0,0.0,0.0,0.3333333333333333,0.3333333333333333,0.0,0.0,0.0,19,Male,2,Power Learners,0.9685683402454376,-1.7491390951667598
U01646,1,1,1.0,0,1.0,Programming,Intermediate,2.43,0.0,0.0,236,0.0,1.0,0.0,0.0,0.0,0.0,0.0,0.0,0.0,0.0,0.0,0.0,1.0,0.0,0.0,28,Female,3,Intermediate Value Seekers,-1.9392767461404141,-0.5111685384726337
U01647,13,9,1.4444444444444444,324,1.2037037037037037,Cybersecurity,Beginner/Intermediate,3.508461538461539,99.8223076923077,0.23076923076923078,16,0.38461538461538464,0.38461538461538464,0.23076923076923078,0.15384615384615385,0.07692307692307693,0.3076923076923077,0.07692307692307693,0.0,0.07692307692307693,0.07692307692307693,0.0,0.07692307692307693,0.0,0.07692307692307693,0.07692307692307693,17,Female,2,Power Learners,3.4965284973231077,-0.8469005332320836
U01648,4,3,1.3333333333333333,204,0.5882352941176471,Machine Learning,Advanced,2.4925,29.615000000000002,0.5,35,0.25,0.0,0.75,0.0,0.0,0.25,0.25,0.0,0.0,0.0,0.5,0.0,0.0,0.0,0.0,22,Female,2,Power Learners,1.5518287860594064,-0.5752795544876284
U01649,13,8,1.625,348,1.120689655172414,Artificial Intelligence/Project Management,Intermediate,2.8538461538461535,165.47153846153847,0.46153846153846156,16,0.23076923076923078,0.46153846153846156,0.3076923076923077,0.23076923076923078,0.15384615384615385,0.07692307692307693,0.0,0.07692307692307693,0.0,0.0,0.0,0.07692307692307693,0.07692307692307693,0.23076923076923078,0.07692307692307693,35,Male,2,Power Learners,3.5975090616336565,-0.11779508702051544
U01650,1,1,1.0,0,1.0,Machine Learning,Advanced,1.81,0.0,0.0,364,0.0,0.0,1.0,0.0,0.0,0.0,0.0,0.0,0.0,0.0,1.0,0.0,0.0,0.0,0.0,33,Male,1,Advanced Single-Shot Learners,-2.4567173459633285,-1.0806996595810718
U01651,1,1,1.0,0,1.0,Digital Marketing,Advanced,3.15,212.39,1.0,341,0.0,0.0,1.0,0.0,0.0,0.0,0.0,0.0,1.0,0.0,0.0,0.0,0.0,0.0,0.0,25,Female,1,Advanced Single-Shot Learners,-1.1472303111265134,1.7938015835342587
U01652,2,2,1.0,235,0.25531914893617025,Cybersecurity/Project Management,Beginner/Intermediate,2.72,163.995,0.5,83,0.5,0.5,0.0,0.0,0.0,0.5,0.0,0.0,0.0,0.0,0.0,0.0,0.0,0.5,0.0,35,Male,2,Power Learners,0.9759572510815954,0.7505141635005415
U01653,1,1,1.0,0,1.0,Design,Advanced,2.61,0.0,0.0,89,0.0,0.0,1.0,0.0,0.0,0.0,0.0,1.0,0.0,0.0,0.0,0.0,0.0,0.0,0.0,21,Female,1,Advanced Single-Shot Learners,-1.506397108575302,-1.505102135356383
U01654,15,9,1.6666666666666667,299,1.5050167224080266,Business/Programming,Advanced,3.1113333333333335,180.76933333333332,0.5333333333333333,59,0.3333333333333333,0.13333333333333333,0.5333333333333333,0.13333333333333333,0.2,0.06666666666666667,0.06666666666666667,0.13333333333333333,0.06666666666666667,0.0,0.06666666666666667,0.0,0.2,0.06666666666666667,0.0,22,Female,2,Power Learners,3.727941227404967,-0.11302698483301098
U01655,1,1,1.0,0,1.0,Machine Learning,Advanced,1.81,0.0,0.0,28,0.0,0.0,1.0,0.0,0.0,0.0,0.0,0.0,0.0,0.0,1.0,0.0,0.0,0.0,0.0,23,Male,1,Advanced Single-Shot Learners,-1.323094799499011,-1.534132358219643
U01656,12,8,1.5,322,1.1180124223602486,Cybersecurity,Advanced,3.1283333333333334,76.5725,0.25,28,0.25,0.3333333333333333,0.4166666666666667,0.08333333333333333,0.16666666666666666,0.3333333333333333,0.0,0.08333333333333333,0.08333333333333333,0.0,0.0,0.08333333333333333,0.08333333333333333,0.0,0.08333333333333333,27,Male,2,Power Learners,3.2098030903683443,-1.0568526055193712
U01657,1,1,1.0,0,1.0,Data Science,Beginner,3.65,0.0,0.0,364,1.0,0.0,0.0,0.0,0.0,0.0,1.0,0.0,0.0,0.0,0.0,0.0,0.0,0.0,0.0,22,Female,4,Beginner Explorers,-2.2659133447090416,0.4838127233070446
U01658,1,1,1.0,0,1.0,Digital Marketing,Advanced,3.89,177.34,1.0,110,0.0,0.0,1.0,0.0,0.0,0.0,0.0,0.0,1.0,0.0,0.0,0.0,0.0,0.0,0.0,31,Female,1,Advanced Single-Shot Learners,-0.428229988137781,1.3433498745737884
U01659,3,2,1.5,311,0.28938906752411575,Project Management,Beginner,3.1133333333333333,180.12666666666667,0.6666666666666666,37,0.6666666666666666,0.0,0.3333333333333333,0.0,0.0,0.0,0.0,0.0,0.3333333333333333,0.0,0.0,0.0,0.0,0.6666666666666666,0.0,27,Female,2,Power Learners,1.6424353846176567,1.3801171246734352
U01660,2,1,2.0,174,0.3448275862068966,Web Development,Advanced,3.02,47.605000000000004,1.0,85,0.0,0.0,1.0,0.0,0.0,0.0,0.0,0.0,0.0,0.0,0.0,0.0,0.0,0.0,1.0,25,Female,1,Advanced Single-Shot Learners,0.6897228284142606,0.8467350976552591
U01661,1,1,1.0,0,1.0,Web Development,Beginner,3.32,0.0,0.0,82,1.0,0.0,0.0,0.0,0.0,0.0,0.0,0.0,0.0,0.0,0.0,0.0,0.0,0.0,1.0,27,Female,4,Beginner Explorers,-1.2768891499038666,-0.02830001818635694
U01662,15,10,1.5,329,1.3677811550151975,Finance/Marketing,Beginner/Intermediate/Advanced,3.306666666666666,143.62466666666666,0.4666666666666667,10,0.3333333333333333,0.3333333333333333,0.3333333333333333,0.06666666666666667,0.0,0.06666666666666667,0.06666666666666667,0.13333333333333333,0.06666666666666667,0.2,0.0,0.2,0.06666666666666667,0.06666666666666667,0.06666666666666667,28,Male,2,Power Learners,3.798162036407029,-0.8431204227823192
U01663,2,2,1.0,38,1.5789473684210527,Marketing/Programming,Beginner/Intermediate,3.0,0.0,0.0,250,0.5,0.5,0.0,0.0,0.0,0.0,0.0,0.0,0.0,0.0,0.0,0.5,0.5,0.0,0.0,28,Female,4,Beginner Explorers,-0.5852409908823955,-1.317137902483225
U01664,2,2,1.0,36,1.6666666666666667,Artificial Intelligence/Data Science,Intermediate,3.065,207.755,0.5,20,0.0,1.0,0.0,0.5,0.0,0.0,0.5,0.0,0.0,0.0,0.0,0.0,0.0,0.0,0.0,23,Female,0,Premium Explorers,1.226171747108922,0.9670748371446469
U01665,4,3,1.3333333333333333,223,0.5381165919282511,Data Science,Beginner,3.9575000000000005,0.0,0.0,100,0.75,0.25,0.0,0.0,0.0,0.0,0.5,0.0,0.25,0.25,0.0,0.0,0.0,0.0,0.0,34,Female,4,Beginner Explorers,0.754299749544304,-1.0869632877077886
U01666,14,9,1.5555555555555556,337,1.2462908011869438,Design/Digital Marketing,Advanced,2.7850000000000006,42.085,0.2857142857142857,18,0.42857142857142855,0.07142857142857142,0.5,0.07142857142857142,0.07142857142857142,0.07142857142857142,0.07142857142857142,0.21428571428571427,0.21428571428571427,0.07142857142857142,0.0,0.07142857142857142,0.0,0.0,0.14285714285714285,28,Female,2,Power Learners,3.4768635419107183,-1.0098051549226306
U01667,1,1,1.0,0,1.0,Finance,Advanced,1.59,0.0,0.0,152,0.0,0.0,1.0,0.0,0.0,0.0,0.0,0.0,0.0,1.0,0.0,0.0,0.0,0.0,0.0,23,Female,1,Advanced Single-Shot Learners,-1.6407273096184103,-0.835937760238445
U01668,1,1,1.0,0,1.0,Machine Learning,Beginner,1.13,0.0,0.0,144,1.0,0.0,0.0,0.0,0.0,0.0,0.0,0.0,0.0,0.0,1.0,0.0,0.0,0.0,0.0,27,Female,4,Beginner Explorers,-1.6043017937904716,-0.44867462842015526
U01669,2,2,1.0,1,2.0,Project Management/Finance,Beginner,3.575,26.93,0.5,107,1.0,0.0,0.0,0.0,0.0,0.0,0.0,0.0,0.0,0.5,0.0,0.0,0.0,0.5,0.0,30,Female,4,Beginner Explorers,0.16602033144018363,1.282662871088598
U01670,1,1,1.0,0,1.0,Web Development,Beginner,3.32,0.0,0.0,71,1.0,0.0,0.0,0.0,0.0,0.0,0.0,0.0,0.0,0.0,0.0,0.0,0.0,0.0,1.0,19,Male,4,Beginner Explorers,-1.2497985977505794,-0.018895058426100276
U01671,15,10,1.5,343,1.3119533527696792,Finance,Beginner,2.956,55.995333333333335,0.3333333333333333,12,0.5333333333333333,0.2,0.26666666666666666,0.06666666666666667,0.13333333333333333,0.06666666666666667,0.13333333333333333,0.0,0.06666666666666667,0.26666666666666666,0.06666666666666667,0.06666666666666667,0.06666666666666667,0.0,0.06666666666666667,25,Male,2,Power Learners,3.6810274112443895,-0.745037155302763
U01672,1,1,1.0,0,1.0,Design,Beginner,4.51,0.0,0.0,348,1.0,0.0,0.0,0.0,0.0,0.0,0.0,1.0,0.0,0.0,0.0,0.0,0.0,0.0,0.0,15,Male,4,Beginner Explorers,-2.3606225384193062,-0.47003201721455784
U01673,1,1,1.0,0,1.0,Machine Learning,Intermediate,1.73,0.0,0.0,161,0.0,1.0,0.0,0.0,0.0,0.0,0.0,0.0,0.0,0.0,1.0,0.0,0.0,0.0,0.0,16,Male,3,Intermediate Value Seekers,-1.8354155140717847,-1.3406642985992197
U01674,14,9,1.5555555555555556,280,1.5,Cybersecurity,Beginner,2.9164285714285714,87.43357142857144,0.2857142857142857,35,0.42857142857142855,0.2857142857142857,0.2857142857142857,0.07142857142857142,0.07142857142857142,0.21428571428571427,0.07142857142857142,0.07142857142857142,0.07142857142857142,0.14285714285714285,0.14285714285714285,0.14285714285714285,0.0,0.0,0.0,27,Female,2,Power Learners,3.4525796605245884,-1.062663690627294
U01675,1,1,1.0,0,1.0,Cybersecurity,Intermediate,1.35,394.26,1.0,127,0.0,1.0,0.0,0.0,0.0,1.0,0.0,0.0,0.0,0.0,0.0,0.0,0.0,0.0,0.0,17,Male,3,Intermediate Value Seekers,-0.5636559633099354,1.2689948083271039
U01676,1,1,1.0,0,1.0,Marketing,Advanced,4.79,0.0,0.0,95,0.0,0.0,1.0,0.0,0.0,0.0,0.0,0.0,0.0,0.0,0.0,1.0,0.0,0.0,0.0,22,Male,1,Advanced Single-Shot Learners,-1.6089793956561949,-2.4238782569403083
U01677,2,2,1.0,220,0.27272727272727276,Design/Business,Advanced,2.88,0.0,0.0,79,0.0,0.0,1.0,0.0,0.5,0.0,0.0,0.5,0.0,0.0,0.0,0.0,0.0,0.0,0.0,22,Male,1,Advanced Single-Shot Learners,0.15381019132187052,-1.5035662315929381
U01678,1,1,1.0,0,1.0,Machine Learning,Intermediate,4.73,0.0,0.0,161,0.0,1.0,0.0,0.0,0.0,0.0,0.0,0.0,0.0,0.0,1.0,0.0,0.0,0.0,0.0,31,Female,3,Intermediate Value Seekers,-1.9152064638153887,-1.714912730737394
U01679,1,1,1.0,0,1.0,Design,Advanced,4.45,0.0,0.0,131,0.0,0.0,1.0,0.0,0.0,0.0,0.0,1.0,0.0,0.0,0.0,0.0,0.0,0.0,0.0,16,Female,1,Advanced Single-Shot Learners,-1.6893139963943777,-1.644261568206361
U01680,1,1,1.0,0,1.0,Business,Advanced,2.0,0.0,0.0,269,0.0,0.0,1.0,0.0,1.0,0.0,0.0,0.0,0.0,0.0,0.0,0.0,0.0,0.0,0.0,30,Male,1,Advanced Single-Shot Learners,-1.895005194194511,-0.003961375495191774
U01681,1,1,1.0,0,1.0,Project Management,Intermediate,3.45,0.0,0.0,340,0.0,1.0,0.0,0.0,0.0,0.0,0.0,0.0,0.0,0.0,0.0,0.0,0.0,1.0,0.0,33,Male,3,Intermediate Value Seekers,-2.264916782446308,0.22385724805426088
U01682,2,2,1.0,89,0.6741573033707865,Web Development/Digital Marketing,Beginner/Intermediate,3.99,0.0,0.0,59,0.5,0.5,0.0,0.0,0.0,0.0,0.0,0.0,0.5,0.0,0.0,0.0,0.0,0.0,0.5,21,Male,4,Beginner Explorers,0.11192481846437492,-1.1005839747523833
U01683,1,1,1.0,0,1.0,Business,Intermediate,2.69,326.02,1.0,86,0.0,1.0,0.0,0.0,1.0,0.0,0.0,0.0,0.0,0.0,0.0,0.0,0.0,0.0,0.0,19,Female,1,Advanced Single-Shot Learners,-0.1992066275083098,2.123822279885525
U01684,2,2,1.0,25,2.0,Cybersecurity/Finance,Advanced,1.9849999999999999,0.0,0.0,160,0.0,0.0,1.0,0.0,0.0,0.5,0.0,0.0,0.0,0.5,0.0,0.0,0.0,0.0,0.0,26,Female,1,Advanced Single-Shot Learners,-0.3315786697952079,-1.508941796021611
U01685,1,1,1.0,0,1.0,Machine Learning,Intermediate,1.73,0.0,0.0,188,0.0,1.0,0.0,0.0,0.0,0.0,0.0,0.0,0.0,0.0,1.0,0.0,0.0,0.0,0.0,26,Female,3,Intermediate Value Seekers,-1.9184554145944719,-1.3311474771439837
U01686,1,1,1.0,0,1.0,Marketing,Advanced,2.01,0.0,0.0,45,0.0,0.0,1.0,0.0,0.0,0.0,0.0,0.0,0.0,0.0,0.0,1.0,0.0,0.0,0.0,32,Male,1,Advanced Single-Shot Learners,-1.3806568962799126,-2.1990507439426663
U01687,2,1,2.0,100,0.6,Marketing,Advanced,3.885,0.0,0.0,105,0.0,0.0,1.0,0.0,0.0,0.0,0.0,0.0,0.0,0.0,0.0,1.0,0.0,0.0,0.0,23,Female,1,Advanced Single-Shot Learners,-0.5200085023535872,-2.7075072596692578
U01688,2,2,1.0,70,0.8571428571428571,Web Development/Marketing,Beginner/Advanced,3.15,0.0,0.0,280,0.5,0.0,0.5,0.0,0.0,0.0,0.0,0.0,0.0,0.0,0.0,0.5,0.0,0.0,0.5,28,Female,1,Advanced Single-Shot Learners,-0.6337812397966806,-1.356832762793385
U01689,1,1,1.0,0,1.0,Web Development,Beginner,3.32,0.0,0.0,142,1.0,0.0,0.0,0.0,0.0,0.0,0.0,0.0,0.0,0.0,0.0,0.0,0.0,0.0,1.0,30,Female,4,Beginner Explorers,-1.4808894574822768,0.05054224946578769
U01690,4,4,1.0,207,0.5797101449275363,Finance/Cybersecurity/Design/Artificial Intelligence,Beginner,4.3075,0.0,0.0,106,1.0,0.0,0.0,0.25,0.0,0.25,0.0,0.25,0.0,0.25,0.0,0.0,0.0,0.0,0.0,27,Male,4,Beginner Explorers,0.9584424064677677,-1.0145590056216478
U01691,1,1,1.0,0,1.0,Web Development,Advanced,1.3,37.89,1.0,354,0.0,0.0,1.0,0.0,0.0,0.0,0.0,0.0,0.0,0.0,0.0,0.0,0.0,0.0,1.0,22,Male,1,Advanced Single-Shot Learners,-1.3504673383518653,1.811367635380786
U01692,12,10,1.2,289,1.245674740484429,Machine Learning/Artificial Intelligence,Beginner/Advanced,3.330833333333333,114.355,0.4166666666666667,2,0.4166666666666667,0.16666666666666666,0.4166666666666667,0.16666666666666666,0.08333333333333333,0.0,0.08333333333333333,0.08333333333333333,0.08333333333333333,0.08333333333333333,0.16666666666666666,0.0,0.08333333333333333,0.08333333333333333,0.08333333333333333,26,Male,2,Power Learners,3.675709223558496,-0.3896522368700763
U01693,2,2,1.0,121,0.49586776859504134,Design/Web Development,Advanced,2.6950000000000003,138.185,0.5,142,0.0,0.0,1.0,0.0,0.0,0.0,0.0,0.5,0.0,0.0,0.0,0.0,0.0,0.0,0.5,21,Male,1,Advanced Single-Shot Learners,0.6869799657677085,0.015515841338157883
U01694,1,1,1.0,0,1.0,Project Management,Intermediate,4.84,342.61,1.0,265,0.0,1.0,0.0,0.0,0.0,0.0,0.0,0.0,0.0,0.0,0.0,0.0,0.0,1.0,0.0,35,Male,3,Intermediate Value Seekers,-0.8983242914354328,2.435680878012558
U01695,13,9,1.4444444444444444,256,1.5234375,Design,Intermediate/Advanced,3.06923076923077,112.16615384615383,0.46153846153846156,35,0.23076923076923078,0.38461538461538464,0.38461538461538464,0.07692307692307693,0.07692307692307693,0.15384615384615385,0.0,0.23076923076923078,0.0,0.07692307692307693,0.07692307692307693,0.15384615384615385,0.07692307692307693,0.0,0.07692307692307693,32,Male,2,Power Learners,3.4461823646910568,-0.9488967675343563
U01696,2,2,1.0,36,1.6666666666666667,Digital Marketing/Project Management,Beginner/Intermediate,3.085,163.995,0.5,69,0.5,0.5,0.0,0.0,0.0,0.0,0.0,0.0,0.5,0.0,0.0,0.0,0.0,0.5,0.0,31,Female,2,Power Learners,0.9870859664771947,1.0658421190758987
U01697,1,1,1.0,0,1.0,Digital Marketing,Beginner,2.14,0.0,0.0,276,1.0,0.0,0.0,0.0,0.0,0.0,0.0,0.0,1.0,0.0,0.0,0.0,0.0,0.0,0.0,35,Male,4,Beginner Explorers,-1.9562154660706084,0.28465906725464624
U01698,1,1,1.0,0,1.0,Machine Learning,Beginner,1.13,0.0,0.0,111,1.0,0.0,0.0,0.0,0.0,0.0,0.0,0.0,0.0,0.0,1.0,0.0,0.0,0.0,0.0,28,Female,4,Beginner Explorers,-1.4955229211419292,-0.4966816108397741
U01699,1,1,1.0,0,1.0,Finance,Intermediate,4.1,0.0,0.0,315,0.0,1.0,0.0,0.0,0.0,0.0,0.0,0.0,0.0,1.0,0.0,0.0,0.0,0.0,0.0,23,Female,3,Intermediate Value Seekers,-2.3315203937880047,-0.9037669317049595
U01700,1,1,1.0,0,1.0,Business,Intermediate,2.69,326.02,1.0,33,0.0,1.0,0.0,0.0,1.0,0.0,0.0,0.0,0.0,0.0,0.0,0.0,0.0,0.0,0.0,25,Female,1,Advanced Single-Shot Learners,-0.030173984076083734,2.039020424123127
U01701,1,1,1.0,0,1.0,Data Science,Advanced,2.57,117.68,1.0,57,0.0,0.0,1.0,0.0,0.0,0.0,1.0,0.0,0.0,0.0,0.0,0.0,0.0,0.0,0.0,22,Male,1,Advanced Single-Shot Learners,-0.2911474227415432,1.6026448304681915
U01702,14,8,1.75,301,1.3953488372093024,Cybersecurity/Business/Web Development/Design/Data Science/Digital Marketing,Beginner,3.3164285714285713,68.35857142857142,0.2857142857142857,45,0.42857142857142855,0.2857142857142857,0.2857142857142857,0.0,0.14285714285714285,0.14285714285714285,0.14285714285714285,0.14285714285714285,0.14285714285714285,0.07142857142857142,0.0,0.07142857142857142,0.0,0.0,0.14285714285714285,21,Female,2,Power Learners,3.3136251081079373,-0.9309032826949509
U01703,3,3,1.0,186,0.48387096774193544,Business/Cybersecurity/Marketing,Advanced,3.516666666666667,162.64000000000001,0.3333333333333333,139,0.0,0.3333333333333333,0.6666666666666666,0.0,0.3333333333333333,0.3333333333333333,0.0,0.0,0.0,0.0,0.0,0.3333333333333333,0.0,0.0,0.0,21,Male,2,Power Learners,1.132348076544464,-0.6408237475615608
U01704,2,2,1.0,15,2.0,Cybersecurity/Artificial Intelligence,Beginner/Intermediate,3.8100000000000005,44.795,0.5,215,0.5,0.5,0.0,0.5,0.0,0.5,0.0,0.0,0.0,0.0,0.0,0.0,0.0,0.0,0.0,30,Female,0,Premium Explorers,0.2362314204642754,0.9623747331786655
U01705,1,1,1.0,0,1.0,Programming,Beginner,4.74,472.28,1.0,330,1.0,0.0,0.0,0.0,0.0,0.0,0.0,0.0,0.0,0.0,0.0,0.0,1.0,0.0,0.0,28,Male,4,Beginner Explorers,-0.9830609177586338,2.7857820652554897
U01706,1,1,1.0,0,1.0,Programming,Beginner,3.85,0.0,0.0,94,1.0,0.0,0.0,0.0,0.0,0.0,0.0,0.0,0.0,0.0,0.0,0.0,1.0,0.0,0.0,17,Female,4,Beginner Explorers,-1.3368604746647588,0.027950058682512012
U01707,3,3,1.0,118,0.7627118644067797,Finance/Marketing/Cybersecurity,Beginner/Intermediate/Advanced,4.16,39.68,0.3333333333333333,107,0.3333333333333333,0.3333333333333333,0.3333333333333333,0.0,0.0,0.3333333333333333,0.0,0.0,0.0,0.3333333333333333,0.0,0.3333333333333333,0.0,0.0,0.0,32,Male,2,Power Learners,0.9450614992455412,-0.9575681510852536
U01708,14,9,1.5555555555555556,308,1.3636363636363635,Finance,Intermediate,2.6457142857142855,115.37285714285716,0.5,47,0.35714285714285715,0.42857142857142855,0.21428571428571427,0.0,0.07142857142857142,0.07142857142857142,0.14285714285714285,0.07142857142857142,0.0,0.21428571428571427,0.07142857142857142,0.14285714285714285,0.07142857142857142,0.14285714285714285,0.0,22,Male,2,Power Learners,3.524622032230489,-0.5402422604003626
U01709,1,1,1.0,0,1.0,Digital Marketing,Beginner,2.14,0.0,0.0,329,1.0,0.0,0.0,0.0,0.0,0.0,0.0,0.0,1.0,0.0,0.0,0.0,0.0,0.0,0.0,35,Female,4,Beginner Explorers,-2.1130665750956537,0.3481424592397537
U01710,1,1,1.0,0,1.0,Cybersecurity,Intermediate,1.35,394.26,1.0,136,0.0,1.0,0.0,0.0,0.0,1.0,0.0,0.0,0.0,0.0,0.0,0.0,0.0,0.0,0.0,32,Male,3,Intermediate Value Seekers,-0.6130408639221454,1.2553244136375046
U01711,1,1,1.0,0,1.0,Finance,Beginner,2.47,53.86,1.0,114,1.0,0.0,0.0,0.0,0.0,0.0,0.0,0.0,0.0,1.0,0.0,0.0,0.0,0.0,0.0,15,Female,4,Beginner Explorers,-0.542861730230945,2.0295182727159173
U01712,1,1,1.0,0,1.0,Finance,Advanced,1.59,0.0,0.0,340,0.0,0.0,1.0,0.0,0.0,0.0,0.0,0.0,0.0,1.0,0.0,0.0,0.0,0.0,0.0,30,Male,1,Advanced Single-Shot Learners,-2.2967576068167475,-0.5738886616263399
U01713,4,4,1.0,295,0.4067796610169491,Machine Learning/Cybersecurity/Marketing/Web Development,Intermediate/Advanced,2.7,112.895,0.5,9,0.0,0.5,0.5,0.0,0.0,0.25,0.0,0.0,0.0,0.0,0.25,0.25,0.0,0.0,0.25,15,Male,2,Power Learners,1.9973544623609323,-0.881473486438167
U01714,1,1,1.0,0,1.0,Data Science,Intermediate,3.02,0.0,0.0,243,0.0,1.0,0.0,0.0,0.0,0.0,1.0,0.0,0.0,0.0,0.0,0.0,0.0,0.0,0.0,24,Female,3,Intermediate Value Seekers,-2.0006457672092997,-0.49695522690445787
U01715,1,1,1.0,0,1.0,Design,Beginner,4.51,0.0,0.0,168,1.0,0.0,0.0,0.0,0.0,0.0,0.0,1.0,0.0,0.0,0.0,0.0,0.0,0.0,0.0,27,Male,4,Beginner Explorers,-1.7757337767826618,-0.7433582312765483
U01716,1,1,1.0,0,1.0,Web Development,Advanced,4.74,57.32,1.0,119,0.0,0.0,1.0,0.0,0.0,0.0,0.0,0.0,0.0,0.0,0.0,0.0,0.0,0.0,1.0,22,Female,1,Advanced Single-Shot Learners,-0.5848219523709726,1.159065726471829
U01717,1,1,1.0,0,1.0,Data Science,Beginner,3.74,299.57,1.0,230,1.0,0.0,0.0,0.0,0.0,0.0,1.0,0.0,0.0,0.0,0.0,0.0,0.0,0.0,0.0,20,Male,4,Beginner Explorers,-0.7003156020981524,2.7522496561349383
U01718,1,1,1.0,0,1.0,Design,Advanced,1.52,0.0,0.0,217,0.0,0.0,1.0,0.0,0.0,0.0,0.0,1.0,0.0,0.0,0.0,0.0,0.0,0.0,0.0,23,Male,1,Advanced Single-Shot Learners,-1.9266500691725972,-1.1958895707540658
U01719,1,1,1.0,0,1.0,Finance,Intermediate,2.75,119.04,1.0,41,0.0,1.0,0.0,0.0,0.0,0.0,0.0,0.0,0.0,1.0,0.0,0.0,0.0,0.0,0.0,32,Female,3,Intermediate Value Seekers,-0.3770366374894224,1.1314402761326139
U01720,15,8,1.875,361,1.2465373961218837,Design/Data Science,Beginner,3.2853333333333334,110.398,0.4,3,0.4666666666666667,0.2,0.3333333333333333,0.0,0.06666666666666667,0.06666666666666667,0.2,0.2,0.06666666666666667,0.13333333333333333,0.0,0.0,0.13333333333333333,0.13333333333333333,0.0,21,Female,2,Power Learners,3.6405302425746333,-0.5428911222764238
U01721,10,7,1.4285714285714286,267,1.1235955056179774,Web Development,Advanced,3.357,81.029,0.4,42,0.3,0.3,0.4,0.2,0.1,0.0,0.1,0.0,0.0,0.0,0.0,0.1,0.1,0.1,0.3,15,Female,2,Power Learners,3.1130103423696553,-0.2354298076355149
U01722,1,1,1.0,0,1.0,Machine Learning,Advanced,1.81,0.0,0.0,133,0.0,0.0,1.0,0.0,0.0,0.0,0.0,0.0,0.0,0.0,1.0,0.0,0.0,0.0,0.0,30,Female,1,Advanced Single-Shot Learners,-1.6624268183698105,-1.4100293537390793
U01723,1,1,1.0,0,1.0,Design,Advanced,1.52,0.0,0.0,87,0.0,0.0,1.0,0.0,0.0,0.0,0.0,1.0,0.0,0.0,0.0,0.0,0.0,0.0,0.0,32,Female,1,Advanced Single-Shot Learners,-1.4847328936044115,-1.4046803004206592
U01724,16,10,1.6,353,1.3597733711048157,Design,Advanced,3.0875,76.735625,0.1875,11,0.3125,0.25,0.4375,0.125,0.0625,0.125,0.0,0.1875,0.0625,0.125,0.0625,0.0625,0.125,0.0625,0.0,17,Male,2,Power Learners,3.709317499949116,-1.1567189282821106
U01725,2,2,1.0,68,0.8823529411764706,Design/Machine Learning,Beginner/Advanced,1.325,0.0,0.0,169,0.5,0.0,0.5,0.0,0.0,0.0,0.0,0.5,0.0,0.0,0.5,0.0,0.0,0.0,0.0,33,Male,1,Advanced Single-Shot Learners,-0.33081625187375896,-1.3347771499069638
U01726,13,9,1.4444444444444444,289,1.3494809688581315,Design,Advanced,3.0107692307692306,77.59076923076924,0.46153846153846156,5,0.23076923076923078,0.15384615384615385,0.6153846153846154,0.07692307692307693,0.15384615384615385,0.07692307692307693,0.07692307692307693,0.23076923076923078,0.0,0.0,0.07692307692307693,0.07692307692307693,0.0,0.07692307692307693,0.15384615384615385,32,Female,2,Power Learners,3.5788306078619803,-0.787600090279511
U01727,1,1,1.0,0,1.0,Cybersecurity,Intermediate,3.93,0.0,0.0,304,0.0,1.0,0.0,0.0,0.0,1.0,0.0,0.0,0.0,0.0,0.0,0.0,0.0,0.0,0.0,15,Female,3,Intermediate Value Seekers,-2.3755408639889204,-1.2825844337841514
U01728,2,2,1.0,166,0.3614457831325301,Design/Marketing,Beginner/Advanced,3.745,0.0,0.0,25,0.5,0.0,0.5,0.0,0.0,0.0,0.0,0.5,0.0,0.0,0.0,0.5,0.0,0.0,0.0,33,Female,1,Advanced Single-Shot Learners,0.1994662974184004,-2.1957608455372797
U01729,15,10,1.5,329,1.3677811550151975,Project Management,Advanced,2.8966666666666665,160.0033333333333,0.5333333333333333,29,0.3333333333333333,0.26666666666666666,0.4,0.06666666666666667,0.13333333333333333,0.0,0.13333333333333333,0.06666666666666667,0.06666666666666667,0.13333333333333333,0.06666666666666667,0.0,0.06666666666666667,0.2,0.06666666666666667,29,Female,2,Power Learners,3.874838999076769,-0.15473678899399224
U01730,1,1,1.0,0,1.0,Design,Advanced,2.61,0.0,0.0,139,0.0,0.0,1.0,0.0,0.0,0.0,0.0,1.0,0.0,0.0,0.0,0.0,0.0,0.0,0.0,27,Female,1,Advanced Single-Shot Learners,-1.6809160584070748,-1.4455334808305216
U01731,1,1,1.0,0,1.0,Finance,Intermediate,4.1,0.0,0.0,358,0.0,1.0,0.0,0.0,0.0,0.0,0.0,0.0,0.0,1.0,0.0,0.0,0.0,0.0,0.0,28,Male,3,Intermediate Value Seekers,-2.5013279879464974,-0.8414531660285929
U01732,2,2,1.0,192,0.3125,Marketing/Design,Intermediate/Advanced,4.585,0.0,0.0,148,0.0,0.5,0.5,0.0,0.0,0.0,0.0,0.5,0.0,0.0,0.0,0.5,0.0,0.0,0.0,17,Female,3,Intermediate Value Seekers,-0.26955243241095445,-2.5376595675633573
U01733,4,4,1.0,64,1.875,Programming/Design/Project Management/Data Science,Intermediate,3.0850000000000004,143.985,0.5,185,0.25,0.5,0.25,0.0,0.0,0.0,0.25,0.25,0.0,0.0,0.0,0.0,0.25,0.25,0.0,20,Female,2,Power Learners,1.4915398233217252,0.4187190180027995
U01734,3,3,1.0,65,1.3846153846153848,Business/Design/Finance,Intermediate,2.32,148.35333333333332,0.6666666666666666,172,0.0,0.6666666666666666,0.3333333333333333,0.0,0.3333333333333333,0.0,0.0,0.3333333333333333,0.0,0.3333333333333333,0.0,0.0,0.0,0.0,0.0,29,Male,2,Power Learners,1.1025761746147154,0.39222288247835463
U01735,1,1,1.0,0,1.0,Web Development,Advanced,4.74,57.32,1.0,190,0.0,0.0,1.0,0.0,0.0,0.0,0.0,0.0,0.0,0.0,0.0,0.0,0.0,0.0,1.0,29,Male,1,Advanced Single-Shot Learners,-0.8506043232403023,1.2571211386399896
U01736,1,1,1.0,0,1.0,Data Science,Intermediate,3.6,0.0,0.0,331,0.0,1.0,0.0,0.0,0.0,0.0,1.0,0.0,0.0,0.0,0.0,0.0,0.0,0.0,0.0,17,Male,3,Intermediate Value Seekers,-2.3205909648937815,-0.41572276467790403
U01737,1,1,1.0,0,1.0,Programming,Beginner,1.28,0.0,0.0,21,1.0,0.0,0.0,0.0,0.0,0.0,0.0,0.0,0.0,0.0,0.0,0.0,1.0,0.0,0.0,23,Male,4,Beginner Explorers,-1.052210925012985,0.21475213907285964
U01738,1,1,1.0,0,1.0,Design,Advanced,4.45,0.0,0.0,114,0.0,0.0,1.0,0.0,0.0,0.0,0.0,1.0,0.0,0.0,0.0,0.0,0.0,0.0,0.0,16,Female,1,Advanced Single-Shot Learners,-1.632611306244009,-1.6680897106811223
U01739,1,1,1.0,0,1.0,Marketing,Advanced,2.98,0.0,0.0,88,0.0,0.0,1.0,0.0,0.0,0.0,0.0,0.0,0.0,0.0,0.0,1.0,0.0,0.0,0.0,19,Male,1,Advanced Single-Shot Learners,-1.5332784280417437,-2.225013648344537
U01740,1,1,1.0,0,1.0,Marketing,Advanced,2.98,0.0,0.0,43,0.0,0.0,1.0,0.0,0.0,0.0,0.0,0.0,0.0,0.0,0.0,1.0,0.0,0.0,0.0,20,Male,1,Advanced Single-Shot Learners,-1.3844741270517646,-2.2898404960404575
U01741,2,2,1.0,139,0.4316546762589928,Programming/Data Science,Beginner/Intermediate,2.95,0.0,0.0,143,0.5,0.5,0.0,0.0,0.0,0.0,0.5,0.0,0.0,0.0,0.0,0.0,0.5,0.0,0.0,30,Male,4,Beginner Explorers,-0.12162615895406008,-0.7499479157689877
U01742,2,1,2.0,154,0.3896103896103896,Finance,Beginner/Intermediate,4.119999999999999,0.0,0.0,25,0.5,0.5,0.0,0.0,0.0,0.0,0.0,0.0,0.0,1.0,0.0,0.0,0.0,0.0,0.0,30,Female,3,Intermediate Value Seekers,-0.16999919236818137,-1.2974829841854476
U01743,1,1,1.0,0,1.0,Machine Learning,Advanced,1.81,0.0,0.0,31,0.0,0.0,1.0,0.0,0.0,0.0,0.0,0.0,0.0,0.0,1.0,0.0,0.0,0.0,0.0,15,Male,1,Advanced Single-Shot Learners,-1.3227727142610994,-1.5159085686222604
U01744,4,4,1.0,85,1.4117647058823528,Marketing/Digital Marketing/Data Science/Business,Intermediate/Advanced,3.9625,166.315,0.5,175,0.0,0.5,0.5,0.0,0.25,0.0,0.25,0.0,0.25,0.0,0.0,0.25,0.0,0.0,0.0,22,Male,2,Power Learners,1.462918832462199,-0.18274004143104083
U01745,13,7,1.8571428571428572,274,1.4233576642335768,Data Science/Project Management,Beginner,3.2546153846153842,124.81846153846153,0.46153846153846156,46,0.38461538461538464,0.3076923076923077,0.3076923076923077,0.15384615384615385,0.0,0.07692307692307693,0.23076923076923078,0.0,0.15384615384615385,0.0,0.0,0.07692307692307693,0.0,0.23076923076923078,0.07692307692307693,21,Female,2,Power Learners,3.369698311544462,-0.07584872115560001
U01746,14,8,1.75,317,1.3249211356466877,Project Management/Digital Marketing,Beginner,3.3685714285714288,114.80357142857143,0.42857142857142855,25,0.6428571428571429,0.07142857142857142,0.2857142857142857,0.07142857142857142,0.0,0.0,0.14285714285714285,0.07142857142857142,0.21428571428571427,0.07142857142857142,0.0,0.0,0.14285714285714285,0.21428571428571427,0.07142857142857142,24,Male,2,Power Learners,3.5798878592135877,-0.04152459844483488
U01747,4,4,1.0,205,0.5853658536585367,Web Development/Digital Marketing/Marketing/Project Management,Intermediate,3.6925,44.335,0.25,107,0.25,0.5,0.25,0.0,0.0,0.0,0.0,0.0,0.25,0.0,0.0,0.25,0.0,0.25,0.25,19,Female,2,Power Learners,1.5206752301856747,-0.6342924963407369
U01748,1,1,1.0,0,1.0,Cybersecurity,Intermediate,1.35,394.26,1.0,18,0.0,1.0,0.0,0.0,0.0,1.0,0.0,0.0,0.0,0.0,0.0,0.0,0.0,0.0,0.0,22,Male,3,Intermediate Value Seekers,-0.2065469323272624,1.1074526008517525
U01749,1,1,1.0,0,1.0,Design,Advanced,2.72,276.37,1.0,85,0.0,0.0,1.0,0.0,0.0,0.0,0.0,1.0,0.0,0.0,0.0,0.0,0.0,0.0,0.0,31,Female,1,Advanced Single-Shot Learners,-0.3812184213464083,0.8967007949670655
U01750,4,4,1.0,198,0.6060606060606061,Project Management/Design/Programming/Business,Beginner/Intermediate,3.4349999999999996,156.91500000000002,0.5,137,0.5,0.5,0.0,0.0,0.25,0.0,0.0,0.25,0.0,0.0,0.0,0.0,0.25,0.25,0.0,24,Male,2,Power Learners,1.6979393812838897,0.5704229115014904
U01751,1,1,1.0,0,1.0,Machine Learning,Advanced,3.89,0.78,1.0,287,0.0,0.0,1.0,0.0,0.0,0.0,0.0,0.0,0.0,0.0,1.0,0.0,0.0,0.0,0.0,25,Female,1,Advanced Single-Shot Learners,-1.7707714991979318,0.08987475632738431
U01752,4,4,1.0,267,0.449438202247191,Digital Marketing/Artificial Intelligence/Programming/Design,Advanced,2.8,75.495,0.5,29,0.25,0.25,0.5,0.25,0.0,0.0,0.0,0.25,0.25,0.0,0.0,0.0,0.25,0.0,0.0,34,Female,2,Power Learners,2.0521420411642994,0.07510845685956678
U01753,1,1,1.0,0,1.0,Business,Advanced,2.0,0.0,0.0,117,0.0,0.0,1.0,0.0,1.0,0.0,0.0,0.0,0.0,0.0,0.0,0.0,0.0,0.0,0.0,17,Female,1,Advanced Single-Shot Learners,-1.3513048502780303,-0.20503676081966063
U01754,1,1,1.0,0,1.0,Artificial Intelligence,Beginner,3.64,0.0,0.0,185,1.0,0.0,0.0,1.0,0.0,0.0,0.0,0.0,0.0,0.0,0.0,0.0,0.0,0.0,0.0,22,Male,0,Premium Explorers,-1.3542947749957885,1.3487121068343377
U01755,1,1,1.0,0,1.0,Business,Beginner,1.96,285.05,1.0,37,1.0,0.0,0.0,0.0,1.0,0.0,0.0,0.0,0.0,0.0,0.0,0.0,0.0,0.0,0.0,26,Female,1,Advanced Single-Shot Learners,0.10951372088756947,2.978772856499707
U01756,2,2,1.0,62,0.9677419354838709,Programming/Machine Learning,Beginner/Intermediate,1.505,0.0,0.0,276,0.5,0.5,0.0,0.0,0.0,0.0,0.0,0.0,0.0,0.0,0.5,0.0,0.5,0.0,0.0,21,Male,4,Beginner Explorers,-0.6506180335832378,-0.7890689953450765
U01757,1,1,1.0,0,1.0,Programming,Beginner,2.88,0.0,0.0,135,1.0,0.0,0.0,0.0,0.0,0.0,0.0,0.0,0.0,0.0,0.0,0.0,1.0,0.0,0.0,26,Female,4,Beginner Explorers,-1.4592527201313499,0.1786614316576496
U01758,1,1,1.0,0,1.0,Business,Intermediate,2.69,326.02,1.0,146,0.0,1.0,0.0,0.0,1.0,0.0,0.0,0.0,0.0,0.0,0.0,0.0,0.0,0.0,0.0,16,Female,1,Advanced Single-Shot Learners,-0.3954606033442669,2.2131786649964
U01759,1,1,1.0,0,1.0,Design,Advanced,2.72,276.37,1.0,295,0.0,0.0,1.0,0.0,0.0,0.0,0.0,1.0,0.0,0.0,0.0,0.0,0.0,0.0,0.0,21,Male,1,Advanced Single-Shot Learners,-1.0886807305670971,1.2193763127187935
U01760,1,1,1.0,0,1.0,Artificial Intelligence,Beginner,4.55,490.9,1.0,178,1.0,0.0,0.0,1.0,0.0,0.0,0.0,0.0,0.0,0.0,0.0,0.0,0.0,0.0,0.0,19,Male,0,Premium Explorers,-0.14736856424922065,3.7845174234873777
U01761,2,2,1.0,225,0.26666666666666666,Business/Machine Learning,Intermediate/Advanced,2.44,0.0,0.0,97,0.0,0.5,0.5,0.0,0.5,0.0,0.0,0.0,0.0,0.0,0.5,0.0,0.0,0.0,0.0,31,Male,1,Advanced Single-Shot Learners,0.047668965216421125,-1.4734907338482255
U01762,15,11,1.3636363636363635,240,1.875,Marketing,Advanced,3.624666666666667,95.136,0.4,15,0.26666666666666666,0.26666666666666666,0.4666666666666667,0.06666666666666667,0.13333333333333333,0.06666666666666667,0.06666666666666667,0.06666666666666667,0.13333333333333333,0.0,0.06666666666666667,0.2,0.06666666666666667,0.06666666666666667,0.06666666666666667,33,Male,2,Power Learners,3.808236288351616,-1.013976063650128
U01763,1,1,1.0,0,1.0,Artificial Intelligence,Beginner,1.2,248.1,1.0,154,1.0,0.0,0.0,1.0,0.0,0.0,0.0,0.0,0.0,0.0,0.0,0.0,0.0,0.0,0.0,24,Male,0,Premium Explorers,-0.0747625437197758,3.993509916572919
U01764,2,2,1.0,79,0.759493670886076,Digital Marketing/Business,Beginner,3.2,142.525,0.5,72,1.0,0.0,0.0,0.0,0.5,0.0,0.0,0.0,0.5,0.0,0.0,0.0,0.0,0.0,0.0,30,Male,4,Beginner Explorers,1.0295139054707436,1.287488691585506
U01765,1,1,1.0,0,1.0,Marketing,Advanced,2.01,0.0,0.0,161,0.0,0.0,1.0,0.0,0.0,0.0,0.0,0.0,0.0,0.0,0.0,1.0,0.0,0.0,0.0,24,Female,1,Advanced Single-Shot Learners,-1.7373130617742298,-2.033244235978666
U01766,3,3,1.0,125,0.72,Cybersecurity/Project Management/Design,Advanced,2.9633333333333334,207.6933333333333,0.6666666666666666,179,0.3333333333333333,0.0,0.6666666666666666,0.0,0.0,0.3333333333333333,0.0,0.3333333333333333,0.0,0.0,0.0,0.0,0.0,0.3333333333333333,0.0,33,Female,2,Power Learners,1.1865808660444601,0.6076012360643483
U01767,1,1,1.0,0,1.0,Digital Marketing,Beginner,4.44,0.0,0.0,300,1.0,0.0,0.0,0.0,0.0,0.0,0.0,0.0,1.0,0.0,0.0,0.0,0.0,0.0,0.0,15,Female,4,Beginner Explorers,-2.0521213071407853,0.08405310235198732
U01768,2,2,1.0,127,0.47244094488188976,Cybersecurity/Design,Intermediate/Advanced,4.19,0.0,0.0,118,0.0,0.5,0.5,0.0,0.0,0.5,0.0,0.5,0.0,0.0,0.0,0.0,0.0,0.0,0.0,26,Female,3,Intermediate Value Seekers,-0.2433462742681705,-2.1443617539120865
U01769,4,4,1.0,203,0.5911330049261084,Marketing/Digital Marketing/Finance/Machine Learning,Beginner/Intermediate,3.1875000000000004,13.465,0.25,132,0.5,0.5,0.0,0.0,0.0,0.0,0.0,0.0,0.25,0.25,0.25,0.25,0.0,0.0,0.0,15,Male,2,Power Learners,1.214801743912413,-0.9629958294984101
U01770,2,2,1.0,189,0.31746031746031744,Cybersecurity/Design,Beginner/Advanced,4.695,0.0,0.0,95,0.5,0.0,0.5,0.0,0.0,0.5,0.0,0.5,0.0,0.0,0.0,0.0,0.0,0.0,0.0,22,Female,4,Beginner Explorers,-0.048798701436315844,-1.810671596275114
U01771,3,3,1.0,180,0.5,Machine Learning/Project Management/Design,Advanced,2.2133333333333334,115.82999999999998,0.6666666666666666,135,0.0,0.0,1.0,0.0,0.0,0.0,0.0,0.3333333333333333,0.0,0.0,0.3333333333333333,0.0,0.0,0.3333333333333333,0.0,21,Male,1,Advanced Single-Shot Learners,1.2905287567311403,0.20843209953057143
U01772,1,1,1.0,0,1.0,Marketing,Advanced,2.01,0.0,0.0,290,0.0,0.0,1.0,0.0,0.0,0.0,0.0,0.0,0.0,0.0,0.0,1.0,0.0,0.0,0.0,32,Female,1,Advanced Single-Shot Learners,-2.177914858767945,-1.8664495075367273
U01773,16,8,2.0,316,1.518987341772152,Artificial Intelligence,Beginner,3.1243749999999997,162.28375000000003,0.625,28,0.5625,0.1875,0.25,0.25,0.125,0.0,0.0,0.0,0.0625,0.1875,0.0,0.0625,0.125,0.0625,0.125,17,Male,2,Power Learners,3.8604858221350487,0.32745506798090285
U01774,1,1,1.0,0,1.0,Cybersecurity,Beginner,4.94,0.0,0.0,151,1.0,0.0,0.0,0.0,0.0,1.0,0.0,0.0,0.0,0.0,0.0,0.0,0.0,0.0,0.0,17,Male,4,Beginner Explorers,-1.7621646266318258,-0.7247819197106912
U01775,2,2,1.0,61,0.9836065573770493,Design/Project Management,Beginner/Advanced,3.0999999999999996,0.0,0.0,222,0.5,0.0,0.5,0.0,0.0,0.0,0.0,0.5,0.0,0.0,0.0,0.0,0.0,0.5,0.0,31,Female,1,Advanced Single-Shot Learners,-0.41990440172779975,-0.6930800276956337
U01776,2,2,1.0,190,0.31578947368421056,Business/Digital Marketing,Beginner/Advanced,2.645,0.0,0.0,52,0.5,0.0,0.5,0.0,0.5,0.0,0.0,0.0,0.5,0.0,0.0,0.0,0.0,0.0,0.0,30,Female,1,Advanced Single-Shot Learners,0.33897652360974695,-0.7867120057230133
U01777,1,1,1.0,0,1.0,Web Development,Beginner,2.2,0.0,0.0,22,1.0,0.0,0.0,0.0,0.0,0.0,0.0,0.0,0.0,0.0,0.0,0.0,0.0,0.0,1.0,27,Male,4,Beginner Explorers,-1.0666914260391307,0.024277617495200576
U01778,2,2,1.0,73,0.8219178082191781,Data Science/Design,Beginner/Intermediate,4.055,0.0,0.0,191,0.5,0.5,0.0,0.0,0.0,0.0,0.5,0.5,0.0,0.0,0.0,0.0,0.0,0.0,0.0,24,Female,3,Intermediate Value Seekers,-0.4149659019173077,-1.1674748967906934
U01779,1,1,1.0,0,1.0,Marketing,Intermediate,4.72,0.0,0.0,361,0.0,1.0,0.0,0.0,0.0,0.0,0.0,0.0,0.0,0.0,0.0,1.0,0.0,0.0,0.0,31,Male,3,Intermediate Value Seekers,-2.5858400022815573,-2.0731515330380614
U01780,1,1,1.0,0,1.0,Project Management,Advanced,1.23,346.71,1.0,100,0.0,0.0,1.0,0.0,0.0,0.0,0.0,0.0,0.0,0.0,0.0,0.0,0.0,1.0,0.0,27,Male,1,Advanced Single-Shot Learners,-0.15948766448122534,2.640531270213357
U01781,1,1,1.0,0,1.0,Project Management,Intermediate,3.45,0.0,0.0,114,0.0,1.0,0.0,0.0,0.0,0.0,0.0,0.0,0.0,0.0,0.0,0.0,0.0,1.0,0.0,30,Male,3,Intermediate Value Seekers,-1.5072313828113564,-0.08765982258672791
U01782,1,1,1.0,0,1.0,Programming,Beginner,3.85,0.0,0.0,115,1.0,0.0,0.0,0.0,0.0,0.0,0.0,0.0,0.0,0.0,0.0,0.0,1.0,0.0,0.0,17,Female,4,Beginner Explorers,-1.406904974262273,0.05738482291604044
U01783,3,3,1.0,81,1.111111111111111,Web Development/Project Management/Business,Advanced,3.7800000000000007,19.106666666666666,0.3333333333333333,50,0.0,0.3333333333333333,0.6666666666666666,0.0,0.3333333333333333,0.0,0.0,0.0,0.0,0.0,0.0,0.0,0.0,0.3333333333333333,0.3333333333333333,28,Male,2,Power Learners,1.214165258042876,-0.2043093252547467
U01784,1,1,1.0,0,1.0,Finance,Intermediate,2.75,119.04,1.0,77,0.0,1.0,0.0,0.0,0.0,0.0,0.0,0.0,0.0,1.0,0.0,0.0,0.0,0.0,0.0,32,Female,3,Intermediate Value Seekers,-0.4971129225137327,1.18189987196152
U01785,1,1,1.0,0,1.0,Machine Learning,Intermediate,4.73,0.0,0.0,204,0.0,1.0,0.0,0.0,0.0,0.0,0.0,0.0,0.0,0.0,1.0,0.0,0.0,0.0,0.0,34,Female,3,Intermediate Value Seekers,-2.06250408124343,-1.6598986055600102
U01786,13,8,1.625,333,1.1711711711711712,Finance,Advanced,3.1830769230769227,118.44461538461539,0.46153846153846156,7,0.3076923076923077,0.23076923076923078,0.46153846153846156,0.07692307692307693,0.07692307692307693,0.15384615384615385,0.0,0.07692307692307693,0.07692307692307693,0.23076923076923078,0.0,0.0,0.0,0.15384615384615385,0.15384615384615385,25,Female,2,Power Learners,3.547175279897167,-0.44874293455221587
U01787,2,2,1.0,213,0.28169014084507044,Digital Marketing/Artificial Intelligence,Intermediate/Advanced,3.285,133.465,1.0,103,0.0,0.5,0.5,0.5,0.0,0.0,0.0,0.0,0.5,0.0,0.0,0.0,0.0,0.0,0.0,30,Female,0,Premium Explorers,1.2331397399359163,1.4591331677528854
U01788,2,2,1.0,116,0.5172413793103449,Marketing/Artificial Intelligence,Intermediate/Advanced,3.7350000000000003,44.795,0.5,239,0.0,0.5,0.5,0.5,0.0,0.0,0.0,0.0,0.0,0.0,0.0,0.5,0.0,0.0,0.0,15,Male,0,Premium Explorers,0.29321661137413,0.1149755001295501
U01789,15,8,1.875,288,1.5625,Data Science,Beginner,3.2340000000000004,96.142,0.4,16,0.4666666666666667,0.2,0.3333333333333333,0.0,0.0,0.13333333333333333,0.2,0.06666666666666667,0.13333333333333333,0.06666666666666667,0.0,0.0,0.13333333333333333,0.13333333333333333,0.13333333333333333,33,Female,2,Power Learners,3.5770954704884557,-0.5225760407913058
U01790,1,1,1.0,0,1.0,Data Science,Beginner,3.74,299.57,1.0,189,1.0,0.0,0.0,0.0,0.0,0.0,1.0,0.0,0.0,0.0,0.0,0.0,0.0,0.0,0.0,25,Male,4,Beginner Explorers,-0.5700173317169543,2.686020018558631
U01791,2,2,1.0,80,0.75,Finance/Marketing,Beginner/Advanced,3.63,26.93,0.5,140,0.5,0.0,0.5,0.0,0.0,0.0,0.0,0.0,0.0,0.5,0.0,0.5,0.0,0.0,0.0,31,Female,1,Advanced Single-Shot Learners,0.4034042696400298,-0.4273770661640456
U01792,1,1,1.0,0,1.0,Finance,Beginner,2.47,53.86,1.0,145,1.0,0.0,0.0,0.0,0.0,0.0,0.0,0.0,0.0,1.0,0.0,0.0,0.0,0.0,0.0,15,Male,4,Beginner Explorers,-0.6661886195959571,2.083773937664924
U01793,1,1,1.0,0,1.0,Cybersecurity,Intermediate,3.93,0.0,0.0,327,0.0,1.0,0.0,0.0,0.0,1.0,0.0,0.0,0.0,0.0,0.0,0.0,0.0,0.0,0.0,30,Male,3,Intermediate Value Seekers,-2.4915499638157734,-1.2658273059995058
U01794,1,1,1.0,0,1.0,Business,Advanced,2.0,0.0,0.0,297,0.0,0.0,1.0,0.0,1.0,0.0,0.0,0.0,0.0,0.0,0.0,0.0,0.0,0.0,0.0,26,Male,1,Advanced Single-Shot Learners,-1.983233639162895,0.04229438845533303
U01795,13,9,1.4444444444444444,325,1.2,Artificial Intelligence/Programming/Machine Learning/Project Management,Advanced,2.964615384615385,88.11999999999999,0.3076923076923077,29,0.3076923076923077,0.3076923076923077,0.38461538461538464,0.15384615384615385,0.07692307692307693,0.0,0.0,0.0,0.07692307692307693,0.07692307692307693,0.15384615384615385,0.07692307692307693,0.15384615384615385,0.15384615384615385,0.07692307692307693,15,Female,2,Power Learners,3.5239146355113915,-0.6018892390647472
U01796,1,1,1.0,0,1.0,Web Development,Advanced,2.67,0.0,0.0,284,0.0,0.0,1.0,0.0,0.0,0.0,0.0,0.0,0.0,0.0,0.0,0.0,0.0,0.0,1.0,15,Male,1,Advanced Single-Shot Learners,-2.0104044069724263,-0.5045387636889322
U01797,1,1,1.0,0,1.0,Artificial Intelligence,Beginner,4.55,490.9,1.0,107,1.0,0.0,0.0,1.0,0.0,0.0,0.0,0.0,0.0,0.0,0.0,0.0,0.0,0.0,0.0,33,Male,0,Premium Explorers,0.07137377937188984,3.6604669465322206
U01798,1,1,1.0,0,1.0,Business,Advanced,3.64,487.92,1.0,86,0.0,0.0,1.0,0.0,1.0,0.0,0.0,0.0,0.0,0.0,0.0,0.0,0.0,0.0,0.0,18,Male,1,Advanced Single-Shot Learners,-0.10978258786082686,2.11776456936929
U01799,1,1,1.0,0,1.0,Business,Advanced,3.15,0.0,0.0,26,0.0,0.0,1.0,0.0,1.0,0.0,0.0,0.0,0.0,0.0,0.0,0.0,0.0,0.0,0.0,33,Female,1,Advanced Single-Shot Learners,-1.0992375481745666,-0.4898692560544672
U01800,2,2,1.0,36,1.6666666666666667,Artificial Intelligence/Data Science,Beginner/Intermediate,2.4,124.05,0.5,189,0.5,0.5,0.0,0.5,0.0,0.0,0.5,0.0,0.0,0.0,0.0,0.0,0.0,0.0,0.0,25,Female,0,Premium Explorers,0.6856948232157569,1.6202029474568622
U01801,1,1,1.0,0,1.0,Cybersecurity,Intermediate,1.35,394.26,1.0,318,0.0,1.0,0.0,0.0,0.0,1.0,0.0,0.0,0.0,0.0,0.0,0.0,0.0,0.0,0.0,20,Male,3,Intermediate Value Seekers,-1.2046005302823635,1.5314539385788788
U01802,1,1,1.0,0,1.0,Design,Advanced,2.72,276.37,1.0,191,0.0,0.0,1.0,0.0,0.0,0.0,0.0,1.0,0.0,0.0,0.0,0.0,0.0,0.0,0.0,15,Female,1,Advanced Single-Shot Learners,-0.7141194870492249,1.073313918131014
U01803,3,3,1.0,283,0.31802120141342755,Programming/Project Management/Web Development,Beginner,3.6799999999999997,114.20333333333333,0.3333333333333333,70,0.6666666666666666,0.3333333333333333,0.0,0.0,0.0,0.0,0.0,0.0,0.0,0.0,0.0,0.0,0.3333333333333333,0.3333333333333333,0.3333333333333333,27,Female,2,Power Learners,1.5374048998676817,0.5213769754006863
U01804,2,2,1.0,45,1.3333333333333333,Digital Marketing/Marketing,Beginner/Advanced,3.71,0.0,0.0,251,0.5,0.0,0.5,0.0,0.0,0.0,0.0,0.0,0.5,0.0,0.0,0.5,0.0,0.0,0.0,20,Female,4,Beginner Explorers,-0.5697263571480866,-1.4675064592474403
U01805,15,9,1.6666666666666667,322,1.3975155279503106,Web Development/Cybersecurity,Beginner,2.8340000000000005,28.797333333333334,0.2,38,0.4,0.3333333333333333,0.26666666666666666,0.06666666666666667,0.13333333333333333,0.2,0.06666666666666667,0.06666666666666667,0.0,0.0,0.06666666666666667,0.0,0.13333333333333333,0.06666666666666667,0.2,21,Male,2,Power Learners,3.3699930420066706,-0.9998612725495786
U01806,1,1,1.0,0,1.0,Finance,Beginner,4.14,0.0,0.0,348,1.0,0.0,0.0,0.0,0.0,0.0,0.0,0.0,0.0,1.0,0.0,0.0,0.0,0.0,0.0,26,Male,4,Beginner Explorers,-2.3138485520332575,0.02200581737726156
U01807,2,2,1.0,222,0.27027027027027023,Marketing/Artificial Intelligence,Beginner/Advanced,3.7649999999999997,245.45,0.5,118,0.5,0.0,0.5,0.5,0.0,0.0,0.0,0.0,0.0,0.0,0.0,0.5,0.0,0.0,0.0,31,Male,0,Premium Explorers,1.0583686688353129,0.6241003087095566
U01808,3,2,1.5,244,0.36885245901639346,Digital Marketing,Beginner/Intermediate/Advanced,4.183333333333334,228.22333333333333,0.6666666666666666,89,0.3333333333333333,0.3333333333333333,0.3333333333333333,0.0,0.0,0.0,0.0,0.0,0.6666666666666666,0.0,0.0,0.0,0.3333333333333333,0.0,0.0,15,Male,2,Power Learners,1.3287522860226684,0.6051107869601533
U01809,13,8,1.625,297,1.3131313131313131,Digital Marketing/Cybersecurity/Project Management/Machine Learning/Finance,Beginner,3.3169230769230773,109.82923076923075,0.38461538461538464,13,0.46153846153846156,0.3076923076923077,0.23076923076923078,0.07692307692307693,0.0,0.15384615384615385,0.0,0.07692307692307693,0.15384615384615385,0.15384615384615385,0.15384615384615385,0.0,0.0,0.15384615384615385,0.07692307692307693,24,Female,2,Power Learners,3.463427220672331,-0.5779066173844996
U01810,15,8,1.875,344,1.3081395348837208,Business,Advanced,2.911333333333333,149.47066666666666,0.4666666666666667,9,0.2,0.3333333333333333,0.4666666666666667,0.13333333333333333,0.26666666666666666,0.06666666666666667,0.06666666666666667,0.06666666666666667,0.0,0.0,0.13333333333333333,0.0,0.0,0.13333333333333333,0.13333333333333333,15,Female,2,Power Learners,3.7481747112849115,-0.2993203807635301
U01811,1,1,1.0,0,1.0,Finance,Advanced,1.59,0.0,0.0,54,0.0,0.0,1.0,0.0,0.0,0.0,0.0,0.0,0.0,1.0,0.0,0.0,0.0,0.0,0.0,28,Female,1,Advanced Single-Shot Learners,-1.3203082546153877,-0.9820617578771863
U01812,15,10,1.5,335,1.3432835820895523,Data Science/Programming/Project Management/Web Development/Machine Learning,Advanced,2.9353333333333333,53.23533333333333,0.3333333333333333,7,0.3333333333333333,0.26666666666666666,0.4,0.0,0.0,0.06666666666666667,0.13333333333333333,0.06666666666666667,0.06666666666666667,0.06666666666666667,0.13333333333333333,0.06666666666666667,0.13333333333333333,0.13333333333333333,0.13333333333333333,17,Male,2,Power Learners,3.65961456617955,-1.0029870227727267
U01813,1,1,1.0,0,1.0,Data Science,Beginner,3.65,0.0,0.0,303,1.0,0.0,0.0,0.0,0.0,0.0,1.0,0.0,0.0,0.0,0.0,0.0,0.0,0.0,0.0,24,Female,4,Beginner Explorers,-2.065032861220889,0.39480703566626607
U01814,3,3,1.0,122,0.7377049180327869,Programming/Marketing/Machine Learning,Beginner/Intermediate/Advanced,2.8266666666666667,157.42666666666665,0.3333333333333333,100,0.3333333333333333,0.3333333333333333,0.3333333333333333,0.0,0.0,0.0,0.0,0.0,0.0,0.0,0.3333333333333333,0.3333333333333333,0.3333333333333333,0.0,0.0,17,Female,2,Power Learners,1.2657770232588221,-0.48379454303172514
U01815,1,1,1.0,0,1.0,Design,Beginner,4.51,0.0,0.0,125,1.0,0.0,0.0,0.0,0.0,0.0,0.0,1.0,0.0,0.0,0.0,0.0,0.0,0.0,0.0,30,Male,4,Beginner Explorers,-1.6361824910970733,-0.8088864739126623
U01816,2,2,1.0,212,0.2830188679245283,Data Science/Digital Marketing,Beginner,2.895,0.0,0.0,64,1.0,0.0,0.0,0.0,0.0,0.0,0.5,0.0,0.5,0.0,0.0,0.0,0.0,0.0,0.0,21,Male,4,Beginner Explorers,0.2790907556346736,-0.5095877714831092
U01817,1,1,1.0,0,1.0,Business,Advanced,2.0,0.0,0.0,257,0.0,0.0,1.0,0.0,1.0,0.0,0.0,0.0,0.0,0.0,0.0,0.0,0.0,0.0,0.0,33,Male,1,Advanced Single-Shot Learners,-1.8588529317243008,-0.026038299500858945
U01818,2,2,1.0,13,2.0,Finance/Marketing,Beginner/Intermediate,3.5949999999999998,26.93,0.5,164,0.5,0.5,0.0,0.0,0.0,0.0,0.0,0.0,0.0,0.5,0.0,0.5,0.0,0.0,0.0,15,Male,3,Intermediate Value Seekers,0.14339909337398318,-0.25853109232957966
U01819,1,1,1.0,0,1.0,Marketing,Advanced,4.79,0.0,0.0,139,0.0,0.0,1.0,0.0,0.0,0.0,0.0,0.0,0.0,0.0,0.0,1.0,0.0,0.0,0.0,17,Male,1,Advanced Single-Shot Learners,-1.7492840231227524,-2.3534436530449256
U01820,15,11,1.3636363636363635,327,1.3761467889908257,Business,Advanced,2.874666666666667,160.504,0.4666666666666667,25,0.3333333333333333,0.26666666666666666,0.4,0.06666666666666667,0.2,0.06666666666666667,0.13333333333333333,0.06666666666666667,0.06666666666666667,0.06666666666666667,0.06666666666666667,0.13333333333333333,0.06666666666666667,0.06666666666666667,0.0,24,Male,2,Power Learners,3.8980489281718222,-0.5438005267676054
U01821,1,1,1.0,0,1.0,Business,Advanced,3.15,0.0,0.0,157,0.0,0.0,1.0,0.0,1.0,0.0,0.0,0.0,0.0,0.0,0.0,0.0,0.0,0.0,0.0,22,Male,1,Advanced Single-Shot Learners,-1.541908065523721,-0.2761721651286052
U01822,15,9,1.6666666666666667,349,1.2893982808022924,Finance/Machine Learning,Advanced,2.9059999999999997,29.802000000000003,0.13333333333333333,11,0.3333333333333333,0.26666666666666666,0.4,0.06666666666666667,0.06666666666666667,0.0,0.0,0.13333333333333333,0.06666666666666667,0.2,0.2,0.06666666666666667,0.0,0.13333333333333333,0.06666666666666667,22,Male,2,Power Learners,3.4120410317178935,-1.3637123491234073
U01823,1,1,1.0,0,1.0,Finance,Advanced,1.59,0.0,0.0,288,0.0,0.0,1.0,0.0,0.0,0.0,0.0,0.0,0.0,1.0,0.0,0.0,0.0,0.0,0.0,22,Male,1,Advanced Single-Shot Learners,-2.112985641680585,-0.6327559212120077
U01824,1,1,1.0,0,1.0,Project Management,Beginner,1.51,327.99,1.0,28,1.0,0.0,0.0,0.0,0.0,0.0,0.0,0.0,0.0,0.0,0.0,0.0,0.0,1.0,0.0,20,Male,4,Beginner Explorers,0.1475527793977308,3.3744922942747055
U01825,14,9,1.5555555555555556,254,1.6535433070866141,Machine Learning,Intermediate,3.143571428571428,54.151428571428575,0.14285714285714285,46,0.2857142857142857,0.5,0.21428571428571427,0.14285714285714285,0.0,0.14285714285714285,0.0,0.07142857142857142,0.14285714285714285,0.07142857142857142,0.21428571428571427,0.07142857142857142,0.0,0.07142857142857142,0.07142857142857142,25,Male,2,Power Learners,3.294232955451804,-1.2632678290383406
U01826,1,1,1.0,0,1.0,Digital Marketing,Beginner,2.14,0.0,0.0,93,1.0,0.0,0.0,0.0,0.0,0.0,0.0,0.0,1.0,0.0,0.0,0.0,0.0,0.0,0.0,17,Male,4,Beginner Explorers,-1.3225886886363394,0.05969847416723231
U01827,1,1,1.0,0,1.0,Design,Advanced,4.45,0.0,0.0,30,0.0,0.0,1.0,0.0,0.0,0.0,0.0,1.0,0.0,0.0,0.0,0.0,0.0,0.0,0.0,28,Male,1,Advanced Single-Shot Learners,-1.3878538374884917,-1.7960526562141372
U01828,1,1,1.0,0,1.0,Digital Marketing,Advanced,3.89,177.34,1.0,279,0.0,0.0,1.0,0.0,0.0,0.0,0.0,0.0,1.0,0.0,0.0,0.0,0.0,0.0,0.0,21,Male,1,Advanced Single-Shot Learners,-0.9989387505252271,1.6085575192981514
U01829,2,2,1.0,83,0.7228915662650602,Finance/Cybersecurity,Intermediate,3.005,0.0,0.0,76,0.0,1.0,0.0,0.0,0.0,0.5,0.0,0.0,0.0,0.5,0.0,0.0,0.0,0.0,0.0,27,Male,3,Intermediate Value Seekers,-0.14819981792945539,-1.8089015757700129
U01830,1,1,1.0,0,1.0,Web Development,Advanced,1.3,37.89,1.0,85,0.0,0.0,1.0,0.0,0.0,0.0,0.0,0.0,0.0,0.0,0.0,0.0,0.0,0.0,1.0,15,Male,1,Advanced Single-Shot Learners,-0.4441932659984632,1.446588792472202
U01831,1,1,1.0,0,1.0,Programming,Beginner,4.74,472.28,1.0,94,1.0,0.0,0.0,0.0,0.0,0.0,0.0,0.0,0.0,0.0,0.0,0.0,1.0,0.0,0.0,34,Female,4,Beginner Explorers,-0.183712625969864,2.433672917710927
U01832,1,1,1.0,0,1.0,Programming,Beginner,2.88,0.0,0.0,349,1.0,0.0,0.0,0.0,0.0,0.0,0.0,0.0,0.0,0.0,0.0,0.0,1.0,0.0,0.0,24,Male,4,Beginner Explorers,-2.1903852811224547,0.4929247478898381
U01833,2,2,1.0,161,0.3726708074534162,Marketing/Business,Advanced,4.215,243.96,0.5,75,0.0,0.0,1.0,0.0,0.5,0.0,0.0,0.0,0.0,0.0,0.0,0.5,0.0,0.0,0.0,16,Male,1,Advanced Single-Shot Learners,1.0175928004030839,-0.26265545722200917
U01834,1,1,1.0,0,1.0,Machine Learning,Intermediate,1.73,0.0,0.0,26,0.0,1.0,0.0,0.0,0.0,0.0,0.0,0.0,0.0,0.0,1.0,0.0,0.0,0.0,0.0,33,Female,3,Intermediate Value Seekers,-1.3871495190179377,-1.5704821287425794
U01835,2,1,2.0,6,2.0,Marketing,Intermediate/Advanced,4.755,0.0,0.0,24,0.0,0.5,0.5,0.0,0.0,0.0,0.0,0.0,0.0,0.0,0.0,1.0,0.0,0.0,0.0,27,Male,3,Intermediate Value Seekers,-0.6250009027856648,-2.766168470074331
U01836,1,1,1.0,0,1.0,Data Science,Beginner,3.74,299.57,1.0,160,1.0,0.0,0.0,0.0,0.0,0.0,1.0,0.0,0.0,0.0,0.0,0.0,0.0,0.0,0.0,32,Female,4,Beginner Explorers,-0.46239873410837684,2.6223011941204892
U01837,1,1,1.0,0,1.0,Business,Intermediate,2.69,326.02,1.0,240,0.0,1.0,0.0,0.0,1.0,0.0,0.0,0.0,0.0,0.0,0.0,0.0,0.0,0.0,0.0,24,Female,1,Advanced Single-Shot Learners,-0.7193215676754589,2.330915453049125
U01838,2,2,1.0,47,1.2765957446808511,Finance/Cybersecurity,Intermediate,4.015,0.0,0.0,226,0.0,1.0,0.0,0.0,0.0,0.5,0.0,0.0,0.0,0.5,0.0,0.0,0.0,0.0,0.0,24,Male,3,Intermediate Value Seekers,-0.694733614590283,-1.6766026895444266
U01839,1,1,1.0,0,1.0,Data Science,Intermediate,3.6,0.0,0.0,54,0.0,1.0,0.0,0.0,0.0,0.0,1.0,0.0,0.0,0.0,0.0,0.0,0.0,0.0,0.0,22,Female,3,Intermediate Value Seekers,-1.3831980709813603,-0.8235474323400431
U01840,14,10,1.4,308,1.3636363636363635,Machine Learning,Beginner,3.3735714285714287,32.91642857142857,0.2857142857142857,35,0.42857142857142855,0.21428571428571427,0.35714285714285715,0.0,0.07142857142857142,0.07142857142857142,0.07142857142857142,0.0,0.07142857142857142,0.07142857142857142,0.21428571428571427,0.07142857142857142,0.14285714285714285,0.14285714285714285,0.07142857142857142,35,Female,2,Power Learners,3.4240404482912643,-1.0963876284209828
U01841,1,1,1.0,0,1.0,Cybersecurity,Intermediate,1.91,0.0,0.0,309,0.0,1.0,0.0,0.0,0.0,1.0,0.0,0.0,0.0,0.0,0.0,0.0,0.0,0.0,0.0,18,Female,3,Intermediate Value Seekers,-2.3419869474007613,-1.0538129619187133
U01842,13,9,1.4444444444444444,340,1.1470588235294117,Artificial Intelligence/Finance/Project Management/Machine Learning,Beginner,3.1123076923076924,89.94461538461539,0.38461538461538464,11,0.46153846153846156,0.3076923076923077,0.23076923076923078,0.15384615384615385,0.0,0.07692307692307693,0.07692307692307693,0.07692307692307693,0.0,0.15384615384615385,0.15384615384615385,0.07692307692307693,0.07692307692307693,0.15384615384615385,0.0,33,Female,2,Power Learners,3.5592277051722627,-0.5803562389327784
U01843,1,1,1.0,0,1.0,Web Development,Advanced,2.67,0.0,0.0,269,0.0,0.0,1.0,0.0,0.0,0.0,0.0,0.0,0.0,0.0,0.0,0.0,0.0,0.0,1.0,19,Female,1,Advanced Single-Shot Learners,-1.9456089765576317,-0.5433773532420232
U01844,1,1,1.0,0,1.0,Data Science,Intermediate,3.02,0.0,0.0,117,0.0,1.0,0.0,0.0,0.0,0.0,1.0,0.0,0.0,0.0,0.0,0.0,0.0,0.0,0.0,18,Female,3,Intermediate Value Seekers,-1.572632437881761,-0.6630496948468984
U01845,1,1,1.0,0,1.0,Design,Advanced,4.45,0.0,0.0,333,0.0,0.0,1.0,0.0,0.0,0.0,0.0,1.0,0.0,0.0,0.0,0.0,0.0,0.0,0.0,17,Female,1,Advanced Single-Shot Learners,-2.364366428765638,-1.3628795222983996
U01846,2,2,1.0,77,0.7792207792207791,Data Science/Cybersecurity,Beginner/Advanced,3.755,58.84,0.5,286,0.5,0.0,0.5,0.0,0.0,0.5,0.5,0.0,0.0,0.0,0.0,0.0,0.0,0.0,0.0,21,Female,4,Beginner Explorers,0.035629210851628464,0.49922668177442586
U01847,1,1,1.0,0,1.0,Cybersecurity,Intermediate,1.91,0.0,0.0,255,0.0,1.0,0.0,0.0,0.0,1.0,0.0,0.0,0.0,0.0,0.0,0.0,0.0,0.0,0.0,18,Female,3,Intermediate Value Seekers,-2.161872519864296,-1.1295023556620722
U01848,1,1,1.0,0,1.0,Business,Advanced,3.15,0.0,0.0,10,0.0,0.0,1.0,0.0,1.0,0.0,0.0,0.0,0.0,0.0,0.0,0.0,0.0,0.0,0.0,30,Female,1,Advanced Single-Shot Learners,-1.0419971445147578,-0.5070386843601713
U01849,1,1,1.0,0,1.0,Project Management,Intermediate,3.45,0.0,0.0,45,0.0,1.0,0.0,0.0,0.0,0.0,0.0,0.0,0.0,0.0,0.0,0.0,0.0,1.0,0.0,23,Male,3,Intermediate Value Seekers,-1.2680477828152332,-0.17210757755694553
U01850,3,2,1.5,252,0.35714285714285715,Data Science,Intermediate,3.3633333333333333,139.53666666666666,0.6666666666666666,58,0.3333333333333333,0.6666666666666666,0.0,0.0,0.0,0.0,0.6666666666666666,0.0,0.0,0.3333333333333333,0.0,0.0,0.0,0.0,0.0,29,Female,2,Power Learners,1.3298457566331294,0.5694244762510539
U01851,4,3,1.3333333333333333,240,0.5,Business,Intermediate,3.1374999999999997,167.1575,0.5,53,0.0,0.75,0.25,0.0,0.5,0.0,0.25,0.0,0.0,0.0,0.0,0.0,0.0,0.25,0.0,20,Male,2,Power Learners,1.8113659711779475,0.4375001197554075
U01852,4,4,1.0,221,0.5429864253393666,Marketing/Finance/Programming/Cybersecurity,Intermediate,2.9425,128.325,0.5,101,0.25,0.5,0.25,0.0,0.0,0.25,0.0,0.0,0.0,0.25,0.0,0.25,0.25,0.0,0.0,19,Female,2,Power Learners,1.713746103876098,-0.3932360754724618
U01853,1,1,1.0,0,1.0,Artificial Intelligence,Intermediate,2.68,89.59,1.0,357,0.0,1.0,0.0,1.0,0.0,0.0,0.0,0.0,0.0,0.0,0.0,0.0,0.0,0.0,0.0,31,Male,0,Premium Explorers,-1.0880112851597596,3.035008499185878
U01854,13,9,1.4444444444444444,319,1.2225705329153607,Web Development/Marketing/Finance/Programming,Advanced,3.4423076923076925,89.27230769230769,0.5384615384615384,37,0.3076923076923077,0.3076923076923077,0.38461538461538464,0.0,0.07692307692307693,0.0,0.07692307692307693,0.0,0.07692307692307693,0.15384615384615385,0.07692307692307693,0.15384615384615385,0.15384615384615385,0.07692307692307693,0.15384615384615385,16,Male,2,Power Learners,3.492559849792147,-0.6181765216050863
U01855,1,1,1.0,0,1.0,Finance,Beginner,2.47,53.86,1.0,272,1.0,0.0,0.0,0.0,0.0,0.0,0.0,0.0,0.0,1.0,0.0,0.0,0.0,0.0,0.0,15,Female,4,Beginner Explorers,-1.0698632033931958,2.2509798321872263
U01856,1,1,1.0,0,1.0,Data Science,Intermediate,3.02,0.0,0.0,308,0.0,1.0,0.0,0.0,0.0,0.0,1.0,0.0,0.0,0.0,0.0,0.0,0.0,0.0,0.0,27,Male,3,Intermediate Value Seekers,-2.241251202746276,-0.40030033573529433
U01857,2,2,1.0,46,1.3043478260869565,Finance/Design,Beginner/Advanced,3.46,26.93,0.5,318,0.5,0.0,0.5,0.0,0.0,0.0,0.0,0.5,0.0,0.5,0.0,0.0,0.0,0.0,0.0,27,Female,1,Advanced Single-Shot Learners,-0.19926255141413438,0.22317969090545364
U01858,1,1,1.0,0,1.0,Project Management,Intermediate,3.45,0.0,0.0,263,0.0,1.0,0.0,0.0,0.0,0.0,0.0,0.0,0.0,0.0,0.0,0.0,0.0,1.0,0.0,34,Female,3,Intermediate Value Seekers,-1.9894501397295308,0.10337307996964178
U01859,1,1,1.0,0,1.0,Web Development,Beginner,2.2,0.0,0.0,248,1.0,0.0,0.0,0.0,0.0,0.0,0.0,0.0,0.0,0.0,0.0,0.0,0.0,0.0,1.0,24,Female,4,Beginner Explorers,-1.7967026277819957,0.3355044592763599
U01860,3,3,1.0,337,0.26706231454005935,Programming/Marketing/Business,Advanced,3.236666666666667,162.64000000000001,0.3333333333333333,17,0.3333333333333333,0.0,0.6666666666666666,0.0,0.3333333333333333,0.0,0.0,0.0,0.0,0.0,0.0,0.3333333333333333,0.3333333333333333,0.0,0.0,19,Male,2,Power Learners,1.7392093038759178,-0.27916886216111975
U01861,2,1,2.0,85,0.7058823529411764,Web Development,Advanced,3.02,47.605000000000004,1.0,121,0.0,0.0,1.0,0.0,0.0,0.0,0.0,0.0,0.0,0.0,0.0,0.0,0.0,0.0,1.0,28,Female,1,Advanced Single-Shot Learners,0.4877816986823674,0.9335541680285383
U01862,1,1,1.0,0,1.0,Digital Marketing,Intermediate,4.66,0.0,0.0,224,0.0,1.0,0.0,0.0,0.0,0.0,0.0,0.0,1.0,0.0,0.0,0.0,0.0,0.0,0.0,24,Male,3,Intermediate Value Seekers,-1.9886810186227741,-0.9306308015722987
U01863,1,1,1.0,0,1.0,Project Management,Intermediate,4.84,342.61,1.0,60,0.0,1.0,0.0,0.0,0.0,0.0,0.0,0.0,0.0,0.0,0.0,0.0,0.0,1.0,0.0,26,Male,3,Intermediate Value Seekers,-0.20293705965554243,2.164112689063828
U01864,1,1,1.0,0,1.0,Marketing,Intermediate,4.72,0.0,0.0,82,0.0,1.0,0.0,0.0,0.0,0.0,0.0,0.0,0.0,0.0,0.0,1.0,0.0,0.0,0.0,15,Male,3,Intermediate Value Seekers,-1.6345919086966119,-2.4361757541554683
U01865,4,3,1.3333333333333333,267,0.449438202247191,Programming,Beginner,1.915,0.0,0.0,33,0.5,0.25,0.25,0.0,0.0,0.25,0.0,0.0,0.0,0.25,0.0,0.0,0.5,0.0,0.0,18,Male,2,Power Learners,1.0059786755315248,-1.308699516203576
U01866,1,1,1.0,0,1.0,Project Management,Intermediate,3.45,0.0,0.0,310,0.0,1.0,0.0,0.0,0.0,0.0,0.0,0.0,0.0,0.0,0.0,0.0,0.0,1.0,0.0,25,Male,3,Intermediate Value Seekers,-2.154524769269446,0.1958264081418131
U01867,13,8,1.625,291,1.3402061855670104,Web Development/Artificial Intelligence/Design/Programming/Finance,Beginner,3.323076923076923,68.62307692307692,0.3076923076923077,36,0.5384615384615384,0.3076923076923077,0.15384615384615385,0.15384615384615385,0.0,0.07692307692307693,0.0,0.15384615384615385,0.0,0.15384615384615385,0.0,0.07692307692307693,0.15384615384615385,0.07692307692307693,0.15384615384615385,24,Female,2,Power Learners,3.339851296702481,-0.6080035593867225
U01868,2,2,1.0,282,0.2127659574468085,Cybersecurity/Finance,Beginner/Intermediate,3.025,0.0,0.0,8,0.5,0.5,0.0,0.0,0.0,0.5,0.0,0.0,0.0,0.5,0.0,0.0,0.0,0.0,0.0,27,Female,3,Intermediate Value Seekers,0.3229318681003609,-1.5501705218292225
U01869,1,1,1.0,0,1.0,Cybersecurity,Intermediate,1.91,0.0,0.0,91,0.0,1.0,0.0,0.0,0.0,1.0,0.0,0.0,0.0,0.0,0.0,0.0,0.0,0.0,0.0,32,Male,3,Intermediate Value Seekers,-1.6528609727466845,-1.3731024421900104
U01870,1,1,1.0,0,1.0,Cybersecurity,Intermediate,3.93,0.0,0.0,14,0.0,1.0,0.0,0.0,0.0,1.0,0.0,0.0,0.0,0.0,0.0,0.0,0.0,0.0,0.0,28,Female,3,Intermediate Value Seekers,-1.4250433978461807,-1.7118450991220318
U01871,14,8,1.75,283,1.4840989399293285,Data Science,Intermediate,3.2671428571428573,65.46642857142858,0.2857142857142857,2,0.21428571428571427,0.42857142857142855,0.35714285714285715,0.07142857142857142,0.14285714285714285,0.14285714285714285,0.21428571428571427,0.14285714285714285,0.0,0.0,0.07142857142857142,0.0,0.0,0.07142857142857142,0.14285714285714285,21,Male,2,Power Learners,3.439981383570909,-0.9348416784804305
U01872,14,10,1.4,310,1.3548387096774193,Business/Programming/Design/Cybersecurity,Intermediate,3.314285714285714,148.88642857142855,0.42857142857142855,45,0.35714285714285715,0.42857142857142855,0.21428571428571427,0.07142857142857142,0.14285714285714285,0.14285714285714285,0.07142857142857142,0.14285714285714285,0.0,0.07142857142857142,0.0,0.07142857142857142,0.14285714285714285,0.07142857142857142,0.07142857142857142,28,Female,2,Power Learners,3.6556358691040858,-0.5676128915407382
U01873,1,1,1.0,0,1.0,Programming,Beginner,1.28,0.0,0.0,157,1.0,0.0,0.0,0.0,0.0,0.0,0.0,0.0,0.0,0.0,0.0,0.0,1.0,0.0,0.0,26,Male,4,Beginner Explorers,-1.5097056120871613,0.40012022014158355
U01874,1,1,1.0,0,1.0,Artificial Intelligence,Intermediate,3.11,415.51,1.0,359,0.0,1.0,0.0,1.0,0.0,0.0,0.0,0.0,0.0,0.0,0.0,0.0,0.0,0.0,0.0,15,Female,0,Premium Explorers,-0.8622186883128475,3.2872047381666842
U01875,1,1,1.0,0,1.0,Business,Beginner,1.96,285.05,1.0,32,1.0,0.0,0.0,0.0,1.0,0.0,0.0,0.0,0.0,0.0,0.0,0.0,0.0,0.0,0.0,30,Male,1,Advanced Single-Shot Learners,0.10109889538523238,2.9755595139806545
U01876,14,7,2.0,333,1.2612612612612613,Programming,Beginner,3.391428571428572,69.41571428571429,0.2857142857142857,8,0.42857142857142855,0.35714285714285715,0.21428571428571427,0.0,0.07142857142857142,0.14285714285714285,0.0,0.07142857142857142,0.0,0.21428571428571427,0.0,0.0,0.2857142857142857,0.07142857142857142,0.14285714285714285,17,Male,2,Power Learners,3.32220016020101,-0.7873407292919564
U01877,12,9,1.3333333333333333,344,1.0465116279069768,Marketing/Project Management/Digital Marketing,Beginner,2.9875000000000003,101.62166666666666,0.3333333333333333,15,0.5,0.16666666666666666,0.3333333333333333,0.08333333333333333,0.0,0.0,0.08333333333333333,0.0,0.16666666666666666,0.08333333333333333,0.08333333333333333,0.16666666666666666,0.08333333333333333,0.16666666666666666,0.08333333333333333,19,Male,2,Power Learners,3.500121506576125,-0.5647145356521561
U01878,1,1,1.0,0,1.0,Design,Advanced,4.45,0.0,0.0,53,0.0,0.0,1.0,0.0,0.0,0.0,0.0,1.0,0.0,0.0,0.0,0.0,0.0,0.0,0.0,20,Female,1,Advanced Single-Shot Learners,-1.4343129333366744,-1.7606001041414774
U01879,15,8,1.875,330,1.3636363636363635,Finance,Advanced,2.656,157.86066666666665,0.6,7,0.3333333333333333,0.26666666666666666,0.4,0.13333333333333333,0.13333333333333333,0.06666666666666667,0.13333333333333333,0.13333333333333333,0.0,0.2,0.13333333333333333,0.0,0.0,0.0,0.06666666666666667,32,Female,2,Power Learners,3.76073083321355,-0.24175276963547776
U01880,2,2,1.0,234,0.25641025641025644,Design/Digital Marketing,Beginner/Intermediate,4.585,0.0,0.0,92,0.5,0.5,0.0,0.0,0.0,0.0,0.0,0.5,0.5,0.0,0.0,0.0,0.0,0.0,0.0,26,Female,4,Beginner Explorers,0.034641619558097525,-1.5539645972426184
U01881,1,1,1.0,0,1.0,Project Management,Advanced,1.23,346.71,1.0,264,0.0,0.0,1.0,0.0,0.0,0.0,0.0,0.0,0.0,0.0,0.0,0.0,0.0,1.0,0.0,30,Male,1,Advanced Single-Shot Learners,-0.7103750176854208,2.865145703593452
U01882,3,2,1.5,142,0.6338028169014085,Web Development,Advanced,3.063333333333334,31.736666666666668,0.6666666666666666,221,0.0,0.0,1.0,0.0,0.3333333333333333,0.0,0.0,0.0,0.0,0.0,0.0,0.0,0.0,0.0,0.6666666666666666,30,Female,1,Advanced Single-Shot Learners,0.6524787962834316,0.4586417385838173
U01883,1,1,1.0,0,1.0,Artificial Intelligence,Beginner,4.55,490.9,1.0,175,1.0,0.0,0.0,1.0,0.0,0.0,0.0,0.0,0.0,0.0,0.0,0.0,0.0,0.0,0.0,30,Female,0,Premium Explorers,-0.13163594920872482,3.7502322288420706
U01884,1,1,1.0,0,1.0,Project Management,Advanced,1.23,346.71,1.0,361,0.0,0.0,1.0,0.0,0.0,0.0,0.0,0.0,0.0,0.0,0.0,0.0,0.0,1.0,0.0,20,Male,1,Advanced Single-Shot Learners,-1.021003343874613,3.018629810341444
U01885,1,1,1.0,0,1.0,Project Management,Beginner,4.68,0.0,0.0,8,1.0,0.0,0.0,0.0,0.0,0.0,0.0,0.0,0.0,0.0,0.0,0.0,0.0,1.0,0.0,25,Female,4,Beginner Explorers,-1.007620839472147,0.5019532967909767
U01886,1,1,1.0,0,1.0,Marketing,Advanced,4.79,0.0,0.0,74,0.0,0.0,1.0,0.0,0.0,0.0,0.0,0.0,0.0,0.0,0.0,1.0,0.0,0.0,0.0,17,Male,1,Advanced Single-Shot Learners,-1.5324796196066366,-2.444551256624895
U01887,1,1,1.0,0,1.0,Data Science,Beginner,3.65,0.0,0.0,329,1.0,0.0,0.0,0.0,0.0,0.0,1.0,0.0,0.0,0.0,0.0,0.0,0.0,0.0,0.0,21,Female,4,Beginner Explorers,-2.147881456756109,0.43650713582761896
U01888,1,1,1.0,0,1.0,Cybersecurity,Intermediate,3.93,0.0,0.0,201,0.0,1.0,0.0,0.0,0.0,1.0,0.0,0.0,0.0,0.0,0.0,0.0,0.0,0.0,0.0,15,Female,3,Intermediate Value Seekers,-2.031989270724922,-1.4269549440724099
U01889,1,1,1.0,0,1.0,Design,Advanced,2.61,0.0,0.0,312,0.0,0.0,1.0,0.0,0.0,0.0,0.0,1.0,0.0,0.0,0.0,0.0,0.0,0.0,0.0,30,Female,1,Advanced Single-Shot Learners,-2.261822482867347,-1.2083041484932
U01890,1,1,1.0,0,1.0,Finance,Advanced,1.59,0.0,0.0,199,0.0,0.0,1.0,0.0,0.0,0.0,0.0,0.0,0.0,1.0,0.0,0.0,0.0,0.0,0.0,18,Female,1,Advanced Single-Shot Learners,-1.791038294170327,-0.7612981900239869
U01891,1,1,1.0,0,1.0,Programming,Beginner,1.28,0.0,0.0,285,1.0,0.0,0.0,0.0,0.0,0.0,0.0,0.0,0.0,0.0,0.0,0.0,1.0,0.0,0.0,35,Female,4,Beginner Explorers,-1.9283351458598654,0.5529565939154825
U01892,1,1,1.0,0,1.0,Web Development,Beginner,2.2,0.0,0.0,245,1.0,0.0,0.0,0.0,0.0,0.0,0.0,0.0,0.0,0.0,0.0,0.0,0.0,0.0,1.0,16,Male,4,Beginner Explorers,-1.7962956945229998,0.35612266255415137
U01893,12,8,1.5,233,1.5450643776824033,Digital Marketing/Business/Marketing/Finance,Beginner,2.94,108.1825,0.4166666666666667,76,0.4166666666666667,0.25,0.3333333333333333,0.08333333333333333,0.16666666666666666,0.08333333333333333,0.0,0.0,0.16666666666666666,0.16666666666666666,0.0,0.16666666666666666,0.08333333333333333,0.08333333333333333,0.0,23,Female,2,Power Learners,3.24392120053932,-0.39414713674067275
U01894,1,1,1.0,0,1.0,Project Management,Beginner,4.68,0.0,0.0,144,1.0,0.0,0.0,0.0,0.0,0.0,0.0,0.0,0.0,0.0,0.0,0.0,0.0,1.0,0.0,35,Male,4,Beginner Explorers,-1.494080779728819,0.6858592538097414
U01895,1,1,1.0,0,1.0,Data Science,Intermediate,3.02,0.0,0.0,174,0.0,1.0,0.0,0.0,0.0,0.0,1.0,0.0,0.0,0.0,0.0,0.0,0.0,0.0,0.0,35,Female,3,Intermediate Value Seekers,-1.7847011624405356,-0.6129453342508667
U01896,12,9,1.3333333333333333,354,1.0169491525423728,Cybersecurity/Artificial Intelligence/Business,Intermediate,3.065,143.36749999999998,0.4166666666666667,3,0.4166666666666667,0.5833333333333334,0.0,0.16666666666666666,0.16666666666666666,0.16666666666666666,0.08333333333333333,0.0,0.08333333333333333,0.08333333333333333,0.08333333333333333,0.08333333333333333,0.08333333333333333,0.0,0.0,32,Female,2,Power Learners,3.5878824907015128,-0.4535566084362443
U01897,1,1,1.0,0,1.0,Design,Advanced,1.52,0.0,0.0,302,0.0,0.0,1.0,0.0,0.0,0.0,0.0,1.0,0.0,0.0,0.0,0.0,0.0,0.0,0.0,15,Female,1,Advanced Single-Shot Learners,-2.179907211451536,-1.0735343814205127
U01898,1,1,1.0,0,1.0,Data Science,Advanced,2.57,117.68,1.0,145,0.0,0.0,1.0,0.0,0.0,0.0,1.0,0.0,0.0,0.0,0.0,0.0,0.0,0.0,0.0,26,Male,1,Advanced Single-Shot Learners,-0.5898314517403813,1.7189810975219193
U01899,2,2,1.0,37,1.6216216216216215,Programming/Web Development,Beginner,3.0999999999999996,0.0,0.0,325,1.0,0.0,0.0,0.0,0.0,0.0,0.0,0.0,0.0,0.0,0.0,0.0,0.5,0.0,0.5,25,Female,4,Beginner Explorers,-0.6749696556254814,-0.07556111964873721
U01900,11,7,1.5714285714285714,339,0.9734513274336283,Business/Data Science/Artificial Intelligence/Web Development,Advanced,3.022727272727273,118.8690909090909,0.45454545454545453,13,0.18181818181818182,0.36363636363636365,0.45454545454545453,0.18181818181818182,0.18181818181818182,0.0,0.18181818181818182,0.0,0.0,0.0,0.09090909090909091,0.09090909090909091,0.0,0.09090909090909091,0.18181818181818182,19,Male,2,Power Learners,3.3194463315435874,-0.2694692036634442
U01901,1,1,1.0,0,1.0,Machine Learning,Advanced,1.81,0.0,0.0,216,0.0,0.0,1.0,0.0,0.0,0.0,0.0,0.0,0.0,0.0,1.0,0.0,0.0,0.0,0.0,23,Male,1,Advanced Single-Shot Learners,-1.9501598435148533,-1.2706211355575787
U01902,1,1,1.0,0,1.0,Web Development,Advanced,4.74,57.32,1.0,239,0.0,0.0,1.0,0.0,0.0,0.0,0.0,0.0,0.0,0.0,0.0,0.0,0.0,0.0,1.0,30,Female,1,Advanced Single-Shot Learners,-0.9954046781086108,1.3132455559565412
U01903,13,9,1.4444444444444444,338,1.1538461538461537,Artificial Intelligence,Beginner/Advanced,2.9815384615384612,102.66923076923075,0.46153846153846156,7,0.38461538461538464,0.23076923076923078,0.38461538461538464,0.3076923076923077,0.07692307692307693,0.07692307692307693,0.0,0.0,0.15384615384615385,0.07692307692307693,0.07692307692307693,0.07692307692307693,0.07692307692307693,0.07692307692307693,0.0,17,Female,2,Power Learners,3.7217128582594947,-0.20134629911715804
U01904,1,1,1.0,0,1.0,Business,Advanced,3.64,487.92,1.0,264,0.0,0.0,1.0,0.0,1.0,0.0,0.0,0.0,0.0,0.0,0.0,0.0,0.0,0.0,0.0,17,Male,1,Advanced Single-Shot Learners,-0.7022020529683964,2.3690115905442246
U01905,2,2,1.0,113,0.5309734513274337,Artificial Intelligence/Programming,Beginner,2.915,245.45,0.5,130,1.0,0.0,0.0,0.5,0.0,0.0,0.0,0.0,0.0,0.0,0.0,0.0,0.5,0.0,0.0,24,Female,0,Premium Explorers,1.0935788757638247,1.9527688735402022
U01906,15,10,1.5,267,1.6853932584269662,Marketing,Beginner,2.4353333333333333,93.04599999999999,0.3333333333333333,82,0.4,0.26666666666666666,0.3333333333333333,0.13333333333333333,0.06666666666666667,0.0,0.13333333333333333,0.13333333333333333,0.06666666666666667,0.06666666666666667,0.06666666666666667,0.2,0.0,0.06666666666666667,0.06666666666666667,19,Male,2,Power Learners,3.540851861647153,-0.6820774103736382
U01907,2,2,1.0,207,0.2898550724637681,Digital Marketing/Artificial Intelligence,Beginner/Intermediate,2.41,44.795,0.5,8,0.5,0.5,0.0,0.5,0.0,0.0,0.0,0.0,0.5,0.0,0.0,0.0,0.0,0.0,0.0,15,Male,0,Premium Explorers,1.2727725881287066,0.9956999004542713
U01908,12,9,1.3333333333333333,296,1.2162162162162162,Web Development,Beginner/Advanced,3.2708333333333335,74.05583333333334,0.3333333333333333,5,0.4166666666666667,0.16666666666666666,0.4166666666666667,0.08333333333333333,0.08333333333333333,0.0,0.08333333333333333,0.16666666666666666,0.08333333333333333,0.0,0.0,0.08333333333333333,0.08333333333333333,0.08333333333333333,0.25,19,Male,2,Power Learners,3.4896203072309566,-0.6694818851362365
U01909,3,3,1.0,134,0.6716417910447761,Web Development/Machine Learning/Marketing,Advanced,1.68,12.63,0.3333333333333333,203,0.0,0.3333333333333333,0.6666666666666666,0.0,0.0,0.0,0.0,0.0,0.0,0.0,0.3333333333333333,0.3333333333333333,0.0,0.0,0.3333333333333333,25,Male,1,Advanced Single-Shot Learners,0.5851563331493344,-0.98529623440937
U01910,1,1,1.0,0,1.0,Digital Marketing,Advanced,3.89,177.34,1.0,171,0.0,0.0,1.0,0.0,0.0,0.0,0.0,0.0,1.0,0.0,0.0,0.0,0.0,0.0,0.0,28,Male,1,Advanced Single-Shot Learners,-0.6477472824851584,1.4449122614429148
U01911,1,1,1.0,0,1.0,Data Science,Beginner,3.74,299.57,1.0,356,1.0,0.0,0.0,0.0,0.0,0.0,1.0,0.0,0.0,0.0,0.0,0.0,0.0,0.0,0.0,22,Male,4,Beginner Explorers,-1.123164710264056,2.9253535357165323
U01912,1,1,1.0,0,1.0,Data Science,Intermediate,3.02,0.0,0.0,255,0.0,1.0,0.0,0.0,0.0,0.0,1.0,0.0,0.0,0.0,0.0,0.0,0.0,0.0,0.0,24,Female,3,Intermediate Value Seekers,-2.0406711955507366,-0.4801353616281559
U01913,1,1,1.0,0,1.0,Programming,Beginner,2.88,0.0,0.0,314,1.0,0.0,0.0,0.0,0.0,0.0,0.0,0.0,0.0,0.0,0.0,0.0,1.0,0.0,0.0,24,Male,4,Beginner Explorers,-2.073644448459931,0.4438668075006239
U01914,1,1,1.0,0,1.0,Design,Advanced,2.61,0.0,0.0,71,0.0,0.0,1.0,0.0,0.0,0.0,0.0,1.0,0.0,0.0,0.0,0.0,0.0,0.0,0.0,32,Female,1,Advanced Single-Shot Learners,-1.460560574257644,-1.5496078152785084
U01915,2,2,1.0,62,0.9677419354838709,Artificial Intelligence/Web Development,Intermediate/Advanced,2.205,226.7,1.0,202,0.0,0.5,0.5,0.5,0.0,0.0,0.0,0.0,0.0,0.0,0.0,0.0,0.0,0.0,0.5,34,Female,0,Premium Explorers,0.8886831883810153,1.9243265552797022
U01916,1,1,1.0,0,1.0,Data Science,Advanced,2.57,117.68,1.0,194,0.0,0.0,1.0,0.0,0.0,0.0,1.0,0.0,0.0,0.0,0.0,0.0,0.0,0.0,0.0,29,Male,1,Advanced Single-Shot Learners,-0.7571417833391413,1.7824051553374538
U01917,15,8,1.875,311,1.4469453376205788,Data Science,Advanced,2.9939999999999998,77.30266666666667,0.4,45,0.2,0.3333333333333333,0.4666666666666667,0.13333333333333333,0.0,0.13333333333333333,0.2,0.0,0.13333333333333333,0.0,0.13333333333333333,0.13333333333333333,0.0,0.06666666666666667,0.06666666666666667,18,Female,2,Power Learners,3.454309939372114,-0.824931117096596
U01918,14,8,1.75,302,1.390728476821192,Programming/Data Science,Advanced,2.620714285714286,69.93714285714286,0.2857142857142857,38,0.2857142857142857,0.2857142857142857,0.42857142857142855,0.07142857142857142,0.0,0.07142857142857142,0.21428571428571427,0.07142857142857142,0.0,0.0,0.14285714285714285,0.14285714285714285,0.21428571428571427,0.0,0.07142857142857142,23,Male,2,Power Learners,3.330803917671493,-1.0065404256092347
U01919,1,1,1.0,0,1.0,Programming,Beginner,1.28,0.0,0.0,296,1.0,0.0,0.0,0.0,0.0,0.0,0.0,0.0,0.0,0.0,0.0,0.0,1.0,0.0,0.0,16,Female,4,Beginner Explorers,-1.940495071321748,0.6016695090380721
U01920,13,8,1.625,334,1.1676646706586826,Data Science,Intermediate/Advanced,3.0961538461538463,125.22,0.46153846153846156,22,0.23076923076923078,0.38461538461538464,0.38461538461538464,0.15384615384615385,0.15384615384615385,0.07692307692307693,0.23076923076923078,0.15384615384615385,0.07692307692307693,0.0,0.07692307692307693,0.07692307692307693,0.0,0.0,0.0,33,Male,2,Power Learners,3.46902053780787,-0.5499359545355016
U01921,2,2,1.0,181,0.3314917127071823,Data Science/Artificial Intelligence,Beginner,3.645,0.0,0.0,17,1.0,0.0,0.0,0.5,0.0,0.0,0.5,0.0,0.0,0.0,0.0,0.0,0.0,0.0,0.0,24,Male,4,Beginner Explorers,0.5510366077309515,0.0131919704454054
U01922,2,2,1.0,14,2.0,Cybersecurity/Project Management,Beginner/Intermediate,3.295,0.0,0.0,314,0.5,0.5,0.0,0.0,0.0,0.5,0.0,0.0,0.0,0.0,0.0,0.0,0.0,0.5,0.0,21,Male,3,Intermediate Value Seekers,-0.9149093191284611,-0.44780454802851516
U01923,1,1,1.0,0,1.0,Web Development,Advanced,4.74,57.32,1.0,85,0.0,0.0,1.0,0.0,0.0,0.0,0.0,0.0,0.0,0.0,0.0,0.0,0.0,0.0,1.0,19,Male,1,Advanced Single-Shot Learners,-0.48747127234864246,1.1274708465702314
U01924,2,2,1.0,248,0.24193548387096772,Web Development/Artificial Intelligence,Beginner/Intermediate,3.0,44.795,0.5,20,0.5,0.5,0.0,0.5,0.0,0.0,0.0,0.0,0.0,0.0,0.0,0.0,0.0,0.0,0.5,20,Male,0,Premium Explorers,1.2532435573272698,0.9706922337153671
U01925,1,1,1.0,0,1.0,Data Science,Beginner,3.74,299.57,1.0,131,1.0,0.0,0.0,0.0,0.0,0.0,1.0,0.0,0.0,0.0,0.0,0.0,0.0,0.0,0.0,33,Male,4,Beginner Explorers,-0.3868895370566141,2.590705179778198
U01926,13,9,1.4444444444444444,227,1.7180616740088106,Machine Learning,Beginner,2.9261538461538468,91.50230769230771,0.3076923076923077,34,0.46153846153846156,0.38461538461538464,0.15384615384615385,0.07692307692307693,0.07692307692307693,0.0,0.0,0.07692307692307693,0.07692307692307693,0.15384615384615385,0.23076923076923078,0.0,0.15384615384615385,0.07692307692307693,0.07692307692307693,26,Female,2,Power Learners,3.4643264894414205,-0.6330704530570309
U01927,1,1,1.0,0,1.0,Data Science,Intermediate,3.02,0.0,0.0,4,0.0,1.0,0.0,0.0,0.0,0.0,1.0,0.0,0.0,0.0,0.0,0.0,0.0,0.0,0.0,27,Female,3,Intermediate Value Seekers,-1.207345818613578,-0.8372079357201708
U01928,1,1,1.0,0,1.0,Cybersecurity,Beginner,4.94,0.0,0.0,291,1.0,0.0,0.0,0.0,0.0,1.0,0.0,0.0,0.0,0.0,0.0,0.0,0.0,0.0,0.0,33,Female,4,Beginner Explorers,-2.2298569757788282,-0.5673921510290091
U01929,14,7,2.0,361,1.1634349030470914,Machine Learning,Intermediate,2.896428571428572,75.53714285714285,0.35714285714285715,3,0.35714285714285715,0.42857142857142855,0.21428571428571427,0.0,0.14285714285714285,0.14285714285714285,0.14285714285714285,0.0,0.0,0.14285714285714285,0.21428571428571427,0.0,0.14285714285714285,0.07142857142857142,0.0,19,Male,2,Power Learners,3.359148061117351,-0.7439490995037623
U01930,1,1,1.0,0,1.0,Project Management,Intermediate,3.45,0.0,0.0,323,0.0,1.0,0.0,0.0,0.0,0.0,0.0,0.0,0.0,0.0,0.0,0.0,0.0,1.0,0.0,28,Female,3,Intermediate Value Seekers,-2.181830949694261,0.19798652380988202
U01931,11,7,1.5714285714285714,250,1.3199999999999998,Machine Learning,Beginner/Intermediate,2.562727272727273,115.52727272727272,0.45454545454545453,33,0.36363636363636365,0.36363636363636365,0.2727272727272727,0.18181818181818182,0.09090909090909091,0.18181818181818182,0.0,0.0,0.0,0.0,0.2727272727272727,0.09090909090909091,0.09090909090909091,0.09090909090909091,0.0,23,Female,2,Power Learners,3.214164427944343,-0.3548028896132162
U01932,1,1,1.0,0,1.0,Artificial Intelligence,Intermediate,3.11,415.51,1.0,335,0.0,1.0,0.0,1.0,0.0,0.0,0.0,0.0,0.0,0.0,0.0,0.0,0.0,0.0,0.0,25,Male,0,Premium Explorers,-0.8150062506836961,3.2468458248347565
U01933,2,2,1.0,46,1.3043478260869565,Project Management/Marketing,Intermediate,3.7800000000000002,0.0,0.0,283,0.0,1.0,0.0,0.0,0.0,0.0,0.0,0.0,0.0,0.0,0.0,0.5,0.0,0.5,0.0,27,Female,3,Intermediate Value Seekers,-0.758892962087799,-1.4543786390325286
U01934,14,8,1.75,324,1.2962962962962963,Artificial Intelligence,Advanced,3.3214285714285716,124.11,0.5,2,0.21428571428571427,0.21428571428571427,0.5714285714285714,0.2857142857142857,0.07142857142857142,0.07142857142857142,0.07142857142857142,0.14285714285714285,0.0,0.0,0.14285714285714285,0.14285714285714285,0.0,0.07142857142857142,0.0,22,Male,2,Power Learners,3.6594865993139942,-0.5250527927902139
U01935,1,1,1.0,0,1.0,Programming,Intermediate,2.43,0.0,0.0,250,0.0,1.0,0.0,0.0,0.0,0.0,0.0,0.0,0.0,0.0,0.0,0.0,1.0,0.0,0.0,33,Female,3,Intermediate Value Seekers,-1.9924283556574682,-0.50030712686589
U01936,2,2,1.0,244,0.24590163934426232,Cybersecurity/Digital Marketing,Beginner/Intermediate,4.1850000000000005,0.0,0.0,97,0.5,0.5,0.0,0.0,0.0,0.5,0.0,0.0,0.5,0.0,0.0,0.0,0.0,0.0,0.0,23,Male,3,Intermediate Value Seekers,-0.0035438541647402956,-1.4518762077130523
U01937,1,1,1.0,0,1.0,Artificial Intelligence,Beginner,3.64,0.0,0.0,76,1.0,0.0,0.0,1.0,0.0,0.0,0.0,0.0,0.0,0.0,0.0,0.0,0.0,0.0,0.0,21,Female,0,Premium Explorers,-0.9695115461210289,1.186879670499157
U01938,2,2,1.0,39,1.5384615384615383,Artificial Intelligence/Finance,Beginner,4.345,245.45,0.5,68,1.0,0.0,0.0,0.5,0.0,0.0,0.0,0.0,0.0,0.5,0.0,0.0,0.0,0.0,0.0,33,Female,0,Premium Explorers,1.1580063843426567,1.5841576131418658
U01939,4,4,1.0,158,0.759493670886076,Data Science/Programming/Finance/Marketing,Intermediate,2.975,104.6525,0.5,7,0.25,0.5,0.25,0.0,0.0,0.0,0.25,0.0,0.0,0.25,0.0,0.25,0.25,0.0,0.0,35,Male,2,Power Learners,1.9685808854320401,-0.36777035000100794
U01940,2,2,1.0,212,0.2830188679245283,Finance/Design,Intermediate/Advanced,3.41,138.185,0.5,76,0.0,0.5,0.5,0.0,0.0,0.0,0.0,0.5,0.0,0.5,0.0,0.0,0.0,0.0,0.0,16,Female,2,Power Learners,0.8910544603571869,-0.3212557807078521
U01941,1,1,1.0,0,1.0,Artificial Intelligence,Intermediate,2.68,89.59,1.0,151,0.0,1.0,0.0,1.0,0.0,0.0,0.0,0.0,0.0,0.0,0.0,0.0,0.0,0.0,0.0,26,Female,0,Premium Explorers,-0.3745249560300839,2.744224896839743
U01942,1,1,1.0,0,1.0,Project Management,Intermediate,3.45,0.0,0.0,111,0.0,1.0,0.0,0.0,0.0,0.0,0.0,0.0,0.0,0.0,0.0,0.0,0.0,1.0,0.0,27,Male,3,Intermediate Value Seekers,-1.4933518598547706,-0.08660773017643823
U01943,14,7,2.0,353,1.1898016997167138,Machine Learning/Finance,Intermediate,3.733571428571429,107.125,0.42857142857142855,9,0.35714285714285715,0.5,0.14285714285714285,0.0,0.0,0.14285714285714285,0.07142857142857142,0.0,0.14285714285714285,0.21428571428571427,0.21428571428571427,0.0,0.07142857142857142,0.14285714285714285,0.0,17,Male,2,Power Learners,3.3728259906315734,-0.7199463277607366
U01944,2,2,1.0,64,0.9375,Finance/Data Science,Beginner/Intermediate,3.875,0.0,0.0,111,0.5,0.5,0.0,0.0,0.0,0.0,0.5,0.0,0.0,0.5,0.0,0.0,0.0,0.0,0.0,19,Female,3,Intermediate Value Seekers,-0.1184733020031827,-1.0086113906714849
U01945,1,1,1.0,0,1.0,Project Management,Intermediate,4.84,342.61,1.0,181,0.0,1.0,0.0,0.0,0.0,0.0,0.0,0.0,0.0,0.0,0.0,0.0,0.0,1.0,0.0,29,Female,3,Intermediate Value Seekers,-0.5904720951532889,2.3176515922186147
U01946,1,1,1.0,0,1.0,Machine Learning,Intermediate,1.73,0.0,0.0,261,0.0,1.0,0.0,0.0,0.0,0.0,0.0,0.0,0.0,0.0,1.0,0.0,0.0,0.0,0.0,19,Female,3,Intermediate Value Seekers,-2.152906049972017,-1.2165601596779614
U01947,1,1,1.0,0,1.0,Finance,Intermediate,4.1,0.0,0.0,109,0.0,1.0,0.0,0.0,0.0,0.0,0.0,0.0,0.0,1.0,0.0,0.0,0.0,0.0,0.0,27,Female,3,Intermediate Value Seekers,-1.649581428421643,-1.1995173639206302
U01948,1,1,1.0,0,1.0,Design,Advanced,2.72,276.37,1.0,12,0.0,0.0,1.0,0.0,0.0,0.0,0.0,1.0,0.0,0.0,0.0,0.0,0.0,0.0,0.0,33,Female,1,Advanced Single-Shot Learners,-0.1403125095168191,0.7908752420499848
U01949,1,1,1.0,0,1.0,Machine Learning,Intermediate,1.73,0.0,0.0,180,0.0,1.0,0.0,0.0,0.0,0.0,0.0,0.0,0.0,0.0,1.0,0.0,0.0,0.0,0.0,19,Male,3,Intermediate Value Seekers,-1.9026622748169528,-1.3192899039744401
U01950,2,2,1.0,53,1.1320754716981132,Machine Learning/Marketing,Intermediate/Advanced,1.8699999999999999,0.0,0.0,23,0.0,0.5,0.5,0.0,0.0,0.0,0.0,0.0,0.0,0.0,0.5,0.5,0.0,0.0,0.0,29,Male,3,Intermediate Value Seekers,0.059873533756196404,-2.3653036605021334
U01951,3,2,1.5,120,0.75,Cybersecurity,Beginner,3.3333333333333335,0.0,0.0,77,0.6666666666666666,0.3333333333333333,0.0,0.0,0.0,0.6666666666666666,0.0,0.0,0.0,0.0,0.3333333333333333,0.0,0.0,0.0,0.0,19,Female,3,Intermediate Value Seekers,0.2123339301787811,-1.5850431987221707
U01952,2,2,1.0,9,2.0,Design/Machine Learning,Beginner/Advanced,1.8699999999999999,0.0,0.0,11,0.5,0.0,0.5,0.0,0.0,0.0,0.0,0.5,0.0,0.0,0.5,0.0,0.0,0.0,0.0,15,Female,1,Advanced Single-Shot Learners,0.03210721873012803,-1.4848568802702562
U01953,15,11,1.3636363636363635,295,1.5254237288135593,Data Science,Intermediate,3.455333333333334,84.22999999999999,0.3333333333333333,38,0.2,0.4666666666666667,0.3333333333333333,0.06666666666666667,0.06666666666666667,0.06666666666666667,0.2,0.06666666666666667,0.06666666666666667,0.0,0.06666666666666667,0.13333333333333333,0.13333333333333333,0.06666666666666667,0.06666666666666667,19,Male,2,Power Learners,3.6809719789090587,-1.031327603843227
U01954,1,1,1.0,0,1.0,Web Development,Beginner,3.32,0.0,0.0,211,1.0,0.0,0.0,0.0,0.0,0.0,0.0,0.0,0.0,0.0,0.0,0.0,0.0,0.0,1.0,35,Male,4,Beginner Explorers,-1.7374188130472161,0.14929905657414172
U01955,1,1,1.0,0,1.0,Finance,Beginner,4.14,0.0,0.0,37,1.0,0.0,0.0,0.0,0.0,0.0,0.0,0.0,0.0,1.0,0.0,0.0,0.0,0.0,0.0,29,Female,4,Beginner Explorers,-1.2604681672392815,-0.4299704294148228
U01956,1,1,1.0,0,1.0,Programming,Beginner,2.88,0.0,0.0,291,1.0,0.0,0.0,0.0,0.0,0.0,0.0,0.0,0.0,0.0,0.0,0.0,1.0,0.0,0.0,34,Male,4,Beginner Explorers,-2.009839597042932,0.39410520328982784
U01957,1,1,1.0,0,1.0,Marketing,Advanced,4.79,0.0,0.0,37,0.0,0.0,1.0,0.0,0.0,0.0,0.0,0.0,0.0,0.0,0.0,1.0,0.0,0.0,0.0,30,Male,1,Advanced Single-Shot Learners,-1.4258516009958548,-2.5191930957207416
U01958,12,8,1.5,248,1.4516129032258063,Finance,Intermediate/Advanced,3.165833333333333,131.73833333333332,0.5833333333333334,69,0.16666666666666666,0.4166666666666667,0.4166666666666667,0.08333333333333333,0.08333333333333333,0.0,0.08333333333333333,0.08333333333333333,0.0,0.25,0.0,0.08333333333333333,0.0,0.16666666666666666,0.16666666666666666,16,Male,2,Power Learners,3.3164830611864535,-0.22143748370397065
U01959,12,8,1.5,330,1.0909090909090908,Design/Digital Marketing/Cybersecurity/Marketing,Advanced,3.0725,112.3275,0.3333333333333333,28,0.16666666666666666,0.25,0.5833333333333334,0.0,0.08333333333333333,0.16666666666666666,0.08333333333333333,0.16666666666666666,0.16666666666666666,0.08333333333333333,0.0,0.16666666666666666,0.0,0.08333333333333333,0.0,26,Female,2,Power Learners,3.283829997069626,-1.115447690982409
U01960,1,1,1.0,0,1.0,Business,Intermediate,2.69,326.02,1.0,101,0.0,1.0,0.0,0.0,1.0,0.0,0.0,0.0,0.0,0.0,0.0,0.0,0.0,0.0,0.0,19,Female,1,Advanced Single-Shot Learners,-0.2492384129351057,2.1448471114809027
U01961,14,7,2.0,276,1.5217391304347827,Project Management,Beginner,3.02,65.29571428571428,0.5,43,0.5,0.21428571428571427,0.2857142857142857,0.14285714285714285,0.0,0.0,0.14285714285714285,0.0,0.0,0.07142857142857142,0.14285714285714285,0.0,0.14285714285714285,0.21428571428571427,0.14285714285714285,30,Male,2,Power Learners,3.362362093951426,-0.02153991502070077
U01962,11,9,1.2222222222222223,314,1.0509554140127388,Design/Project Management,Beginner/Intermediate,3.3654545454545453,141.6718181818182,0.36363636363636365,42,0.36363636363636365,0.36363636363636365,0.2727272727272727,0.09090909090909091,0.09090909090909091,0.0,0.09090909090909091,0.18181818181818182,0.09090909090909091,0.0,0.09090909090909091,0.0,0.09090909090909091,0.18181818181818182,0.09090909090909091,19,Male,2,Power Learners,3.3723665229278925,-0.3700842002587371
U01963,1,1,1.0,0,1.0,Project Management,Beginner,1.51,327.99,1.0,42,1.0,0.0,0.0,0.0,0.0,0.0,0.0,0.0,0.0,0.0,0.0,0.0,0.0,1.0,0.0,30,Male,4,Beginner Explorers,0.087945893428633,3.3765919413325074
U01964,4,4,1.0,147,0.8163265306122448,Design/Web Development/Digital Marketing/Data Science,Advanced,3.2125000000000004,69.0925,0.25,183,0.25,0.25,0.5,0.0,0.0,0.0,0.25,0.25,0.25,0.0,0.0,0.0,0.0,0.0,0.25,32,Male,2,Power Learners,1.2692188695483517,-0.37006830288757087
U01965,1,1,1.0,0,1.0,Finance,Intermediate,4.1,0.0,0.0,56,0.0,1.0,0.0,0.0,0.0,0.0,0.0,0.0,0.0,1.0,0.0,0.0,0.0,0.0,0.0,19,Female,3,Intermediate Value Seekers,-1.4624740109236936,-1.2597862789459902
U01966,4,4,1.0,132,0.9090909090909091,Artificial Intelligence/Project Management/Programming/Cybersecurity,Beginner,1.8800000000000001,144.0225,0.5,162,0.5,0.25,0.25,0.25,0.0,0.25,0.0,0.0,0.0,0.0,0.0,0.0,0.25,0.25,0.0,25,Female,2,Power Learners,1.6974460369123134,0.9906768914294978
U01967,1,1,1.0,0,1.0,Cybersecurity,Intermediate,1.91,0.0,0.0,31,0.0,1.0,0.0,0.0,0.0,1.0,0.0,0.0,0.0,0.0,0.0,0.0,0.0,0.0,0.0,27,Female,3,Intermediate Value Seekers,-1.4263506884378228,-1.459244350341138
U01968,2,2,1.0,39,1.5384615384615383,Artificial Intelligence/Digital Marketing,Beginner/Intermediate,3.7750000000000004,207.755,0.5,154,0.5,0.5,0.0,0.5,0.0,0.0,0.0,0.0,0.5,0.0,0.0,0.0,0.0,0.0,0.0,30,Female,0,Premium Explorers,0.8296246634027887,1.3815497947794342
U01969,1,1,1.0,0,1.0,Artificial Intelligence,Beginner,1.2,248.1,1.0,271,1.0,0.0,0.0,1.0,0.0,0.0,0.0,0.0,0.0,0.0,0.0,0.0,0.0,0.0,0.0,26,Male,0,Premium Explorers,-0.46759258062960163,4.153998897197285
U01970,2,2,1.0,196,0.30612244897959184,Marketing/Digital Marketing,Beginner/Advanced,3.465,0.0,0.0,93,0.5,0.0,0.5,0.0,0.0,0.0,0.0,0.0,0.5,0.0,0.0,0.5,0.0,0.0,0.0,16,Female,1,Advanced Single-Shot Learners,0.08762151501229168,-1.7369804619245017
U01971,1,1,1.0,0,1.0,Marketing,Advanced,4.79,0.0,0.0,333,0.0,0.0,1.0,0.0,0.0,0.0,0.0,0.0,0.0,0.0,0.0,1.0,0.0,0.0,0.0,17,Female,1,Advanced Single-Shot Learners,-2.376433915159679,-2.09232684406327
U01972,1,1,1.0,0,1.0,Programming,Beginner,3.85,0.0,0.0,37,1.0,0.0,0.0,0.0,0.0,0.0,0.0,0.0,0.0,0.0,0.0,0.0,1.0,0.0,0.0,18,Male,4,Beginner Explorers,-1.167958611482977,-0.042892307971151185
U01973,1,1,1.0,0,1.0,Programming,Intermediate,2.43,0.0,0.0,301,0.0,1.0,0.0,0.0,0.0,0.0,0.0,0.0,0.0,0.0,0.0,0.0,1.0,0.0,0.0,30,Male,3,Intermediate Value Seekers,-2.1785911263869813,-0.41276129439368153
U01974,2,2,1.0,87,0.6896551724137931,Artificial Intelligence/Design,Beginner/Advanced,4.5,245.45,0.5,120,0.5,0.0,0.5,0.5,0.0,0.0,0.0,0.5,0.0,0.0,0.0,0.0,0.0,0.0,0.0,31,Female,0,Premium Explorers,0.9437615071126805,0.9340710661609992
U01975,1,1,1.0,0,1.0,Cybersecurity,Intermediate,1.35,394.26,1.0,28,0.0,1.0,0.0,0.0,0.0,1.0,0.0,0.0,0.0,0.0,0.0,0.0,0.0,0.0,0.0,29,Male,3,Intermediate Value Seekers,-0.24893884297798816,1.1092026848801524
U01976,1,1,1.0,0,1.0,Machine Learning,Intermediate,4.73,0.0,0.0,260,0.0,1.0,0.0,0.0,0.0,0.0,0.0,0.0,0.0,0.0,1.0,0.0,0.0,0.0,0.0,24,Male,3,Intermediate Value Seekers,-2.2563067267490142,-1.5530780255208243
U01977,2,2,1.0,102,0.5882352941176471,Marketing/Artificial Intelligence,Intermediate/Advanced,2.3449999999999998,44.795,0.5,207,0.0,0.5,0.5,0.5,0.0,0.0,0.0,0.0,0.0,0.0,0.0,0.5,0.0,0.0,0.0,32,Male,0,Premium Explorers,0.40213003215574356,0.20395771119122777
U01978,1,1,1.0,0,1.0,Artificial Intelligence,Intermediate,2.68,89.59,1.0,74,0.0,1.0,0.0,1.0,0.0,0.0,0.0,0.0,0.0,0.0,0.0,0.0,0.0,0.0,0.0,26,Male,0,Premium Explorers,-0.1376229903221655,2.647101774302032
U01979,12,8,1.5,355,1.0140845070422535,Data Science/Business/Project Management/Design,Beginner,2.4908333333333337,104.94333333333333,0.3333333333333333,7,0.5,0.16666666666666666,0.3333333333333333,0.0,0.16666666666666666,0.0,0.16666666666666666,0.16666666666666666,0.0,0.0,0.08333333333333333,0.08333333333333333,0.08333333333333333,0.16666666666666666,0.08333333333333333,25,Female,2,Power Learners,3.4473129055340856,-0.48547369434119697
U01980,1,1,1.0,0,1.0,Finance,Intermediate,4.1,0.0,0.0,19,0.0,1.0,0.0,0.0,0.0,0.0,0.0,0.0,0.0,1.0,0.0,0.0,0.0,0.0,0.0,15,Female,3,Intermediate Value Seekers,-1.3338980523759614,-1.304638118575434
U01981,1,1,1.0,0,1.0,Data Science,Intermediate,3.6,0.0,0.0,356,0.0,1.0,0.0,0.0,0.0,0.0,1.0,0.0,0.0,0.0,0.0,0.0,0.0,0.0,0.0,27,Female,3,Intermediate Value Seekers,-2.396959960692896,-0.40900925410205197
U01982,1,1,1.0,0,1.0,Design,Advanced,2.72,276.37,1.0,160,0.0,0.0,1.0,0.0,0.0,0.0,0.0,1.0,0.0,0.0,0.0,0.0,0.0,0.0,0.0,35,Female,1,Advanced Single-Shot Learners,-0.6365415696420232,0.9948155413047991
U01983,1,1,1.0,0,1.0,Finance,Beginner,2.47,53.86,1.0,143,1.0,0.0,0.0,0.0,0.0,0.0,0.0,0.0,0.0,1.0,0.0,0.0,0.0,0.0,0.0,29,Female,4,Beginner Explorers,-0.6576646227884742,2.045633339729943
U01984,1,1,1.0,0,1.0,Digital Marketing,Beginner,2.14,0.0,0.0,242,1.0,0.0,0.0,0.0,0.0,0.0,0.0,0.0,1.0,0.0,0.0,0.0,0.0,0.0,0.0,15,Female,4,Beginner Explorers,-1.797061113812061,0.2612454941823323
U01985,1,1,1.0,0,1.0,Web Development,Beginner,3.32,0.0,0.0,194,1.0,0.0,0.0,0.0,0.0,0.0,0.0,0.0,0.0,0.0,0.0,0.0,0.0,0.0,1.0,22,Female,4,Beginner Explorers,-1.6440045379718986,0.13744715560807014
U01986,1,1,1.0,0,1.0,Project Management,Advanced,1.23,346.71,1.0,336,0.0,0.0,1.0,0.0,0.0,0.0,0.0,0.0,0.0,0.0,0.0,0.0,0.0,1.0,0.0,29,Female,1,Advanced Single-Shot Learners,-0.9293086662939984,2.957012901842493
U01987,13,10,1.3,356,1.095505617977528,Business/Finance/Data Science,Beginner,3.0484615384615386,102.47384615384615,0.38461538461538464,6,0.6153846153846154,0.15384615384615385,0.23076923076923078,0.07692307692307693,0.15384615384615385,0.0,0.15384615384615385,0.0,0.07692307692307693,0.15384615384615385,0.07692307692307693,0.07692307692307693,0.07692307692307693,0.07692307692307693,0.07692307692307693,15,Male,2,Power Learners,3.7282396081501985,-0.3274722271323171
U01988,1,1,1.0,0,1.0,Artificial Intelligence,Beginner,4.55,490.9,1.0,96,1.0,0.0,0.0,1.0,0.0,0.0,0.0,0.0,0.0,0.0,0.0,0.0,0.0,0.0,0.0,17,Female,0,Premium Explorers,0.14864850614771527,3.662282036933665
U01989,13,8,1.625,270,1.4444444444444444,Finance,Advanced,3.1638461538461544,63.27076923076923,0.3076923076923077,91,0.3076923076923077,0.3076923076923077,0.38461538461538464,0.0,0.07692307692307693,0.0,0.15384615384615385,0.0,0.15384615384615385,0.23076923076923078,0.07692307692307693,0.07692307692307693,0.15384615384615385,0.0,0.07692307692307693,26,Female,2,Power Learners,3.0943234766711565,-0.8520444688551824
U01990,2,2,1.0,59,1.0169491525423728,Business/Finance,Beginner/Advanced,3.07,0.0,0.0,281,0.5,0.0,0.5,0.0,0.5,0.0,0.0,0.0,0.0,0.5,0.0,0.0,0.0,0.0,0.0,16,Male,1,Advanced Single-Shot Learners,-0.5868943394447037,-0.4886522650280558
U01991,3,3,1.0,84,1.0714285714285714,Business/Web Development/Design,Advanced,1.8366666666666667,121.30333333333333,0.6666666666666666,183,0.0,0.3333333333333333,0.6666666666666666,0.0,0.3333333333333333,0.0,0.0,0.3333333333333333,0.0,0.0,0.0,0.0,0.0,0.0,0.3333333333333333,16,Female,1,Advanced Single-Shot Learners,1.153360357095078,0.5097939493722666
U01992,2,1,2.0,160,0.375,Project Management,Intermediate/Advanced,2.34,173.355,0.5,23,0.0,0.5,0.5,0.0,0.0,0.0,0.0,0.0,0.0,0.0,0.0,0.0,0.0,1.0,0.0,18,Male,2,Power Learners,0.8907544644945353,1.1738685531909427
U01993,14,8,1.75,307,1.3680781758957656,Finance/Machine Learning,Beginner/Intermediate,2.9014285714285717,90.215,0.2857142857142857,57,0.42857142857142855,0.42857142857142855,0.14285714285714285,0.0,0.07142857142857142,0.14285714285714285,0.0,0.07142857142857142,0.0,0.21428571428571427,0.21428571428571427,0.0,0.07142857142857142,0.07142857142857142,0.14285714285714285,23,Female,2,Power Learners,3.2853248697529547,-0.8486737886301555
U01994,11,8,1.375,297,1.1111111111111112,Artificial Intelligence/Marketing/Data Science,Beginner,3.2418181818181817,108.91545454545454,0.45454545454545453,10,0.5454545454545454,0.09090909090909091,0.36363636363636365,0.18181818181818182,0.0,0.09090909090909091,0.18181818181818182,0.0,0.09090909090909091,0.0,0.09090909090909091,0.18181818181818182,0.09090909090909091,0.0,0.09090909090909091,20,Female,2,Power Learners,3.425454495453148,-0.38066452638379383
U01995,1,1,1.0,0,1.0,Machine Learning,Advanced,1.81,0.0,0.0,44,0.0,0.0,1.0,0.0,0.0,0.0,0.0,0.0,0.0,0.0,1.0,0.0,0.0,0.0,0.0,35,Female,1,Advanced Single-Shot Learners,-1.3720268346228655,-1.543538452420594
U01996,1,1,1.0,0,1.0,Cybersecurity,Intermediate,1.35,394.26,1.0,101,0.0,1.0,0.0,0.0,0.0,1.0,0.0,0.0,0.0,0.0,0.0,0.0,0.0,0.0,0.0,29,Female,3,Intermediate Value Seekers,-0.4724989992387611,1.2007191856590962
U01997,1,1,1.0,0,1.0,Project Management,Advanced,1.23,346.71,1.0,273,0.0,0.0,1.0,0.0,0.0,0.0,0.0,0.0,0.0,0.0,0.0,0.0,0.0,1.0,0.0,16,Male,1,Advanced Single-Shot Learners,-0.7223193148757746,2.902293543287716
U01998,15,10,1.5,357,1.2605042016806722,Digital Marketing/Machine Learning/Finance/Programming/Cybersecurity,Intermediate,2.9013333333333335,105.80866666666665,0.4,1,0.26666666666666666,0.4666666666666667,0.26666666666666666,0.06666666666666667,0.06666666666666667,0.13333333333333333,0.06666666666666667,0.0,0.13333333333333333,0.13333333333333333,0.13333333333333333,0.06666666666666667,0.13333333333333333,0.0,0.06666666666666667,23,Male,2,Power Learners,3.774001748473971,-0.8802135068120105
U01999,2,1,2.0,112,0.5357142857142857,Artificial Intelligence,Beginner/Intermediate,3.83,453.205,1.0,174,0.5,0.5,0.0,1.0,0.0,0.0,0.0,0.0,0.0,0.0,0.0,0.0,0.0,0.0,0.0,17,Female,0,Premium Explorers,0.9115738710690857,3.0053294501267973
U02000,2,2,1.0,207,0.2898550724637681,Web Development/Design,Advanced,3.13,28.66,0.5,72,0.0,0.0,1.0,0.0,0.0,0.0,0.0,0.5,0.0,0.0,0.0,0.0,0.0,0.0,0.5,32,Male,1,Advanced Single-Shot Learners,0.7563433523082962,-0.466859296631582
U02001,1,1,1.0,0,1.0,Machine Learning,Advanced,1.81,0.0,0.0,49,0.0,0.0,1.0,0.0,0.0,0.0,0.0,0.0,0.0,0.0,1.0,0.0,0.0,0.0,0.0,30,Male,1,Advanced Single-Shot Learners,-1.4021766861293872,-1.5169640643546334
U02002,1,1,1.0,0,1.0,Machine Learning,Intermediate,4.73,0.0,0.0,165,0.0,1.0,0.0,0.0,0.0,0.0,0.0,0.0,0.0,0.0,1.0,0.0,0.0,0.0,0.0,23,Female,3,Intermediate Value Seekers,-1.9182198309392635,-1.6952872857003194
U02003,4,4,1.0,223,0.5381165919282511,Finance/Web Development/Marketing/Artificial Intelligence,Advanced,3.4000000000000004,122.725,0.25,19,0.25,0.0,0.75,0.25,0.0,0.0,0.0,0.0,0.0,0.25,0.0,0.25,0.0,0.0,0.25,31,Male,2,Power Learners,2.0080292280174064,-0.4703716747215286
U02004,1,1,1.0,0,1.0,Project Management,Intermediate,4.84,342.61,1.0,230,0.0,1.0,0.0,0.0,0.0,0.0,0.0,0.0,0.0,0.0,0.0,0.0,0.0,1.0,0.0,27,Male,3,Intermediate Value Seekers,-0.7712550164496383,2.4006417609016513
U02005,1,1,1.0,0,1.0,Finance,Beginner,4.14,0.0,0.0,135,1.0,0.0,0.0,0.0,0.0,0.0,0.0,0.0,0.0,1.0,0.0,0.0,0.0,0.0,0.0,27,Male,4,Beginner Explorers,-1.6046882542631644,-0.2782991441868869
U02006,1,1,1.0,0,1.0,Cybersecurity,Intermediate,1.91,0.0,0.0,118,0.0,1.0,0.0,0.0,0.0,1.0,0.0,0.0,0.0,0.0,0.0,0.0,0.0,0.0,0.0,34,Male,3,Intermediate Value Seekers,-1.7455002970957347,-1.338762451137908
U02007,1,1,1.0,0,1.0,Finance,Beginner,4.14,0.0,0.0,344,1.0,0.0,0.0,0.0,0.0,0.0,0.0,0.0,0.0,1.0,0.0,0.0,0.0,0.0,0.0,25,Female,4,Beginner Explorers,-2.279287821146069,0.00734720220972292
U02008,1,1,1.0,0,1.0,Marketing,Intermediate,4.11,0.0,0.0,308,0.0,1.0,0.0,0.0,0.0,0.0,0.0,0.0,0.0,0.0,0.0,1.0,0.0,0.0,0.0,25,Male,3,Intermediate Value Seekers,-2.3849762547685476,-2.0683695328078646
U02009,1,1,1.0,0,1.0,Data Science,Beginner,3.74,299.57,1.0,245,1.0,0.0,0.0,0.0,0.0,0.0,1.0,0.0,0.0,0.0,0.0,0.0,0.0,0.0,0.0,34,Male,4,Beginner Explorers,-0.768422161590672,2.748741546993278
U02010,14,9,1.5555555555555556,337,1.2462908011869438,Digital Marketing,Beginner,3.478571428571428,134.32285714285715,0.5,14,0.5,0.21428571428571427,0.2857142857142857,0.07142857142857142,0.0,0.07142857142857142,0.0,0.07142857142857142,0.21428571428571427,0.0,0.07142857142857142,0.14285714285714285,0.07142857142857142,0.14285714285714285,0.14285714285714285,31,Male,2,Power Learners,3.686580834389319,-0.4783724414404843
U02011,1,1,1.0,0,1.0,Web Development,Beginner,3.32,0.0,0.0,63,1.0,0.0,0.0,0.0,0.0,0.0,0.0,0.0,0.0,0.0,0.0,0.0,0.0,0.0,1.0,27,Male,4,Beginner Explorers,-1.2334434211795589,-0.04412712522194207
U02012,1,1,1.0,0,1.0,Web Development,Advanced,1.3,37.89,1.0,143,0.0,0.0,1.0,0.0,0.0,0.0,0.0,0.0,0.0,0.0,0.0,0.0,0.0,0.0,1.0,17,Female,1,Advanced Single-Shot Learners,-0.6203037474132579,1.5135757558361917
U02013,2,2,1.0,37,1.6216216216216215,Design/Artificial Intelligence,Beginner/Advanced,4.045,0.0,0.0,298,0.5,0.0,0.5,0.5,0.0,0.0,0.0,0.5,0.0,0.0,0.0,0.0,0.0,0.0,0.0,29,Female,1,Advanced Single-Shot Learners,-0.5784242033911818,-0.4312974298286664
U02014,3,3,1.0,215,0.41860465116279066,Finance/Cybersecurity/Machine Learning,Beginner,3.766666666666667,18.213333333333335,0.6666666666666666,57,0.6666666666666666,0.0,0.3333333333333333,0.0,0.0,0.3333333333333333,0.0,0.0,0.0,0.3333333333333333,0.3333333333333333,0.0,0.0,0.0,0.0,23,Female,2,Power Learners,1.284883300480664,-0.17360549236604886
U02015,14,9,1.5555555555555556,295,1.423728813559322,Project Management/Web Development/Marketing/Cybersecurity/Programming,Beginner,3.267142857142857,86.36785714285715,0.21428571428571427,26,0.42857142857142855,0.35714285714285715,0.21428571428571427,0.07142857142857142,0.07142857142857142,0.14285714285714285,0.0,0.07142857142857142,0.0,0.07142857142857142,0.0,0.14285714285714285,0.14285714285714285,0.14285714285714285,0.14285714285714285,30,Male,2,Power Learners,3.4727981964351256,-0.9250550509673866
U02016,1,1,1.0,0,1.0,Artificial Intelligence,Beginner,3.64,0.0,0.0,11,1.0,0.0,0.0,1.0,0.0,0.0,0.0,0.0,0.0,0.0,0.0,0.0,0.0,0.0,0.0,25,Male,0,Premium Explorers,-0.777799229916182,1.099567001598594
U02017,2,2,1.0,122,0.49180327868852464,Finance/Programming,Beginner,3.16,26.93,0.5,221,1.0,0.0,0.0,0.0,0.0,0.0,0.0,0.0,0.0,0.5,0.0,0.0,0.5,0.0,0.0,22,Female,4,Beginner Explorers,0.3053668489645526,0.9055164344518272
U02018,1,1,1.0,0,1.0,Programming,Beginner,1.28,0.0,0.0,312,1.0,0.0,0.0,0.0,0.0,0.0,0.0,0.0,0.0,0.0,0.0,0.0,1.0,0.0,0.0,35,Male,4,Beginner Explorers,-2.0383202257777318,0.6016056371057216
U02019,3,2,1.5,236,0.38135593220338987,Web Development,Advanced,3.736666666666667,89.90333333333332,0.6666666666666666,59,0.3333333333333333,0.0,0.6666666666666666,0.0,0.0,0.0,0.0,0.0,0.3333333333333333,0.0,0.0,0.0,0.0,0.0,0.6666666666666666,25,Female,2,Power Learners,1.3642653850141055,0.42390203292465256
U02020,1,1,1.0,0,1.0,Machine Learning,Beginner,1.13,0.0,0.0,350,1.0,0.0,0.0,0.0,0.0,0.0,0.0,0.0,0.0,0.0,1.0,0.0,0.0,0.0,0.0,18,Male,4,Beginner Explorers,-2.2997133488544237,-0.13335808533698287
U02021,1,1,1.0,0,1.0,Cybersecurity,Advanced,2.38,0.0,0.0,185,0.0,0.0,1.0,0.0,0.0,1.0,0.0,0.0,0.0,0.0,0.0,0.0,0.0,0.0,0.0,25,Female,1,Advanced Single-Shot Learners,-1.870131192333889,-1.278496765564373
U02022,11,8,1.375,277,1.1913357400722022,Programming,Beginner,2.5536363636363637,87.11727272727272,0.36363636363636365,71,0.45454545454545453,0.2727272727272727,0.2727272727272727,0.0,0.0,0.09090909090909091,0.09090909090909091,0.09090909090909091,0.09090909090909091,0.09090909090909091,0.09090909090909091,0.0,0.36363636363636365,0.0,0.09090909090909091,27,Female,2,Power Learners,3.0971011215344477,-0.5254667803569957
U02023,2,2,1.0,138,0.4347826086956522,Programming/Project Management,Beginner/Intermediate,3.165,0.0,0.0,176,0.5,0.5,0.0,0.0,0.0,0.0,0.0,0.0,0.0,0.0,0.0,0.0,0.5,0.5,0.0,31,Female,4,Beginner Explorers,-0.16851207378368951,-0.4209159610936871
U02024,2,2,1.0,106,0.5660377358490566,Business/Digital Marketing,Beginner/Advanced,3.22,0.0,0.0,43,0.5,0.0,0.5,0.0,0.5,0.0,0.0,0.0,0.5,0.0,0.0,0.0,0.0,0.0,0.0,24,Female,1,Advanced Single-Shot Learners,0.2914228080867725,-0.8190848077330601
U02025,1,1,1.0,0,1.0,Design,Advanced,2.72,276.37,1.0,238,0.0,0.0,1.0,0.0,0.0,0.0,0.0,1.0,0.0,0.0,0.0,0.0,0.0,0.0,0.0,21,Male,1,Advanced Single-Shot Learners,-0.8985599459452722,1.139481952656359
U02026,1,1,1.0,0,1.0,Machine Learning,Beginner,1.13,0.0,0.0,260,1.0,0.0,0.0,0.0,0.0,0.0,0.0,0.0,0.0,0.0,1.0,0.0,0.0,0.0,0.0,19,Female,4,Beginner Explorers,-1.9808858254344228,-0.2720637741375957
U02027,1,1,1.0,0,1.0,Digital Marketing,Beginner,2.14,0.0,0.0,11,1.0,0.0,0.0,0.0,0.0,0.0,0.0,0.0,1.0,0.0,0.0,0.0,0.0,0.0,0.0,28,Male,4,Beginner Explorers,-1.063283203164352,-0.07451315389517033
U02028,2,2,1.0,210,0.2857142857142857,Web Development/Design,Advanced,2.6399999999999997,0.0,0.0,136,0.0,0.0,1.0,0.0,0.0,0.0,0.0,0.5,0.0,0.0,0.0,0.0,0.0,0.0,0.5,35,Female,1,Advanced Single-Shot Learners,-0.06671900344514572,-1.6637689689957738
U02029,1,1,1.0,0,1.0,Project Management,Intermediate,4.84,342.61,1.0,241,0.0,1.0,0.0,0.0,0.0,0.0,0.0,0.0,0.0,0.0,0.0,0.0,0.0,1.0,0.0,28,Male,3,Intermediate Value Seekers,-0.8092360477196976,2.414307617828473
U02030,1,1,1.0,0,1.0,Data Science,Advanced,2.57,117.68,1.0,330,0.0,0.0,1.0,0.0,0.0,0.0,1.0,0.0,0.0,0.0,0.0,0.0,0.0,0.0,0.0,28,Female,1,Advanced Single-Shot Learners,-1.1895443831020485,1.9639783017267718
U02031,2,2,1.0,66,0.9090909090909091,Finance/Machine Learning,Beginner/Intermediate,1.94,59.52,0.5,127,0.5,0.5,0.0,0.0,0.0,0.0,0.0,0.0,0.0,0.5,0.5,0.0,0.0,0.0,0.0,20,Male,2,Power Learners,0.5295015415819652,0.2452692883156605
U02032,2,2,1.0,118,0.5084745762711864,Project Management/Web Development,Intermediate/Advanced,3.06,0.0,0.0,192,0.0,0.5,0.5,0.0,0.0,0.0,0.0,0.0,0.0,0.0,0.0,0.0,0.0,0.5,0.5,17,Male,1,Advanced Single-Shot Learners,-0.26575810889763213,-0.8150671192853873
U02033,1,1,1.0,0,1.0,Marketing,Advanced,2.98,0.0,0.0,54,0.0,0.0,1.0,0.0,0.0,0.0,0.0,0.0,0.0,0.0,0.0,1.0,0.0,0.0,0.0,25,Male,1,Advanced Single-Shot Learners,-1.427619379483459,-2.2831840507527894
U02034,1,1,1.0,0,1.0,Data Science,Advanced,2.57,117.68,1.0,209,0.0,0.0,1.0,0.0,0.0,0.0,1.0,0.0,0.0,0.0,0.0,0.0,0.0,0.0,0.0,31,Female,1,Advanced Single-Shot Learners,-0.7898278131971209,1.7891209347946948
U02035,15,9,1.6666666666666667,343,1.3119533527696792,Project Management/Finance/Design/Business/Programming/Machine Learning,Advanced,2.8720000000000003,102.12866666666667,0.3333333333333333,6,0.3333333333333333,0.2,0.4666666666666667,0.06666666666666667,0.13333333333333333,0.0,0.0,0.13333333333333333,0.06666666666666667,0.13333333333333333,0.13333333333333333,0.0,0.13333333333333333,0.13333333333333333,0.06666666666666667,32,Male,2,Power Learners,3.69082538649088,-0.6774253907814134
U02036,2,2,1.0,99,0.6060606060606061,Machine Learning/Artificial Intelligence,Intermediate/Advanced,2.245,44.795,0.5,167,0.0,0.5,0.5,0.5,0.0,0.0,0.0,0.0,0.0,0.0,0.5,0.0,0.0,0.0,0.0,26,Male,0,Premium Explorers,0.5350691354242098,0.49659900935847373
U02037,2,2,1.0,142,0.4225352112676056,Project Management/Finance,Beginner/Intermediate,2.8049999999999997,163.995,0.5,76,0.5,0.5,0.0,0.0,0.0,0.0,0.0,0.0,0.0,0.5,0.0,0.0,0.0,0.5,0.0,18,Female,2,Power Learners,1.0192418305977802,0.9785485559932983
U02038,11,9,1.2222222222222223,273,1.208791208791209,Project Management,Advanced,3.689090909090909,47.26818181818182,0.18181818181818182,43,0.2727272727272727,0.2727272727272727,0.45454545454545453,0.0,0.0,0.09090909090909091,0.09090909090909091,0.09090909090909091,0.09090909090909091,0.0,0.09090909090909091,0.09090909090909091,0.09090909090909091,0.2727272727272727,0.09090909090909091,32,Female,2,Power Learners,3.1020500491662593,-1.16917857666879
U02039,13,10,1.3,337,1.1572700296735905,Design/Business/Artificial Intelligence,Beginner,3.3876923076923076,145.64538461538461,0.5384615384615384,21,0.5384615384615384,0.23076923076923078,0.23076923076923078,0.15384615384615385,0.15384615384615385,0.07692307692307693,0.07692307692307693,0.15384615384615385,0.07692307692307693,0.07692307692307693,0.0,0.07692307692307693,0.07692307692307693,0.07692307692307693,0.0,29,Male,2,Power Learners,3.750245964737443,-0.1511017785464587
U02040,1,1,1.0,0,1.0,Data Science,Intermediate,3.6,0.0,0.0,109,0.0,1.0,0.0,0.0,0.0,0.0,1.0,0.0,0.0,0.0,0.0,0.0,0.0,0.0,0.0,30,Male,3,Intermediate Value Seekers,-1.5969042593525167,-0.7496708601167399
U02041,3,3,1.0,133,0.6766917293233082,Design/Web Development/Machine Learning,Advanced,2.5399999999999996,12.63,0.3333333333333333,72,0.3333333333333333,0.0,0.6666666666666666,0.0,0.0,0.0,0.0,0.3333333333333333,0.0,0.0,0.3333333333333333,0.0,0.0,0.0,0.3333333333333333,34,Male,1,Advanced Single-Shot Learners,1.0386699695652877,-0.7576785361143449
U02042,1,1,1.0,0,1.0,Project Management,Intermediate,3.45,0.0,0.0,33,0.0,1.0,0.0,0.0,0.0,0.0,0.0,0.0,0.0,0.0,0.0,0.0,0.0,1.0,0.0,32,Female,3,Intermediate Value Seekers,-1.2197139859378423,-0.21550296533990287
U02043,1,1,1.0,0,1.0,Business,Advanced,3.15,0.0,0.0,257,0.0,0.0,1.0,0.0,1.0,0.0,0.0,0.0,0.0,0.0,0.0,0.0,0.0,0.0,0.0,23,Female,1,Advanced Single-Shot Learners,-1.8568164908431357,-0.1485633203877703
U02044,2,2,1.0,187,0.32085561497326204,Programming/Cybersecurity,Beginner/Intermediate,3.89,0.0,0.0,71,0.5,0.5,0.0,0.0,0.0,0.5,0.0,0.0,0.0,0.0,0.0,0.0,0.5,0.0,0.0,24,Female,4,Beginner Explorers,0.07961106797724037,-1.3667433663247301
U02045,1,1,1.0,0,1.0,Machine Learning,Advanced,3.89,0.78,1.0,300,0.0,0.0,1.0,0.0,0.0,0.0,0.0,0.0,0.0,0.0,1.0,0.0,0.0,0.0,0.0,28,Female,1,Advanced Single-Shot Learners,-1.8180055457723814,0.10283921831401281
U02046,1,1,1.0,0,1.0,Web Development,Beginner,3.32,0.0,0.0,67,1.0,0.0,0.0,0.0,0.0,0.0,0.0,0.0,0.0,0.0,0.0,0.0,0.0,0.0,1.0,17,Male,4,Beginner Explorers,-1.2338746777226162,-0.020996974365290723
U02047,1,1,1.0,0,1.0,Project Management,Beginner,4.68,0.0,0.0,235,1.0,0.0,0.0,0.0,0.0,0.0,0.0,0.0,0.0,0.0,0.0,0.0,0.0,1.0,0.0,18,Female,4,Beginner Explorers,-1.7557311385647971,0.8323955519695411
U02048,1,1,1.0,0,1.0,Artificial Intelligence,Intermediate,2.68,89.59,1.0,101,0.0,1.0,0.0,1.0,0.0,0.0,0.0,0.0,0.0,0.0,0.0,0.0,0.0,0.0,0.0,19,Female,0,Premium Explorers,-0.19871495090790248,2.68640859522367
U02049,1,1,1.0,0,1.0,Artificial Intelligence,Beginner,1.2,248.1,1.0,136,1.0,0.0,0.0,1.0,0.0,0.0,0.0,0.0,0.0,0.0,0.0,0.0,0.0,0.0,0.0,22,Male,0,Premium Explorers,-0.012142290626803033,3.9717848244780423
U02050,3,3,1.0,323,0.2786377708978328,Digital Marketing/Data Science/Web Development,Beginner,2.6633333333333336,0.0,0.0,16,1.0,0.0,0.0,0.0,0.0,0.0,0.3333333333333333,0.0,0.3333333333333333,0.0,0.0,0.0,0.0,0.0,0.3333333333333333,28,Male,4,Beginner Explorers,0.9949600464715325,-0.7558696107875027
U02051,1,1,1.0,0,1.0,Project Management,Intermediate,4.84,342.61,1.0,251,0.0,1.0,0.0,0.0,0.0,0.0,0.0,0.0,0.0,0.0,0.0,0.0,0.0,1.0,0.0,31,Female,3,Intermediate Value Seekers,-0.8265358710591542,2.4122627671774657
U02052,2,1,2.0,190,0.31578947368421056,Business,Beginner/Advanced,2.8,386.485,1.0,93,0.5,0.0,0.5,0.0,1.0,0.0,0.0,0.0,0.0,0.0,0.0,0.0,0.0,0.0,0.0,21,Male,1,Advanced Single-Shot Learners,1.045899597334034,2.181614924819832
U02053,1,1,1.0,0,1.0,Business,Advanced,2.0,0.0,0.0,294,0.0,0.0,1.0,0.0,1.0,0.0,0.0,0.0,0.0,0.0,0.0,0.0,0.0,0.0,0.0,19,Female,1,Advanced Single-Shot Learners,-1.94426202889504,0.03955154618621664
U02054,2,2,1.0,8,2.0,Web Development/Programming,Beginner/Intermediate,2.3150000000000004,0.0,0.0,43,0.5,0.5,0.0,0.0,0.0,0.0,0.0,0.0,0.0,0.0,0.0,0.0,0.5,0.0,0.5,23,Male,4,Beginner Explorers,-0.0155435392265385,-0.7199005294206163
U02055,14,9,1.5555555555555556,325,1.2923076923076922,Business/Programming/Design/Project Management/Cybersecurity,Beginner/Advanced,3.125,139.91571428571427,0.35714285714285715,15,0.42857142857142855,0.14285714285714285,0.42857142857142855,0.0,0.14285714285714285,0.14285714285714285,0.0,0.14285714285714285,0.07142857142857142,0.07142857142857142,0.07142857142857142,0.07142857142857142,0.14285714285714285,0.14285714285714285,0.0,33,Female,2,Power Learners,3.6322056181980384,-0.720301384786718
U02056,1,1,1.0,0,1.0,Finance,Advanced,1.59,0.0,0.0,251,0.0,0.0,1.0,0.0,0.0,0.0,0.0,0.0,0.0,1.0,0.0,0.0,0.0,0.0,0.0,35,Female,1,Advanced Single-Shot Learners,-1.9864297569201694,-0.7182021066264145
U02057,2,2,1.0,22,2.0,Artificial Intelligence/Cybersecurity,Beginner/Intermediate,2.775,0.0,0.0,57,0.5,0.5,0.0,0.5,0.0,0.5,0.0,0.0,0.0,0.0,0.0,0.0,0.0,0.0,0.0,16,Male,0,Premium Explorers,0.1565334194371221,-0.535003941207422
U02058,13,8,1.625,319,1.2225705329153607,Artificial Intelligence/Digital Marketing/Cybersecurity/Web Development/Programming,Beginner,3.017692307692308,96.42846153846153,0.3076923076923077,2,0.5384615384615384,0.23076923076923078,0.23076923076923078,0.15384615384615385,0.0,0.15384615384615385,0.07692307692307693,0.0,0.15384615384615385,0.07692307692307693,0.07692307692307693,0.0,0.15384615384615385,0.0,0.15384615384615385,16,Male,2,Power Learners,3.505708237704567,-0.4718574393209484
U02059,1,1,1.0,0,1.0,Marketing,Advanced,2.98,0.0,0.0,278,0.0,0.0,1.0,0.0,0.0,0.0,0.0,0.0,0.0,0.0,0.0,1.0,0.0,0.0,0.0,20,Female,1,Advanced Single-Shot Learners,-2.1483775659219337,-1.971255814031437
U02060,3,2,1.5,282,0.3191489361702127,Data Science,Beginner/Intermediate/Advanced,3.2099999999999995,0.0,0.0,23,0.3333333333333333,0.3333333333333333,0.3333333333333333,0.0,0.0,0.3333333333333333,0.6666666666666666,0.0,0.0,0.0,0.0,0.0,0.0,0.0,0.0,31,Female,2,Power Learners,0.5467300085331109,-1.4446977529058243
U02061,1,1,1.0,0,1.0,Data Science,Advanced,2.57,117.68,1.0,359,0.0,0.0,1.0,0.0,0.0,0.0,1.0,0.0,0.0,0.0,0.0,0.0,0.0,0.0,0.0,25,Female,1,Advanced Single-Shot Learners,-1.2823993357226273,2.0098833682071997
U02062,1,1,1.0,0,1.0,Cybersecurity,Advanced,2.38,0.0,0.0,76,0.0,0.0,1.0,0.0,0.0,1.0,0.0,0.0,0.0,0.0,0.0,0.0,0.0,0.0,0.0,35,Male,1,Advanced Single-Shot Learners,-1.539405303952894,-1.4379963912701066
U02063,2,2,1.0,4,2.0,Web Development/Design,Advanced,1.4100000000000001,18.945,0.5,278,0.0,0.0,1.0,0.0,0.0,0.0,0.0,0.5,0.0,0.0,0.0,0.0,0.0,0.0,0.5,26,Male,1,Advanced Single-Shot Learners,-0.36543029975888813,0.1728269522671345
U02064,15,10,1.5,351,1.2820512820512822,Artificial Intelligence,Beginner,3.1079999999999997,137.86666666666667,0.4666666666666667,13,0.4666666666666667,0.2,0.3333333333333333,0.2,0.06666666666666667,0.0,0.06666666666666667,0.13333333333333333,0.06666666666666667,0.13333333333333333,0.06666666666666667,0.0,0.06666666666666667,0.13333333333333333,0.06666666666666667,35,Male,2,Power Learners,3.887142727497098,-0.18284378772579948
U02065,2,2,1.0,64,0.9375,Cybersecurity/Marketing,Advanced,2.195,0.0,0.0,20,0.0,0.0,1.0,0.0,0.0,0.5,0.0,0.0,0.0,0.0,0.0,0.5,0.0,0.0,0.0,20,Male,1,Advanced Single-Shot Learners,0.10605797601718299,-2.336123102318966
U02066,1,1,1.0,0,1.0,Machine Learning,Intermediate,4.73,0.0,0.0,238,0.0,1.0,0.0,0.0,0.0,0.0,0.0,0.0,0.0,0.0,1.0,0.0,0.0,0.0,0.0,18,Male,3,Intermediate Value Seekers,-2.1751804430472603,-1.5734003277353141
U02067,1,1,1.0,0,1.0,Data Science,Intermediate,3.6,0.0,0.0,135,0.0,1.0,0.0,0.0,0.0,0.0,1.0,0.0,0.0,0.0,0.0,0.0,0.0,0.0,0.0,26,Female,3,Intermediate Value Seekers,-1.6585339334476938,-0.7170227533641584
U02068,13,7,1.8571428571428572,253,1.541501976284585,Programming,Beginner,3.433076923076923,94.86615384615385,0.38461538461538464,36,0.6923076923076923,0.07692307692307693,0.23076923076923078,0.0,0.15384615384615385,0.0,0.07692307692307693,0.15384615384615385,0.15384615384615385,0.07692307692307693,0.0,0.0,0.3076923076923077,0.0,0.07692307692307693,15,Male,2,Power Learners,3.3135188113074117,-0.24200742040796505
U02069,1,1,1.0,0,1.0,Data Science,Intermediate,3.6,0.0,0.0,18,0.0,1.0,0.0,0.0,0.0,0.0,1.0,0.0,0.0,0.0,0.0,0.0,0.0,0.0,0.0,18,Male,3,Intermediate Value Seekers,-1.2778854309450487,-0.8561932702112357
U02070,1,1,1.0,0,1.0,Project Management,Intermediate,4.84,342.61,1.0,298,0.0,1.0,0.0,0.0,0.0,0.0,0.0,0.0,0.0,0.0,0.0,0.0,0.0,1.0,0.0,31,Female,3,Intermediate Value Seekers,-0.9833021320631147,2.4781405728429817
U02071,13,8,1.625,312,1.25,Artificial Intelligence,Intermediate,3.3,69.73153846153846,0.23076923076923078,25,0.3076923076923077,0.46153846153846156,0.23076923076923078,0.23076923076923078,0.15384615384615385,0.0,0.07692307692307693,0.0,0.07692307692307693,0.15384615384615385,0.15384615384615385,0.07692307692307693,0.0,0.0,0.07692307692307693,24,Male,2,Power Learners,3.3386761308256947,-0.776950321614934
U02072,1,1,1.0,0,1.0,Marketing,Advanced,2.01,0.0,0.0,157,0.0,0.0,1.0,0.0,0.0,0.0,0.0,0.0,0.0,0.0,0.0,1.0,0.0,0.0,0.0,16,Male,1,Advanced Single-Shot Learners,-1.7335706761534475,-2.0140276881405668
U02073,2,2,1.0,295,0.20338983050847456,Data Science/Web Development,Intermediate/Advanced,2.45,18.945,0.5,7,0.0,0.5,0.5,0.0,0.0,0.0,0.5,0.0,0.0,0.0,0.0,0.0,0.0,0.0,0.5,19,Female,2,Power Learners,1.04426991820198,-0.1422345650602936
U02074,14,9,1.5555555555555556,318,1.3207547169811322,Data Science,Beginner,2.7935714285714286,120.84,0.5714285714285714,13,0.42857142857142855,0.21428571428571427,0.35714285714285715,0.14285714285714285,0.07142857142857142,0.07142857142857142,0.21428571428571427,0.0,0.07142857142857142,0.07142857142857142,0.14285714285714285,0.14285714285714285,0.07142857142857142,0.0,0.0,27,Female,2,Power Learners,3.744309355912263,-0.3498820750863698
U02075,1,1,1.0,0,1.0,Finance,Intermediate,4.1,0.0,0.0,5,0.0,1.0,0.0,0.0,0.0,0.0,0.0,0.0,0.0,1.0,0.0,0.0,0.0,0.0,0.0,26,Male,3,Intermediate Value Seekers,-1.321331193655083,-1.3327328304202326
U02076,1,1,1.0,0,1.0,Design,Advanced,2.61,0.0,0.0,271,0.0,0.0,1.0,0.0,0.0,0.0,0.0,1.0,0.0,0.0,0.0,0.0,0.0,0.0,0.0,24,Female,1,Advanced Single-Shot Learners,-2.117322604291652,-1.2552579040618348
U02077,14,10,1.4,359,1.16991643454039,Web Development,Beginner,3.063571428571429,61.19857142857143,0.21428571428571427,4,0.42857142857142855,0.21428571428571427,0.35714285714285715,0.07142857142857142,0.07142857142857142,0.07142857142857142,0.07142857142857142,0.07142857142857142,0.14285714285714285,0.0,0.0,0.07142857142857142,0.07142857142857142,0.14285714285714285,0.21428571428571427,24,Male,2,Power Learners,3.6383954500908273,-0.8665423247192011
U02078,2,2,1.0,159,0.37735849056603776,Web Development/Business,Beginner/Advanced,3.35,171.185,1.0,56,0.5,0.0,0.5,0.0,0.5,0.0,0.0,0.0,0.0,0.0,0.0,0.0,0.0,0.0,0.5,34,Female,1,Advanced Single-Shot Learners,1.3590167711564773,1.5371062985298787
U02079,1,1,1.0,0,1.0,Cybersecurity,Intermediate,1.91,0.0,0.0,363,0.0,1.0,0.0,0.0,0.0,1.0,0.0,0.0,0.0,0.0,0.0,0.0,0.0,0.0,0.0,29,Female,3,Intermediate Value Seekers,-2.5363029831317236,-0.9973994501830268
U02080,2,2,1.0,206,0.29126213592233013,Project Management/Artificial Intelligence,Beginner/Intermediate,4.695,416.755,1.0,2,0.5,0.5,0.0,0.5,0.0,0.0,0.0,0.0,0.0,0.0,0.0,0.0,0.0,0.5,0.0,33,Male,0,Premium Explorers,1.736201185341749,2.243050926689672
U02081,2,2,1.0,90,0.6666666666666666,Finance/Design,Intermediate/Advanced,2.135,59.52,0.5,209,0.0,0.5,0.5,0.0,0.0,0.0,0.0,0.5,0.0,0.5,0.0,0.0,0.0,0.0,0.0,19,Female,1,Advanced Single-Shot Learners,0.26639606513846226,-0.09965766530416525
U02082,1,1,1.0,0,1.0,Web Development,Beginner,2.2,0.0,0.0,198,1.0,0.0,0.0,0.0,0.0,0.0,0.0,0.0,0.0,0.0,0.0,0.0,0.0,0.0,1.0,26,Female,4,Beginner Explorers,-1.6325121202734936,0.26191698147219156
U02083,2,2,1.0,39,1.5384615384615383,Web Development/Business,Beginner/Advanced,2.92,243.96,0.5,207,0.5,0.0,0.5,0.0,0.5,0.0,0.0,0.0,0.0,0.0,0.0,0.0,0.0,0.0,0.5,27,Female,1,Advanced Single-Shot Learners,0.6469834152019198,1.2496509612070945
U02084,3,3,1.0,178,0.5056179775280899,Machine Learning/Marketing/Programming,Intermediate,3.4766666666666666,0.26,0.3333333333333333,160,0.0,0.6666666666666666,0.3333333333333333,0.0,0.0,0.0,0.0,0.0,0.0,0.0,0.3333333333333333,0.3333333333333333,0.3333333333333333,0.0,0.0,21,Female,3,Intermediate Value Seekers,0.38297382346684566,-1.6829722458019754
U02085,1,1,1.0,0,1.0,Design,Advanced,1.52,0.0,0.0,90,0.0,0.0,1.0,0.0,0.0,0.0,0.0,1.0,0.0,0.0,0.0,0.0,0.0,0.0,0.0,22,Female,1,Advanced Single-Shot Learners,-1.4818286977856823,-1.3829518050036997
U02086,2,2,1.0,157,0.38216560509554137,Project Management/Data Science,Intermediate,4.22,171.305,0.5,29,0.0,1.0,0.0,0.0,0.0,0.0,0.5,0.0,0.0,0.0,0.0,0.0,0.0,0.5,0.0,30,Male,3,Intermediate Value Seekers,1.0761261497767716,0.5002723258288904
U02087,1,1,1.0,0,1.0,Project Management,Beginner,4.68,0.0,0.0,146,1.0,0.0,0.0,0.0,0.0,0.0,0.0,0.0,0.0,0.0,0.0,0.0,0.0,1.0,0.0,28,Female,4,Beginner Explorers,-1.471786431269896,0.6901246887390841
U02088,1,1,1.0,0,1.0,Marketing,Intermediate,4.11,0.0,0.0,283,0.0,1.0,0.0,0.0,0.0,0.0,0.0,0.0,0.0,0.0,0.0,1.0,0.0,0.0,0.0,18,Female,3,Intermediate Value Seekers,-2.2726246925413918,-2.1019487947502014
U02089,1,1,1.0,0,1.0,Artificial Intelligence,Beginner,3.64,0.0,0.0,332,1.0,0.0,0.0,1.0,0.0,0.0,0.0,0.0,0.0,0.0,0.0,0.0,0.0,0.0,0.0,16,Female,0,Premium Explorers,-1.816932074286302,1.5544652276092077
U02090,1,1,1.0,0,1.0,Data Science,Beginner,3.65,0.0,0.0,113,1.0,0.0,0.0,0.0,0.0,0.0,1.0,0.0,0.0,0.0,0.0,0.0,0.0,0.0,0.0,22,Female,4,Beginner Explorers,-1.4287148019006561,0.13199720794439496
U02091,3,3,1.0,308,0.2922077922077922,Cybersecurity/Machine Learning/Web Development,Beginner/Intermediate/Advanced,1.4466666666666665,12.63,0.3333333333333333,10,0.3333333333333333,0.3333333333333333,0.3333333333333333,0.0,0.0,0.3333333333333333,0.0,0.0,0.0,0.0,0.3333333333333333,0.0,0.0,0.0,0.3333333333333333,27,Male,2,Power Learners,1.3397615550100168,-0.7390849936967029
U02092,1,1,1.0,0,1.0,Artificial Intelligence,Intermediate,2.68,89.59,1.0,315,0.0,1.0,0.0,1.0,0.0,0.0,0.0,0.0,0.0,0.0,0.0,0.0,0.0,0.0,0.0,25,Female,0,Premium Explorers,-0.9202480880726438,2.9758487418589916
U02093,2,2,1.0,118,0.5084745762711864,Artificial Intelligence/Digital Marketing,Beginner,2.8200000000000003,124.05,0.5,225,1.0,0.0,0.0,0.5,0.0,0.0,0.0,0.0,0.5,0.0,0.0,0.0,0.0,0.0,0.0,18,Male,0,Premium Explorers,0.6737665053810636,1.9057589274370355
U02094,11,9,1.2222222222222223,333,0.990990990990991,Cybersecurity/Finance,Beginner,3.0090909090909084,35.841818181818184,0.09090909090909091,10,0.5454545454545454,0.36363636363636365,0.09090909090909091,0.0,0.09090909090909091,0.18181818181818182,0.09090909090909091,0.0,0.09090909090909091,0.18181818181818182,0.09090909090909091,0.0,0.09090909090909091,0.09090909090909091,0.09090909090909091,24,Female,2,Power Learners,3.174694053782175,-1.087659888397692
U02095,1,1,1.0,0,1.0,Finance,Intermediate,2.75,119.04,1.0,35,0.0,1.0,0.0,0.0,0.0,0.0,0.0,0.0,0.0,1.0,0.0,0.0,0.0,0.0,0.0,32,Female,3,Intermediate Value Seekers,-0.35702392331870403,1.1230303434944628
U02096,13,9,1.4444444444444444,290,1.3448275862068966,Machine Learning,Intermediate,3.6461538461538465,62.72615384615385,0.23076923076923078,9,0.15384615384615385,0.46153846153846156,0.38461538461538464,0.15384615384615385,0.07692307692307693,0.0,0.07692307692307693,0.07692307692307693,0.0,0.0,0.23076923076923078,0.15384615384615385,0.07692307692307693,0.07692307692307693,0.07692307692307693,31,Male,2,Power Learners,3.4003675948813274,-1.2732752643860048
U02097,2,2,1.0,50,1.2,Design/Project Management,Beginner,3.01,163.995,0.5,33,1.0,0.0,0.0,0.0,0.0,0.0,0.0,0.5,0.0,0.0,0.0,0.0,0.0,0.5,0.0,15,Female,4,Beginner Explorers,1.134780993433838,1.1629262864596046
U02098,13,8,1.625,340,1.1470588235294117,Business,Advanced,2.5907692307692307,87.51692307692308,0.38461538461538464,2,0.3076923076923077,0.23076923076923078,0.46153846153846156,0.0,0.23076923076923078,0.0,0.07692307692307693,0.07692307692307693,0.15384615384615385,0.0,0.15384615384615385,0.07692307692307693,0.0,0.07692307692307693,0.15384615384615385,25,Male,2,Power Learners,3.4853247113285275,-0.6912097907478181
U02099,1,1,1.0,0,1.0,Cybersecurity,Intermediate,1.35,394.26,1.0,279,0.0,1.0,0.0,0.0,0.0,1.0,0.0,0.0,0.0,0.0,0.0,0.0,0.0,0.0,0.0,21,Female,3,Intermediate Value Seekers,-1.0558810773134693,1.4642326772025493
U02100,1,1,1.0,0,1.0,Artificial Intelligence,Beginner,1.2,248.1,1.0,313,1.0,0.0,0.0,1.0,0.0,0.0,0.0,0.0,0.0,0.0,0.0,0.0,0.0,0.0,0.0,15,Female,0,Premium Explorers,-0.5735521054804993,4.221339961353455
U02101,1,1,1.0,0,1.0,Web Development,Advanced,1.3,37.89,1.0,277,0.0,0.0,1.0,0.0,0.0,0.0,0.0,0.0,0.0,0.0,0.0,0.0,0.0,0.0,1.0,27,Male,1,Advanced Single-Shot Learners,-1.1000927829463572,1.6946784019755727
U02102,3,3,1.0,152,0.5921052631578948,Finance/Cybersecurity/Design,Intermediate,3.5466666666666664,0.0,0.0,54,0.0,0.6666666666666666,0.3333333333333333,0.0,0.0,0.3333333333333333,0.0,0.3333333333333333,0.0,0.3333333333333333,0.0,0.0,0.0,0.0,0.0,20,Female,3,Intermediate Value Seekers,0.5253137911894623,-2.178442451927509
U02103,3,2,1.5,201,0.44776119402985076,Programming,Beginner,4.076666666666667,157.42666666666665,0.3333333333333333,147,1.0,0.0,0.0,0.3333333333333333,0.0,0.0,0.0,0.0,0.0,0.0,0.0,0.0,0.6666666666666666,0.0,0.0,33,Male,4,Beginner Explorers,1.1032007853553722,1.226057508417494
U02104,1,1,1.0,0,1.0,Data Science,Intermediate,3.6,0.0,0.0,142,0.0,1.0,0.0,0.0,0.0,0.0,1.0,0.0,0.0,0.0,0.0,0.0,0.0,0.0,0.0,15,Male,3,Intermediate Value Seekers,-1.6876083579353351,-0.6771309369600833
U02105,1,1,1.0,0,1.0,Cybersecurity,Intermediate,1.35,394.26,1.0,222,0.0,1.0,0.0,0.0,0.0,1.0,0.0,0.0,0.0,0.0,0.0,0.0,0.0,0.0,0.0,32,Female,3,Intermediate Value Seekers,-0.8799619008861416,1.3650624351324423
U02106,1,1,1.0,0,1.0,Cybersecurity,Advanced,2.38,0.0,0.0,19,0.0,0.0,1.0,0.0,0.0,1.0,0.0,0.0,0.0,0.0,0.0,0.0,0.0,0.0,0.0,28,Female,1,Advanced Single-Shot Learners,-1.3203192661485739,-1.5164286272825822
U02107,2,2,1.0,18,2.0,Artificial Intelligence/Finance,Beginner/Advanced,2.615,0.0,0.0,27,0.5,0.0,0.5,0.5,0.0,0.0,0.0,0.0,0.0,0.5,0.0,0.0,0.0,0.0,0.0,31,Male,4,Beginner Explorers,0.2944373028392623,-0.3679052931208829
U02108,1,1,1.0,0,1.0,Machine Learning,Beginner,1.13,0.0,0.0,358,1.0,0.0,0.0,0.0,0.0,0.0,0.0,0.0,0.0,0.0,1.0,0.0,0.0,0.0,0.0,27,Female,4,Beginner Explorers,-2.3180885992127607,-0.14872036432610342
U02109,1,1,1.0,0,1.0,Web Development,Advanced,2.67,0.0,0.0,176,0.0,0.0,1.0,0.0,0.0,0.0,0.0,0.0,0.0,0.0,0.0,0.0,0.0,0.0,1.0,23,Male,1,Advanced Single-Shot Learners,-1.660503994222766,-0.6699363744539573
U02110,1,1,1.0,0,1.0,Design,Advanced,2.72,276.37,1.0,35,0.0,0.0,1.0,0.0,0.0,0.0,0.0,1.0,0.0,0.0,0.0,0.0,0.0,0.0,0.0,25,Male,1,Advanced Single-Shot Learners,-0.2266273376642694,0.847936486759764
U02111,1,1,1.0,0,1.0,Cybersecurity,Intermediate,3.93,0.0,0.0,232,0.0,1.0,0.0,0.0,0.0,1.0,0.0,0.0,0.0,0.0,0.0,0.0,0.0,0.0,0.0,21,Male,3,Intermediate Value Seekers,-2.163062491832387,-1.383213396582134
U02112,2,2,1.0,10,2.0,Project Management/Data Science,Beginner,4.165,0.0,0.0,181,1.0,0.0,0.0,0.0,0.0,0.0,0.5,0.0,0.0,0.0,0.0,0.0,0.0,0.5,0.0,22,Female,4,Beginner Explorers,-0.37683677326880377,0.10660940567973516
U02113,2,1,2.0,72,0.8333333333333334,Project Management,Beginner/Intermediate,2.48,163.995,0.5,158,0.5,0.5,0.0,0.0,0.0,0.0,0.0,0.0,0.0,0.0,0.0,0.0,0.0,1.0,0.0,28,Female,4,Beginner Explorers,0.3939504412912248,1.7868274433382505
U02114,1,1,1.0,0,1.0,Digital Marketing,Beginner,2.14,0.0,0.0,325,1.0,0.0,0.0,0.0,0.0,0.0,0.0,0.0,1.0,0.0,0.0,0.0,0.0,0.0,0.0,32,Male,4,Beginner Explorers,-2.115779465926915,0.3585972425289112
U02115,1,1,1.0,0,1.0,Machine Learning,Beginner,1.13,0.0,0.0,267,1.0,0.0,0.0,0.0,0.0,0.0,0.0,0.0,0.0,0.0,1.0,0.0,0.0,0.0,0.0,18,Male,4,Beginner Explorers,-2.0228708028261524,-0.24969548683140483
U02116,1,1,1.0,0,1.0,Project Management,Intermediate,4.84,342.61,1.0,246,0.0,1.0,0.0,0.0,0.0,0.0,0.0,0.0,0.0,0.0,0.0,0.0,0.0,1.0,0.0,32,Female,3,Intermediate Value Seekers,-0.8111496645406311,2.4035021370692187
U02117,1,1,1.0,0,1.0,Programming,Beginner,2.88,0.0,0.0,298,1.0,0.0,0.0,0.0,0.0,0.0,0.0,0.0,0.0,0.0,0.0,0.0,1.0,0.0,0.0,31,Male,4,Beginner Explorers,-2.02931459770421,0.4091738500970359
U02118,1,1,1.0,0,1.0,Programming,Beginner,3.85,0.0,0.0,352,1.0,0.0,0.0,0.0,0.0,0.0,0.0,0.0,0.0,0.0,0.0,0.0,1.0,0.0,0.0,27,Male,4,Beginner Explorers,-2.230245603059371,0.38285797934368015
U02119,1,1,1.0,0,1.0,Cybersecurity,Intermediate,1.91,0.0,0.0,305,0.0,1.0,0.0,0.0,0.0,1.0,0.0,0.0,0.0,0.0,0.0,0.0,0.0,0.0,0.0,24,Female,3,Intermediate Value Seekers,-2.3363914696960686,-1.0699337011362111
U02120,2,2,1.0,14,2.0,Cybersecurity/Artificial Intelligence,Intermediate,2.295,44.795,0.5,330,0.0,1.0,0.0,0.5,0.0,0.5,0.0,0.0,0.0,0.0,0.0,0.0,0.0,0.0,0.0,19,Male,0,Premium Explorers,-0.20056232302285099,0.888759760132147
U02121,1,1,1.0,0,1.0,Artificial Intelligence,Intermediate,3.11,415.51,1.0,83,0.0,1.0,0.0,1.0,0.0,0.0,0.0,0.0,0.0,0.0,0.0,0.0,0.0,0.0,0.0,16,Female,0,Premium Explorers,0.05707510824978872,2.8985954839019508
U02122,2,2,1.0,55,1.090909090909091,Design/Project Management,Beginner/Advanced,4.5649999999999995,0.0,0.0,2,0.5,0.0,0.5,0.0,0.0,0.0,0.0,0.5,0.0,0.0,0.0,0.0,0.0,0.5,0.0,32,Female,4,Beginner Explorers,0.27011541051482685,-1.162391523296282
U02123,2,2,1.0,48,1.25,Finance/Artificial Intelligence,Intermediate,3.6049999999999995,207.755,0.5,56,0.0,1.0,0.0,0.5,0.0,0.0,0.0,0.0,0.0,0.5,0.0,0.0,0.0,0.0,0.0,32,Male,0,Premium Explorers,1.0203243391381132,0.7438913968693153
U02124,1,1,1.0,0,1.0,Web Development,Beginner,3.32,0.0,0.0,112,1.0,0.0,0.0,0.0,0.0,0.0,0.0,0.0,0.0,0.0,0.0,0.0,0.0,0.0,1.0,15,Female,4,Beginner Explorers,-1.3614600572725526,0.034777879921858726
U02125,13,10,1.3,357,1.0924369747899159,Marketing/Artificial Intelligence/Data Science,Advanced,3.108461538461538,139.53307692307692,0.5384615384615384,5,0.38461538461538464,0.15384615384615385,0.46153846153846156,0.15384615384615385,0.07692307692307693,0.0,0.15384615384615385,0.07692307692307693,0.0,0.07692307692307693,0.07692307692307693,0.15384615384615385,0.07692307692307693,0.07692307692307693,0.07692307692307693,31,Female,2,Power Learners,3.8145852995092167,-0.37951829161214484
U02126,1,1,1.0,0,1.0,Machine Learning,Intermediate,1.73,0.0,0.0,137,0.0,1.0,0.0,0.0,0.0,0.0,0.0,0.0,0.0,0.0,1.0,0.0,0.0,0.0,0.0,22,Female,3,Intermediate Value Seekers,-1.7431831229817303,-1.3956224929291137
U02127,2,2,1.0,81,0.7407407407407407,Cybersecurity/Web Development,Beginner/Intermediate,3.0650000000000004,0.0,0.0,16,0.5,0.5,0.0,0.0,0.0,0.5,0.0,0.0,0.0,0.0,0.0,0.0,0.0,0.0,0.5,21,Female,3,Intermediate Value Seekers,0.2070195007041487,-1.3379738763839404
U02128,1,1,1.0,0,1.0,Design,Advanced,1.52,0.0,0.0,43,0.0,0.0,1.0,0.0,0.0,0.0,0.0,1.0,0.0,0.0,0.0,0.0,0.0,0.0,0.0,30,Male,1,Advanced Single-Shot Learners,-1.3553187452546263,-1.4520440876289633
U02129,2,2,1.0,109,0.5504587155963303,Digital Marketing/Programming,Beginner,3.66,0.0,0.0,96,1.0,0.0,0.0,0.0,0.0,0.0,0.0,0.0,0.5,0.0,0.0,0.0,0.5,0.0,0.0,20,Female,4,Beginner Explorers,0.10448091386976252,-0.552273619276959
U02130,1,1,1.0,0,1.0,Digital Marketing,Advanced,3.15,212.39,1.0,303,0.0,0.0,1.0,0.0,0.0,0.0,0.0,0.0,1.0,0.0,0.0,0.0,0.0,0.0,0.0,19,Male,1,Advanced Single-Shot Learners,-1.0326646557858112,1.7618571406032593
U02131,1,1,1.0,0,1.0,Digital Marketing,Beginner,2.14,0.0,0.0,330,1.0,0.0,0.0,0.0,0.0,0.0,0.0,0.0,1.0,0.0,0.0,0.0,0.0,0.0,0.0,27,Female,4,Beginner Explorers,-2.1060735851341694,0.36356293795775263
U02132,2,2,1.0,138,0.4347826086956522,Web Development/Programming,Beginner,3.585,0.0,0.0,226,1.0,0.0,0.0,0.0,0.0,0.0,0.0,0.0,0.0,0.0,0.0,0.0,0.5,0.0,0.5,20,Female,4,Beginner Explorers,-0.28417012051394497,-0.33118461213950545
U02133,2,2,1.0,20,2.0,Design/Machine Learning,Advanced,4.17,0.39,0.5,150,0.0,0.0,1.0,0.0,0.0,0.0,0.0,0.5,0.0,0.0,0.5,0.0,0.0,0.0,0.0,21,Male,1,Advanced Single-Shot Learners,-0.18919936563714312,-1.265221478963137
U02134,1,1,1.0,0,1.0,Finance,Beginner,4.14,0.0,0.0,311,1.0,0.0,0.0,0.0,0.0,0.0,0.0,0.0,0.0,1.0,0.0,0.0,0.0,0.0,0.0,31,Female,4,Beginner Explorers,-2.176964224949571,-0.04942154475883793
U02135,1,1,1.0,0,1.0,Finance,Beginner,4.14,0.0,0.0,162,1.0,0.0,0.0,0.0,0.0,0.0,0.0,0.0,0.0,1.0,0.0,0.0,0.0,0.0,0.0,31,Male,4,Beginner Explorers,-1.6999096891930323,-0.2474638589543611
U02136,1,1,1.0,0,1.0,Business,Advanced,3.15,0.0,0.0,280,0.0,0.0,1.0,0.0,1.0,0.0,0.0,0.0,0.0,0.0,0.0,0.0,0.0,0.0,0.0,33,Male,1,Advanced Single-Shot Learners,-1.966370314217945,-0.12304442805418256
U02137,1,1,1.0,0,1.0,Business,Beginner,1.96,285.05,1.0,90,1.0,0.0,0.0,0.0,1.0,0.0,0.0,0.0,0.0,0.0,0.0,0.0,0.0,0.0,0.0,30,Male,1,Advanced Single-Shot Learners,-0.09235734159837868,3.0568555294827804
U02138,2,2,1.0,29,2.0,Machine Learning/Artificial Intelligence,Beginner/Advanced,3.1799999999999997,245.45,0.5,327,0.5,0.0,0.5,0.5,0.0,0.0,0.0,0.0,0.0,0.0,0.5,0.0,0.0,0.0,0.0,19,Female,0,Premium Explorers,0.2853465108045708,1.4292371187719999
U02139,1,1,1.0,0,1.0,Machine Learning,Advanced,3.89,0.78,1.0,355,0.0,0.0,1.0,0.0,0.0,0.0,0.0,0.0,0.0,0.0,1.0,0.0,0.0,0.0,0.0,23,Male,1,Advanced Single-Shot Learners,-2.0149280153682225,0.1994963783645652
U02140,1,1,1.0,0,1.0,Business,Intermediate,2.69,326.02,1.0,45,0.0,1.0,0.0,0.0,1.0,0.0,0.0,0.0,0.0,0.0,0.0,0.0,0.0,0.0,0.0,21,Female,1,Advanced Single-Shot Learners,-0.06503519125588515,2.0628497010385827
U02141,2,2,1.0,161,0.3726708074534162,Finance/Design,Intermediate/Advanced,3.41,138.185,0.5,3,0.0,0.5,0.5,0.0,0.0,0.0,0.0,0.5,0.0,0.5,0.0,0.0,0.0,0.0,0.0,17,Male,2,Power Learners,1.0762274739829425,-0.39803695676251927
U02142,4,4,1.0,64,1.875,Digital Marketing/Marketing/Cybersecurity/Finance,Advanced,3.1525,53.0975,0.25,170,0.0,0.25,0.75,0.0,0.0,0.25,0.0,0.0,0.25,0.25,0.0,0.25,0.0,0.0,0.0,26,Female,2,Power Learners,1.2224471102784102,-1.032918625869589
U02143,3,3,1.0,225,0.4,Data Science/Web Development/Cybersecurity,Advanced,1.9266666666666667,51.85666666666666,0.6666666666666666,15,0.0,0.3333333333333333,0.6666666666666666,0.0,0.0,0.3333333333333333,0.3333333333333333,0.0,0.0,0.0,0.0,0.0,0.0,0.0,0.3333333333333333,24,Male,2,Power Learners,1.599225423877755,-0.03366918886362564
U02144,14,9,1.5555555555555556,288,1.4583333333333335,Artificial Intelligence,Intermediate,3.064285714285714,126.29357142857143,0.42857142857142855,59,0.2857142857142857,0.5,0.21428571428571427,0.21428571428571427,0.0,0.14285714285714285,0.07142857142857142,0.07142857142857142,0.0,0.07142857142857142,0.0,0.14285714285714285,0.07142857142857142,0.07142857142857142,0.14285714285714285,15,Male,2,Power Learners,3.527834509239326,-0.49089123896286413
U02145,1,1,1.0,0,1.0,Web Development,Advanced,2.67,0.0,0.0,249,0.0,0.0,1.0,0.0,0.0,0.0,0.0,0.0,0.0,0.0,0.0,0.0,0.0,0.0,1.0,16,Female,1,Advanced Single-Shot Learners,-1.8750267634506772,-0.5661534033064946
U02146,1,1,1.0,0,1.0,Marketing,Advanced,2.01,0.0,0.0,18,0.0,0.0,1.0,0.0,0.0,0.0,0.0,0.0,0.0,0.0,0.0,1.0,0.0,0.0,0.0,17,Male,1,Advanced Single-Shot Learners,-1.2712338531555474,-2.2106101471675195
U02147,15,11,1.3636363636363635,313,1.4376996805111821,Web Development,Intermediate,3.0973333333333333,119.19999999999999,0.5333333333333333,27,0.2,0.4666666666666667,0.3333333333333333,0.06666666666666667,0.06666666666666667,0.13333333333333333,0.06666666666666667,0.06666666666666667,0.06666666666666667,0.06666666666666667,0.0,0.06666666666666667,0.13333333333333333,0.06666666666666667,0.2,33,Male,2,Power Learners,3.8368470661572944,-0.6245156426242149
U02148,1,1,1.0,0,1.0,Project Management,Advanced,1.23,346.71,1.0,199,0.0,0.0,1.0,0.0,0.0,0.0,0.0,0.0,0.0,0.0,0.0,0.0,0.0,1.0,0.0,31,Female,1,Advanced Single-Shot Learners,-0.47493380331008,2.7614814007851347
U02149,15,8,1.875,296,1.5202702702702702,Cybersecurity,Advanced,3.4459999999999997,80.57733333333333,0.4,40,0.26666666666666666,0.3333333333333333,0.4,0.0,0.06666666666666667,0.2,0.13333333333333333,0.13333333333333333,0.13333333333333333,0.13333333333333333,0.13333333333333333,0.06666666666666667,0.0,0.0,0.0,21,Female,2,Power Learners,3.3934572539635828,-1.0937856699021837
U02150,1,1,1.0,0,1.0,Cybersecurity,Intermediate,1.91,0.0,0.0,159,0.0,1.0,0.0,0.0,0.0,1.0,0.0,0.0,0.0,0.0,0.0,0.0,0.0,0.0,0.0,16,Female,3,Intermediate Value Seekers,-1.8390869825519844,-1.2605565720529113
U02151,13,8,1.625,320,1.21875,Artificial Intelligence,Beginner,3.48,171.7323076923077,0.6153846153846154,20,0.5384615384615384,0.3076923076923077,0.15384615384615385,0.23076923076923078,0.0,0.0,0.07692307692307693,0.07692307692307693,0.07692307692307693,0.15384615384615385,0.0,0.07692307692307693,0.15384615384615385,0.15384615384615385,0.0,18,Female,2,Power Learners,3.682501728413115,0.2210550358522304
U02152,13,9,1.4444444444444444,331,1.1782477341389728,Project Management,Beginner/Intermediate,3.113846153846154,178.70230769230767,0.46153846153846156,10,0.38461538461538464,0.38461538461538464,0.23076923076923078,0.07692307692307693,0.0,0.15384615384615385,0.07692307692307693,0.07692307692307693,0.0,0.0,0.07692307692307693,0.07692307692307693,0.07692307692307693,0.23076923076923078,0.15384615384615385,35,Female,2,Power Learners,3.6646202113606887,-0.4081484915852798
U02153,13,9,1.4444444444444444,329,1.1854103343465046,Project Management/Data Science/Programming/Finance,Beginner,2.9407692307692304,128.63692307692307,0.46153846153846156,30,0.5384615384615384,0.23076923076923078,0.23076923076923078,0.07692307692307693,0.0,0.07692307692307693,0.15384615384615385,0.0,0.0,0.15384615384615385,0.07692307692307693,0.07692307692307693,0.15384615384615385,0.15384615384615385,0.07692307692307693,18,Female,2,Power Learners,3.6063291282564665,-0.23163601309449414
U02154,3,3,1.0,221,0.4072398190045249,Project Management/Machine Learning/Artificial Intelligence,Beginner/Intermediate/Advanced,3.503333333333334,279.2033333333333,0.6666666666666666,18,0.3333333333333333,0.3333333333333333,0.3333333333333333,0.3333333333333333,0.0,0.0,0.0,0.0,0.0,0.0,0.3333333333333333,0.0,0.0,0.3333333333333333,0.0,16,Male,2,Power Learners,1.9403720915838145,0.9942476568418155
U02155,14,10,1.4,284,1.4788732394366197,Data Science,Beginner,2.9678571428571425,44.51,0.2857142857142857,47,0.42857142857142855,0.21428571428571427,0.35714285714285715,0.0,0.07142857142857142,0.07142857142857142,0.2857142857142857,0.07142857142857142,0.07142857142857142,0.14285714285714285,0.07142857142857142,0.07142857142857142,0.07142857142857142,0.0,0.07142857142857142,16,Female,2,Power Learners,3.4501079583036085,-0.9898041423624008
U02156,1,1,1.0,0,1.0,Data Science,Intermediate,3.6,0.0,0.0,362,0.0,1.0,0.0,0.0,0.0,0.0,1.0,0.0,0.0,0.0,0.0,0.0,0.0,0.0,0.0,34,Female,3,Intermediate Value Seekers,-2.4260100618964757,-0.41286579183241984
U02157,3,3,1.0,181,0.4972375690607735,Artificial Intelligence/Marketing/Machine Learning,Beginner/Intermediate/Advanced,4.386666666666667,0.0,0.0,58,0.3333333333333333,0.3333333333333333,0.3333333333333333,0.3333333333333333,0.0,0.0,0.0,0.0,0.0,0.0,0.3333333333333333,0.3333333333333333,0.0,0.0,0.0,29,Male,2,Power Learners,0.6668378534845926,-1.7605602985727002
U02158,4,4,1.0,237,0.5063291139240506,Design/Programming/Finance/Machine Learning,Beginner,3.1725000000000003,187.1625,0.5,22,0.5,0.25,0.25,0.0,0.0,0.0,0.0,0.25,0.0,0.25,0.25,0.0,0.25,0.0,0.0,17,Female,2,Power Learners,2.0763745115399965,-0.09749435559700896
U02159,2,2,1.0,203,0.2955665024630542,Project Management/Digital Marketing,Beginner/Intermediate,3.085,163.995,0.5,59,0.5,0.5,0.0,0.0,0.0,0.0,0.0,0.0,0.5,0.0,0.0,0.0,0.0,0.5,0.0,29,Female,2,Power Learners,1.1386515659320529,0.9599573049279903
U02160,1,1,1.0,0,1.0,Marketing,Advanced,2.01,0.0,0.0,99,0.0,0.0,1.0,0.0,0.0,0.0,0.0,0.0,0.0,0.0,0.0,1.0,0.0,0.0,0.0,21,Female,1,Advanced Single-Shot Learners,-1.526641849472247,-2.114889814510195
U02161,14,7,2.0,269,1.5613382899628252,Design/Marketing,Advanced,3.3264285714285715,58.74214285714286,0.2857142857142857,26,0.21428571428571427,0.21428571428571427,0.5714285714285714,0.0,0.07142857142857142,0.0,0.14285714285714285,0.21428571428571427,0.0,0.0,0.14285714285714285,0.21428571428571427,0.0,0.14285714285714285,0.07142857142857142,23,Female,2,Power Learners,3.2259640745502995,-1.2922733036153333
U02162,1,1,1.0,0,1.0,Digital Marketing,Beginner,2.14,0.0,0.0,166,1.0,0.0,0.0,0.0,0.0,0.0,0.0,0.0,1.0,0.0,0.0,0.0,0.0,0.0,0.0,25,Male,4,Beginner Explorers,-1.5764051533700167,0.14800049798642878
U02163,1,1,1.0,0,1.0,Web Development,Beginner,2.2,0.0,0.0,166,1.0,0.0,0.0,0.0,0.0,0.0,0.0,0.0,0.0,0.0,0.0,0.0,0.0,0.0,1.0,29,Male,4,Beginner Explorers,-1.5495786767171893,0.22261129499124746
U02164,1,1,1.0,0,1.0,Programming,Beginner,3.85,0.0,0.0,29,1.0,0.0,0.0,0.0,0.0,0.0,0.0,0.0,0.0,0.0,0.0,0.0,1.0,0.0,0.0,25,Female,4,Beginner Explorers,-1.1303845134719137,-0.07717636817576426
U02165,1,1,1.0,0,1.0,Web Development,Advanced,2.67,0.0,0.0,176,0.0,0.0,1.0,0.0,0.0,0.0,0.0,0.0,0.0,0.0,0.0,0.0,0.0,0.0,1.0,18,Male,1,Advanced Single-Shot Learners,-1.654048717770722,-0.6611746099050152
U02166,1,1,1.0,0,1.0,Machine Learning,Beginner,1.13,0.0,0.0,120,1.0,0.0,0.0,0.0,0.0,0.0,0.0,0.0,0.0,0.0,1.0,0.0,0.0,0.0,0.0,27,Male,4,Beginner Explorers,-1.544178803257232,-0.4715100126541995
U02167,3,3,1.0,102,0.8823529411764706,Project Management/Data Science/Machine Learning,Intermediate,3.1966666666666668,114.20333333333333,0.3333333333333333,16,0.0,1.0,0.0,0.0,0.0,0.0,0.3333333333333333,0.0,0.0,0.0,0.3333333333333333,0.0,0.0,0.3333333333333333,0.0,25,Female,2,Power Learners,1.4580452957067151,-0.2530694908398241
U02168,1,1,1.0,0,1.0,Finance,Beginner,4.14,0.0,0.0,110,1.0,0.0,0.0,0.0,0.0,0.0,0.0,0.0,0.0,1.0,0.0,0.0,0.0,0.0,0.0,34,Male,4,Beginner Explorers,-1.530339332251366,-0.3256070005477015
U02169,1,1,1.0,0,1.0,Cybersecurity,Intermediate,1.91,0.0,0.0,118,0.0,1.0,0.0,0.0,0.0,1.0,0.0,0.0,0.0,0.0,0.0,0.0,0.0,0.0,0.0,32,Female,3,Intermediate Value Seekers,-1.7229903203652834,-1.3460620916368908
U02170,1,1,1.0,0,1.0,Programming,Beginner,4.74,472.28,1.0,270,1.0,0.0,0.0,0.0,0.0,0.0,0.0,0.0,0.0,0.0,0.0,0.0,1.0,0.0,0.0,24,Male,4,Beginner Explorers,-0.7777695548898151,2.7086921505131336
U02171,2,2,1.0,153,0.3921568627450981,Web Development/Data Science,Beginner/Advanced,4.195,28.66,0.5,80,0.5,0.0,0.5,0.0,0.0,0.0,0.5,0.0,0.0,0.0,0.0,0.0,0.0,0.0,0.5,31,Male,2,Power Learners,0.7556725754608005,0.3055339523538045
U02172,1,1,1.0,0,1.0,Marketing,Advanced,2.98,0.0,0.0,65,0.0,0.0,1.0,0.0,0.0,0.0,0.0,0.0,0.0,0.0,0.0,1.0,0.0,0.0,0.0,34,Male,1,Advanced Single-Shot Learners,-1.475928853076789,-2.283537017104275
U02173,1,1,1.0,0,1.0,Business,Intermediate,2.69,326.02,1.0,292,0.0,1.0,0.0,0.0,1.0,0.0,0.0,0.0,0.0,0.0,0.0,0.0,0.0,0.0,0.0,22,Female,1,Advanced Single-Shot Learners,-0.8901829799075337,2.4073062417326767
U02174,14,8,1.75,308,1.3636363636363635,Programming/Artificial Intelligence,Intermediate,3.0914285714285716,127.70571428571428,0.5,3,0.2857142857142857,0.5,0.21428571428571427,0.21428571428571427,0.0,0.0,0.0,0.14285714285714285,0.07142857142857142,0.14285714285714285,0.0,0.07142857142857142,0.21428571428571427,0.07142857142857142,0.07142857142857142,17,Female,2,Power Learners,3.683076165401465,-0.33770673257212314
U02175,2,2,1.0,197,0.30456852791878175,Machine Learning/Finance,Beginner/Advanced,2.9749999999999996,0.0,0.0,26,0.5,0.0,0.5,0.0,0.0,0.0,0.0,0.0,0.0,0.5,0.5,0.0,0.0,0.0,0.0,15,Female,2,Power Learners,0.280389227899561,-1.5264122296593932
U02176,1,1,1.0,0,1.0,Data Science,Advanced,2.57,117.68,1.0,59,0.0,0.0,1.0,0.0,0.0,0.0,1.0,0.0,0.0,0.0,0.0,0.0,0.0,0.0,0.0,23,Male,1,Advanced Single-Shot Learners,-0.2991093827555248,1.603695788437787
U02177,1,1,1.0,0,1.0,Programming,Beginner,4.74,472.28,1.0,296,1.0,0.0,0.0,0.0,0.0,0.0,0.0,0.0,0.0,0.0,0.0,0.0,1.0,0.0,0.0,35,Male,4,Beginner Explorers,-0.8786929244907585,2.7258593099374484
U02178,1,1,1.0,0,1.0,Cybersecurity,Intermediate,3.93,0.0,0.0,159,0.0,1.0,0.0,0.0,0.0,1.0,0.0,0.0,0.0,0.0,0.0,0.0,0.0,0.0,0.0,21,Female,3,Intermediate Value Seekers,-1.8996466032723465,-1.4963385899981974
U02179,2,2,1.0,36,1.6666666666666667,Marketing/Programming,Intermediate/Advanced,2.705,0.0,0.0,250,0.0,0.5,0.5,0.0,0.0,0.0,0.0,0.0,0.0,0.0,0.0,0.5,0.5,0.0,0.0,27,Female,3,Intermediate Value Seekers,-0.609499457408196,-1.7118371565173223
U02180,4,4,1.0,53,2.2641509433962264,Programming/Business/Finance/Design,Advanced,2.27,0.0,0.0,130,0.25,0.0,0.75,0.0,0.25,0.0,0.0,0.25,0.0,0.25,0.0,0.0,0.25,0.0,0.0,31,Female,2,Power Learners,0.8787553382724567,-1.3620151903231117
U02181,2,2,1.0,56,1.0714285714285714,Digital Marketing/Project Management,Beginner/Intermediate,3.49,171.305,0.5,23,0.5,0.5,0.0,0.0,0.0,0.0,0.0,0.0,0.5,0.0,0.0,0.0,0.0,0.5,0.0,27,Female,2,Power Learners,1.1344953650904386,0.9489717236167258
U02182,2,2,1.0,59,1.0169491525423728,Business/Data Science,Intermediate/Advanced,2.8,0.0,0.0,169,0.0,0.5,0.5,0.0,0.5,0.0,0.5,0.0,0.0,0.0,0.0,0.0,0.0,0.0,0.0,29,Male,1,Advanced Single-Shot Learners,-0.26763969401222837,-0.8832540699850399
U02183,1,1,1.0,0,1.0,Data Science,Advanced,2.57,117.68,1.0,10,0.0,0.0,1.0,0.0,0.0,0.0,1.0,0.0,0.0,0.0,0.0,0.0,0.0,0.0,0.0,19,Male,1,Advanced Single-Shot Learners,-0.1305079958663561,1.5420240835320407
U02184,2,2,1.0,119,0.5042016806722689,Digital Marketing/Data Science,Beginner/Advanced,3.77,88.67,0.5,221,0.5,0.0,0.5,0.0,0.0,0.0,0.5,0.0,0.5,0.0,0.0,0.0,0.0,0.0,0.0,20,Female,4,Beginner Explorers,0.4321033630647454,0.7333775407225772
U02185,2,2,1.0,246,0.24390243902439027,Design/Digital Marketing,Beginner/Intermediate,4.585,0.0,0.0,67,0.5,0.5,0.0,0.0,0.0,0.0,0.0,0.5,0.5,0.0,0.0,0.0,0.0,0.0,0.0,16,Male,4,Beginner Explorers,0.11830338777624896,-1.5637132901343191
U02186,4,4,1.0,194,0.6185567010309279,Cybersecurity/Web Development/Machine Learning/Business,Intermediate,2.665,90.97749999999999,0.5,47,0.25,0.5,0.25,0.0,0.25,0.25,0.0,0.0,0.0,0.0,0.25,0.0,0.0,0.0,0.25,29,Male,2,Power Learners,1.8547771086617024,-0.1784681369302444
U02187,2,2,1.0,26,2.0,Web Development/Machine Learning,Intermediate/Advanced,4.735,28.66,0.5,118,0.0,0.5,0.5,0.0,0.0,0.0,0.0,0.0,0.0,0.0,0.5,0.0,0.0,0.0,0.5,21,Male,1,Advanced Single-Shot Learners,0.3963966944393723,-0.4775488872582055
U02188,1,1,1.0,0,1.0,Programming,Beginner,1.28,0.0,0.0,356,1.0,0.0,0.0,0.0,0.0,0.0,0.0,0.0,0.0,0.0,0.0,0.0,1.0,0.0,0.0,17,Female,4,Beginner Explorers,-2.1419132683193407,0.6840164825097936
U02189,1,1,1.0,0,1.0,Cybersecurity,Beginner,4.94,0.0,0.0,160,1.0,0.0,0.0,0.0,0.0,1.0,0.0,0.0,0.0,0.0,0.0,0.0,0.0,0.0,0.0,18,Male,4,Beginner Explorers,-1.7934747531783122,-0.7139193736632531
U02190,4,3,1.3333333333333333,147,0.8163265306122448,Web Development,Intermediate,2.835,113.35,0.5,13,0.25,0.5,0.25,0.25,0.0,0.0,0.0,0.0,0.0,0.0,0.25,0.0,0.0,0.0,0.5,19,Male,2,Power Learners,1.8884339813548563,0.24932179324653847
U02191,4,2,2.0,320,0.375,Programming,Beginner,2.3274999999999997,9.4725,0.25,44,0.75,0.0,0.25,0.0,0.0,0.0,0.0,0.0,0.0,0.0,0.0,0.0,0.75,0.0,0.25,24,Male,4,Beginner Explorers,1.232377492483016,-0.030819104360897458
U02192,2,2,1.0,2,2.0,Machine Learning/Marketing,Intermediate/Advanced,3.37,0.0,0.0,189,0.0,0.5,0.5,0.0,0.0,0.0,0.0,0.0,0.0,0.0,0.5,0.5,0.0,0.0,0.0,22,Female,3,Intermediate Value Seekers,-0.9080191915617846,-2.1249021000460657
U02193,2,2,1.0,185,0.3243243243243243,Digital Marketing/Cybersecurity,Beginner,4.69,0.0,0.0,34,1.0,0.0,0.0,0.0,0.0,0.5,0.0,0.0,0.5,0.0,0.0,0.0,0.0,0.0,0.0,20,Male,4,Beginner Explorers,0.23421572947422512,-1.135739510673568
U02194,2,2,1.0,244,0.24590163934426232,Artificial Intelligence/Data Science,Beginner,4.145,395.235,1.0,34,1.0,0.0,0.0,0.5,0.0,0.0,0.5,0.0,0.0,0.0,0.0,0.0,0.0,0.0,0.0,18,Male,0,Premium Explorers,1.705900875139901,2.47619505451524
U02195,1,1,1.0,0,1.0,Business,Advanced,2.0,0.0,0.0,233,0.0,0.0,1.0,0.0,1.0,0.0,0.0,0.0,0.0,0.0,0.0,0.0,0.0,0.0,0.0,27,Female,1,Advanced Single-Shot Learners,-1.7511278771493404,-0.05996825891329232
U02196,1,1,1.0,0,1.0,Artificial Intelligence,Beginner,1.2,248.1,1.0,66,1.0,0.0,0.0,1.0,0.0,0.0,0.0,0.0,0.0,0.0,0.0,0.0,0.0,0.0,0.0,31,Female,0,Premium Explorers,0.229647743234199,3.8470934211929593
U02197,2,2,1.0,100,0.6,Marketing/Machine Learning,Intermediate/Advanced,4.76,0.0,0.0,98,0.0,0.5,0.5,0.0,0.0,0.0,0.0,0.0,0.0,0.0,0.5,0.5,0.0,0.0,0.0,24,Female,3,Intermediate Value Seekers,-0.20306527868296725,-2.6217287924816515
U02198,2,1,2.0,319,0.18808777429467086,Machine Learning,Intermediate/Advanced,1.77,0.0,0.0,2,0.0,0.5,0.5,0.0,0.0,0.0,0.0,0.0,0.0,0.0,1.0,0.0,0.0,0.0,0.0,17,Female,3,Intermediate Value Seekers,-0.01669139912208518,-2.0294287584151802
U02199,12,6,2.0,285,1.263157894736842,Finance/Web Development,Beginner/Intermediate/Advanced,2.9525,70.1075,0.4166666666666667,34,0.3333333333333333,0.3333333333333333,0.3333333333333333,0.08333333333333333,0.16666666666666666,0.0,0.08333333333333333,0.0,0.0,0.25,0.0,0.16666666666666666,0.0,0.0,0.25,27,Male,2,Power Learners,3.0646067812379174,-0.5490663432867746
U02200,2,2,1.0,137,0.43795620437956206,Project Management/Design,Intermediate/Advanced,3.7800000000000002,309.49,1.0,56,0.0,0.5,0.5,0.0,0.0,0.0,0.0,0.5,0.0,0.0,0.0,0.0,0.0,0.5,0.0,23,Male,2,Power Learners,1.2404086360575348,0.9958562716844394
U02201,1,1,1.0,0,1.0,Business,Intermediate,2.69,326.02,1.0,208,0.0,1.0,0.0,0.0,1.0,0.0,0.0,0.0,0.0,0.0,0.0,0.0,0.0,0.0,0.0,20,Male,1,Advanced Single-Shot Learners,-0.6273507370862925,2.3038762369367
U02202,1,1,1.0,0,1.0,Machine Learning,Intermediate,4.73,0.0,0.0,175,0.0,1.0,0.0,0.0,0.0,0.0,0.0,0.0,0.0,0.0,1.0,0.0,0.0,0.0,0.0,28,Male,3,Intermediate Value Seekers,-1.9779574971588056,-1.6792281495337835
U02203,1,1,1.0,0,1.0,Cybersecurity,Beginner,4.94,0.0,0.0,6,1.0,0.0,0.0,0.0,0.0,1.0,0.0,0.0,0.0,0.0,0.0,0.0,0.0,0.0,0.0,31,Female,4,Beginner Explorers,-1.2766709420888882,-0.9633592455216041
U02204,1,1,1.0,0,1.0,Project Management,Beginner,1.51,327.99,1.0,234,1.0,0.0,0.0,0.0,0.0,0.0,0.0,0.0,0.0,0.0,0.0,0.0,0.0,1.0,0.0,16,Female,4,Beginner Explorers,-0.5144583198189974,3.6594383801718164
U02205,1,1,1.0,0,1.0,Data Science,Beginner,3.65,0.0,0.0,23,1.0,0.0,0.0,0.0,0.0,0.0,1.0,0.0,0.0,0.0,0.0,0.0,0.0,0.0,0.0,34,Female,4,Beginner Explorers,-1.1440167528247864,-0.015180016545330648
U02206,3,2,1.5,287,0.31358885017421606,Data Science,Intermediate,3.5866666666666664,0.0,0.0,62,0.3333333333333333,0.6666666666666666,0.0,0.0,0.0,0.0,0.6666666666666666,0.0,0.0,0.3333333333333333,0.0,0.0,0.0,0.0,0.0,31,Male,3,Intermediate Value Seekers,0.3942651899187819,-1.295179564766778
U02207,1,1,1.0,0,1.0,Business,Advanced,2.0,0.0,0.0,295,0.0,0.0,1.0,0.0,1.0,0.0,0.0,0.0,0.0,0.0,0.0,0.0,0.0,0.0,0.0,33,Female,1,Advanced Single-Shot Learners,-1.96567225532255,0.016420260888870986
U02208,2,2,1.0,98,0.6122448979591837,Marketing/Project Management,Beginner/Advanced,2.245,163.995,0.5,37,0.5,0.0,0.5,0.0,0.0,0.0,0.0,0.0,0.0,0.0,0.0,0.5,0.0,0.5,0.0,30,Male,2,Power Learners,1.1018672854499136,0.42473256806006515
U02209,1,1,1.0,0,1.0,Web Development,Beginner,2.2,0.0,0.0,258,1.0,0.0,0.0,0.0,0.0,0.0,0.0,0.0,0.0,0.0,0.0,0.0,0.0,0.0,1.0,24,Male,4,Beginner Explorers,-1.8499850175494934,0.36032535999183796
U02210,1,1,1.0,0,1.0,Marketing,Advanced,4.79,0.0,0.0,104,0.0,0.0,1.0,0.0,0.0,0.0,0.0,0.0,0.0,0.0,0.0,1.0,0.0,0.0,0.0,33,Male,1,Advanced Single-Shot Learners,-1.65320007510677,-2.430539239990754
U02211,1,1,1.0,0,1.0,Marketing,Intermediate,4.11,0.0,0.0,298,0.0,1.0,0.0,0.0,0.0,0.0,0.0,0.0,0.0,0.0,0.0,1.0,0.0,0.0,0.0,23,Male,3,Intermediate Value Seekers,-2.3490396205698656,-2.0788813813852056
U02212,15,10,1.5,303,1.4851485148514851,Data Science,Beginner,2.909333333333333,77.66333333333334,0.26666666666666666,22,0.5333333333333333,0.2,0.26666666666666666,0.06666666666666667,0.13333333333333333,0.06666666666666667,0.2,0.13333333333333333,0.13333333333333333,0.06666666666666667,0.06666666666666667,0.0,0.0,0.06666666666666667,0.06666666666666667,33,Male,2,Power Learners,3.6695709085542547,-0.6701297058775693
U02213,1,1,1.0,0,1.0,Project Management,Intermediate,4.84,342.61,1.0,162,0.0,1.0,0.0,0.0,0.0,0.0,0.0,0.0,0.0,0.0,0.0,0.0,0.0,1.0,0.0,17,Male,3,Intermediate Value Seekers,-0.5315337029440752,2.3228527201004905
U02214,4,4,1.0,146,0.8219178082191781,Business/Data Science/Design/Web Development,Beginner,2.6975000000000002,80.735,0.5,111,0.5,0.25,0.25,0.0,0.25,0.0,0.25,0.25,0.0,0.0,0.0,0.0,0.0,0.0,0.25,20,Female,2,Power Learners,1.7163371943947177,0.332806715160628
U02215,11,10,1.1,323,1.021671826625387,Finance,Beginner/Advanced,3.1072727272727274,54.144545454545444,0.2727272727272727,5,0.36363636363636365,0.2727272727272727,0.36363636363636365,0.09090909090909091,0.09090909090909091,0.09090909090909091,0.09090909090909091,0.0,0.09090909090909091,0.18181818181818182,0.09090909090909091,0.09090909090909091,0.09090909090909091,0.09090909090909091,0.0,32,Male,2,Power Learners,3.3898911730053944,-0.9186034700041423
U02216,2,2,1.0,0,2.0,Artificial Intelligence/Business,Intermediate/Advanced,2.915,44.795,0.5,358,0.0,0.5,0.5,0.5,0.5,0.0,0.0,0.0,0.0,0.0,0.0,0.0,0.0,0.0,0.0,26,Female,0,Premium Explorers,-0.6174941214939065,1.5696813417037945
U02217,14,9,1.5555555555555556,277,1.5162454873646212,Marketing/Design/Machine Learning/Business/Web Development,Advanced,2.8849999999999993,51.63357142857143,0.2857142857142857,16,0.35714285714285715,0.21428571428571427,0.42857142857142855,0.0,0.14285714285714285,0.07142857142857142,0.0,0.14285714285714285,0.07142857142857142,0.0,0.14285714285714285,0.14285714285714285,0.07142857142857142,0.07142857142857142,0.14285714285714285,21,Male,2,Power Learners,3.459858458580959,-1.1489436853576438
U02218,1,1,1.0,0,1.0,Marketing,Advanced,2.98,0.0,0.0,324,0.0,0.0,1.0,0.0,0.0,0.0,0.0,0.0,0.0,0.0,0.0,1.0,0.0,0.0,0.0,17,Male,1,Advanced Single-Shot Learners,-2.3178630748425153,-1.8907182587576878
U02219,1,1,1.0,0,1.0,Programming,Intermediate,2.43,0.0,0.0,144,0.0,1.0,0.0,0.0,0.0,0.0,0.0,0.0,0.0,0.0,0.0,0.0,1.0,0.0,0.0,29,Male,3,Intermediate Value Seekers,-1.6536340502961087,-0.6310688455155109
U02220,1,1,1.0,0,1.0,Programming,Beginner,4.74,472.28,1.0,249,1.0,0.0,0.0,0.0,0.0,0.0,0.0,0.0,0.0,0.0,0.0,0.0,1.0,0.0,0.0,30,Male,4,Beginner Explorers,-0.7154713870347538,2.6687432688208745
U02221,1,1,1.0,0,1.0,Marketing,Intermediate,4.72,0.0,0.0,43,0.0,1.0,0.0,0.0,0.0,0.0,0.0,0.0,0.0,0.0,0.0,1.0,0.0,0.0,0.0,19,Female,3,Intermediate Value Seekers,-1.489745621598944,-2.508654074261163
U02222,1,1,1.0,0,1.0,Cybersecurity,Intermediate,1.35,394.26,1.0,58,0.0,1.0,0.0,0.0,0.0,1.0,0.0,0.0,0.0,0.0,0.0,0.0,0.0,0.0,0.0,23,Male,3,Intermediate Value Seekers,-0.34125608208912694,1.1617664655296376
U02223,1,1,1.0,0,1.0,Finance,Beginner,4.14,0.0,0.0,72,1.0,0.0,0.0,0.0,0.0,0.0,0.0,0.0,0.0,1.0,0.0,0.0,0.0,0.0,0.0,22,Female,4,Beginner Explorers,-1.3681716128689434,-0.36864601865708985
U02224,13,9,1.4444444444444444,326,1.196319018404908,Artificial Intelligence/Marketing/Programming/Digital Marketing,Intermediate/Advanced,2.778461538461538,59.396153846153844,0.23076923076923078,2,0.23076923076923078,0.38461538461538464,0.38461538461538464,0.15384615384615385,0.07692307692307693,0.07692307692307693,0.0,0.07692307692307693,0.15384615384615385,0.0,0.07692307692307693,0.15384615384615385,0.15384615384615385,0.07692307692307693,0.0,18,Female,2,Power Learners,3.4971033647773164,-1.0736737931117781
U02225,2,2,1.0,121,0.49586776859504134,Cybersecurity/Finance,Intermediate,2.33,59.52,0.5,31,0.0,1.0,0.0,0.0,0.0,0.5,0.0,0.0,0.0,0.5,0.0,0.0,0.0,0.0,0.0,33,Female,3,Intermediate Value Seekers,0.8036760193725081,-0.38307415344133183
U02226,2,2,1.0,110,0.5454545454545455,Artificial Intelligence/Design,Beginner/Advanced,3.035,245.45,0.5,200,0.5,0.0,0.5,0.5,0.0,0.0,0.0,0.5,0.0,0.0,0.0,0.0,0.0,0.0,0.0,20,Female,0,Premium Explorers,0.7521208668653661,1.2167647296192365
U02227,1,1,1.0,0,1.0,Cybersecurity,Intermediate,1.35,394.26,1.0,326,0.0,1.0,0.0,0.0,0.0,1.0,0.0,0.0,0.0,0.0,0.0,0.0,0.0,0.0,0.0,21,Female,3,Intermediate Value Seekers,-1.2126473383174299,1.5301104828680654
U02228,2,2,1.0,8,2.0,Finance/Programming,Beginner/Intermediate,3.9749999999999996,0.0,0.0,149,0.5,0.5,0.0,0.0,0.0,0.0,0.0,0.0,0.0,0.5,0.0,0.0,0.5,0.0,0.0,19,Male,4,Beginner Explorers,-0.46296381098888073,-0.8723440765575021
U02229,2,2,1.0,134,0.44776119402985076,Programming/Cybersecurity,Beginner/Intermediate,2.88,0.0,0.0,26,0.5,0.5,0.0,0.0,0.0,0.5,0.0,0.0,0.0,0.0,0.0,0.0,0.5,0.0,0.0,34,Female,4,Beginner Explorers,0.20158997959963218,-1.3140510243762038
U02230,1,1,1.0,0,1.0,Finance,Intermediate,4.1,0.0,0.0,151,0.0,1.0,0.0,0.0,0.0,0.0,0.0,0.0,0.0,1.0,0.0,0.0,0.0,0.0,0.0,32,Female,3,Intermediate Value Seekers,-1.796125704068716,-1.1494096000025154
U02231,13,10,1.3,340,1.1470588235294117,Web Development/Data Science/Programming,Beginner,3.338461538461538,62.92230769230769,0.23076923076923078,5,0.5384615384615384,0.07692307692307693,0.38461538461538464,0.0,0.07692307692307693,0.07692307692307693,0.15384615384615385,0.07692307692307693,0.07692307692307693,0.07692307692307693,0.0,0.07692307692307693,0.15384615384615385,0.07692307692307693,0.15384615384615385,20,Male,2,Power Learners,3.5599471579015387,-0.8911303256158832
U02232,1,1,1.0,0,1.0,Design,Advanced,1.52,0.0,0.0,251,0.0,0.0,1.0,0.0,0.0,0.0,0.0,1.0,0.0,0.0,0.0,0.0,0.0,0.0,0.0,26,Female,1,Advanced Single-Shot Learners,-2.0240007491949275,-1.1642946908524683
U02233,2,2,1.0,234,0.25641025641025644,Data Science/Digital Marketing,Beginner,4.09,149.785,0.5,34,1.0,0.0,0.0,0.0,0.0,0.0,0.5,0.0,0.5,0.0,0.0,0.0,0.0,0.0,0.0,28,Male,4,Beginner Explorers,1.209814361172368,0.9195388868685446
U02234,1,1,1.0,0,1.0,Finance,Advanced,1.59,0.0,0.0,189,0.0,0.0,1.0,0.0,0.0,0.0,0.0,0.0,0.0,1.0,0.0,0.0,0.0,0.0,0.0,31,Female,1,Advanced Single-Shot Learners,-1.7744674893277776,-0.7980953322481544
U02235,2,2,1.0,1,2.0,Data Science/Web Development,Beginner/Advanced,2.52,168.73,1.0,99,0.5,0.0,0.5,0.0,0.0,0.0,0.5,0.0,0.0,0.0,0.0,0.0,0.0,0.0,0.5,15,Female,1,Advanced Single-Shot Learners,0.6367941914005997,1.8198580392406003
U02236,1,1,1.0,0,1.0,Machine Learning,Intermediate,1.73,0.0,0.0,75,0.0,1.0,0.0,0.0,0.0,0.0,0.0,0.0,0.0,0.0,1.0,0.0,0.0,0.0,0.0,24,Female,3,Intermediate Value Seekers,-1.5389671871317914,-1.4860298360095838
U02237,1,1,1.0,0,1.0,Cybersecurity,Beginner,4.94,0.0,0.0,10,1.0,0.0,0.0,0.0,0.0,1.0,0.0,0.0,0.0,0.0,0.0,0.0,0.0,0.0,0.0,16,Male,4,Beginner Explorers,-1.290574788329535,-0.920662983797451
U02238,1,1,1.0,0,1.0,Business,Advanced,3.15,0.0,0.0,40,0.0,0.0,1.0,0.0,1.0,0.0,0.0,0.0,0.0,0.0,0.0,0.0,0.0,0.0,0.0,19,Female,1,Advanced Single-Shot Learners,-1.1278591071738526,-0.44571313916174404
U02239,1,1,1.0,0,1.0,Design,Advanced,4.45,0.0,0.0,347,0.0,0.0,1.0,0.0,0.0,0.0,0.0,1.0,0.0,0.0,0.0,0.0,0.0,0.0,0.0,25,Female,1,Advanced Single-Shot Learners,-2.421391204153918,-1.357275169421021
U02240,1,1,1.0,0,1.0,Programming,Beginner,3.85,0.0,0.0,171,1.0,0.0,0.0,0.0,0.0,0.0,0.0,0.0,0.0,0.0,0.0,0.0,1.0,0.0,0.0,33,Female,4,Beginner Explorers,-1.6143471911688527,0.10783988098216846
U02241,2,2,1.0,49,1.2244897959183674,Finance/Artificial Intelligence,Beginner,1.835,150.98,1.0,59,1.0,0.0,0.0,0.5,0.0,0.0,0.0,0.0,0.0,0.5,0.0,0.0,0.0,0.0,0.0,29,Male,0,Premium Explorers,1.360786180197641,2.4728600795814457
U02242,1,1,1.0,0,1.0,Digital Marketing,Beginner,4.44,0.0,0.0,96,1.0,0.0,0.0,0.0,0.0,0.0,0.0,0.0,1.0,0.0,0.0,0.0,0.0,0.0,0.0,29,Female,4,Beginner Explorers,-1.3897637994020848,-0.22641754808218387
U02243,1,1,1.0,0,1.0,Marketing,Intermediate,4.11,0.0,0.0,186,0.0,1.0,0.0,0.0,0.0,0.0,0.0,0.0,0.0,0.0,0.0,1.0,0.0,0.0,0.0,16,Female,3,Intermediate Value Seekers,-1.9465037028672938,-2.234404666580732
U02244,1,1,1.0,0,1.0,Web Development,Advanced,4.74,57.32,1.0,28,0.0,0.0,1.0,0.0,0.0,0.0,0.0,0.0,0.0,0.0,0.0,0.0,0.0,0.0,1.0,34,Male,1,Advanced Single-Shot Learners,-0.3167163170829504,1.0212911928609716
U02245,1,1,1.0,0,1.0,Programming,Beginner,4.74,472.28,1.0,179,1.0,0.0,0.0,0.0,0.0,0.0,0.0,0.0,0.0,0.0,0.0,0.0,1.0,0.0,0.0,22,Male,4,Beginner Explorers,-0.47166127938643554,2.584646211320753
U02246,1,1,1.0,0,1.0,Artificial Intelligence,Intermediate,2.68,89.59,1.0,32,0.0,1.0,0.0,1.0,0.0,0.0,0.0,0.0,0.0,0.0,0.0,0.0,0.0,0.0,0.0,15,Female,0,Premium Explorers,0.03659548321699416,2.596703781524087
U02247,1,1,1.0,0,1.0,Digital Marketing,Advanced,3.15,212.39,1.0,79,0.0,0.0,1.0,0.0,0.0,0.0,0.0,0.0,1.0,0.0,0.0,0.0,0.0,0.0,0.0,15,Female,1,Advanced Single-Shot Learners,-0.2604312394343893,1.4440913874328831
U02248,14,10,1.4,332,1.2650602409638554,Programming/Web Development/Marketing/Data Science,Beginner,2.8449999999999998,89.41785714285713,0.2857142857142857,13,0.42857142857142855,0.2857142857142857,0.2857142857142857,0.0,0.07142857142857142,0.07142857142857142,0.14285714285714285,0.07142857142857142,0.0,0.07142857142857142,0.07142857142857142,0.14285714285714285,0.14285714285714285,0.07142857142857142,0.14285714285714285,29,Male,2,Power Learners,3.621601840644749,-0.9538859851370083
U02249,2,2,1.0,5,2.0,Data Science/Design,Advanced,2.59,58.84,0.5,190,0.0,0.0,1.0,0.0,0.0,0.0,0.5,0.5,0.0,0.0,0.0,0.0,0.0,0.0,0.0,25,Female,1,Advanced Single-Shot Learners,0.07439155262945338,0.1708692173186233
U02250,13,8,1.625,321,1.2149532710280375,Project Management/Marketing,Advanced,3.303076923076923,109.41538461538464,0.46153846153846156,38,0.3076923076923077,0.3076923076923077,0.38461538461538464,0.07692307692307693,0.07692307692307693,0.0,0.07692307692307693,0.0,0.0,0.07692307692307693,0.0,0.23076923076923078,0.07692307692307693,0.23076923076923078,0.15384615384615385,19,Female,2,Power Learners,3.4561513593335698,-0.47081473856576755
U02251,1,1,1.0,0,1.0,Business,Advanced,3.15,0.0,0.0,58,0.0,0.0,1.0,0.0,1.0,0.0,0.0,0.0,0.0,0.0,0.0,0.0,0.0,0.0,0.0,35,Male,1,Advanced Single-Shot Learners,-1.2284820004821826,-0.4377166414853456
U02252,2,2,1.0,186,0.3225806451612903,Web Development/Design,Advanced,2.6399999999999997,0.0,0.0,145,0.0,0.0,1.0,0.0,0.0,0.0,0.0,0.5,0.0,0.0,0.0,0.0,0.0,0.0,0.5,29,Female,1,Advanced Single-Shot Learners,-0.10574088326922006,-1.6333411771087263
U02253,1,1,1.0,0,1.0,Marketing,Advanced,2.01,0.0,0.0,193,0.0,0.0,1.0,0.0,0.0,0.0,0.0,0.0,0.0,0.0,0.0,1.0,0.0,0.0,0.0,22,Female,1,Advanced Single-Shot Learners,-1.8414654267705768,-1.9848865560889513
U02254,15,11,1.3636363636363635,348,1.293103448275862,Design/Data Science/Business/Web Development,Intermediate,2.858,57.37133333333333,0.2,10,0.3333333333333333,0.4,0.26666666666666666,0.06666666666666667,0.13333333333333333,0.06666666666666667,0.13333333333333333,0.13333333333333333,0.06666666666666667,0.06666666666666667,0.06666666666666667,0.06666666666666667,0.06666666666666667,0.0,0.13333333333333333,17,Female,2,Power Learners,3.7218984220267104,-1.1654457457445058
U02255,2,1,2.0,179,0.33519553072625696,Artificial Intelligence,Beginner/Intermediate,3.16,44.795,0.5,177,0.5,0.5,0.0,1.0,0.0,0.0,0.0,0.0,0.0,0.0,0.0,0.0,0.0,0.0,0.0,18,Female,0,Premium Explorers,0.47973350078116034,1.932122005239457
U02256,1,1,1.0,0,1.0,Cybersecurity,Advanced,2.38,0.0,0.0,117,0.0,0.0,1.0,0.0,0.0,1.0,0.0,0.0,0.0,0.0,0.0,0.0,0.0,0.0,0.0,16,Female,1,Advanced Single-Shot Learners,-1.6317009341187347,-1.358038159275322
U02257,1,1,1.0,0,1.0,Data Science,Intermediate,3.6,0.0,0.0,274,0.0,1.0,0.0,0.0,0.0,0.0,1.0,0.0,0.0,0.0,0.0,0.0,0.0,0.0,0.0,19,Female,3,Intermediate Value Seekers,-2.1131244247031407,-0.5099261768784751
U02258,16,10,1.6,315,1.5238095238095237,Marketing/Programming/Web Development/Business/Cybersecurity/Design,Advanced,3.14,101.071875,0.375,24,0.25,0.3125,0.4375,0.0,0.125,0.125,0.0625,0.125,0.0,0.0625,0.0625,0.125,0.125,0.0625,0.125,21,Male,2,Power Learners,3.7336808345349666,-1.0275084555104772
U02259,2,2,1.0,30,2.0,Finance/Business,Intermediate/Advanced,2.95,59.52,0.5,310,0.0,0.5,0.5,0.0,0.5,0.0,0.0,0.0,0.0,0.5,0.0,0.0,0.0,0.0,0.0,32,Female,1,Advanced Single-Shot Learners,-0.001747685577504325,0.5760101897870377
U02260,1,1,1.0,0,1.0,Project Management,Advanced,1.23,346.71,1.0,173,0.0,0.0,1.0,0.0,0.0,0.0,0.0,0.0,0.0,0.0,0.0,0.0,0.0,1.0,0.0,16,Female,1,Advanced Single-Shot Learners,-0.3688462125475013,2.751323652999973
U02261,1,1,1.0,0,1.0,Programming,Beginner,1.28,0.0,0.0,227,1.0,0.0,0.0,0.0,0.0,0.0,0.0,0.0,0.0,0.0,0.0,0.0,1.0,0.0,0.0,26,Male,4,Beginner Explorers,-1.743187277412209,0.49823610092001164
U02262,3,3,1.0,207,0.43478260869565216,Design/Data Science/Web Development,Beginner,3.61,0.0,0.0,10,0.6666666666666666,0.0,0.3333333333333333,0.0,0.0,0.0,0.3333333333333333,0.3333333333333333,0.0,0.0,0.0,0.0,0.0,0.0,0.3333333333333333,31,Female,2,Power Learners,0.8807227456234605,-1.3563213432481525
U02263,1,1,1.0,0,1.0,Project Management,Advanced,1.23,346.71,1.0,35,0.0,0.0,1.0,0.0,0.0,0.0,0.0,0.0,0.0,0.0,0.0,0.0,0.0,1.0,0.0,29,Female,1,Advanced Single-Shot Learners,0.07466249460370651,2.535114614495251
U02264,2,2,1.0,37,1.6216216216216215,Programming/Artificial Intelligence,Beginner/Intermediate,2.195,207.755,0.5,210,0.5,0.5,0.0,0.5,0.0,0.0,0.0,0.0,0.0,0.0,0.0,0.0,0.5,0.0,0.0,28,Female,0,Premium Explorers,0.6977185711085107,1.728514268333162
U02265,2,2,1.0,31,1.9354838709677418,Digital Marketing/Cybersecurity,Beginner/Intermediate,1.745,197.13,0.5,33,0.5,0.5,0.0,0.0,0.0,0.5,0.0,0.0,0.5,0.0,0.0,0.0,0.0,0.0,0.0,33,Male,2,Power Learners,1.0263078494514626,0.502249719812792
U02266,1,1,1.0,0,1.0,Artificial Intelligence,Beginner,4.55,490.9,1.0,286,1.0,0.0,0.0,1.0,0.0,0.0,0.0,0.0,0.0,0.0,0.0,0.0,0.0,0.0,0.0,21,Male,0,Premium Explorers,-0.5101795299029691,3.9323915051545186
U02267,1,1,1.0,0,1.0,Cybersecurity,Intermediate,3.93,0.0,0.0,221,0.0,1.0,0.0,0.0,0.0,1.0,0.0,0.0,0.0,0.0,0.0,0.0,0.0,0.0,0.0,19,Male,3,Intermediate Value Seekers,-2.123790405271919,-1.3951269005991673
U02268,2,2,1.0,74,0.8108108108108107,Data Science/Finance,Intermediate/Advanced,2.305,0.0,0.0,267,0.0,0.5,0.5,0.0,0.0,0.0,0.5,0.0,0.0,0.5,0.0,0.0,0.0,0.0,0.0,29,Female,3,Intermediate Value Seekers,-0.6380119574339697,-1.0710447577630404
U02269,1,1,1.0,0,1.0,Digital Marketing,Intermediate,4.66,0.0,0.0,22,0.0,1.0,0.0,0.0,0.0,0.0,0.0,0.0,1.0,0.0,0.0,0.0,0.0,0.0,0.0,32,Male,3,Intermediate Value Seekers,-1.325248083865193,-1.227784023668356
U02270,3,3,1.0,206,0.4368932038834952,Business/Web Development/Marketing,Advanced,3.313333333333333,162.64000000000001,0.3333333333333333,155,0.3333333333333333,0.0,0.6666666666666666,0.0,0.3333333333333333,0.0,0.0,0.0,0.0,0.0,0.0,0.3333333333333333,0.0,0.0,0.3333333333333333,21,Male,1,Advanced Single-Shot Learners,1.2153582593138992,-0.09556562298100546
U02271,2,2,1.0,37,1.6216216216216215,Design/Web Development,Advanced,4.595000000000001,28.66,0.5,208,0.0,0.0,1.0,0.0,0.0,0.0,0.0,0.5,0.0,0.0,0.0,0.0,0.0,0.0,0.5,20,Male,1,Advanced Single-Shot Learners,0.15905948078855017,-0.32457552244080173
U02272,1,1,1.0,0,1.0,Cybersecurity,Advanced,2.38,0.0,0.0,241,0.0,0.0,1.0,0.0,0.0,1.0,0.0,0.0,0.0,0.0,0.0,0.0,0.0,0.0,0.0,23,Female,1,Advanced Single-Shot Learners,-2.05433441401311,-1.1964993551220535
U02273,1,1,1.0,0,1.0,Marketing,Advanced,4.79,0.0,0.0,260,0.0,0.0,1.0,0.0,0.0,0.0,0.0,0.0,0.0,0.0,0.0,1.0,0.0,0.0,0.0,28,Male,1,Advanced Single-Shot Learners,-2.167075367093403,-2.2031192268498865
U02274,2,2,1.0,249,0.24096385542168672,Digital Marketing/Design,Advanced,4.17,88.67,0.5,55,0.0,0.0,1.0,0.0,0.0,0.0,0.0,0.5,0.5,0.0,0.0,0.0,0.0,0.0,0.0,16,Male,1,Advanced Single-Shot Learners,0.9630980433142126,-0.43148983990017614
U02275,2,2,1.0,91,0.6593406593406593,Digital Marketing/Marketing,Intermediate/Advanced,4.725,0.0,0.0,56,0.0,0.5,0.5,0.0,0.0,0.0,0.0,0.0,0.5,0.0,0.0,0.5,0.0,0.0,0.0,23,Female,3,Intermediate Value Seekers,0.003541428788919686,-2.337034869055293
U02276,1,1,1.0,0,1.0,Finance,Advanced,1.59,0.0,0.0,247,0.0,0.0,1.0,0.0,0.0,0.0,0.0,0.0,0.0,1.0,0.0,0.0,0.0,0.0,0.0,34,Female,1,Advanced Single-Shot Learners,-1.971796892182615,-0.7220563754753935
U02277,1,1,1.0,0,1.0,Cybersecurity,Intermediate,3.93,0.0,0.0,235,0.0,1.0,0.0,0.0,0.0,1.0,0.0,0.0,0.0,0.0,0.0,0.0,0.0,0.0,0.0,28,Male,3,Intermediate Value Seekers,-2.1821062359506076,-1.3912749006315774
U02278,1,1,1.0,0,1.0,Marketing,Advanced,2.01,0.0,0.0,256,0.0,0.0,1.0,0.0,0.0,0.0,0.0,0.0,0.0,0.0,0.0,1.0,0.0,0.0,0.0,20,Male,1,Advanced Single-Shot Learners,-2.068944681131936,-1.8822732112502292
U02279,1,1,1.0,0,1.0,Web Development,Beginner,2.2,0.0,0.0,107,1.0,0.0,0.0,0.0,0.0,0.0,0.0,0.0,0.0,0.0,0.0,0.0,0.0,0.0,1.0,29,Female,4,Beginner Explorers,-1.332859121222158,0.12910927773086972
U02280,2,2,1.0,173,0.3468208092485549,Artificial Intelligence/Digital Marketing,Beginner/Intermediate,3.7750000000000004,207.755,0.5,84,0.5,0.5,0.0,0.5,0.0,0.0,0.0,0.0,0.5,0.0,0.0,0.0,0.0,0.0,0.0,26,Female,0,Premium Explorers,1.1662911623578376,1.208412166526224
U02281,1,1,1.0,0,1.0,Design,Advanced,2.72,276.37,1.0,100,0.0,0.0,1.0,0.0,0.0,0.0,0.0,1.0,0.0,0.0,0.0,0.0,0.0,0.0,0.0,34,Male,1,Advanced Single-Shot Learners,-0.4550512387940646,0.9232729141516375
U02282,1,1,1.0,0,1.0,Design,Advanced,2.61,0.0,0.0,163,0.0,0.0,1.0,0.0,0.0,0.0,0.0,1.0,0.0,0.0,0.0,0.0,0.0,0.0,0.0,25,Female,1,Advanced Single-Shot Learners,-1.7583848045091306,-1.408389044458341
U02283,1,1,1.0,0,1.0,Digital Marketing,Beginner,2.14,0.0,0.0,325,1.0,0.0,0.0,0.0,0.0,0.0,0.0,0.0,1.0,0.0,0.0,0.0,0.0,0.0,0.0,16,Male,4,Beginner Explorers,-2.095122581280374,0.3866348890855256
U02284,13,8,1.625,235,1.6595744680851063,Web Development,Beginner,3.0453846153846156,86.76076923076924,0.38461538461538464,87,0.5384615384615384,0.07692307692307693,0.38461538461538464,0.07692307692307693,0.15384615384615385,0.0,0.0,0.15384615384615385,0.15384615384615385,0.07692307692307693,0.07692307692307693,0.0,0.07692307692307693,0.0,0.23076923076923078,28,Male,2,Power Learners,3.240123499272338,-0.3227901985173592
U02285,2,2,1.0,204,0.29411764705882354,Programming/Digital Marketing,Beginner/Advanced,3.385,88.67,0.5,146,0.5,0.0,0.5,0.0,0.0,0.0,0.0,0.0,0.5,0.0,0.0,0.0,0.5,0.0,0.0,28,Female,4,Beginner Explorers,0.7635765961703326,0.5937120797216823
U02286,1,1,1.0,0,1.0,Business,Intermediate,2.69,326.02,1.0,30,0.0,1.0,0.0,0.0,1.0,0.0,0.0,0.0,0.0,0.0,0.0,0.0,0.0,0.0,0.0,32,Female,1,Advanced Single-Shot Learners,-0.029205014023586388,2.022548987435533
U02287,1,1,1.0,0,1.0,Digital Marketing,Advanced,3.15,212.39,1.0,305,0.0,0.0,1.0,0.0,0.0,0.0,0.0,0.0,1.0,0.0,0.0,0.0,0.0,0.0,0.0,22,Male,1,Advanced Single-Shot Learners,-1.0432087263806105,1.7594033927532777
U02288,15,10,1.5,317,1.4195583596214512,Cybersecurity/Design/Data Science/Programming/Web Development,Beginner/Intermediate/Advanced,3.0020000000000007,95.84866666666666,0.3333333333333333,6,0.3333333333333333,0.3333333333333333,0.3333333333333333,0.06666666666666667,0.06666666666666667,0.13333333333333333,0.13333333333333333,0.13333333333333333,0.0,0.0,0.06666666666666667,0.06666666666666667,0.13333333333333333,0.06666666666666667,0.13333333333333333,32,Female,2,Power Learners,3.7515974290554643,-0.895807862700883
U02289,1,1,1.0,0,1.0,Business,Advanced,2.0,0.0,0.0,271,0.0,0.0,1.0,0.0,1.0,0.0,0.0,0.0,0.0,0.0,0.0,0.0,0.0,0.0,0.0,15,Male,1,Advanced Single-Shot Learners,-1.8823102695619516,0.025127229031017804
U02290,15,10,1.5,330,1.3636363636363635,Marketing,Advanced,3.0466666666666664,70.15466666666667,0.2,20,0.2,0.3333333333333333,0.4666666666666667,0.06666666666666667,0.13333333333333333,0.06666666666666667,0.06666666666666667,0.13333333333333333,0.0,0.13333333333333333,0.06666666666666667,0.2,0.06666666666666667,0.0,0.06666666666666667,25,Male,2,Power Learners,3.5733400273796962,-1.4319135947260855
U02291,2,2,1.0,275,0.2181818181818182,Marketing/Web Development,Advanced,4.765000000000001,28.66,0.5,20,0.0,0.0,1.0,0.0,0.0,0.0,0.0,0.0,0.0,0.0,0.0,0.5,0.0,0.0,0.5,31,Female,1,Advanced Single-Shot Learners,0.94706315273328,-1.0953998690887785
U02292,1,1,1.0,0,1.0,Design,Advanced,1.52,0.0,0.0,329,0.0,0.0,1.0,0.0,0.0,0.0,0.0,1.0,0.0,0.0,0.0,0.0,0.0,0.0,0.0,30,Male,1,Advanced Single-Shot Learners,-2.3092581207255347,-1.0511706318770997
U02293,1,1,1.0,0,1.0,Business,Advanced,3.64,487.92,1.0,119,0.0,0.0,1.0,0.0,1.0,0.0,0.0,0.0,0.0,0.0,0.0,0.0,0.0,0.0,0.0,30,Female,1,Advanced Single-Shot Learners,-0.21541731313505008,2.1321866176431006
U02294,1,1,1.0,0,1.0,Finance,Beginner,2.47,53.86,1.0,227,1.0,0.0,0.0,0.0,0.0,0.0,0.0,0.0,0.0,1.0,0.0,0.0,0.0,0.0,0.0,26,Male,4,Beginner Explorers,-0.9538973214569386,2.1794338017119816
U02295,1,1,1.0,0,1.0,Data Science,Beginner,3.65,0.0,0.0,332,1.0,0.0,0.0,0.0,0.0,0.0,1.0,0.0,0.0,0.0,0.0,0.0,0.0,0.0,0.0,33,Male,4,Beginner Explorers,-2.1933083434760077,0.43048821354779326
U02296,1,1,1.0,0,1.0,Project Management,Intermediate,4.84,342.61,1.0,256,0.0,1.0,0.0,0.0,0.0,0.0,0.0,0.0,0.0,0.0,0.0,0.0,0.0,1.0,0.0,27,Female,3,Intermediate Value Seekers,-0.8380489117064508,2.426280456015079
U02297,1,1,1.0,0,1.0,Programming,Beginner,4.74,472.28,1.0,20,1.0,0.0,0.0,0.0,0.0,0.0,0.0,0.0,0.0,0.0,0.0,0.0,1.0,0.0,0.0,28,Male,4,Beginner Explorers,0.05092931439514847,2.351268878951022
U02298,1,1,1.0,0,1.0,Finance,Intermediate,2.75,119.04,1.0,105,0.0,1.0,0.0,0.0,0.0,0.0,0.0,0.0,0.0,1.0,0.0,0.0,0.0,0.0,0.0,22,Female,3,Intermediate Value Seekers,-0.5775950357396634,1.238669753370775
U02299,2,2,1.0,100,0.6,Web Development/Cybersecurity,Beginner,4.13,0.0,0.0,66,1.0,0.0,0.0,0.0,0.0,0.5,0.0,0.0,0.0,0.0,0.0,0.0,0.0,0.0,0.5,35,Female,4,Beginner Explorers,0.08786617920026295,-0.9847696742067278
U02300,15,9,1.6666666666666667,341,1.3196480938416422,Design,Beginner,2.976666666666666,100.73333333333335,0.4,17,0.4666666666666667,0.26666666666666666,0.26666666666666666,0.0,0.0,0.13333333333333333,0.06666666666666667,0.2,0.06666666666666667,0.06666666666666667,0.0,0.06666666666666667,0.13333333333333333,0.13333333333333333,0.13333333333333333,35,Male,2,Power Learners,3.6263663472480756,-0.7197303030325125
U02301,13,8,1.625,293,1.3310580204778155,Data Science,Beginner,3.4353846153846153,42.128461538461536,0.15384615384615385,69,0.5384615384615384,0.38461538461538464,0.07692307692307693,0.07692307692307693,0.0,0.15384615384615385,0.3076923076923077,0.07692307692307693,0.15384615384615385,0.0,0.07692307692307693,0.07692307692307693,0.07692307692307693,0.0,0.0,18,Female,2,Power Learners,3.061531207384105,-1.0156769468958742
U02302,2,2,1.0,20,2.0,Cybersecurity/Business,Beginner/Intermediate,1.935,142.525,0.5,252,0.5,0.5,0.0,0.0,0.5,0.5,0.0,0.0,0.0,0.0,0.0,0.0,0.0,0.0,0.0,30,Male,1,Advanced Single-Shot Learners,0.23427091117658722,1.040364127969001
U02303,1,1,1.0,0,1.0,Cybersecurity,Beginner,4.94,0.0,0.0,326,1.0,0.0,0.0,0.0,0.0,1.0,0.0,0.0,0.0,0.0,0.0,0.0,0.0,0.0,0.0,34,Male,4,Beginner Explorers,-2.367816729881395,-0.5092822172310234
U02304,1,1,1.0,0,1.0,Programming,Beginner,1.28,0.0,0.0,201,1.0,0.0,0.0,0.0,0.0,0.0,0.0,0.0,0.0,0.0,0.0,0.0,1.0,0.0,0.0,21,Male,4,Beginner Explorers,-1.6500102395537186,0.47055482403696614
U02305,1,1,1.0,0,1.0,Project Management,Intermediate,4.84,342.61,1.0,242,0.0,1.0,0.0,0.0,0.0,0.0,0.0,0.0,0.0,0.0,0.0,0.0,0.0,1.0,0.0,19,Female,3,Intermediate Value Seekers,-0.7810241363181707,2.4206761031377004
U02306,13,9,1.4444444444444444,259,1.505791505791506,Design/Machine Learning/Digital Marketing/Business,Beginner,3.303076923076923,140.3384615384615,0.5384615384615384,8,0.5384615384615384,0.15384615384615385,0.3076923076923077,0.07692307692307693,0.15384615384615385,0.0,0.0,0.15384615384615385,0.15384615384615385,0.07692307692307693,0.15384615384615385,0.0,0.07692307692307693,0.07692307692307693,0.07692307692307693,18,Female,2,Power Learners,3.7265100114256597,-0.18762108132731833
U02307,1,1,1.0,0,1.0,Artificial Intelligence,Beginner,1.2,248.1,1.0,94,1.0,0.0,0.0,1.0,0.0,0.0,0.0,0.0,0.0,0.0,0.0,0.0,0.0,0.0,0.0,22,Male,0,Premium Explorers,0.12794670856822557,3.9129152960109863
U02308,1,1,1.0,0,1.0,Marketing,Advanced,2.98,0.0,0.0,35,0.0,0.0,1.0,0.0,0.0,0.0,0.0,0.0,0.0,0.0,0.0,1.0,0.0,0.0,0.0,15,Female,1,Advanced Single-Shot Learners,-1.3314073655557954,-2.3030963213276103
U02309,3,2,1.5,39,2.3076923076923075,Web Development,Advanced,2.5433333333333334,31.736666666666668,0.6666666666666666,230,0.0,0.0,1.0,0.0,0.0,0.0,0.0,0.0,0.0,0.3333333333333333,0.0,0.0,0.0,0.0,0.6666666666666666,23,Female,1,Advanced Single-Shot Learners,0.5932835446363646,0.36863882483799215
U02310,1,1,1.0,0,1.0,Machine Learning,Advanced,3.89,0.78,1.0,194,0.0,0.0,1.0,0.0,0.0,0.0,0.0,0.0,0.0,0.0,1.0,0.0,0.0,0.0,0.0,15,Male,1,Advanced Single-Shot Learners,-1.4675917427973424,-0.012151324147512294
U02311,3,2,1.5,139,0.6474820143884892,Data Science,Intermediate,3.4266666666666663,39.22666666666667,0.3333333333333333,199,0.0,0.6666666666666666,0.3333333333333333,0.0,0.0,0.0,0.6666666666666666,0.0,0.0,0.0,0.0,0.3333333333333333,0.0,0.0,0.0,23,Female,3,Intermediate Value Seekers,0.46422222434974575,-0.5675332375290197
U02312,1,1,1.0,0,1.0,Cybersecurity,Intermediate,3.93,0.0,0.0,169,0.0,1.0,0.0,0.0,0.0,1.0,0.0,0.0,0.0,0.0,0.0,0.0,0.0,0.0,0.0,28,Male,3,Intermediate Value Seekers,-1.9619663800727059,-1.4837841596512382
U02313,1,1,1.0,0,1.0,Design,Advanced,2.61,0.0,0.0,245,0.0,0.0,1.0,0.0,0.0,0.0,0.0,1.0,0.0,0.0,0.0,0.0,0.0,0.0,0.0,24,Female,1,Advanced Single-Shot Learners,-2.030600842885206,-1.2917009454938224
U02314,1,1,1.0,0,1.0,Digital Marketing,Advanced,3.89,177.34,1.0,202,0.0,0.0,1.0,0.0,0.0,0.0,0.0,0.0,1.0,0.0,0.0,0.0,0.0,0.0,0.0,29,Male,1,Advanced Single-Shot Learners,-0.7524373609909456,1.4866112271635732
U02315,14,8,1.75,303,1.3861386138613863,Finance,Beginner,3.3264285714285715,63.48500000000001,0.35714285714285715,55,0.5,0.2857142857142857,0.21428571428571427,0.14285714285714285,0.14285714285714285,0.0,0.14285714285714285,0.0,0.07142857142857142,0.21428571428571427,0.0,0.14285714285714285,0.0,0.07142857142857142,0.07142857142857142,34,Male,2,Power Learners,3.338117701597713,-0.4828914346401694
U02316,2,2,1.0,38,1.5789473684210527,Business/Artificial Intelligence,Intermediate,2.685,207.805,1.0,9,0.0,1.0,0.0,0.5,0.5,0.0,0.0,0.0,0.0,0.0,0.0,0.0,0.0,0.0,0.0,31,Female,0,Premium Explorers,1.5050924221378235,1.8430926145120665
U02317,2,2,1.0,105,0.5714285714285714,Web Development/Marketing,Advanced,3.375,28.66,0.5,128,0.0,0.0,1.0,0.0,0.0,0.0,0.0,0.0,0.0,0.0,0.0,0.5,0.0,0.0,0.5,18,Male,1,Advanced Single-Shot Learners,0.4968885184597769,-0.6969370830064403
U02318,1,1,1.0,0,1.0,Business,Beginner,1.96,285.05,1.0,161,1.0,0.0,0.0,0.0,1.0,0.0,0.0,0.0,0.0,0.0,0.0,0.0,0.0,0.0,0.0,24,Female,1,Advanced Single-Shot Learners,-0.30150026139312586,3.156082836841071
U02319,1,1,1.0,0,1.0,Artificial Intelligence,Beginner,1.2,248.1,1.0,229,1.0,0.0,0.0,1.0,0.0,0.0,0.0,0.0,0.0,0.0,0.0,0.0,0.0,0.0,0.0,24,Female,0,Premium Explorers,-0.3049936047041215,4.087829728231246
U02320,3,3,1.0,123,0.7317073170731708,Finance/Digital Marketing/Project Management,Advanced,2.7300000000000004,70.79666666666667,0.3333333333333333,111,0.0,0.3333333333333333,0.6666666666666666,0.0,0.0,0.0,0.0,0.0,0.3333333333333333,0.3333333333333333,0.0,0.0,0.0,0.3333333333333333,0.0,17,Male,2,Power Learners,1.1741558091754167,-0.03814749825969677
U02321,2,2,1.0,147,0.4081632653061224,Programming/Data Science,Beginner/Advanced,3.6550000000000002,294.98,1.0,60,0.5,0.0,0.5,0.0,0.0,0.0,0.5,0.0,0.0,0.0,0.0,0.0,0.5,0.0,0.0,26,Female,2,Power Learners,1.3444978250811455,1.503728403527553
U02322,1,1,1.0,0,1.0,Cybersecurity,Intermediate,1.91,0.0,0.0,87,0.0,1.0,0.0,0.0,0.0,1.0,0.0,0.0,0.0,0.0,0.0,0.0,0.0,0.0,0.0,28,Female,3,Intermediate Value Seekers,-1.6144270759882697,-1.382503998628184
U02323,1,1,1.0,0,1.0,Web Development,Advanced,1.3,37.89,1.0,38,0.0,0.0,1.0,0.0,0.0,0.0,0.0,0.0,0.0,0.0,0.0,0.0,0.0,0.0,1.0,29,Female,1,Advanced Single-Shot Learners,-0.28557391291059225,1.3453736997510888
U02324,3,3,1.0,267,0.33707865168539325,Business/Data Science/Design,Intermediate,2.7733333333333334,108.67333333333333,0.3333333333333333,56,0.0,0.6666666666666666,0.3333333333333333,0.0,0.3333333333333333,0.0,0.3333333333333333,0.3333333333333333,0.0,0.0,0.0,0.0,0.0,0.0,0.0,34,Female,2,Power Learners,1.4507988879666947,-0.3149728161732636
U02325,1,1,1.0,0,1.0,Digital Marketing,Advanced,3.89,177.34,1.0,160,0.0,0.0,1.0,0.0,0.0,0.0,0.0,0.0,1.0,0.0,0.0,0.0,0.0,0.0,0.0,15,Male,1,Advanced Single-Shot Learners,-0.5942735877301933,1.452274639433554
U02326,2,1,2.0,47,1.2765957446808511,Artificial Intelligence,Beginner/Intermediate,3.615,290.245,1.0,49,0.5,0.5,0.0,1.0,0.0,0.0,0.0,0.0,0.0,0.0,0.0,0.0,0.0,0.0,0.0,32,Male,0,Premium Explorers,1.1853265042934387,2.8044425861197184
U02327,1,1,1.0,0,1.0,Data Science,Beginner,3.65,0.0,0.0,106,1.0,0.0,0.0,0.0,0.0,0.0,1.0,0.0,0.0,0.0,0.0,0.0,0.0,0.0,0.0,29,Male,4,Beginner Explorers,-1.434331888550647,0.12072349581659307
U02328,3,3,1.0,189,0.4761904761904762,Artificial Intelligence/Marketing/Design,Intermediate,3.276666666666667,138.50333333333333,0.3333333333333333,36,0.0,0.6666666666666666,0.3333333333333333,0.3333333333333333,0.0,0.0,0.0,0.3333333333333333,0.0,0.0,0.0,0.3333333333333333,0.0,0.0,0.0,22,Female,2,Power Learners,1.543508352228293,-0.5713762834779776
U02329,1,1,1.0,0,1.0,Marketing,Intermediate,4.11,0.0,0.0,281,0.0,1.0,0.0,0.0,0.0,0.0,0.0,0.0,0.0,0.0,0.0,1.0,0.0,0.0,0.0,35,Male,3,Intermediate Value Seekers,-2.307829593904403,-2.1237377587774278
U02330,1,1,1.0,0,1.0,Web Development,Beginner,3.32,0.0,0.0,46,1.0,0.0,0.0,0.0,0.0,0.0,0.0,0.0,0.0,0.0,0.0,0.0,0.0,0.0,1.0,29,Female,4,Beginner Explorers,-1.159394975460374,-0.0822643198348396
U02331,2,2,1.0,66,0.9090909090909091,Machine Learning/Design,Beginner/Advanced,1.325,0.0,0.0,97,0.5,0.0,0.5,0.0,0.0,0.0,0.0,0.5,0.0,0.0,0.5,0.0,0.0,0.0,0.0,25,Female,1,Advanced Single-Shot Learners,-0.06195545066613862,-1.4308673166314039
U02332,2,2,1.0,20,2.0,Design/Machine Learning,Advanced,3.305,138.575,1.0,200,0.0,0.0,1.0,0.0,0.0,0.0,0.0,0.5,0.0,0.0,0.5,0.0,0.0,0.0,0.0,23,Male,1,Advanced Single-Shot Learners,0.4679956655059066,0.44753959996271514
U02333,3,3,1.0,282,0.3191489361702127,Artificial Intelligence/Programming/Web Development,Beginner/Intermediate/Advanced,3.2099999999999995,138.50333333333333,0.3333333333333333,69,0.3333333333333333,0.3333333333333333,0.3333333333333333,0.3333333333333333,0.0,0.0,0.0,0.0,0.0,0.0,0.0,0.0,0.3333333333333333,0.0,0.3333333333333333,32,Female,2,Power Learners,1.6249659158186245,0.46659144639854233
U02334,2,2,1.0,108,0.5555555555555556,Machine Learning/Marketing,Advanced,4.34,0.39,0.5,114,0.0,0.0,1.0,0.0,0.0,0.0,0.0,0.0,0.0,0.0,0.5,0.5,0.0,0.0,0.0,23,Female,1,Advanced Single-Shot Learners,0.03635711056974595,-1.7855927790957347
U02335,1,1,1.0,0,1.0,Machine Learning,Advanced,3.89,0.78,1.0,294,0.0,0.0,1.0,0.0,0.0,0.0,0.0,0.0,0.0,0.0,1.0,0.0,0.0,0.0,0.0,25,Female,1,Advanced Single-Shot Learners,-1.7941196657304366,0.0996863444052272
U02336,14,9,1.5555555555555556,289,1.453287197231834,Finance,Intermediate,2.639285714285714,87.72214285714286,0.5,23,0.21428571428571427,0.5,0.2857142857142857,0.07142857142857142,0.0,0.07142857142857142,0.14285714285714285,0.07142857142857142,0.07142857142857142,0.2857142857142857,0.07142857142857142,0.0,0.07142857142857142,0.14285714285714285,0.0,17,Female,2,Power Learners,3.60910767065025,-0.5140175668789702
U02337,13,6,2.1666666666666665,328,1.1890243902439024,Business/Programming/Project Management,Beginner,2.924615384615385,128.92538461538464,0.38461538461538464,33,0.46153846153846156,0.15384615384615385,0.38461538461538464,0.07692307692307693,0.23076923076923078,0.0,0.0,0.0,0.0,0.0,0.0,0.15384615384615385,0.23076923076923078,0.23076923076923078,0.07692307692307693,18,Female,2,Power Learners,3.3054349322853165,-0.10086238256225001
U02338,1,1,1.0,0,1.0,Finance,Intermediate,4.1,0.0,0.0,187,0.0,1.0,0.0,0.0,0.0,0.0,0.0,0.0,0.0,1.0,0.0,0.0,0.0,0.0,0.0,29,Female,3,Intermediate Value Seekers,-1.9123288232217996,-1.0936929454442441
U02339,1,1,1.0,0,1.0,Business,Beginner,1.96,285.05,1.0,102,1.0,0.0,0.0,0.0,1.0,0.0,0.0,0.0,0.0,0.0,0.0,0.0,0.0,0.0,0.0,33,Female,1,Advanced Single-Shot Learners,-0.11632806966140807,3.057613989711157
U02340,2,2,1.0,48,1.25,Machine Learning/Web Development,Intermediate/Advanced,3.015,18.945,0.5,191,0.0,0.5,0.5,0.0,0.0,0.0,0.0,0.0,0.0,0.0,0.5,0.0,0.0,0.0,0.5,20,Male,1,Advanced Single-Shot Learners,0.14903894646472496,-0.2839274046762207
U02341,13,9,1.4444444444444444,303,1.2871287128712872,Project Management/Marketing/Cybersecurity/Artificial Intelligence,Beginner,3.5846153846153848,73.65,0.38461538461538464,32,0.38461538461538464,0.3076923076923077,0.3076923076923077,0.15384615384615385,0.0,0.15384615384615385,0.07692307692307693,0.07692307692307693,0.0,0.07692307692307693,0.07692307692307693,0.15384615384615385,0.0,0.15384615384615385,0.07692307692307693,17,Male,2,Power Learners,3.439705713041775,-0.7487732523965392
U02342,2,2,1.0,120,0.5,Machine Learning/Artificial Intelligence,Intermediate/Advanced,2.245,44.795,0.5,168,0.0,0.5,0.5,0.5,0.0,0.0,0.0,0.0,0.0,0.0,0.5,0.0,0.0,0.0,0.0,21,Male,0,Premium Explorers,0.5578056085362761,0.49568065823373464
U02343,4,3,1.3333333333333333,107,1.1214953271028036,Machine Learning,Advanced,2.35,139.97,0.75,96,0.25,0.0,0.75,0.0,0.0,0.0,0.0,0.0,0.25,0.0,0.5,0.0,0.0,0.25,0.0,29,Male,2,Power Learners,1.6488385393966443,0.4892351771080763
U02344,14,9,1.5555555555555556,332,1.2650602409638554,Data Science/Web Development/Digital Marketing/Artificial Intelligence/Project Management,Beginner,3.0100000000000002,95.42785714285715,0.35714285714285715,13,0.42857142857142855,0.21428571428571427,0.35714285714285715,0.14285714285714285,0.07142857142857142,0.0,0.14285714285714285,0.0,0.14285714285714285,0.07142857142857142,0.0,0.07142857142857142,0.07142857142857142,0.14285714285714285,0.14285714285714285,26,Male,2,Power Learners,3.668458687746394,-0.3587061321371394
U02345,13,8,1.625,263,1.482889733840304,Machine Learning/Programming,Advanced,3.1499999999999995,80.6,0.3076923076923077,76,0.3076923076923077,0.15384615384615385,0.5384615384615384,0.0,0.07692307692307693,0.15384615384615385,0.0,0.07692307692307693,0.07692307692307693,0.07692307692307693,0.23076923076923078,0.0,0.23076923076923078,0.07692307692307693,0.0,31,Male,2,Power Learners,3.1336768026871025,-0.8948464380598522
U02346,1,1,1.0,0,1.0,Cybersecurity,Intermediate,1.35,394.26,1.0,136,0.0,1.0,0.0,0.0,0.0,1.0,0.0,0.0,0.0,0.0,0.0,0.0,0.0,0.0,0.0,34,Male,3,Intermediate Value Seekers,-0.6156229745029631,1.2518197078179278
U02347,1,1,1.0,0,1.0,Cybersecurity,Intermediate,3.93,0.0,0.0,175,0.0,1.0,0.0,0.0,0.0,1.0,0.0,0.0,0.0,0.0,0.0,0.0,0.0,0.0,0.0,27,Male,3,Intermediate Value Seekers,-1.9806880389530155,-1.473621874103299
U02348,1,1,1.0,0,1.0,Cybersecurity,Intermediate,1.91,0.0,0.0,89,0.0,1.0,0.0,0.0,0.0,1.0,0.0,0.0,0.0,0.0,0.0,0.0,0.0,0.0,0.0,20,Male,3,Intermediate Value Seekers,-1.6306974045382059,-1.3548775181519332
U02349,14,9,1.5555555555555556,307,1.3680781758957656,Digital Marketing,Beginner,3.3842857142857143,73.45000000000002,0.21428571428571427,40,0.42857142857142855,0.21428571428571427,0.35714285714285715,0.0,0.07142857142857142,0.14285714285714285,0.0,0.07142857142857142,0.21428571428571427,0.07142857142857142,0.07142857142857142,0.14285714285714285,0.0,0.07142857142857142,0.14285714285714285,27,Male,2,Power Learners,3.374280780251422,-1.1722854202727908
U02350,2,2,1.0,179,0.33519553072625696,Data Science/Digital Marketing,Advanced,3.23,147.51,1.0,116,0.0,0.0,1.0,0.0,0.0,0.0,0.5,0.0,0.5,0.0,0.0,0.0,0.0,0.0,0.0,31,Female,1,Advanced Single-Shot Learners,1.0521306501456495,0.9656724229938045
U02351,2,2,1.0,58,1.0344827586206897,Finance/Web Development,Beginner,3.17,0.0,0.0,237,1.0,0.0,0.0,0.0,0.0,0.0,0.0,0.0,0.0,0.5,0.0,0.0,0.0,0.0,0.5,22,Female,4,Beginner Explorers,-0.42822394283475684,-0.38614635368545003
U02352,3,2,1.5,326,0.2760736196319018,Data Science,Intermediate,3.6199999999999997,99.85666666666667,0.3333333333333333,34,0.3333333333333333,0.6666666666666666,0.0,0.0,0.0,0.0,0.6666666666666666,0.0,0.0,0.3333333333333333,0.0,0.0,0.0,0.0,0.0,30,Female,2,Power Learners,1.2667988161005026,-0.038973471990122674
U02353,1,1,1.0,0,1.0,Digital Marketing,Beginner,4.44,0.0,0.0,238,1.0,0.0,0.0,0.0,0.0,0.0,0.0,0.0,1.0,0.0,0.0,0.0,0.0,0.0,0.0,16,Male,4,Beginner Explorers,-1.8665421821500718,0.006202458499865048
U02354,1,1,1.0,0,1.0,Business,Advanced,3.64,487.92,1.0,148,0.0,0.0,1.0,0.0,1.0,0.0,0.0,0.0,0.0,0.0,0.0,0.0,0.0,0.0,0.0,29,Female,1,Advanced Single-Shot Learners,-0.3108543763364466,2.1745869783039518
U02355,1,1,1.0,0,1.0,Finance,Intermediate,2.75,119.04,1.0,304,0.0,1.0,0.0,0.0,0.0,0.0,0.0,0.0,0.0,1.0,0.0,0.0,0.0,0.0,0.0,32,Female,3,Intermediate Value Seekers,-1.2542606086392447,1.5000756567715654
U02356,1,1,1.0,0,1.0,Finance,Advanced,1.59,0.0,0.0,301,0.0,0.0,1.0,0.0,0.0,0.0,0.0,0.0,0.0,1.0,0.0,0.0,0.0,0.0,0.0,35,Male,1,Advanced Single-Shot Learners,-2.1731302411591225,-0.6373149883232633
U02357,2,2,1.0,70,0.8571428571428571,Programming/Business,Intermediate/Advanced,2.79,0.0,0.0,92,0.0,0.5,0.5,0.0,0.5,0.0,0.0,0.0,0.0,0.0,0.0,0.0,0.5,0.0,0.0,28,Female,1,Advanced Single-Shot Learners,0.032260236279900066,-1.040137379696684
U02358,4,4,1.0,267,0.449438202247191,Design/Data Science/Machine Learning/Artificial Intelligence,Beginner/Advanced,3.205,266.71000000000004,0.75,72,0.5,0.0,0.5,0.25,0.0,0.0,0.25,0.25,0.0,0.0,0.25,0.0,0.0,0.0,0.0,22,Male,2,Power Learners,2.1497609019761,0.7720500808261577
U02359,2,2,1.0,4,2.0,Data Science/Digital Marketing,Beginner/Intermediate,2.58,0.0,0.0,168,0.5,0.5,0.0,0.0,0.0,0.0,0.5,0.0,0.5,0.0,0.0,0.0,0.0,0.0,0.0,32,Female,4,Beginner Explorers,-0.5688740703692826,-0.5762027147321525
U02360,1,1,1.0,0,1.0,Finance,Advanced,1.59,0.0,0.0,41,0.0,0.0,1.0,0.0,0.0,0.0,0.0,0.0,0.0,1.0,0.0,0.0,0.0,0.0,0.0,18,Female,1,Advanced Single-Shot Learners,-1.2640368210080764,-0.9827597494952962
U02361,2,2,1.0,59,1.0169491525423728,Data Science/Project Management,Beginner/Intermediate,2.265,163.995,0.5,169,0.5,0.5,0.0,0.0,0.0,0.0,0.5,0.0,0.0,0.0,0.0,0.0,0.0,0.5,0.0,26,Female,2,Power Learners,0.6711987290929393,1.3990927985732042
U02362,1,1,1.0,0,1.0,Design,Advanced,1.52,0.0,0.0,326,0.0,0.0,1.0,0.0,0.0,0.0,0.0,1.0,0.0,0.0,0.0,0.0,0.0,0.0,0.0,33,Female,1,Advanced Single-Shot Learners,-2.283197063361768,-1.0714370032441
U02363,1,1,1.0,0,1.0,Business,Advanced,3.64,487.92,1.0,294,0.0,0.0,1.0,0.0,1.0,0.0,0.0,0.0,0.0,0.0,0.0,0.0,0.0,0.0,0.0,15,Male,1,Advanced Single-Shot Learners,-0.7996835132411706,2.4145659595545563
U02364,1,1,1.0,0,1.0,Data Science,Beginner,3.74,299.57,1.0,224,1.0,0.0,0.0,0.0,0.0,0.0,1.0,0.0,0.0,0.0,0.0,0.0,0.0,0.0,0.0,29,Female,4,Beginner Explorers,-0.6719945193914797,2.7172642009901318
U02365,1,1,1.0,0,1.0,Data Science,Intermediate,3.02,0.0,0.0,317,0.0,1.0,0.0,0.0,0.0,0.0,1.0,0.0,0.0,0.0,0.0,0.0,0.0,0.0,0.0,34,Female,3,Intermediate Value Seekers,-2.2603797948855813,-0.4107562534651464
U02366,1,1,1.0,0,1.0,Marketing,Intermediate,4.72,0.0,0.0,126,0.0,1.0,0.0,0.0,0.0,0.0,0.0,0.0,0.0,0.0,0.0,1.0,0.0,0.0,0.0,19,Female,3,Intermediate Value Seekers,-1.7665881676272148,-2.392316672766741
U02367,1,1,1.0,0,1.0,Business,Advanced,3.15,0.0,0.0,147,0.0,0.0,1.0,0.0,1.0,0.0,0.0,0.0,0.0,0.0,0.0,0.0,0.0,0.0,0.0,25,Male,1,Advanced Single-Shot Learners,-1.5124267077770837,-0.2954457782548888
U02368,4,4,1.0,321,0.3738317757009346,Web Development/Design/Data Science/Marketing,Advanced,3.2525000000000004,112.8425,0.75,17,0.0,0.0,1.0,0.0,0.0,0.0,0.25,0.25,0.0,0.0,0.0,0.25,0.0,0.0,0.25,31,Male,2,Power Learners,2.1246050905753746,-0.40129263807433896
U02369,2,2,1.0,199,0.3015075376884422,Marketing/Digital Marketing,Beginner/Advanced,3.465,0.0,0.0,62,0.5,0.0,0.5,0.0,0.0,0.0,0.0,0.0,0.5,0.0,0.0,0.5,0.0,0.0,0.0,16,Male,1,Advanced Single-Shot Learners,0.17318900664609357,-1.7705409821138514
U02370,14,11,1.2727272727272727,352,1.1931818181818183,Data Science/Marketing/Business,Intermediate,3.1721428571428567,78.05428571428571,0.5,1,0.2857142857142857,0.42857142857142855,0.2857142857142857,0.07142857142857142,0.14285714285714285,0.0,0.14285714285714285,0.07142857142857142,0.07142857142857142,0.07142857142857142,0.07142857142857142,0.14285714285714285,0.07142857142857142,0.07142857142857142,0.07142857142857142,24,Male,2,Power Learners,3.818450297017195,-0.7210385633466783
U02371,12,8,1.5,358,1.005586592178771,Design/Cybersecurity/Business/Artificial Intelligence,Beginner/Intermediate/Advanced,2.8333333333333335,130.8083333333333,0.5,5,0.3333333333333333,0.3333333333333333,0.3333333333333333,0.16666666666666666,0.16666666666666666,0.16666666666666666,0.08333333333333333,0.16666666666666666,0.08333333333333333,0.0,0.08333333333333333,0.0,0.08333333333333333,0.0,0.0,34,Female,2,Power Learners,3.519308948326811,-0.34682762954893986
U02372,3,3,1.0,260,0.3461538461538462,Digital Marketing/Cybersecurity/Data Science,Intermediate,4.4,0.0,0.0,77,0.3333333333333333,0.6666666666666666,0.0,0.0,0.0,0.3333333333333333,0.3333333333333333,0.0,0.3333333333333333,0.0,0.0,0.0,0.0,0.0,0.0,35,Male,3,Intermediate Value Seekers,0.5361830561652005,-1.663553590677742
U02373,2,2,1.0,33,1.8181818181818181,Data Science/Business,Intermediate/Advanced,3.62,243.96,0.5,30,0.0,0.5,0.5,0.0,0.5,0.0,0.5,0.0,0.0,0.0,0.0,0.0,0.0,0.0,0.0,22,Male,2,Power Learners,1.116073709215092,0.5835126708347904
U02374,3,2,1.5,128,0.703125,Machine Learning,Advanced,4.3566666666666665,0.26,0.3333333333333333,67,0.0,0.3333333333333333,0.6666666666666666,0.0,0.0,0.0,0.0,0.3333333333333333,0.0,0.0,0.6666666666666666,0.0,0.0,0.0,0.0,22,Male,1,Advanced Single-Shot Learners,0.3310126875073659,-1.8405243254410828
U02375,1,1,1.0,0,1.0,Design,Advanced,2.72,276.37,1.0,128,0.0,0.0,1.0,0.0,0.0,0.0,0.0,1.0,0.0,0.0,0.0,0.0,0.0,0.0,0.0,33,Female,1,Advanced Single-Shot Learners,-0.527224983484041,0.9534672730542372
U02376,1,1,1.0,0,1.0,Design,Advanced,2.61,0.0,0.0,194,0.0,0.0,1.0,0.0,0.0,0.0,0.0,1.0,0.0,0.0,0.0,0.0,0.0,0.0,0.0,19,Female,1,Advanced Single-Shot Learners,-1.8540374959820558,-1.3544236083691639
U02377,2,2,1.0,121,0.49586776859504134,Digital Marketing/Business,Beginner/Advanced,3.795,0.0,0.0,16,0.5,0.0,0.5,0.0,0.5,0.0,0.0,0.0,0.5,0.0,0.0,0.0,0.0,0.0,0.0,35,Male,1,Advanced Single-Shot Learners,0.3458532801615449,-0.9376760336286626
U02378,1,1,1.0,0,1.0,Digital Marketing,Intermediate,4.66,0.0,0.0,198,0.0,1.0,0.0,0.0,0.0,0.0,0.0,0.0,1.0,0.0,0.0,0.0,0.0,0.0,0.0,23,Male,3,Intermediate Value Seekers,-1.900668201925919,-0.965321490094498
U02379,2,2,1.0,245,0.2448979591836735,Business/Marketing,Advanced,3.065,0.0,0.0,49,0.0,0.0,1.0,0.0,0.5,0.0,0.0,0.0,0.0,0.0,0.0,0.5,0.0,0.0,0.0,20,Male,1,Advanced Single-Shot Learners,0.2655830590918348,-1.9150435274578557
U02380,3,3,1.0,342,0.2631578947368421,Cybersecurity/Web Development/Business,Intermediate,2.453333333333333,240.09333333333333,0.6666666666666666,18,0.3333333333333333,0.6666666666666666,0.0,0.0,0.3333333333333333,0.3333333333333333,0.0,0.0,0.0,0.0,0.0,0.0,0.0,0.0,0.3333333333333333,24,Female,2,Power Learners,1.889118223293334,0.5469200098503422
U02381,1,1,1.0,0,1.0,Artificial Intelligence,Intermediate,3.11,415.51,1.0,217,0.0,1.0,0.0,1.0,0.0,0.0,0.0,0.0,0.0,0.0,0.0,0.0,0.0,0.0,0.0,31,Female,0,Premium Explorers,-0.4092413375857207,3.06013201917383
U02382,1,1,1.0,0,1.0,Artificial Intelligence,Beginner,4.55,490.9,1.0,146,1.0,0.0,0.0,1.0,0.0,0.0,0.0,0.0,0.0,0.0,0.0,0.0,0.0,0.0,0.0,32,Male,0,Premium Explorers,-0.05741780744737081,3.71688386158999
U02383,1,1,1.0,0,1.0,Marketing,Intermediate,4.72,0.0,0.0,252,0.0,1.0,0.0,0.0,0.0,0.0,0.0,0.0,0.0,0.0,0.0,1.0,0.0,0.0,0.0,21,Male,3,Intermediate Value Seekers,-2.2093651419427522,-2.208408446866587
U02384,3,3,1.0,106,0.8490566037735849,Finance/Machine Learning/Artificial Intelligence,Beginner,2.5066666666666664,39.68,0.3333333333333333,198,0.6666666666666666,0.3333333333333333,0.0,0.3333333333333333,0.0,0.0,0.0,0.0,0.0,0.3333333333333333,0.3333333333333333,0.0,0.0,0.0,0.0,22,Male,2,Power Learners,0.8748433512810223,0.5136645718446019
U02385,1,1,1.0,0,1.0,Cybersecurity,Beginner,4.94,0.0,0.0,127,1.0,0.0,0.0,0.0,0.0,1.0,0.0,0.0,0.0,0.0,0.0,0.0,0.0,0.0,0.0,30,Male,4,Beginner Explorers,-1.698897488724267,-0.7812022380905443
U02386,4,4,1.0,232,0.5172413793103449,Data Science/Machine Learning/Programming/Design,Beginner,4.2075,74.8925,0.25,89,0.75,0.25,0.0,0.0,0.0,0.0,0.25,0.25,0.0,0.0,0.25,0.0,0.25,0.0,0.0,35,Male,2,Power Learners,1.598169724354813,-0.3440067574238244
U02387,1,1,1.0,0,1.0,Design,Advanced,1.52,0.0,0.0,240,0.0,0.0,1.0,0.0,0.0,0.0,0.0,1.0,0.0,0.0,0.0,0.0,0.0,0.0,0.0,31,Male,1,Advanced Single-Shot Learners,-2.0136939158169556,-1.1776703189194608
U02388,1,1,1.0,0,1.0,Project Management,Advanced,1.23,346.71,1.0,142,0.0,0.0,1.0,0.0,0.0,0.0,0.0,0.0,0.0,0.0,0.0,0.0,0.0,1.0,0.0,23,Male,1,Advanced Single-Shot Learners,-0.2944124425146187,2.7064102103195675
U02389,2,2,1.0,20,2.0,Business/Digital Marketing,Advanced,3.52,88.67,0.5,139,0.0,0.0,1.0,0.0,0.5,0.0,0.0,0.0,0.5,0.0,0.0,0.0,0.0,0.0,0.0,33,Male,1,Advanced Single-Shot Learners,0.5912786604116422,0.4626303102197223
U02390,2,1,2.0,132,0.45454545454545453,Programming,Beginner/Intermediate,3.585,236.14,0.5,54,0.5,0.5,0.0,0.0,0.0,0.0,0.0,0.0,0.0,0.0,0.0,0.0,1.0,0.0,0.0,28,Female,4,Beginner Explorers,0.7399688765282227,0.847254192535641
U02391,1,1,1.0,0,1.0,Cybersecurity,Advanced,2.38,0.0,0.0,350,0.0,0.0,1.0,0.0,0.0,1.0,0.0,0.0,0.0,0.0,0.0,0.0,0.0,0.0,0.0,20,Female,1,Advanced Single-Shot Learners,-2.4140255555766,-1.0384618534662786
U02392,2,2,1.0,187,0.32085561497326204,Project Management/Digital Marketing,Intermediate/Advanced,3.3,106.195,0.5,159,0.0,0.5,0.5,0.0,0.0,0.0,0.0,0.0,0.5,0.0,0.0,0.0,0.0,0.5,0.0,21,Male,2,Power Learners,0.684606207612718,0.5942973286233524
U02393,1,1,1.0,0,1.0,Web Development,Beginner,3.32,0.0,0.0,220,1.0,0.0,0.0,0.0,0.0,0.0,0.0,0.0,0.0,0.0,0.0,0.0,0.0,0.0,1.0,18,Male,4,Beginner Explorers,-1.7454899443663436,0.19170395499777104
U02394,1,1,1.0,0,1.0,Data Science,Beginner,3.74,299.57,1.0,132,1.0,0.0,0.0,0.0,0.0,0.0,1.0,0.0,0.0,0.0,0.0,0.0,0.0,0.0,0.0,35,Male,4,Beginner Explorers,-0.39280709999921815,2.588602129398313
U02395,3,3,1.0,121,0.7438016528925621,Digital Marketing/Project Management/Cybersecurity,Beginner,4.3500000000000005,0.0,0.0,199,0.6666666666666666,0.3333333333333333,0.0,0.0,0.0,0.3333333333333333,0.0,0.0,0.3333333333333333,0.0,0.0,0.0,0.0,0.3333333333333333,0.0,32,Female,4,Beginner Explorers,0.15748302814680007,-0.9424961546150656
U02396,1,1,1.0,0,1.0,Digital Marketing,Advanced,3.15,212.39,1.0,302,0.0,0.0,1.0,0.0,0.0,0.0,0.0,0.0,1.0,0.0,0.0,0.0,0.0,0.0,0.0,16,Female,1,Advanced Single-Shot Learners,-1.0055281714031645,1.754908197574373
U02397,1,1,1.0,0,1.0,Programming,Beginner,3.85,0.0,0.0,267,1.0,0.0,0.0,0.0,0.0,0.0,0.0,0.0,0.0,0.0,0.0,0.0,1.0,0.0,0.0,22,Male,4,Beginner Explorers,-1.9402768758554831,0.2724790315188165
U02398,2,2,1.0,100,0.6,Artificial Intelligence/Machine Learning,Beginner/Advanced,2.545,124.44,1.0,130,0.5,0.0,0.5,0.5,0.0,0.0,0.0,0.0,0.0,0.0,0.5,0.0,0.0,0.0,0.0,26,Female,0,Premium Explorers,1.0708220393168129,1.7256590598096058
U02399,1,1,1.0,0,1.0,Marketing,Advanced,2.01,0.0,0.0,69,0.0,0.0,1.0,0.0,0.0,0.0,0.0,0.0,0.0,0.0,0.0,1.0,0.0,0.0,0.0,22,Male,1,Advanced Single-Shot Learners,-1.4477972000586976,-2.1478874842921782
U02400,1,1,1.0,0,1.0,Digital Marketing,Intermediate,4.66,0.0,0.0,49,0.0,1.0,0.0,0.0,0.0,0.0,0.0,0.0,1.0,0.0,0.0,0.0,0.0,0.0,0.0,17,Male,3,Intermediate Value Seekers,-1.3959394682772932,-1.1636540331498506
U02401,1,1,1.0,0,1.0,Artificial Intelligence,Beginner,4.55,490.9,1.0,221,1.0,0.0,0.0,1.0,0.0,0.0,0.0,0.0,0.0,0.0,0.0,0.0,0.0,0.0,0.0,28,Male,0,Premium Explorers,-0.3024125134197151,3.829017431206031
U02402,1,1,1.0,0,1.0,Business,Advanced,3.15,0.0,0.0,59,0.0,0.0,1.0,0.0,1.0,0.0,0.0,0.0,0.0,0.0,0.0,0.0,0.0,0.0,0.0,19,Female,1,Advanced Single-Shot Learners,-1.191232702047794,-0.4190816858075993
U02403,1,1,1.0,0,1.0,Cybersecurity,Advanced,2.38,0.0,0.0,139,0.0,0.0,1.0,0.0,0.0,1.0,0.0,0.0,0.0,0.0,0.0,0.0,0.0,0.0,0.0,18,Female,1,Advanced Single-Shot Learners,-1.7076629966588532,-1.3307064454216784
U02404,2,2,1.0,13,2.0,Project Management/Finance,Beginner,3.575,26.93,0.5,192,1.0,0.0,0.0,0.0,0.0,0.0,0.0,0.0,0.0,0.5,0.0,0.0,0.0,0.5,0.0,28,Male,4,Beginner Explorers,0.2197878490720124,1.293024386604584
U02405,1,1,1.0,0,1.0,Web Development,Beginner,3.32,0.0,0.0,185,1.0,0.0,0.0,0.0,0.0,0.0,0.0,0.0,0.0,0.0,0.0,0.0,0.0,0.0,1.0,25,Female,4,Beginner Explorers,-1.6178586325870477,0.11957519792147842
U02406,2,2,1.0,63,0.9523809523809523,Design/Web Development,Advanced,2.0100000000000002,157.13,1.0,260,0.0,0.0,1.0,0.0,0.0,0.0,0.0,0.5,0.0,0.0,0.0,0.0,0.0,0.0,0.5,23,Female,1,Advanced Single-Shot Learners,0.48247033543888274,1.0051752231284157
U02407,2,2,1.0,76,0.7894736842105263,Programming/Cybersecurity,Beginner,4.3950000000000005,0.0,0.0,156,1.0,0.0,0.0,0.0,0.0,0.5,0.0,0.0,0.0,0.0,0.0,0.0,0.5,0.0,0.0,27,Male,4,Beginner Explorers,-0.26078154954503974,-0.8074255744588548
U02408,1,1,1.0,0,1.0,Machine Learning,Beginner,1.13,0.0,0.0,230,1.0,0.0,0.0,0.0,0.0,0.0,0.0,0.0,0.0,0.0,1.0,0.0,0.0,0.0,0.0,34,Female,4,Beginner Explorers,-1.9001880839369631,-0.34039873097517664
U02409,1,1,1.0,0,1.0,Machine Learning,Intermediate,1.73,0.0,0.0,99,0.0,1.0,0.0,0.0,0.0,0.0,0.0,0.0,0.0,0.0,1.0,0.0,0.0,0.0,0.0,24,Female,3,Intermediate Value Seekers,-1.6190180438146649,-1.4523901054569799
U02410,12,10,1.2,322,1.1180124223602486,Digital Marketing/Marketing,Intermediate/Advanced,3.441666666666667,120.34333333333335,0.4166666666666667,7,0.16666666666666666,0.4166666666666667,0.4166666666666667,0.0,0.08333333333333333,0.08333333333333333,0.08333333333333333,0.0,0.16666666666666666,0.08333333333333333,0.08333333333333333,0.16666666666666666,0.08333333333333333,0.08333333333333333,0.08333333333333333,18,Male,2,Power Learners,3.569628674395905,-0.9776714954589402
U02411,1,1,1.0,0,1.0,Web Development,Advanced,1.3,37.89,1.0,137,0.0,0.0,1.0,0.0,0.0,0.0,0.0,0.0,0.0,0.0,0.0,0.0,0.0,0.0,1.0,31,Female,1,Advanced Single-Shot Learners,-0.6183658073082631,1.4806328824610033
U02412,1,1,1.0,0,1.0,Marketing,Advanced,2.98,0.0,0.0,96,0.0,0.0,1.0,0.0,0.0,0.0,0.0,0.0,0.0,0.0,0.0,1.0,0.0,0.0,0.0,15,Female,1,Advanced Single-Shot Learners,-1.5348699596247657,-2.2175953395064085
U02413,2,2,1.0,168,0.35714285714285715,Marketing/Finance,Intermediate/Advanced,4.445,0.0,0.0,130,0.0,0.5,0.5,0.0,0.0,0.0,0.0,0.0,0.0,0.5,0.0,0.5,0.0,0.0,0.0,25,Male,3,Intermediate Value Seekers,-0.2283229939209255,-2.307515431909162
U02414,3,2,1.5,60,1.5,Programming,Beginner,4.2299999999999995,157.42666666666665,0.3333333333333333,132,0.6666666666666666,0.3333333333333333,0.0,0.0,0.0,0.0,0.0,0.0,0.0,0.3333333333333333,0.0,0.0,0.6666666666666666,0.0,0.0,21,Male,4,Beginner Explorers,0.9131228139326029,0.4847407767630737
U02415,11,7,1.5714285714285714,306,1.0784313725490198,Artificial Intelligence,Beginner/Intermediate,2.9454545454545453,142.5609090909091,0.6363636363636364,44,0.36363636363636365,0.36363636363636365,0.2727272727272727,0.2727272727272727,0.09090909090909091,0.0,0.0,0.09090909090909091,0.18181818181818182,0.18181818181818182,0.09090909090909091,0.0,0.09090909090909091,0.0,0.0,33,Male,2,Power Learners,3.2983495139521586,0.19201234141702728
U02416,1,1,1.0,0,1.0,Design,Advanced,4.45,0.0,0.0,149,0.0,0.0,1.0,0.0,0.0,0.0,0.0,1.0,0.0,0.0,0.0,0.0,0.0,0.0,0.0,24,Female,1,Advanced Single-Shot Learners,-1.7596805812298035,-1.6330505935702153
U02417,1,1,1.0,0,1.0,Marketing,Advanced,2.01,0.0,0.0,99,0.0,0.0,1.0,0.0,0.0,0.0,0.0,0.0,0.0,0.0,0.0,1.0,0.0,0.0,0.0,34,Female,1,Advanced Single-Shot Learners,-1.5434255682475615,-2.137670402337444
U02418,1,1,1.0,0,1.0,Machine Learning,Intermediate,1.73,0.0,0.0,218,0.0,1.0,0.0,0.0,0.0,0.0,0.0,0.0,0.0,0.0,1.0,0.0,0.0,0.0,0.0,23,Male,3,Intermediate Value Seekers,-2.0345736857264707,-1.273036408905304
U02419,1,1,1.0,0,1.0,Data Science,Intermediate,3.02,0.0,0.0,89,0.0,1.0,0.0,0.0,0.0,0.0,1.0,0.0,0.0,0.0,0.0,0.0,0.0,0.0,0.0,17,Female,3,Intermediate Value Seekers,-1.4779487164613332,-0.7005436942484813
U02420,1,1,1.0,0,1.0,Marketing,Intermediate,4.11,0.0,0.0,226,0.0,1.0,0.0,0.0,0.0,0.0,0.0,0.0,0.0,0.0,0.0,1.0,0.0,0.0,0.0,20,Female,3,Intermediate Value Seekers,-2.0850860185003843,-2.1853478606322123
U02421,1,1,1.0,0,1.0,Finance,Intermediate,4.1,0.0,0.0,258,0.0,1.0,0.0,0.0,0.0,0.0,0.0,0.0,0.0,1.0,0.0,0.0,0.0,0.0,0.0,15,Female,3,Intermediate Value Seekers,-2.131071166842909,-0.9696424684890865
U02422,1,1,1.0,0,1.0,Web Development,Advanced,4.74,57.32,1.0,47,0.0,0.0,1.0,0.0,0.0,0.0,0.0,0.0,0.0,0.0,0.0,0.0,0.0,0.0,1.0,21,Female,1,Advanced Single-Shot Learners,-0.3433783270319432,1.0598988877238058
U02423,2,2,1.0,89,0.6741573033707865,Data Science/Project Management,Beginner/Advanced,2.04,222.835,1.0,82,0.5,0.0,0.5,0.0,0.0,0.0,0.5,0.0,0.0,0.0,0.0,0.0,0.0,0.5,0.0,32,Female,2,Power Learners,1.254133093968589,2.0341262864955536
U02424,1,1,1.0,0,1.0,Machine Learning,Intermediate,4.73,0.0,0.0,161,0.0,1.0,0.0,0.0,0.0,0.0,0.0,0.0,0.0,0.0,1.0,0.0,0.0,0.0,0.0,31,Female,3,Intermediate Value Seekers,-1.9152064638153887,-1.714912730737394
U02425,2,2,1.0,239,0.2510460251046025,Artificial Intelligence/Design,Beginner,4.075,0.0,0.0,66,1.0,0.0,0.0,0.5,0.0,0.0,0.0,0.5,0.0,0.0,0.0,0.0,0.0,0.0,0.0,24,Female,4,Beginner Explorers,0.3778782078697679,-0.4229339230121595
U02426,1,1,1.0,0,1.0,Data Science,Beginner,3.74,299.57,1.0,105,1.0,0.0,0.0,0.0,0.0,0.0,1.0,0.0,0.0,0.0,0.0,0.0,0.0,0.0,0.0,19,Female,4,Beginner Explorers,-0.26216513543481035,2.5679907327646876
U02427,15,9,1.6666666666666667,220,2.0454545454545454,Web Development,Beginner/Intermediate/Advanced,3.3720000000000003,59.53333333333334,0.4,144,0.3333333333333333,0.3333333333333333,0.3333333333333333,0.0,0.06666666666666667,0.13333333333333333,0.13333333333333333,0.06666666666666667,0.13333333333333333,0.06666666666666667,0.13333333333333333,0.0,0.0,0.06666666666666667,0.2,31,Female,2,Power Learners,3.163151021122724,-0.7202651403286436
U02428,2,2,1.0,53,1.1320754716981132,Artificial Intelligence/Web Development,Beginner/Advanced,4.645,274.11,1.0,243,0.5,0.0,0.5,0.5,0.0,0.0,0.0,0.0,0.0,0.0,0.0,0.0,0.0,0.0,0.5,30,Male,0,Premium Explorers,0.7686750354882095,2.2076325875560983
U02429,3,2,1.5,149,0.6040268456375839,Programming,Beginner,2.0233333333333334,0.0,0.0,64,0.6666666666666666,0.3333333333333333,0.0,0.0,0.0,0.3333333333333333,0.0,0.0,0.0,0.0,0.0,0.0,0.6666666666666666,0.0,0.0,30,Female,4,Beginner Explorers,0.41047855696958124,-0.9689600227662551
U02430,1,1,1.0,0,1.0,Web Development,Beginner,3.32,0.0,0.0,134,1.0,0.0,0.0,0.0,0.0,0.0,0.0,0.0,0.0,0.0,0.0,0.0,0.0,0.0,1.0,29,Male,4,Beginner Explorers,-1.4728426494472107,0.05188570517660103
U02431,1,1,1.0,0,1.0,Project Management,Beginner,1.51,327.99,1.0,265,1.0,0.0,0.0,0.0,0.0,0.0,0.0,0.0,0.0,0.0,0.0,0.0,0.0,1.0,0.0,16,Male,4,Beginner Explorers,-0.6377852091840095,3.713694045120823
U02432,15,10,1.5,332,1.355421686746988,Project Management/Digital Marketing/Programming/Web Development/Data Science,Beginner,2.9373333333333336,106.23066666666666,0.4,22,0.4666666666666667,0.26666666666666666,0.26666666666666666,0.06666666666666667,0.06666666666666667,0.06666666666666667,0.13333333333333333,0.0,0.13333333333333333,0.0,0.06666666666666667,0.06666666666666667,0.13333333333333333,0.13333333333333333,0.13333333333333333,30,Female,2,Power Learners,3.7898588859800575,-0.45840254408058984
U02433,1,1,1.0,0,1.0,Data Science,Advanced,2.57,117.68,1.0,258,0.0,0.0,1.0,0.0,0.0,0.0,1.0,0.0,0.0,0.0,0.0,0.0,0.0,0.0,0.0,15,Female,1,Advanced Single-Shot Learners,-0.9326080942781131,1.8858396978962089
U02434,1,1,1.0,0,1.0,Programming,Beginner,3.85,0.0,0.0,114,1.0,0.0,0.0,0.0,0.0,0.0,0.0,0.0,0.0,0.0,0.0,0.0,1.0,0.0,0.0,31,Male,4,Beginner Explorers,-1.4415721621158442,0.04225457305787067
U02435,1,1,1.0,0,1.0,Business,Advanced,3.64,487.92,1.0,74,0.0,0.0,1.0,0.0,1.0,0.0,0.0,0.0,0.0,0.0,0.0,0.0,0.0,0.0,0.0,17,Male,1,Advanced Single-Shot Learners,-0.06846610422898126,2.1026970570027768
U02436,3,3,1.0,191,0.47120418848167545,Web Development/Data Science/Project Management,Beginner,2.4666666666666663,148.55666666666667,0.6666666666666666,137,0.6666666666666666,0.0,0.3333333333333333,0.0,0.0,0.0,0.3333333333333333,0.0,0.0,0.0,0.0,0.0,0.0,0.3333333333333333,0.3333333333333333,16,Male,2,Power Learners,1.4693928385328767,1.3467146597110025
U02437,1,1,1.0,0,1.0,Marketing,Advanced,2.98,0.0,0.0,44,0.0,0.0,1.0,0.0,0.0,0.0,0.0,0.0,0.0,0.0,0.0,1.0,0.0,0.0,0.0,15,Male,1,Advanced Single-Shot Learners,-1.381354302961507,-2.279677076051824
U02438,1,1,1.0,0,1.0,Cybersecurity,Advanced,2.38,0.0,0.0,44,0.0,0.0,1.0,0.0,0.0,1.0,0.0,0.0,0.0,0.0,0.0,0.0,0.0,0.0,0.0,28,Female,1,Advanced Single-Shot Learners,-1.403705575193234,-1.4813872412902864
U02439,1,1,1.0,0,1.0,Design,Advanced,2.72,276.37,1.0,135,0.0,0.0,1.0,0.0,0.0,0.0,0.0,1.0,0.0,0.0,0.0,0.0,0.0,0.0,0.0,22,Female,1,Advanced Single-Shot Learners,-0.5363715418220486,0.9825547431397526
U02440,1,1,1.0,0,1.0,Marketing,Intermediate,4.11,0.0,0.0,312,0.0,1.0,0.0,0.0,0.0,0.0,0.0,0.0,0.0,0.0,0.0,1.0,0.0,0.0,0.0,26,Female,3,Intermediate Value Seekers,-2.379681253356468,-2.0753196102774454
U02441,1,1,1.0,0,1.0,Digital Marketing,Beginner,4.44,0.0,0.0,266,1.0,0.0,0.0,0.0,0.0,0.0,0.0,0.0,1.0,0.0,0.0,0.0,0.0,0.0,0.0,33,Male,4,Beginner Explorers,-1.981882788217041,0.01565881134483356
U02442,1,1,1.0,0,1.0,Finance,Intermediate,4.1,0.0,0.0,36,0.0,1.0,0.0,0.0,0.0,0.0,0.0,0.0,0.0,1.0,0.0,0.0,0.0,0.0,0.0,23,Male,3,Intermediate Value Seekers,-1.4208570509992346,-1.2840244530604206
U02443,2,1,2.0,173,0.3468208092485549,Web Development,Advanced,3.02,47.605000000000004,1.0,58,0.0,0.0,1.0,0.0,0.0,0.0,0.0,0.0,0.0,0.0,0.0,0.0,0.0,0.0,1.0,22,Female,1,Advanced Single-Shot Learners,0.7828930369774267,0.8144916123137819
U02444,1,1,1.0,0,1.0,Cybersecurity,Intermediate,1.91,0.0,0.0,76,0.0,1.0,0.0,0.0,0.0,1.0,0.0,0.0,0.0,0.0,0.0,0.0,0.0,0.0,0.0,28,Female,3,Intermediate Value Seekers,-1.5777371000086196,-1.3979222084647942
U02445,14,10,1.4,308,1.3636363636363635,Machine Learning,Intermediate,2.71,107.65142857142857,0.42857142857142855,7,0.21428571428571427,0.5,0.2857142857142857,0.07142857142857142,0.07142857142857142,0.14285714285714285,0.07142857142857142,0.0,0.07142857142857142,0.14285714285714285,0.21428571428571427,0.07142857142857142,0.0,0.07142857142857142,0.07142857142857142,26,Female,2,Power Learners,3.714408198694979,-0.8614569879440325
U02446,2,2,1.0,68,0.8823529411764706,Artificial Intelligence/Web Development,Beginner,3.9349999999999996,245.45,0.5,24,1.0,0.0,0.0,0.5,0.0,0.0,0.0,0.0,0.0,0.0,0.0,0.0,0.0,0.0,0.5,29,Male,0,Premium Explorers,1.3613623834065953,1.6793929052965828
U02447,1,1,1.0,0,1.0,Design,Advanced,4.45,0.0,0.0,269,0.0,0.0,1.0,0.0,0.0,0.0,0.0,1.0,0.0,0.0,0.0,0.0,0.0,0.0,0.0,31,Female,1,Advanced Single-Shot Learners,-2.1689722516770322,-1.477118411175714
U02448,2,2,1.0,117,0.5128205128205129,Design/Finance,Intermediate/Advanced,2.8099999999999996,0.0,0.0,106,0.0,0.5,0.5,0.0,0.0,0.0,0.0,0.5,0.0,0.5,0.0,0.0,0.0,0.0,0.0,17,Male,1,Advanced Single-Shot Learners,-0.13593790141000864,-1.776477198756392
U02449,1,1,1.0,0,1.0,Business,Beginner,1.96,285.05,1.0,187,1.0,0.0,0.0,0.0,1.0,0.0,0.0,0.0,0.0,0.0,0.0,0.0,0.0,0.0,0.0,32,Male,1,Advanced Single-Shot Learners,-0.41847833127247663,3.189311401313311
U02450,1,1,1.0,0,1.0,Machine Learning,Intermediate,1.73,0.0,0.0,340,0.0,1.0,0.0,0.0,0.0,0.0,0.0,0.0,0.0,0.0,1.0,0.0,0.0,0.0,0.0,30,Female,3,Intermediate Value Seekers,-2.4306083947476393,-1.125105261949979
U02451,2,2,1.0,39,1.5384615384615383,Programming/Marketing,Beginner/Advanced,3.035,0.0,0.0,112,0.5,0.0,0.5,0.0,0.0,0.0,0.0,0.0,0.0,0.0,0.0,0.5,0.5,0.0,0.0,31,Male,4,Beginner Explorers,-0.11090281361005454,-1.5030767958000024
U02452,2,2,1.0,179,0.33519553072625696,Design/Programming,Beginner/Advanced,2.865,0.0,0.0,33,0.5,0.0,0.5,0.0,0.0,0.0,0.0,0.5,0.0,0.0,0.0,0.0,0.5,0.0,0.0,23,Female,4,Beginner Explorers,0.29142931350751927,-1.3299380671335965
U02453,1,1,1.0,0,1.0,Digital Marketing,Advanced,3.15,212.39,1.0,50,0.0,0.0,1.0,0.0,0.0,0.0,0.0,0.0,1.0,0.0,0.0,0.0,0.0,0.0,0.0,29,Female,1,Advanced Single-Shot Learners,-0.1817778950083075,1.3789104389447826
U02454,2,2,1.0,34,1.7647058823529411,Web Development/Business,Advanced,2.335,0.0,0.0,182,0.0,0.0,1.0,0.0,0.5,0.0,0.0,0.0,0.0,0.0,0.0,0.0,0.0,0.0,0.5,28,Male,1,Advanced Single-Shot Learners,-0.2259011323716516,-0.8492878044062492
U02455,1,1,1.0,0,1.0,Business,Advanced,2.0,0.0,0.0,305,0.0,0.0,1.0,0.0,1.0,0.0,0.0,0.0,0.0,0.0,0.0,0.0,0.0,0.0,0.0,34,Male,1,Advanced Single-Shot Learners,-2.0202457003804577,0.039488808694560555
U02456,1,1,1.0,0,1.0,Cybersecurity,Intermediate,3.93,0.0,0.0,185,0.0,1.0,0.0,0.0,0.0,1.0,0.0,0.0,0.0,0.0,0.0,0.0,0.0,0.0,0.0,35,Male,3,Intermediate Value Seekers,-2.0243710048941503,-1.4736241429846877
U02457,1,1,1.0,0,1.0,Data Science,Intermediate,3.02,0.0,0.0,269,0.0,1.0,0.0,0.0,0.0,0.0,1.0,0.0,0.0,0.0,0.0,0.0,0.0,0.0,0.0,31,Female,3,Intermediate Value Seekers,-2.0964049156486078,-0.47277865584098905
U02458,2,2,1.0,51,1.1764705882352942,Business/Data Science,Intermediate/Advanced,2.63,221.85,1.0,15,0.0,0.5,0.5,0.0,0.5,0.0,0.5,0.0,0.0,0.0,0.0,0.0,0.0,0.0,0.0,26,Female,2,Power Learners,1.3695554242134114,1.3190912798788665
U02459,12,9,1.3333333333333333,255,1.411764705882353,Finance/Design/Digital Marketing,Beginner,3.0966666666666662,52.12166666666667,0.25,7,0.4166666666666667,0.25,0.3333333333333333,0.0,0.08333333333333333,0.08333333333333333,0.08333333333333333,0.16666666666666666,0.16666666666666666,0.16666666666666666,0.08333333333333333,0.08333333333333333,0.08333333333333333,0.0,0.0,33,Male,2,Power Learners,3.304439365139859,-1.1789809477127826
U02460,1,1,1.0,0,1.0,Cybersecurity,Advanced,2.38,0.0,0.0,45,0.0,0.0,1.0,0.0,0.0,1.0,0.0,0.0,0.0,0.0,0.0,0.0,0.0,0.0,0.0,21,Female,1,Advanced Single-Shot Learners,-1.3980036405221585,-1.4677191154820757
U02461,2,2,1.0,58,1.0344827586206897,Business/Cybersecurity,Advanced,2.7649999999999997,0.0,0.0,191,0.0,0.0,1.0,0.0,0.5,0.5,0.0,0.0,0.0,0.0,0.0,0.0,0.0,0.0,0.0,15,Female,1,Advanced Single-Shot Learners,-0.34203881906338457,-1.2190639257398754
U02462,1,1,1.0,0,1.0,Project Management,Beginner,1.51,327.99,1.0,301,1.0,0.0,0.0,0.0,0.0,0.0,0.0,0.0,0.0,0.0,0.0,0.0,0.0,1.0,0.0,26,Male,4,Beginner Explorers,-0.770772047112408,3.7466301118518452
U02463,1,1,1.0,0,1.0,Project Management,Beginner,4.68,0.0,0.0,135,1.0,0.0,0.0,0.0,0.0,0.0,0.0,0.0,0.0,0.0,0.0,0.0,0.0,1.0,0.0,29,Male,4,Beginner Explorers,-1.4563153767302885,0.6837584723112453
U02464,1,1,1.0,0,1.0,Programming,Beginner,3.85,0.0,0.0,139,1.0,0.0,0.0,0.0,0.0,0.0,0.0,0.0,0.0,0.0,0.0,0.0,1.0,0.0,0.0,21,Female,4,Beginner Explorers,-1.4921200521067821,0.08401514182949076
U02465,2,2,1.0,185,0.3243243243243243,Design/Programming,Beginner,3.695,0.0,0.0,17,1.0,0.0,0.0,0.0,0.0,0.0,0.0,0.5,0.0,0.0,0.0,0.0,0.5,0.0,0.0,27,Male,4,Beginner Explorers,0.3382633567981315,-1.0116959065569715
U02466,4,4,1.0,155,0.7741935483870968,Data Science/Artificial Intelligence/Design/Marketing,Intermediate,3.285,91.49000000000001,0.5,167,0.0,0.75,0.25,0.25,0.0,0.0,0.25,0.25,0.0,0.0,0.0,0.25,0.0,0.0,0.0,23,Male,2,Power Learners,1.4487757490501507,-0.22586773399651644
U02467,1,1,1.0,0,1.0,Digital Marketing,Beginner,2.14,0.0,0.0,193,1.0,0.0,0.0,0.0,0.0,0.0,0.0,0.0,1.0,0.0,0.0,0.0,0.0,0.0,0.0,19,Male,4,Beginner Explorers,-1.6587160353957966,0.19635931231683856
U02468,3,3,1.0,151,0.5960264900662252,Data Science/Machine Learning/Digital Marketing,Intermediate,4.346666666666667,0.0,0.0,179,0.3333333333333333,0.6666666666666666,0.0,0.0,0.0,0.0,0.3333333333333333,0.0,0.3333333333333333,0.0,0.3333333333333333,0.0,0.0,0.0,0.0,29,Female,3,Intermediate Value Seekers,0.17065279541855252,-1.5209637160327343
U02469,2,2,1.0,196,0.30612244897959184,Web Development/Programming,Beginner,2.3,0.0,0.0,20,1.0,0.0,0.0,0.0,0.0,0.0,0.0,0.0,0.0,0.0,0.0,0.0,0.5,0.0,0.5,21,Male,4,Beginner Explorers,0.46134054515537176,-0.48733230507257946
U02470,13,7,1.8571428571428572,324,1.2037037037037037,Design/Finance,Beginner/Advanced,2.6907692307692312,56.48615384615384,0.3076923076923077,15,0.38461538461538464,0.23076923076923078,0.38461538461538464,0.0,0.07692307692307693,0.07692307692307693,0.07692307692307693,0.23076923076923078,0.0,0.23076923076923078,0.15384615384615385,0.0,0.0,0.0,0.15384615384615385,34,Male,2,Power Learners,3.1771005237679013,-1.0089773359992968
U02471,1,1,1.0,0,1.0,Business,Intermediate,2.69,326.02,1.0,362,0.0,1.0,0.0,0.0,1.0,0.0,0.0,0.0,0.0,0.0,0.0,0.0,0.0,0.0,0.0,16,Female,1,Advanced Single-Shot Learners,-1.1159183134901285,2.515936239969835
U02472,1,1,1.0,0,1.0,Finance,Beginner,4.14,0.0,0.0,361,1.0,0.0,0.0,0.0,0.0,0.0,0.0,0.0,0.0,1.0,0.0,0.0,0.0,0.0,0.0,17,Male,4,Beginner Explorers,-2.345589935122801,0.055998514281350914
U02473,1,1,1.0,0,1.0,Cybersecurity,Beginner,4.94,0.0,0.0,109,1.0,0.0,0.0,0.0,0.0,1.0,0.0,0.0,0.0,0.0,0.0,0.0,0.0,0.0,0.0,31,Female,4,Beginner Explorers,-1.620222535352887,-0.8189887352333454
U02474,1,1,1.0,0,1.0,Machine Learning,Intermediate,1.73,0.0,0.0,222,0.0,1.0,0.0,0.0,0.0,0.0,0.0,0.0,0.0,0.0,1.0,0.0,0.0,0.0,0.0,27,Male,3,Intermediate Value Seekers,-2.053079716335252,-1.2744391987856902
U02475,1,1,1.0,0,1.0,Marketing,Intermediate,4.72,0.0,0.0,189,0.0,1.0,0.0,0.0,0.0,0.0,0.0,0.0,0.0,0.0,0.0,1.0,0.0,0.0,0.0,35,Male,3,Intermediate Value Seekers,-2.017306417215933,-2.32124568030421
U02476,1,1,1.0,0,1.0,Cybersecurity,Advanced,2.38,0.0,0.0,124,0.0,0.0,1.0,0.0,0.0,1.0,0.0,0.0,0.0,0.0,0.0,0.0,0.0,0.0,0.0,34,Female,1,Advanced Single-Shot Learners,-1.6782880958785984,-1.37976892357367
U02477,1,1,1.0,0,1.0,Project Management,Intermediate,4.84,342.61,1.0,75,0.0,1.0,0.0,0.0,0.0,0.0,0.0,0.0,0.0,0.0,0.0,0.0,0.0,1.0,0.0,17,Male,3,Intermediate Value Seekers,-0.24134934746865894,2.2009086968473013
U02478,2,2,1.0,136,0.4411764705882353,Artificial Intelligence/Cybersecurity,Beginner/Intermediate,4.24,245.45,0.5,181,0.5,0.5,0.0,0.5,0.0,0.5,0.0,0.0,0.0,0.0,0.0,0.0,0.0,0.0,0.0,30,Male,0,Premium Explorers,0.7116594028908033,1.0651348725277026
U02479,4,4,1.0,284,0.4225352112676056,Business/Programming/Marketing/Digital Marketing,Beginner,2.9475000000000002,71.2625,0.25,77,0.75,0.25,0.0,0.0,0.25,0.0,0.0,0.0,0.25,0.0,0.0,0.25,0.25,0.0,0.0,19,Female,2,Power Learners,1.7930890439812923,-0.14756401196768
U02480,1,1,1.0,0,1.0,Digital Marketing,Intermediate,4.66,0.0,0.0,96,0.0,1.0,0.0,0.0,0.0,0.0,0.0,0.0,1.0,0.0,0.0,0.0,0.0,0.0,0.0,35,Male,3,Intermediate Value Seekers,-1.5759447245086127,-1.1293185798605256
U02481,1,1,1.0,0,1.0,Marketing,Advanced,2.98,0.0,0.0,235,0.0,0.0,1.0,0.0,0.0,0.0,0.0,0.0,0.0,0.0,0.0,1.0,0.0,0.0,0.0,29,Male,1,Advanced Single-Shot Learners,-2.0365004781284317,-2.0364938278077216
U02482,2,2,1.0,308,0.1948051948051948,Machine Learning/Artificial Intelligence,Beginner/Advanced,2.725,0.0,0.0,50,0.5,0.0,0.5,0.5,0.0,0.0,0.0,0.0,0.0,0.0,0.5,0.0,0.0,0.0,0.0,35,Male,0,Premium Explorers,0.425405721058501,-0.770074996817537
U02483,1,1,1.0,0,1.0,Cybersecurity,Beginner,4.94,0.0,0.0,83,1.0,0.0,0.0,0.0,0.0,1.0,0.0,0.0,0.0,0.0,0.0,0.0,0.0,0.0,0.0,25,Male,4,Beginner Explorers,-1.5456823083536213,-0.8341133128880427
U02484,4,4,1.0,176,0.6818181818181819,Web Development/Finance/Programming/Business,Beginner,2.045,71.2625,0.25,168,0.5,0.25,0.25,0.0,0.25,0.0,0.0,0.0,0.0,0.25,0.0,0.0,0.25,0.0,0.25,25,Female,2,Power Learners,1.4598734326935197,0.1949145138742928
U02485,14,8,1.75,281,1.494661921708185,Web Development/Marketing,Advanced,3.361428571428572,44.38214285714286,0.2857142857142857,5,0.35714285714285715,0.21428571428571427,0.42857142857142855,0.0,0.0,0.0,0.07142857142857142,0.07142857142857142,0.07142857142857142,0.14285714285714285,0.07142857142857142,0.21428571428571427,0.14285714285714285,0.0,0.21428571428571427,22,Male,2,Power Learners,3.3605128293312925,-1.307658936343811
U02486,2,1,2.0,306,0.19607843137254904,Digital Marketing,Intermediate/Advanced,4.275,88.67,0.5,29,0.0,0.5,0.5,0.0,0.0,0.0,0.0,0.0,1.0,0.0,0.0,0.0,0.0,0.0,0.0,29,Male,2,Power Learners,0.7182857846913742,-0.08758261793153305
U02487,1,1,1.0,0,1.0,Marketing,Advanced,2.98,0.0,0.0,340,0.0,0.0,1.0,0.0,0.0,0.0,0.0,0.0,0.0,0.0,0.0,1.0,0.0,0.0,0.0,23,Male,1,Advanced Single-Shot Learners,-2.3789766443735507,-1.8788058891813488
U02488,1,1,1.0,0,1.0,Data Science,Intermediate,3.02,0.0,0.0,240,0.0,1.0,0.0,0.0,0.0,0.0,1.0,0.0,0.0,0.0,0.0,0.0,0.0,0.0,0.0,27,Female,3,Intermediate Value Seekers,-1.9945125759951674,-0.5064172519528986
U02489,1,1,1.0,0,1.0,Data Science,Beginner,3.65,0.0,0.0,139,1.0,0.0,0.0,0.0,0.0,0.0,1.0,0.0,0.0,0.0,0.0,0.0,0.0,0.0,0.0,18,Male,4,Beginner Explorers,-1.5302002082951012,0.18625400733409586
U02490,13,8,1.625,355,1.0985915492957745,Machine Learning/Data Science,Beginner,3.7130769230769234,0.060000000000000005,0.07692307692307693,4,0.38461538461538464,0.3076923076923077,0.3076923076923077,0.07692307692307693,0.07692307692307693,0.07692307692307693,0.23076923076923078,0.15384615384615385,0.0,0.0,0.23076923076923078,0.07692307692307693,0.0,0.0,0.07692307692307693,24,Female,2,Power Learners,2.7278184309119498,-2.168651360278051
U02491,1,1,1.0,0,1.0,Finance,Beginner,4.14,0.0,0.0,17,1.0,0.0,0.0,0.0,0.0,0.0,0.0,0.0,0.0,1.0,0.0,0.0,0.0,0.0,0.0,17,Female,4,Beginner Explorers,-1.1782664565186476,-0.43697530329119855
U02492,1,1,1.0,0,1.0,Cybersecurity,Intermediate,3.93,0.0,0.0,229,0.0,1.0,0.0,0.0,0.0,1.0,0.0,0.0,0.0,0.0,0.0,0.0,0.0,0.0,0.0,19,Male,3,Intermediate Value Seekers,-2.15047402416621,-1.3839136570816326
U02493,1,1,1.0,0,1.0,Cybersecurity,Intermediate,1.91,0.0,0.0,74,0.0,1.0,0.0,0.0,0.0,1.0,0.0,0.0,0.0,0.0,0.0,0.0,0.0,0.0,0.0,22,Female,3,Intermediate Value Seekers,-1.5633198635425936,-1.3902114018854475
U02494,1,1,1.0,0,1.0,Machine Learning,Intermediate,1.73,0.0,0.0,101,0.0,1.0,0.0,0.0,0.0,0.0,0.0,0.0,0.0,0.0,1.0,0.0,0.0,0.0,0.0,32,Male,3,Intermediate Value Seekers,-1.6559452570111424,-1.4528012715373437
U02495,2,2,1.0,150,0.4,Digital Marketing/Artificial Intelligence,Beginner/Intermediate,3.5600000000000005,44.795,0.5,188,0.5,0.5,0.0,0.5,0.0,0.0,0.0,0.0,0.5,0.0,0.0,0.0,0.0,0.0,0.0,28,Male,0,Premium Explorers,0.5821456922187567,1.1152175028269724
U02496,1,1,1.0,0,1.0,Design,Advanced,1.52,0.0,0.0,186,0.0,0.0,1.0,0.0,0.0,0.0,0.0,1.0,0.0,0.0,0.0,0.0,0.0,0.0,0.0,33,Female,1,Advanced Single-Shot Learners,-1.8162337327116735,-1.2676687648009564
U02497,2,2,1.0,26,2.0,Cybersecurity/Web Development,Beginner/Advanced,2.8499999999999996,0.0,0.0,3,0.5,0.0,0.5,0.0,0.0,0.5,0.0,0.0,0.0,0.0,0.0,0.0,0.0,0.0,0.5,26,Female,1,Advanced Single-Shot Learners,0.26672558486361364,-1.2750074414953663
U02498,1,1,1.0,0,1.0,Programming,Beginner,1.28,0.0,0.0,117,1.0,0.0,0.0,0.0,0.0,0.0,0.0,0.0,0.0,0.0,0.0,0.0,1.0,0.0,0.0,20,Female,4,Beginner Explorers,-1.3486133197236188,0.343763773694081
U02499,1,1,1.0,0,1.0,Web Development,Advanced,2.67,0.0,0.0,140,0.0,0.0,1.0,0.0,0.0,0.0,0.0,0.0,0.0,0.0,0.0,0.0,0.0,0.0,1.0,28,Male,1,Advanced Single-Shot Learners,-1.5468829856505,-0.7291577348318051
U02500,1,1,1.0,0,1.0,Marketing,Intermediate,4.11,0.0,0.0,88,0.0,1.0,0.0,0.0,0.0,0.0,0.0,0.0,0.0,0.0,0.0,1.0,0.0,0.0,0.0,29,Male,3,Intermediate Value Seekers,-1.6563409563371758,-2.383743141179221
U02501,1,1,1.0,0,1.0,Project Management,Intermediate,3.45,0.0,0.0,186,0.0,1.0,0.0,0.0,0.0,0.0,0.0,0.0,0.0,0.0,0.0,0.0,0.0,1.0,0.0,16,Female,3,Intermediate Value Seekers,-1.7093813126446193,0.026987963489561943
U02502,1,1,1.0,0,1.0,Business,Advanced,2.0,0.0,0.0,289,0.0,0.0,1.0,0.0,1.0,0.0,0.0,0.0,0.0,0.0,0.0,0.0,0.0,0.0,0.0,16,Female,1,Advanced Single-Shot Learners,-1.9237116012148816,0.03780032771712275
U02503,2,2,1.0,64,0.9375,Cybersecurity/Design,Intermediate/Advanced,2.725,0.0,0.0,142,0.0,0.5,0.5,0.0,0.0,0.5,0.0,0.5,0.0,0.0,0.0,0.0,0.0,0.0,0.0,16,Female,1,Advanced Single-Shot Learners,-0.3284332537023093,-1.8899675399897087
U02504,4,3,1.3333333333333333,306,0.3921568627450981,Business,Advanced,3.0225,81.505,0.25,52,0.0,0.25,0.75,0.0,0.5,0.0,0.0,0.25,0.0,0.0,0.0,0.25,0.0,0.0,0.0,34,Female,2,Power Learners,1.6155573064080488,-0.836464797186238
U02505,1,1,1.0,0,1.0,Artificial Intelligence,Beginner,1.2,248.1,1.0,32,1.0,0.0,0.0,1.0,0.0,0.0,0.0,0.0,0.0,0.0,0.0,0.0,0.0,0.0,0.0,35,Female,0,Premium Explorers,0.33788890237330127,3.7924277246042837
U02506,1,1,1.0,0,1.0,Business,Beginner,1.96,285.05,1.0,326,1.0,0.0,0.0,0.0,1.0,0.0,0.0,0.0,0.0,0.0,0.0,0.0,0.0,0.0,0.0,16,Female,1,Advanced Single-Shot Learners,-0.8415214587646105,3.40137480766853
U02507,1,1,1.0,0,1.0,Cybersecurity,Advanced,2.38,0.0,0.0,138,0.0,0.0,1.0,0.0,0.0,1.0,0.0,0.0,0.0,0.0,0.0,0.0,0.0,0.0,0.0,32,Female,1,Advanced Single-Shot Learners,-1.7224023183627903,-1.3566410415984078
U02508,1,1,1.0,0,1.0,Design,Beginner,4.51,0.0,0.0,364,1.0,0.0,0.0,0.0,0.0,0.0,0.0,1.0,0.0,0.0,0.0,0.0,0.0,0.0,0.0,32,Male,4,Beginner Explorers,-2.4359377161448386,-0.47739552964589144
U02509,3,3,1.0,166,0.5421686746987951,Data Science/Business/Machine Learning,Advanced,3.1633333333333336,0.26,0.3333333333333333,12,0.0,0.3333333333333333,0.6666666666666666,0.0,0.3333333333333333,0.0,0.3333333333333333,0.0,0.0,0.0,0.3333333333333333,0.0,0.0,0.0,0.0,24,Male,2,Power Learners,0.9479263310156293,-1.1941359747033284
U02510,2,2,1.0,13,2.0,Programming/Project Management,Beginner,3.78,0.0,0.0,20,1.0,0.0,0.0,0.0,0.0,0.0,0.0,0.0,0.0,0.0,0.0,0.0,0.5,0.5,0.0,23,Male,4,Beginner Explorers,0.2069051391855867,-0.11384118789839814
U02511,1,1,1.0,0,1.0,Programming,Intermediate,2.43,0.0,0.0,182,0.0,1.0,0.0,0.0,0.0,0.0,0.0,0.0,0.0,0.0,0.0,0.0,1.0,0.0,0.0,30,Female,3,Intermediate Value Seekers,-1.7617444291847666,-0.5903626380355695
U02512,14,8,1.75,331,1.2688821752265862,Project Management,Intermediate,3.1221428571428573,66.78214285714286,0.21428571428571427,19,0.2857142857142857,0.5,0.21428571428571427,0.0,0.14285714285714285,0.07142857142857142,0.14285714285714285,0.0,0.0,0.14285714285714285,0.07142857142857142,0.07142857142857142,0.14285714285714285,0.21428571428571427,0.0,15,Female,2,Power Learners,3.3860769243827162,-0.9023447600443486
U02513,1,1,1.0,0,1.0,Programming,Beginner,4.74,472.28,1.0,359,1.0,0.0,0.0,0.0,0.0,0.0,0.0,0.0,0.0,0.0,0.0,0.0,1.0,0.0,0.0,23,Male,4,Beginner Explorers,-1.0733337597983956,2.8351918375554948
U02514,2,2,1.0,117,0.5128205128205129,Design/Artificial Intelligence,Beginner/Advanced,4.045,0.0,0.0,121,0.5,0.0,0.5,0.5,0.0,0.0,0.0,0.5,0.0,0.0,0.0,0.0,0.0,0.0,0.0,17,Male,0,Premium Explorers,0.055918082713847336,-0.709029470769949
U02515,11,8,1.375,299,1.1036789297658862,Digital Marketing/Cybersecurity/Machine Learning,Beginner,3.016363636363636,90.58727272727273,0.5454545454545454,31,0.5454545454545454,0.09090909090909091,0.36363636363636365,0.0,0.0,0.18181818181818182,0.09090909090909091,0.09090909090909091,0.18181818181818182,0.09090909090909091,0.18181818181818182,0.0,0.0,0.09090909090909091,0.09090909090909091,15,Male,2,Power Learners,3.2839692640250964,-0.35543667046467353
U02516,1,1,1.0,0,1.0,Marketing,Advanced,2.98,0.0,0.0,178,0.0,0.0,1.0,0.0,0.0,0.0,0.0,0.0,0.0,0.0,0.0,1.0,0.0,0.0,0.0,32,Male,1,Advanced Single-Shot Learners,-1.850252859377834,-2.121645246599521
U02517,2,2,1.0,79,0.759493670886076,Data Science/Project Management,Advanced,1.9,232.195,1.0,189,0.0,0.0,1.0,0.0,0.0,0.0,0.5,0.0,0.0,0.0,0.0,0.0,0.0,0.5,0.0,30,Female,1,Advanced Single-Shot Learners,0.8633715885172644,1.7854107951953158
U02518,1,1,1.0,0,1.0,Programming,Intermediate,2.43,0.0,0.0,198,0.0,1.0,0.0,0.0,0.0,0.0,0.0,0.0,0.0,0.0,0.0,0.0,1.0,0.0,0.0,19,Female,3,Intermediate Value Seekers,-1.8009100587788518,-0.5486602689928278
U02519,2,2,1.0,1,2.0,Artificial Intelligence/Data Science,Beginner/Intermediate,3.165,44.795,0.5,101,0.5,0.5,0.0,0.5,0.0,0.0,0.5,0.0,0.0,0.0,0.0,0.0,0.0,0.0,0.0,29,Male,0,Premium Explorers,0.3154894380542007,1.4114815417202875
U02520,1,1,1.0,0,1.0,Artificial Intelligence,Beginner,3.64,0.0,0.0,289,1.0,0.0,0.0,1.0,0.0,0.0,0.0,0.0,0.0,0.0,0.0,0.0,0.0,0.0,0.0,29,Male,0,Premium Explorers,-1.7102192076544356,1.4822178021937695
U02521,4,4,1.0,228,0.5263157894736842,Artificial Intelligence/Project Management/Machine Learning/Design,Intermediate,4.135,22.3975,0.25,48,0.25,0.5,0.25,0.25,0.0,0.0,0.0,0.25,0.0,0.0,0.25,0.0,0.0,0.25,0.0,25,Male,2,Power Learners,1.6369918900882154,-0.5753860375007981
U02522,1,1,1.0,0,1.0,Data Science,Advanced,2.57,117.68,1.0,27,0.0,0.0,1.0,0.0,0.0,0.0,1.0,0.0,0.0,0.0,0.0,0.0,0.0,0.0,0.0,21,Female,1,Advanced Single-Shot Learners,-0.16986493044790862,1.5515431738686656
U02523,1,1,1.0,0,1.0,Finance,Advanced,1.59,0.0,0.0,74,0.0,0.0,1.0,0.0,0.0,0.0,0.0,0.0,0.0,1.0,0.0,0.0,0.0,0.0,0.0,31,Male,1,Advanced Single-Shot Learners,-1.410818333871976,-0.9484813614941552
U02524,1,1,1.0,0,1.0,Digital Marketing,Intermediate,4.66,0.0,0.0,363,0.0,1.0,0.0,0.0,0.0,0.0,0.0,0.0,1.0,0.0,0.0,0.0,0.0,0.0,0.0,32,Male,3,Intermediate Value Seekers,-2.4626373392343535,-0.7498195187334412
U02525,1,1,1.0,0,1.0,Machine Learning,Beginner,1.13,0.0,0.0,125,1.0,0.0,0.0,0.0,0.0,0.0,0.0,0.0,0.0,0.0,1.0,0.0,0.0,0.0,0.0,25,Male,4,Beginner Explorers,-1.5582739544853461,-0.46099702963616357
U02526,2,2,1.0,45,1.3333333333333333,Finance/Project Management,Intermediate,3.795,230.82500000000002,1.0,69,0.0,1.0,0.0,0.0,0.0,0.0,0.0,0.0,0.0,0.5,0.0,0.0,0.0,0.5,0.0,30,Female,3,Intermediate Value Seekers,1.0816247878316427,1.224618571175086
U02527,1,1,1.0,0,1.0,Project Management,Beginner,4.68,0.0,0.0,176,1.0,0.0,0.0,0.0,0.0,0.0,0.0,0.0,0.0,0.0,0.0,0.0,0.0,1.0,0.0,32,Female,4,Beginner Explorers,-1.5770142232851234,0.7251649402906855
U02528,1,1,1.0,0,1.0,Finance,Beginner,4.14,0.0,0.0,117,1.0,0.0,0.0,0.0,0.0,0.0,0.0,0.0,0.0,1.0,0.0,0.0,0.0,0.0,0.0,35,Male,4,Beginner Explorers,-1.5549785540742798,-0.31754776537964696
U02529,3,3,1.0,97,0.9278350515463918,Web Development/Marketing/Data Science,Beginner,3.9499999999999997,99.85666666666667,0.3333333333333333,205,0.6666666666666666,0.0,0.3333333333333333,0.0,0.0,0.0,0.3333333333333333,0.0,0.0,0.0,0.0,0.3333333333333333,0.0,0.0,0.3333333333333333,17,Female,2,Power Learners,0.9124605721729773,0.03191692475129742
U02530,1,1,1.0,0,1.0,Programming,Beginner,4.74,472.28,1.0,248,1.0,0.0,0.0,0.0,0.0,0.0,0.0,0.0,0.0,0.0,0.0,0.0,1.0,0.0,0.0,21,Male,4,Beginner Explorers,-0.7005164370592879,2.683112789569278
U02531,4,3,1.3333333333333333,307,0.39087947882736157,Machine Learning,Intermediate,3.48,0.0,0.0,43,0.0,0.75,0.25,0.0,0.0,0.25,0.0,0.0,0.0,0.0,0.5,0.0,0.0,0.25,0.0,22,Female,3,Intermediate Value Seekers,0.8472148539084795,-2.0967496675285644
U02532,1,1,1.0,0,1.0,Data Science,Intermediate,3.02,0.0,0.0,321,0.0,1.0,0.0,0.0,0.0,0.0,1.0,0.0,0.0,0.0,0.0,0.0,0.0,0.0,0.0,26,Male,3,Intermediate Value Seekers,-2.28332102815909,-0.3803264621095121
U02533,1,1,1.0,0,1.0,Programming,Intermediate,2.43,0.0,0.0,252,0.0,1.0,0.0,0.0,0.0,0.0,0.0,0.0,0.0,0.0,0.0,0.0,1.0,0.0,0.0,18,Female,3,Intermediate Value Seekers,-1.9797334310249086,-0.47121852233968026
U02534,2,2,1.0,305,0.19672131147540986,Web Development/Design,Beginner/Advanced,3.59,0.0,0.0,3,0.5,0.0,0.5,0.0,0.0,0.0,0.0,0.5,0.0,0.0,0.0,0.0,0.0,0.0,0.5,25,Female,1,Advanced Single-Shot Learners,0.4557812901177428,-1.5299988512234644
U02535,2,2,1.0,151,0.3973509933774835,Machine Learning/Project Management,Beginner/Intermediate,3.12,163.995,0.5,154,0.5,0.5,0.0,0.0,0.0,0.0,0.0,0.0,0.0,0.0,0.5,0.0,0.0,0.5,0.0,26,Female,2,Power Learners,0.7127719336754286,0.7795937484515885
U02536,2,1,2.0,13,2.0,Web Development,Beginner/Advanced,2.435,0.0,0.0,86,0.5,0.0,0.5,0.0,0.0,0.0,0.0,0.0,0.0,0.0,0.0,0.0,0.0,0.0,1.0,16,Male,1,Advanced Single-Shot Learners,-0.3896747019776052,-0.5999643308812965
U02537,12,8,1.5,229,1.5720524017467248,Marketing/Project Management/Artificial Intelligence/Digital Marketing,Beginner/Intermediate/Advanced,3.831666666666667,146.92083333333335,0.5,97,0.3333333333333333,0.3333333333333333,0.3333333333333333,0.16666666666666666,0.0,0.08333333333333333,0.08333333333333333,0.08333333333333333,0.16666666666666666,0.0,0.08333333333333333,0.16666666666666666,0.0,0.16666666666666666,0.0,31,Female,2,Power Learners,3.204805749937035,-0.364333267272173
U02538,1,1,1.0,0,1.0,Cybersecurity,Intermediate,1.91,0.0,0.0,195,0.0,1.0,0.0,0.0,0.0,1.0,0.0,0.0,0.0,0.0,0.0,0.0,0.0,0.0,0.0,18,Male,3,Intermediate Value Seekers,-1.9816732443067462,-1.2027973357250226
U02539,2,1,2.0,269,0.22304832713754646,Cybersecurity,Beginner/Intermediate,3.1450000000000005,197.13,0.5,1,0.5,0.5,0.0,0.0,0.0,1.0,0.0,0.0,0.0,0.0,0.0,0.0,0.0,0.0,0.0,20,Female,2,Power Learners,0.8248718863629524,0.03980252447680559
U02540,15,11,1.3636363636363635,343,1.3119533527696792,Artificial Intelligence/Cybersecurity/Project Management/Finance,Beginner/Intermediate/Advanced,3.0333333333333337,68.55333333333333,0.3333333333333333,15,0.3333333333333333,0.3333333333333333,0.3333333333333333,0.13333333333333333,0.06666666666666667,0.13333333333333333,0.06666666666666667,0.06666666666666667,0.06666666666666667,0.13333333333333333,0.06666666666666667,0.06666666666666667,0.06666666666666667,0.13333333333333333,0.0,33,Female,2,Power Learners,3.7740697922039943,-0.8499853320534473
U02541,13,8,1.625,331,1.1782477341389728,Digital Marketing/Web Development/Programming/Artificial Intelligence/Data Science,Beginner,3.635384615384616,136.55692307692308,0.46153846153846156,4,0.46153846153846156,0.3076923076923077,0.23076923076923078,0.15384615384615385,0.0,0.07692307692307693,0.15384615384615385,0.07692307692307693,0.15384615384615385,0.0,0.0,0.07692307692307693,0.15384615384615385,0.0,0.15384615384615385,18,Female,2,Power Learners,3.602099281268436,-0.3688262406170437
U02542,13,7,1.8571428571428572,322,1.2111801242236027,Machine Learning,Advanced,3.2338461538461543,62.76384615384615,0.38461538461538464,27,0.38461538461538464,0.15384615384615385,0.46153846153846156,0.15384615384615385,0.0,0.0,0.0,0.0,0.15384615384615385,0.0,0.23076923076923078,0.15384615384615385,0.15384615384615385,0.07692307692307693,0.07692307692307693,35,Female,2,Power Learners,3.2681632491190045,-0.7377447743581173
U02543,1,1,1.0,0,1.0,Artificial Intelligence,Beginner,3.64,0.0,0.0,131,1.0,0.0,0.0,1.0,0.0,0.0,0.0,0.0,0.0,0.0,0.0,0.0,0.0,0.0,0.0,28,Male,0,Premium Explorers,-1.1819266792017762,1.2625085956322486
U02544,1,1,1.0,0,1.0,Artificial Intelligence,Beginner,4.55,490.9,1.0,40,1.0,0.0,0.0,1.0,0.0,0.0,0.0,0.0,0.0,0.0,0.0,0.0,0.0,0.0,0.0,29,Male,0,Premium Explorers,0.3000133087732137,3.5735654437120212
U02545,2,1,2.0,121,0.49586776859504134,Cybersecurity,Intermediate,2.92,0.0,0.0,237,0.0,1.0,0.0,0.0,0.0,1.0,0.0,0.0,0.0,0.0,0.0,0.0,0.0,0.0,0.0,16,Female,3,Intermediate Value Seekers,-1.0272774743672375,-1.6625267282111382
U02546,1,1,1.0,0,1.0,Business,Beginner,1.96,285.05,1.0,23,1.0,0.0,0.0,0.0,1.0,0.0,0.0,0.0,0.0,0.0,0.0,0.0,0.0,0.0,0.0,27,Female,1,Advanced Single-Shot Learners,0.15491899866217015,2.957397327434233
U02547,1,1,1.0,0,1.0,Data Science,Intermediate,3.6,0.0,0.0,364,0.0,1.0,0.0,0.0,0.0,0.0,1.0,0.0,0.0,0.0,0.0,0.0,0.0,0.0,0.0,30,Female,3,Intermediate Value Seekers,-2.4275167454584134,-0.4030530693138825
U02548,2,2,1.0,231,0.2597402597402597,Cybersecurity/Business,Intermediate/Advanced,3.785,243.96,0.5,99,0.0,0.5,0.5,0.0,0.5,0.5,0.0,0.0,0.0,0.0,0.0,0.0,0.0,0.0,0.0,25,Male,2,Power Learners,0.9260625312637202,0.1569776445637668
U02549,1,1,1.0,0,1.0,Cybersecurity,Advanced,2.38,0.0,0.0,79,0.0,0.0,1.0,0.0,0.0,1.0,0.0,0.0,0.0,0.0,0.0,0.0,0.0,0.0,0.0,27,Male,1,Advanced Single-Shot Learners,-1.5390832187149825,-1.4197726016727241
U02550,1,1,1.0,0,1.0,Project Management,Beginner,1.51,327.99,1.0,151,1.0,0.0,0.0,0.0,0.0,0.0,0.0,0.0,0.0,0.0,0.0,0.0,0.0,1.0,0.0,18,Male,4,Beginner Explorers,-0.2601257505211782,3.5504006191763775
U02551,1,1,1.0,0,1.0,Web Development,Advanced,2.67,0.0,0.0,242,0.0,0.0,1.0,0.0,0.0,0.0,0.0,0.0,0.0,0.0,0.0,0.0,0.0,0.0,1.0,25,Male,1,Advanced Single-Shot Learners,-1.8832259606814858,-0.5809318212538732
U02552,1,1,1.0,0,1.0,Design,Beginner,4.51,0.0,0.0,171,1.0,0.0,0.0,0.0,0.0,0.0,0.0,1.0,0.0,0.0,0.0,0.0,0.0,0.0,0.0,27,Male,4,Beginner Explorers,-1.785740133868021,-0.7391532649574729
U02553,2,2,1.0,36,1.6666666666666667,Business/Cybersecurity,Intermediate/Advanced,2.775,243.96,0.5,46,0.0,0.5,0.5,0.0,0.5,0.5,0.0,0.0,0.0,0.0,0.0,0.0,0.0,0.0,0.0,35,Female,2,Power Learners,1.002950728212358,0.2710511493192573
U02554,1,1,1.0,0,1.0,Data Science,Beginner,3.74,299.57,1.0,249,1.0,0.0,0.0,0.0,0.0,0.0,1.0,0.0,0.0,0.0,0.0,0.0,0.0,0.0,0.0,32,Male,4,Beginner Explorers,-0.7791818604569999,2.757852874571622
U02555,1,1,1.0,0,1.0,Design,Beginner,4.51,0.0,0.0,355,1.0,0.0,0.0,0.0,0.0,0.0,0.0,1.0,0.0,0.0,0.0,0.0,0.0,0.0,0.0,15,Male,4,Beginner Explorers,-2.383970704951811,-0.46022042913671507
U02556,1,1,1.0,0,1.0,Design,Advanced,2.72,276.37,1.0,78,0.0,0.0,1.0,0.0,0.0,0.0,0.0,1.0,0.0,0.0,0.0,0.0,0.0,0.0,0.0,18,Female,1,Advanced Single-Shot Learners,-0.3410865360385887,0.9096697947164717
U02557,1,1,1.0,0,1.0,Artificial Intelligence,Beginner,3.64,0.0,0.0,315,1.0,0.0,0.0,1.0,0.0,0.0,0.0,0.0,0.0,0.0,0.0,0.0,0.0,0.0,0.0,25,Female,0,Premium Explorers,-1.7718488817496125,1.514865908946351
U02558,4,4,1.0,121,0.9917355371900827,Machine Learning/Programming/Cybersecurity/Digital Marketing,Intermediate,3.6725000000000003,0.195,0.25,224,0.25,0.5,0.25,0.0,0.0,0.25,0.0,0.0,0.25,0.0,0.25,0.0,0.25,0.0,0.0,23,Female,2,Power Learners,0.5295640627688043,-1.2868553773780818
U02559,1,1,1.0,0,1.0,Design,Advanced,4.45,0.0,0.0,95,0.0,0.0,1.0,0.0,0.0,0.0,0.0,1.0,0.0,0.0,0.0,0.0,0.0,0.0,0.0,33,Female,1,Advanced Single-Shot Learners,-1.5911856513070177,-1.7245111635016699
U02560,1,1,1.0,0,1.0,Data Science,Beginner,3.65,0.0,0.0,194,1.0,0.0,0.0,0.0,0.0,0.0,1.0,0.0,0.0,0.0,0.0,0.0,0.0,0.0,0.0,22,Male,4,Beginner Explorers,-1.718814309354988,0.25633564487799304
U02561,1,1,1.0,0,1.0,Marketing,Intermediate,4.72,0.0,0.0,169,0.0,1.0,0.0,0.0,0.0,0.0,0.0,0.0,0.0,0.0,0.0,1.0,0.0,0.0,0.0,33,Male,3,Intermediate Value Seekers,-1.9480152593993874,-2.34577408327847
U02562,4,4,1.0,333,0.3603603603603604,Machine Learning/Business/Finance/Digital Marketing,Beginner/Intermediate,3.09,81.505,0.25,5,0.5,0.5,0.0,0.0,0.25,0.0,0.0,0.0,0.25,0.25,0.25,0.0,0.0,0.0,0.0,18,Male,2,Power Learners,1.9837088371997718,-0.37512760226423564
U02563,1,1,1.0,0,1.0,Cybersecurity,Intermediate,3.93,0.0,0.0,159,0.0,1.0,0.0,0.0,0.0,1.0,0.0,0.0,0.0,0.0,0.0,0.0,0.0,0.0,0.0,27,Male,3,Intermediate Value Seekers,-1.9273208011644332,-1.4960483611383681
U02564,13,8,1.625,293,1.3310580204778155,Web Development/Digital Marketing/Machine Learning/Cybersecurity/Finance,Beginner/Intermediate,3.104615384615385,119.92,0.46153846153846156,16,0.38461538461538464,0.38461538461538464,0.23076923076923078,0.07692307692307693,0.07692307692307693,0.15384615384615385,0.0,0.0,0.15384615384615385,0.15384615384615385,0.15384615384615385,0.0,0.07692307692307693,0.0,0.15384615384615385,19,Female,2,Power Learners,3.5019523443433287,-0.5070867798422377
U02565,1,1,1.0,0,1.0,Project Management,Beginner,1.51,327.99,1.0,121,1.0,0.0,0.0,0.0,0.0,0.0,0.0,0.0,0.0,0.0,0.0,0.0,0.0,1.0,0.0,32,Male,4,Beginner Explorers,-0.17813695373330996,3.483818015248585
U02566,14,10,1.4,354,1.1864406779661016,Programming,Beginner,3.367142857142857,114.90142857142857,0.35714285714285715,3,0.5,0.2857142857142857,0.21428571428571427,0.07142857142857142,0.14285714285714285,0.07142857142857142,0.14285714285714285,0.07142857142857142,0.07142857142857142,0.07142857142857142,0.0,0.07142857142857142,0.21428571428571427,0.0,0.07142857142857142,30,Female,2,Power Learners,3.767395740307776,-0.6142402976747406
U02567,1,1,1.0,0,1.0,Machine Learning,Advanced,1.81,0.0,0.0,151,0.0,0.0,1.0,0.0,0.0,0.0,0.0,0.0,0.0,0.0,1.0,0.0,0.0,0.0,0.0,35,Male,1,Advanced Single-Shot Learners,-1.7488481034836436,-1.3827569740550085
U02568,2,2,1.0,63,0.9523809523809523,Digital Marketing/Marketing,Beginner/Advanced,3.71,0.0,0.0,185,0.5,0.0,0.5,0.0,0.0,0.0,0.0,0.0,0.5,0.0,0.0,0.5,0.0,0.0,0.0,33,Female,4,Beginner Explorers,-0.36050348842709357,-1.6001804538324405
U02569,1,1,1.0,0,1.0,Design,Advanced,1.52,0.0,0.0,210,0.0,0.0,1.0,0.0,0.0,0.0,0.0,1.0,0.0,0.0,0.0,0.0,0.0,0.0,0.0,35,Female,1,Advanced Single-Shot Learners,-1.8988666999753645,-1.2375337400679292
U02570,1,1,1.0,0,1.0,Programming,Beginner,4.74,472.28,1.0,38,1.0,0.0,0.0,0.0,0.0,0.0,0.0,0.0,0.0,0.0,0.0,0.0,1.0,0.0,0.0,25,Female,4,Beginner Explorers,0.014692203903853637,2.37095138927628
U02571,1,1,1.0,0,1.0,Cybersecurity,Intermediate,1.91,0.0,0.0,94,0.0,1.0,0.0,0.0,0.0,1.0,0.0,0.0,0.0,0.0,0.0,0.0,0.0,0.0,0.0,20,Female,3,Intermediate Value Seekers,-1.627446800197504,-1.3586735872720337
U02572,1,1,1.0,0,1.0,Design,Advanced,2.61,0.0,0.0,21,0.0,0.0,1.0,0.0,0.0,0.0,0.0,1.0,0.0,0.0,0.0,0.0,0.0,0.0,0.0,33,Female,1,Advanced Single-Shot Learners,-1.2950790114587332,-1.6214429401728883
U02573,1,1,1.0,0,1.0,Programming,Beginner,1.28,0.0,0.0,190,1.0,0.0,0.0,0.0,0.0,0.0,0.0,0.0,0.0,0.0,0.0,0.0,1.0,0.0,0.0,28,Female,4,Beginner Explorers,-1.6024297844572961,0.4320657975132775
U02574,1,1,1.0,0,1.0,Project Management,Advanced,1.23,346.71,1.0,101,0.0,0.0,1.0,0.0,0.0,0.0,0.0,0.0,0.0,0.0,0.0,0.0,0.0,1.0,0.0,24,Male,1,Advanced Single-Shot Learners,-0.15894995097178524,2.6471899843824143
U02575,2,2,1.0,192,0.3125,Machine Learning/Business,Beginner,1.545,142.525,0.5,41,1.0,0.0,0.0,0.0,0.5,0.0,0.0,0.0,0.0,0.0,0.5,0.0,0.0,0.0,0.0,30,Female,2,Power Learners,1.2210920172189454,1.0351190668868744
U02576,1,1,1.0,0,1.0,Data Science,Advanced,2.57,117.68,1.0,350,0.0,0.0,1.0,0.0,0.0,0.0,1.0,0.0,0.0,0.0,0.0,0.0,0.0,0.0,0.0,17,Female,1,Advanced Single-Shot Learners,-1.2420518221432792,2.0112872925282805
U02577,2,2,1.0,154,0.3896103896103896,Marketing/Business,Beginner/Intermediate,3.035,142.525,0.5,125,0.5,0.5,0.0,0.0,0.5,0.0,0.0,0.0,0.0,0.0,0.0,0.5,0.0,0.0,0.0,21,Female,2,Power Learners,0.8154115375148085,0.2498516420065936
U02578,1,1,1.0,0,1.0,Finance,Beginner,4.14,0.0,0.0,80,1.0,0.0,0.0,0.0,0.0,0.0,0.0,0.0,0.0,1.0,0.0,0.0,0.0,0.0,0.0,15,Male,4,Beginner Explorers,-1.4057457108800067,-0.33436195845247674
U02579,1,1,1.0,0,1.0,Marketing,Intermediate,4.72,0.0,0.0,308,0.0,1.0,0.0,0.0,0.0,0.0,0.0,0.0,0.0,0.0,0.0,1.0,0.0,0.0,0.0,28,Female,3,Intermediate Value Seekers,-2.385259995086018,-2.152986558930923
U02580,1,1,1.0,0,1.0,Business,Beginner,1.96,285.05,1.0,91,1.0,0.0,0.0,0.0,1.0,0.0,0.0,0.0,0.0,0.0,0.0,0.0,0.0,0.0,0.0,17,Female,1,Advanced Single-Shot Learners,-0.05898120903521643,3.0702334264311615
U02581,2,2,1.0,80,0.75,Project Management/Marketing,Intermediate/Advanced,2.67,173.355,0.5,224,0.0,0.5,0.5,0.0,0.0,0.0,0.0,0.0,0.0,0.0,0.0,0.5,0.0,0.5,0.0,22,Female,1,Advanced Single-Shot Learners,0.4111310557192511,0.22463008237905088
U02582,15,10,1.5,353,1.2747875354107647,Programming/Cybersecurity/Project Management/Finance/Data Science,Beginner,3.7866666666666675,43.242666666666665,0.2,7,0.4666666666666667,0.4,0.13333333333333333,0.06666666666666667,0.0,0.13333333333333333,0.13333333333333333,0.0,0.06666666666666667,0.13333333333333333,0.06666666666666667,0.06666666666666667,0.13333333333333333,0.13333333333333333,0.06666666666666667,23,Male,2,Power Learners,3.5712661306149824,-1.1008421139456621
U02583,14,10,1.4,279,1.5053763440860215,Data Science,Beginner,2.8449999999999998,54.275714285714294,0.21428571428571427,2,0.42857142857142855,0.21428571428571427,0.35714285714285715,0.0,0.07142857142857142,0.14285714285714285,0.21428571428571427,0.14285714285714285,0.07142857142857142,0.07142857142857142,0.07142857142857142,0.07142857142857142,0.07142857142857142,0.07142857142857142,0.0,33,Male,2,Power Learners,3.550150824362927,-1.1553019879175748
U02584,2,2,1.0,97,0.6185567010309279,Machine Learning/Cybersecurity,Advanced,3.135,0.39,0.5,179,0.0,0.0,1.0,0.0,0.0,0.5,0.0,0.0,0.0,0.0,0.5,0.0,0.0,0.0,0.0,20,Male,1,Advanced Single-Shot Learners,-0.19541400140357884,-1.1546274304296495
U02585,2,2,1.0,11,2.0,Finance/Project Management,Intermediate/Advanced,1.99,232.875,1.0,195,0.0,0.5,0.5,0.0,0.0,0.0,0.0,0.0,0.0,0.5,0.0,0.0,0.0,0.5,0.0,32,Male,1,Advanced Single-Shot Learners,0.5784802434407087,1.6989709891797933
U02586,1,1,1.0,0,1.0,Artificial Intelligence,Beginner,3.64,0.0,0.0,125,1.0,0.0,0.0,1.0,0.0,0.0,0.0,0.0,0.0,0.0,0.0,0.0,0.0,0.0,0.0,23,Male,0,Premium Explorers,-1.1554586885790137,1.2628604275430397
U02587,2,2,1.0,198,0.30303030303030304,Programming/Business,Beginner,2.9050000000000002,142.525,0.5,15,1.0,0.0,0.0,0.0,0.5,0.0,0.0,0.0,0.0,0.0,0.0,0.0,0.5,0.0,0.0,30,Male,4,Beginner Explorers,1.335994047081487,1.2722229457482115
U02588,1,1,1.0,0,1.0,Artificial Intelligence,Intermediate,3.11,415.51,1.0,169,0.0,1.0,0.0,1.0,0.0,0.0,0.0,0.0,0.0,0.0,0.0,0.0,0.0,0.0,0.0,18,Male,0,Premium Explorers,-0.25228377159429277,3.026437492214431
U02589,1,1,1.0,0,1.0,Machine Learning,Advanced,3.89,0.78,1.0,82,0.0,0.0,1.0,0.0,0.0,0.0,0.0,0.0,0.0,0.0,1.0,0.0,0.0,0.0,0.0,26,Female,1,Advanced Single-Shot Learners,-1.0882948203221299,-0.1992169617192295
U02590,2,2,1.0,17,2.0,Digital Marketing/Artificial Intelligence,Beginner/Intermediate,2.93,124.05,0.5,288,0.5,0.5,0.0,0.5,0.0,0.0,0.0,0.0,0.5,0.0,0.0,0.0,0.0,0.0,0.0,20,Male,0,Premium Explorers,0.25025313286600687,1.644711681759878
U02591,1,1,1.0,0,1.0,Machine Learning,Intermediate,4.73,0.0,0.0,251,0.0,1.0,0.0,0.0,0.0,0.0,0.0,0.0,0.0,0.0,1.0,0.0,0.0,0.0,0.0,33,Male,3,Intermediate Value Seekers,-2.2379071531066157,-1.5814641006661463
U02592,2,2,1.0,29,2.0,Programming/Cybersecurity,Beginner,4.84,236.14,0.5,64,1.0,0.0,0.0,0.0,0.0,0.5,0.0,0.0,0.0,0.0,0.0,0.0,0.5,0.0,0.0,15,Male,4,Beginner Explorers,0.9684252825300592,0.7900912607977181
U02593,12,10,1.2,275,1.309090909090909,Design/Cybersecurity,Beginner/Advanced,3.4291666666666667,119.3775,0.3333333333333333,88,0.5,0.0,0.5,0.08333333333333333,0.08333333333333333,0.16666666666666666,0.08333333333333333,0.16666666666666666,0.08333333333333333,0.0,0.0,0.08333333333333333,0.08333333333333333,0.08333333333333333,0.08333333333333333,16,Male,2,Power Learners,3.3466353000104383,-0.5360174938989959
U02594,1,1,1.0,0,1.0,Project Management,Beginner,1.51,327.99,1.0,35,1.0,0.0,0.0,0.0,0.0,0.0,0.0,0.0,0.0,0.0,0.0,0.0,0.0,1.0,0.0,18,Female,4,Beginner Explorers,0.14671458959567754,3.377004241853565
U02595,1,1,1.0,0,1.0,Machine Learning,Advanced,3.89,0.78,1.0,33,0.0,0.0,1.0,0.0,0.0,0.0,0.0,0.0,0.0,0.0,1.0,0.0,0.0,0.0,0.0,17,Male,1,Advanced Single-Shot Learners,-0.9331660231305505,-0.24132255575747394
U02596,1,1,1.0,0,1.0,Digital Marketing,Advanced,3.15,212.39,1.0,227,0.0,0.0,1.0,0.0,0.0,0.0,0.0,0.0,1.0,0.0,0.0,0.0,0.0,0.0,0.0,19,Female,1,Advanced Single-Shot Learners,-0.7592424101404112,1.6445269808681204
U02597,2,2,1.0,258,0.23255813953488372,Digital Marketing/Web Development,Advanced,3.9450000000000003,134.855,1.0,29,0.0,0.0,1.0,0.0,0.0,0.0,0.0,0.0,0.5,0.0,0.0,0.0,0.0,0.0,0.5,17,Female,1,Advanced Single-Shot Learners,1.4040643902651242,0.6768720855234618
U02598,1,1,1.0,0,1.0,Data Science,Intermediate,3.6,0.0,0.0,262,0.0,1.0,0.0,0.0,0.0,0.0,1.0,0.0,0.0,0.0,0.0,0.0,0.0,0.0,0.0,25,Female,3,Intermediate Value Seekers,-2.0808453281041572,-0.5372601596135074
U02599,2,2,1.0,128,0.46875,Artificial Intelligence/Project Management,Intermediate/Advanced,1.955,218.14999999999998,1.0,176,0.0,0.5,0.5,0.5,0.0,0.0,0.0,0.0,0.0,0.0,0.0,0.0,0.0,0.5,0.0,33,Female,0,Premium Explorers,1.0658953496662087,2.2616119969525794
U02600,3,3,1.0,213,0.4225352112676057,Cybersecurity/Design/Project Management,Advanced,2.11,207.6933333333333,0.6666666666666666,41,0.0,0.0,1.0,0.0,0.0,0.3333333333333333,0.0,0.3333333333333333,0.0,0.0,0.0,0.0,0.0,0.3333333333333333,0.0,17,Male,2,Power Learners,1.700334680172734,0.23006345382197366
U02601,4,4,1.0,124,0.9677419354838709,Web Development/Data Science/Artificial Intelligence/Cybersecurity,Beginner,2.9675000000000002,0.0,0.0,188,0.75,0.0,0.25,0.25,0.0,0.25,0.25,0.0,0.0,0.0,0.0,0.0,0.0,0.0,0.25,19,Female,2,Power Learners,0.7512451318720325,-0.6580420199691573
U02602,13,9,1.4444444444444444,298,1.308724832214765,Cybersecurity,Intermediate,3.3984615384615386,74.98076923076923,0.23076923076923078,53,0.15384615384615385,0.6153846153846154,0.23076923076923078,0.15384615384615385,0.07692307692307693,0.23076923076923078,0.07692307692307693,0.07692307692307693,0.0,0.07692307692307693,0.0,0.15384615384615385,0.07692307692307693,0.07692307692307693,0.0,33,Male,2,Power Learners,3.2543470526657767,-1.1508938966565863
U02603,1,1,1.0,0,1.0,Cybersecurity,Beginner,4.94,0.0,0.0,296,1.0,0.0,0.0,0.0,0.0,1.0,0.0,0.0,0.0,0.0,0.0,0.0,0.0,0.0,0.0,31,Female,4,Beginner Explorers,-2.2439521270069425,-0.556879168010973
U02604,1,1,1.0,0,1.0,Data Science,Intermediate,3.02,0.0,0.0,346,0.0,1.0,0.0,0.0,0.0,0.0,1.0,0.0,0.0,0.0,0.0,0.0,0.0,0.0,0.0,16,Male,3,Intermediate Value Seekers,-2.3537967842996617,-0.3277615470193323
U02605,12,7,1.7142857142857142,334,1.0778443113772456,Marketing,Advanced,3.4175,90.30666666666667,0.4166666666666667,16,0.3333333333333333,0.25,0.4166666666666667,0.08333333333333333,0.0,0.08333333333333333,0.0,0.08333333333333333,0.16666666666666666,0.0,0.0,0.3333333333333333,0.0,0.08333333333333333,0.16666666666666666,22,Male,2,Power Learners,3.243152871016326,-0.9455089842897385
U02606,1,1,1.0,0,1.0,Web Development,Advanced,2.67,0.0,0.0,65,0.0,0.0,1.0,0.0,0.0,0.0,0.0,0.0,0.0,0.0,0.0,0.0,0.0,0.0,1.0,24,Male,1,Advanced Single-Shot Learners,-1.2915598373548849,-0.8272724811695391
U02607,1,1,1.0,0,1.0,Web Development,Beginner,3.32,0.0,0.0,267,1.0,0.0,0.0,0.0,0.0,0.0,0.0,0.0,0.0,0.0,0.0,0.0,0.0,0.0,1.0,22,Male,4,Beginner Explorers,-1.9074204265319394,0.25057234902413345
U02608,1,1,1.0,0,1.0,Machine Learning,Intermediate,4.73,0.0,0.0,337,0.0,1.0,0.0,0.0,0.0,0.0,0.0,0.0,0.0,0.0,1.0,0.0,0.0,0.0,0.0,30,Male,3,Intermediate Value Seekers,-2.5208828903490192,-1.4556646741232835
U02609,2,2,1.0,38,1.5789473684210527,Marketing/Cybersecurity,Intermediate/Advanced,1.96,0.0,0.0,175,0.0,0.5,0.5,0.0,0.0,0.5,0.0,0.0,0.0,0.0,0.0,0.5,0.0,0.0,0.0,15,Male,3,Intermediate Value Seekers,-0.43976504603644473,-2.064388638767004
U02610,1,1,1.0,0,1.0,Project Management,Beginner,4.68,0.0,0.0,269,1.0,0.0,0.0,0.0,0.0,0.0,0.0,0.0,0.0,0.0,0.0,0.0,0.0,1.0,0.0,19,Male,4,Beginner Explorers,-1.8903554403055771,0.8891038303278346
U02611,1,1,1.0,0,1.0,Data Science,Intermediate,3.02,0.0,0.0,192,0.0,1.0,0.0,0.0,0.0,0.0,1.0,0.0,0.0,0.0,0.0,0.0,0.0,0.0,0.0,17,Female,3,Intermediate Value Seekers,-1.821500309725332,-0.5561731839602226
U02612,14,10,1.4,312,1.346153846153846,Finance/Programming/Design/Web Development,Advanced,3.1635714285714287,69.035,0.35714285714285715,4,0.21428571428571427,0.35714285714285715,0.42857142857142855,0.07142857142857142,0.0,0.07142857142857142,0.07142857142857142,0.14285714285714285,0.07142857142857142,0.14285714285714285,0.07142857142857142,0.0,0.14285714285714285,0.07142857142857142,0.14285714285714285,22,Male,2,Power Learners,3.644803997683422,-0.9487473414824702
U02613,2,2,1.0,80,0.75,Design/Digital Marketing,Advanced,3.25,88.67,0.5,169,0.0,0.0,1.0,0.0,0.0,0.0,0.0,0.5,0.5,0.0,0.0,0.0,0.0,0.0,0.0,23,Female,1,Advanced Single-Shot Learners,0.48557928681771617,-0.12477138768312357
U02614,13,10,1.3,324,1.2037037037037037,Programming/Web Development/Business,Beginner,3.474615384615385,70.76,0.3076923076923077,28,0.46153846153846156,0.3076923076923077,0.23076923076923078,0.07692307692307693,0.15384615384615385,0.07692307692307693,0.07692307692307693,0.07692307692307693,0.07692307692307693,0.0,0.07692307692307693,0.07692307692307693,0.15384615384615385,0.0,0.15384615384615385,30,Female,2,Power Learners,3.5274868733516076,-0.8188292248901218
U02615,2,2,1.0,80,0.75,Web Development/Marketing,Beginner/Intermediate,3.715,0.0,0.0,85,0.5,0.5,0.0,0.0,0.0,0.0,0.0,0.0,0.0,0.0,0.0,0.5,0.0,0.0,0.5,33,Male,3,Intermediate Value Seekers,-0.056089964676605444,-1.7060651704845944
U02616,13,8,1.625,338,1.1538461538461537,Design/Marketing,Advanced,2.8153846153846156,97.32153846153847,0.38461538461538464,17,0.3076923076923077,0.3076923076923077,0.38461538461538464,0.0,0.07692307692307693,0.0,0.0,0.23076923076923078,0.0,0.15384615384615385,0.07692307692307693,0.23076923076923078,0.07692307692307693,0.07692307692307693,0.07692307692307693,19,Female,2,Power Learners,3.4089624660363964,-1.0462459110575515
U02617,4,4,1.0,228,0.5263157894736842,Marketing/Artificial Intelligence/Programming/Finance,Intermediate,3.5149999999999997,122.725,0.25,114,0.25,0.5,0.25,0.25,0.0,0.0,0.0,0.0,0.0,0.25,0.0,0.25,0.25,0.0,0.0,23,Female,2,Power Learners,1.6760699113732573,-0.33494907218944714
U02618,3,2,1.5,190,0.4736842105263158,Web Development,Beginner,3.5566666666666666,0.0,0.0,57,0.6666666666666666,0.0,0.3333333333333333,0.0,0.0,0.0,0.0,0.0,0.0,0.0,0.0,0.0,0.0,0.3333333333333333,0.6666666666666666,23,Male,4,Beginner Explorers,0.5333916265774409,-0.717431411294298
U02619,1,1,1.0,0,1.0,Digital Marketing,Advanced,3.15,212.39,1.0,249,0.0,0.0,1.0,0.0,0.0,0.0,0.0,0.0,1.0,0.0,0.0,0.0,0.0,0.0,0.0,24,Female,1,Advanced Single-Shot Learners,-0.8390776385517561,1.6666016359923987
U02620,2,2,1.0,204,0.29411764705882354,Design/Web Development,Beginner/Advanced,2.905,18.945,0.5,56,0.5,0.0,0.5,0.0,0.0,0.0,0.0,0.5,0.0,0.0,0.0,0.0,0.0,0.0,0.5,30,Female,1,Advanced Single-Shot Learners,0.8196653258245529,-0.11124855574374454
U02621,1,1,1.0,0,1.0,Programming,Beginner,3.85,0.0,0.0,316,1.0,0.0,0.0,0.0,0.0,0.0,0.0,0.0,0.0,0.0,0.0,0.0,1.0,0.0,0.0,34,Female,4,Beginner Explorers,-2.0992788389182886,0.3093275668276957
U02622,1,1,1.0,0,1.0,Cybersecurity,Beginner,4.94,0.0,0.0,67,1.0,0.0,0.0,0.0,0.0,1.0,0.0,0.0,0.0,0.0,0.0,0.0,0.0,0.0,0.0,32,Female,4,Beginner Explorers,-1.481424591448267,-0.8796106166101907
U02623,11,7,1.5714285714285714,314,1.0509554140127388,Finance,Intermediate/Advanced,3.2609090909090908,61.79272727272726,0.36363636363636365,31,0.2727272727272727,0.36363636363636365,0.36363636363636365,0.0,0.09090909090909091,0.09090909090909091,0.0,0.0,0.09090909090909091,0.2727272727272727,0.09090909090909091,0.18181818181818182,0.0,0.0,0.18181818181818182,32,Female,2,Power Learners,3.0179027108105507,-1.0960433585514735
U02624,3,3,1.0,276,0.32608695652173914,Programming/Data Science/Artificial Intelligence,Intermediate,3.526666666666667,163.63333333333333,0.3333333333333333,10,0.3333333333333333,0.6666666666666666,0.0,0.3333333333333333,0.0,0.0,0.3333333333333333,0.0,0.0,0.0,0.0,0.0,0.3333333333333333,0.0,0.0,16,Female,2,Power Learners,1.8111233433123546,0.4517407673183136
U02625,2,2,1.0,263,0.22813688212927755,Digital Marketing/Marketing,Beginner/Advanced,3.71,0.0,0.0,73,0.5,0.0,0.5,0.0,0.0,0.0,0.0,0.0,0.5,0.0,0.0,0.5,0.0,0.0,0.0,22,Female,4,Beginner Explorers,0.18225320829692968,-1.820862321754513
U02626,3,3,1.0,133,0.6766917293233082,Digital Marketing/Design/Cybersecurity,Advanced,3.5666666666666664,70.79666666666667,0.3333333333333333,27,0.3333333333333333,0.0,0.6666666666666666,0.0,0.0,0.3333333333333333,0.0,0.3333333333333333,0.3333333333333333,0.0,0.0,0.0,0.0,0.0,0.0,21,Female,2,Power Learners,1.3998240138197553,-0.6101429431550458
U02627,1,1,1.0,0,1.0,Project Management,Intermediate,3.45,0.0,0.0,332,0.0,1.0,0.0,0.0,0.0,0.0,0.0,0.0,0.0,0.0,0.0,0.0,0.0,1.0,0.0,26,Female,3,Intermediate Value Seekers,-2.2092679103695216,0.2141061285866853
U02628,1,1,1.0,0,1.0,Business,Beginner,1.96,285.05,1.0,111,1.0,0.0,0.0,0.0,1.0,0.0,0.0,0.0,0.0,0.0,0.0,0.0,0.0,0.0,0.0,33,Female,1,Advanced Single-Shot Learners,-0.1463471409174857,3.0702288886683835
U02629,1,1,1.0,0,1.0,Web Development,Advanced,4.74,57.32,1.0,331,0.0,0.0,1.0,0.0,0.0,0.0,0.0,0.0,0.0,0.0,0.0,0.0,0.0,0.0,1.0,35,Female,1,Advanced Single-Shot Learners,-1.3087215718450034,1.4334360918592477
U02630,12,9,1.3333333333333333,325,1.1076923076923075,Marketing,Beginner,3.1425,55.88583333333333,0.16666666666666666,31,0.4166666666666667,0.25,0.3333333333333333,0.08333333333333333,0.08333333333333333,0.08333333333333333,0.0,0.16666666666666666,0.0,0.08333333333333333,0.08333333333333333,0.25,0.08333333333333333,0.0,0.08333333333333333,20,Male,2,Power Learners,3.233647691577606,-1.3515592067831657
U02631,1,1,1.0,0,1.0,Data Science,Intermediate,3.6,0.0,0.0,170,0.0,1.0,0.0,0.0,0.0,0.0,1.0,0.0,0.0,0.0,0.0,0.0,0.0,0.0,0.0,23,Male,3,Intermediate Value Seekers,-1.7913294663886248,-0.6519034079270195
U02632,1,1,1.0,0,1.0,Artificial Intelligence,Beginner,3.64,0.0,0.0,179,1.0,0.0,0.0,1.0,0.0,0.0,0.0,0.0,0.0,0.0,0.0,0.0,0.0,0.0,0.0,22,Female,0,Premium Explorers,-1.3143541946754365,1.3294978278776273
U02633,14,8,1.75,291,1.4432989690721651,Finance,Intermediate/Advanced,3.2828571428571425,71.78214285714286,0.35714285714285715,53,0.14285714285714285,0.42857142857142855,0.42857142857142855,0.14285714285714285,0.14285714285714285,0.0,0.07142857142857142,0.14285714285714285,0.14285714285714285,0.21428571428571427,0.0,0.0,0.07142857142857142,0.07142857142857142,0.0,19,Female,2,Power Learners,3.3647894994676513,-0.6638484980052738
U02634,1,1,1.0,0,1.0,Web Development,Advanced,4.74,57.32,1.0,305,0.0,0.0,1.0,0.0,0.0,0.0,0.0,0.0,0.0,0.0,0.0,0.0,0.0,0.0,1.0,29,Female,1,Advanced Single-Shot Learners,-1.2142534786961041,1.4075071678859905
U02635,1,1,1.0,0,1.0,Marketing,Advanced,4.79,0.0,0.0,137,0.0,0.0,1.0,0.0,0.0,0.0,0.0,0.0,0.0,0.0,0.0,1.0,0.0,0.0,0.0,16,Male,1,Advanced Single-Shot Learners,-1.7413220631087707,-2.354494611014521
U02636,1,1,1.0,0,1.0,Data Science,Intermediate,3.02,0.0,0.0,297,0.0,1.0,0.0,0.0,0.0,0.0,1.0,0.0,0.0,0.0,0.0,0.0,0.0,0.0,0.0,20,Male,3,Intermediate Value Seekers,-2.1955238397337635,-0.40345207520338566
U02637,2,2,1.0,112,0.5357142857142857,Data Science/Machine Learning,Intermediate/Advanced,3.455,0.39,0.5,176,0.0,0.5,0.5,0.0,0.0,0.0,0.5,0.0,0.0,0.0,0.5,0.0,0.0,0.0,0.0,28,Male,3,Intermediate Value Seekers,-0.15076769500713913,-0.8318511576214246
U02638,1,1,1.0,0,1.0,Business,Advanced,2.0,0.0,0.0,231,0.0,0.0,1.0,0.0,1.0,0.0,0.0,0.0,0.0,0.0,0.0,0.0,0.0,0.0,0.0,31,Female,1,Advanced Single-Shot Learners,-1.749621193587403,-0.06978098143182959
U02639,1,1,1.0,0,1.0,Digital Marketing,Advanced,3.15,212.39,1.0,200,0.0,0.0,1.0,0.0,0.0,0.0,0.0,0.0,1.0,0.0,0.0,0.0,0.0,0.0,0.0,22,Female,1,Advanced Single-Shot Learners,-0.673058362243405,1.601425225267076
U02640,3,3,1.0,237,0.37974683544303794,Project Management/Business/Web Development,Beginner/Intermediate/Advanced,2.29,218.00333333333333,0.6666666666666666,62,0.3333333333333333,0.3333333333333333,0.3333333333333333,0.0,0.3333333333333333,0.0,0.0,0.0,0.0,0.0,0.0,0.0,0.0,0.3333333333333333,0.3333333333333333,34,Female,2,Power Learners,1.7846639473802886,1.09279668877152
U02641,1,1,1.0,0,1.0,Design,Advanced,1.52,0.0,0.0,143,0.0,0.0,1.0,0.0,0.0,0.0,0.0,1.0,0.0,0.0,0.0,0.0,0.0,0.0,0.0,30,Male,1,Advanced Single-Shot Learners,-1.688863981433266,-1.3118785436597802
U02642,1,1,1.0,0,1.0,Data Science,Beginner,3.65,0.0,0.0,197,1.0,0.0,0.0,0.0,0.0,0.0,1.0,0.0,0.0,0.0,0.0,0.0,0.0,0.0,0.0,33,Male,4,Beginner Explorers,-1.7430222746348445,0.241264729189396
U02643,15,10,1.5,320,1.40625,Finance,Beginner,2.7313333333333336,97.38933333333333,0.4,37,0.4,0.3333333333333333,0.26666666666666666,0.13333333333333333,0.06666666666666667,0.13333333333333333,0.13333333333333333,0.0,0.06666666666666667,0.2,0.0,0.06666666666666667,0.06666666666666667,0.06666666666666667,0.06666666666666667,17,Female,2,Power Learners,3.736461706599928,-0.47345989257441673
U02644,4,3,1.3333333333333333,282,0.425531914893617,Digital Marketing,Advanced,3.0725000000000002,58.665,0.5,53,0.25,0.0,0.75,0.0,0.0,0.0,0.0,0.25,0.5,0.0,0.0,0.0,0.0,0.0,0.25,23,Male,2,Power Learners,1.6750412144918294,-0.2244757594332829
U02645,10,8,1.25,354,0.847457627118644,Design/Marketing,Advanced,3.0760000000000005,88.92699999999999,0.4,4,0.3,0.1,0.6,0.0,0.1,0.0,0.0,0.2,0.1,0.1,0.1,0.2,0.1,0.1,0.0,26,Female,2,Power Learners,3.246001747905346,-0.9631797794505517
U02646,2,2,1.0,30,2.0,Artificial Intelligence/Business,Beginner/Advanced,2.42,368.01,1.0,235,0.5,0.0,0.5,0.5,0.5,0.0,0.0,0.0,0.0,0.0,0.0,0.0,0.0,0.0,0.0,26,Male,0,Premium Explorers,0.9552703064856362,2.770892833031343
U02647,1,1,1.0,0,1.0,Marketing,Advanced,2.01,0.0,0.0,218,0.0,0.0,1.0,0.0,0.0,0.0,0.0,0.0,0.0,0.0,0.0,1.0,0.0,0.0,0.0,20,Female,1,Advanced Single-Shot Learners,-1.9222696252344191,-1.9463404642770785
U02648,1,1,1.0,0,1.0,Data Science,Beginner,3.65,0.0,0.0,98,1.0,0.0,0.0,0.0,0.0,0.0,1.0,0.0,0.0,0.0,0.0,0.0,0.0,0.0,0.0,28,Female,4,Beginner Explorers,-1.3864293482163133,0.10045825889028707
U02649,1,1,1.0,0,1.0,Programming,Beginner,4.74,472.28,1.0,5,1.0,0.0,0.0,0.0,0.0,0.0,0.0,0.0,0.0,0.0,0.0,0.0,1.0,0.0,0.0,34,Female,4,Beginner Explorers,0.11314263422912528,2.308925583578354
U02650,2,2,1.0,78,0.7692307692307692,Artificial Intelligence/Project Management,Beginner,2.94,124.05,0.5,245,1.0,0.0,0.0,0.5,0.0,0.0,0.0,0.0,0.0,0.0,0.0,0.0,0.0,0.5,0.0,29,Female,0,Premium Explorers,0.6170323488626108,2.34958004988307
U02651,16,9,1.7777777777777777,348,1.3793103448275863,Digital Marketing,Advanced,3.1106249999999998,69.621875,0.375,10,0.25,0.25,0.5,0.0,0.125,0.125,0.0625,0.0,0.1875,0.0625,0.0625,0.125,0.0,0.125,0.125,16,Female,2,Power Learners,3.6943963632320242,-0.9775843674758898
U02652,1,1,1.0,0,1.0,Machine Learning,Advanced,1.81,0.0,0.0,85,0.0,0.0,1.0,0.0,0.0,0.0,0.0,0.0,0.0,0.0,1.0,0.0,0.0,0.0,0.0,15,Male,1,Advanced Single-Shot Learners,-1.5028871417975649,-1.4402191748789015
U02653,1,1,1.0,0,1.0,Digital Marketing,Beginner,4.44,0.0,0.0,251,1.0,0.0,0.0,0.0,0.0,0.0,0.0,0.0,1.0,0.0,0.0,0.0,0.0,0.0,0.0,34,Male,4,Beginner Explorers,-1.933142058080654,-0.0071183731603323246
U02654,1,1,1.0,0,1.0,Artificial Intelligence,Intermediate,3.11,415.51,1.0,341,0.0,1.0,0.0,1.0,0.0,0.0,0.0,0.0,0.0,0.0,0.0,0.0,0.0,0.0,0.0,27,Male,0,Premium Explorers,-0.8376010754352321,3.2517510516533306
U02655,1,1,1.0,0,1.0,Programming,Beginner,3.85,0.0,0.0,229,1.0,0.0,0.0,0.0,0.0,0.0,0.0,0.0,0.0,0.0,0.0,0.0,1.0,0.0,0.0,32,Male,4,Beginner Explorers,-1.8264402390116885,0.20169259571264284
U02656,1,1,1.0,0,1.0,Finance,Beginner,2.47,53.86,1.0,91,1.0,0.0,0.0,0.0,0.0,0.0,0.0,0.0,0.0,1.0,0.0,0.0,0.0,0.0,0.0,34,Female,4,Beginner Explorers,-0.4906763764276258,1.9639854923170255
U02657,1,1,1.0,0,1.0,Digital Marketing,Advanced,3.89,177.34,1.0,356,0.0,0.0,1.0,0.0,0.0,0.0,0.0,0.0,1.0,0.0,0.0,0.0,0.0,0.0,0.0,31,Male,1,Advanced Single-Shot Learners,-1.2686791352868683,1.6989614590565385
U02658,3,3,1.0,206,0.4368932038834952,Cybersecurity/Business/Web Development,Beginner,2.0233333333333334,95.01666666666667,0.3333333333333333,30,0.6666666666666666,0.3333333333333333,0.0,0.0,0.3333333333333333,0.3333333333333333,0.0,0.0,0.0,0.0,0.0,0.0,0.0,0.0,0.3333333333333333,30,Male,2,Power Learners,1.5678992393236515,0.29857529915229203
U02659,2,2,1.0,6,2.0,Artificial Intelligence/Project Management,Beginner/Intermediate,2.325,124.05,0.5,321,0.5,0.5,0.0,0.5,0.0,0.0,0.0,0.0,0.0,0.0,0.0,0.0,0.0,0.5,0.0,17,Male,0,Premium Explorers,0.03308382131343394,2.259798742086195
U02660,1,1,1.0,0,1.0,Design,Advanced,2.61,0.0,0.0,117,0.0,0.0,1.0,0.0,0.0,0.0,0.0,1.0,0.0,0.0,0.0,0.0,0.0,0.0,0.0,31,Female,1,Advanced Single-Shot Learners,-1.6127003276094094,-1.4833793121428953
U02661,1,1,1.0,0,1.0,Marketing,Advanced,2.01,0.0,0.0,108,0.0,0.0,1.0,0.0,0.0,0.0,0.0,0.0,0.0,0.0,0.0,1.0,0.0,0.0,0.0,27,Male,1,Advanced Single-Shot Learners,-1.5843351186204113,-2.1019846866931386
U02662,2,2,1.0,193,0.31088082901554404,Finance/Data Science,Intermediate/Advanced,3.335,58.84,0.5,89,0.0,0.5,0.5,0.0,0.0,0.0,0.5,0.0,0.0,0.5,0.0,0.0,0.0,0.0,0.0,32,Male,2,Power Learners,0.740594895445621,-0.03246529250999793
U02663,14,8,1.75,333,1.2612612612612613,Machine Learning/Programming,Beginner,3.166428571428572,72.64571428571428,0.21428571428571427,8,0.7142857142857143,0.07142857142857142,0.21428571428571427,0.14285714285714285,0.0,0.07142857142857142,0.0,0.07142857142857142,0.07142857142857142,0.14285714285714285,0.21428571428571427,0.0,0.21428571428571427,0.07142857142857142,0.0,27,Female,2,Power Learners,3.483597153101912,-0.6328054479730151
U02664,1,1,1.0,0,1.0,Marketing,Advanced,4.79,0.0,0.0,221,0.0,0.0,1.0,0.0,0.0,0.0,0.0,0.0,0.0,0.0,0.0,1.0,0.0,0.0,0.0,22,Female,1,Advanced Single-Shot Learners,-2.0093185270916467,-2.2580740178576972
U02665,1,1,1.0,0,1.0,Web Development,Advanced,1.3,37.89,1.0,301,0.0,0.0,1.0,0.0,0.0,0.0,0.0,0.0,0.0,0.0,0.0,0.0,0.0,0.0,1.0,21,Female,1,Advanced Single-Shot Learners,-1.152469441737144,1.7280279036683475
U02666,1,1,1.0,0,1.0,Design,Advanced,2.61,0.0,0.0,75,0.0,0.0,1.0,0.0,0.0,0.0,0.0,1.0,0.0,0.0,0.0,0.0,0.0,0.0,0.0,19,Male,1,Advanced Single-Shot Learners,-1.4770465310791085,-1.5104162593739323
U02667,1,1,1.0,0,1.0,Artificial Intelligence,Beginner,1.2,248.1,1.0,36,1.0,0.0,0.0,1.0,0.0,0.0,0.0,0.0,0.0,0.0,0.0,0.0,0.0,0.0,0.0,22,Female,0,Premium Explorers,0.34133081170147045,3.8208149341903
U02668,3,3,1.0,225,0.4,Web Development/Design/Programming,Advanced,3.8733333333333335,19.106666666666666,0.3333333333333333,117,0.0,0.3333333333333333,0.6666666666666666,0.0,0.0,0.0,0.0,0.3333333333333333,0.0,0.0,0.0,0.0,0.3333333333333333,0.0,0.3333333333333333,26,Male,2,Power Learners,0.9734958327354698,-0.8040017419189192
U02669,2,2,1.0,6,2.0,Marketing/Digital Marketing,Intermediate,4.6899999999999995,0.0,0.0,39,0.0,1.0,0.0,0.0,0.0,0.0,0.0,0.0,0.5,0.0,0.0,0.5,0.0,0.0,0.0,25,Male,3,Intermediate Value Seekers,-0.2795499360467942,-2.2061335456232998
U02670,1,1,1.0,0,1.0,Web Development,Advanced,2.67,0.0,0.0,127,0.0,0.0,1.0,0.0,0.0,0.0,0.0,0.0,0.0,0.0,0.0,0.0,0.0,0.0,1.0,25,Female,1,Advanced Single-Shot Learners,-1.4797210729264163,-0.7529265431369935
U02671,1,1,1.0,0,1.0,Data Science,Beginner,3.74,299.57,1.0,106,1.0,0.0,0.0,0.0,0.0,0.0,1.0,0.0,0.0,0.0,0.0,0.0,0.0,0.0,0.0,15,Female,4,Beginner Explorers,-0.2603363666349614,2.576401799843533
U02672,14,9,1.5555555555555556,330,1.2727272727272727,Digital Marketing/Cybersecurity,Beginner/Intermediate,3.3614285714285717,72.30428571428571,0.2857142857142857,19,0.35714285714285715,0.35714285714285715,0.2857142857142857,0.07142857142857142,0.07142857142857142,0.21428571428571427,0.0,0.07142857142857142,0.21428571428571427,0.0,0.0,0.07142857142857142,0.07142857142857142,0.14285714285714285,0.07142857142857142,32,Male,2,Power Learners,3.4872188071834787,-0.9012306447088066
U02673,1,1,1.0,0,1.0,Marketing,Advanced,2.98,0.0,0.0,100,0.0,0.0,1.0,0.0,0.0,0.0,0.0,0.0,0.0,0.0,0.0,1.0,0.0,0.0,0.0,19,Female,1,Advanced Single-Shot Learners,-1.5533759902335467,-2.2189981293867946
U02674,1,1,1.0,0,1.0,Finance,Intermediate,4.1,0.0,0.0,178,0.0,1.0,0.0,0.0,0.0,0.0,0.0,0.0,0.0,1.0,0.0,0.0,0.0,0.0,0.0,28,Female,3,Intermediate Value Seekers,-1.881018696675313,-1.1045554914916824
U02675,4,3,1.3333333333333333,251,0.4780876494023904,Programming,Beginner,1.5175,86.6775,0.25,68,0.5,0.25,0.25,0.0,0.0,0.0,0.0,0.0,0.0,0.0,0.25,0.0,0.5,0.25,0.0,34,Female,2,Power Learners,1.6306134737997438,0.15116939498404944
U02676,1,1,1.0,0,1.0,Cybersecurity,Intermediate,1.35,394.26,1.0,298,0.0,1.0,0.0,0.0,0.0,1.0,0.0,0.0,0.0,0.0,0.0,0.0,0.0,0.0,0.0,15,Male,3,Intermediate Value Seekers,-1.1314362065945913,1.5121825943339844
U02677,3,3,1.0,65,1.3846153846153848,Artificial Intelligence/Business/Design,Advanced,3.073333333333333,163.63333333333333,0.3333333333333333,147,0.3333333333333333,0.0,0.6666666666666666,0.3333333333333333,0.3333333333333333,0.0,0.0,0.3333333333333333,0.0,0.0,0.0,0.0,0.0,0.0,0.0,33,Male,2,Power Learners,1.2576488085837745,0.610620757946299
U02678,1,1,1.0,0,1.0,Machine Learning,Beginner,1.13,0.0,0.0,88,1.0,0.0,0.0,0.0,0.0,0.0,0.0,0.0,0.0,0.0,1.0,0.0,0.0,0.0,0.0,19,Female,4,Beginner Explorers,-1.4071880192071629,-0.5131485097645908
U02679,11,8,1.375,317,1.0410094637223974,Business,Advanced,3.03,94.86,0.45454545454545453,6,0.2727272727272727,0.2727272727272727,0.45454545454545453,0.09090909090909091,0.2727272727272727,0.0,0.09090909090909091,0.09090909090909091,0.09090909090909091,0.0,0.09090909090909091,0.0,0.18181818181818182,0.0,0.09090909090909091,18,Male,2,Power Learners,3.404582750966252,-0.35691875002619533
U02680,1,1,1.0,0,1.0,Project Management,Intermediate,3.45,0.0,0.0,25,0.0,1.0,0.0,0.0,0.0,0.0,0.0,0.0,0.0,0.0,0.0,0.0,0.0,1.0,0.0,19,Female,3,Intermediate Value Seekers,-1.1762466482682363,-0.2039356210301884
U02681,1,1,1.0,0,1.0,Design,Advanced,1.52,0.0,0.0,203,0.0,0.0,1.0,0.0,0.0,0.0,0.0,1.0,0.0,0.0,0.0,0.0,0.0,0.0,0.0,33,Male,1,Advanced Single-Shot Learners,-1.8928642890116762,-1.2330362760076354
U02682,1,1,1.0,0,1.0,Finance,Beginner,2.47,53.86,1.0,219,1.0,0.0,0.0,0.0,0.0,0.0,0.0,0.0,0.0,1.0,0.0,0.0,0.0,0.0,0.0,35,Female,4,Beginner Explorers,-0.9189053340266932,2.1416450356877914
U02683,15,10,1.5,335,1.3432835820895523,Artificial Intelligence,Advanced,2.929333333333333,171.89733333333334,0.5333333333333333,1,0.26666666666666666,0.3333333333333333,0.4,0.2,0.06666666666666667,0.06666666666666667,0.06666666666666667,0.13333333333333333,0.0,0.13333333333333333,0.06666666666666667,0.13333333333333333,0.06666666666666667,0.06666666666666667,0.0,28,Male,2,Power Learners,3.9335339978838264,-0.48199766749994905
U02684,14,9,1.5555555555555556,330,1.2727272727272727,Digital Marketing,Beginner/Advanced,3.206428571428572,196.2357142857143,0.5714285714285714,30,0.35714285714285715,0.2857142857142857,0.35714285714285715,0.14285714285714285,0.07142857142857142,0.07142857142857142,0.14285714285714285,0.07142857142857142,0.21428571428571427,0.0,0.14285714285714285,0.07142857142857142,0.07142857142857142,0.0,0.0,28,Male,2,Power Learners,3.7150273665543283,-0.2957470899045106
U02685,1,1,1.0,0,1.0,Business,Advanced,3.64,487.92,1.0,134,0.0,0.0,1.0,0.0,1.0,0.0,0.0,0.0,0.0,0.0,0.0,0.0,0.0,0.0,0.0,27,Female,1,Advanced Single-Shot Learners,-0.2615759326906194,2.158468507967843
U02686,4,3,1.3333333333333333,309,0.3883495145631068,Programming,Beginner,3.9499999999999997,203.7225,0.5,27,0.75,0.25,0.0,0.0,0.0,0.25,0.0,0.0,0.0,0.0,0.0,0.0,0.5,0.25,0.0,19,Female,2,Power Learners,1.9658366756405374,0.5855483925229507
U02687,1,1,1.0,0,1.0,Digital Marketing,Advanced,3.15,212.39,1.0,296,0.0,0.0,1.0,0.0,0.0,0.0,0.0,0.0,1.0,0.0,0.0,0.0,0.0,0.0,0.0,34,Male,1,Advanced Single-Shot Learners,-1.0286823186094385,1.7257602588785905
U02688,1,1,1.0,0,1.0,Finance,Beginner,4.14,0.0,0.0,232,1.0,0.0,0.0,0.0,0.0,0.0,0.0,0.0,0.0,1.0,0.0,0.0,0.0,0.0,0.0,26,Female,4,Beginner Explorers,-1.907008211916402,-0.15139055994555062
U02689,1,1,1.0,0,1.0,Digital Marketing,Beginner,4.44,0.0,0.0,298,1.0,0.0,0.0,0.0,0.0,0.0,0.0,0.0,1.0,0.0,0.0,0.0,0.0,0.0,0.0,27,Male,4,Beginner Explorers,-2.0808709320517527,0.07102590287370251
U02690,4,2,2.0,44,2.7272727272727275,Machine Learning/Cybersecurity,Beginner/Intermediate,2.2875,98.565,0.25,221,0.5,0.5,0.0,0.0,0.0,0.5,0.0,0.0,0.0,0.0,0.5,0.0,0.0,0.0,0.0,24,Male,2,Power Learners,0.6845309143046128,-0.2422398855671209
U02691,1,1,1.0,0,1.0,Programming,Beginner,3.85,0.0,0.0,241,1.0,0.0,0.0,0.0,0.0,0.0,0.0,0.0,0.0,0.0,0.0,0.0,1.0,0.0,0.0,19,Female,4,Beginner Explorers,-1.8297540824281766,0.23048870249763434
U02692,3,2,1.5,147,0.6122448979591836,Data Science,Advanced,3.5400000000000005,39.22666666666667,0.3333333333333333,180,0.0,0.3333333333333333,0.6666666666666666,0.0,0.0,0.0,0.6666666666666666,0.3333333333333333,0.0,0.0,0.0,0.0,0.0,0.0,0.0,23,Male,1,Advanced Single-Shot Learners,0.5373508591989012,-0.3641397988209426
U02693,1,1,1.0,0,1.0,Project Management,Intermediate,4.84,342.61,1.0,148,0.0,1.0,0.0,0.0,0.0,0.0,0.0,0.0,0.0,0.0,0.0,0.0,0.0,1.0,0.0,19,Male,3,Intermediate Value Seekers,-0.48741948045988337,2.299724838125228
U02694,2,2,1.0,71,0.8450704225352113,Project Management/Data Science,Beginner,2.625,313.78,1.0,199,1.0,0.0,0.0,0.0,0.0,0.0,0.5,0.0,0.0,0.0,0.0,0.0,0.0,0.5,0.0,30,Female,4,Beginner Explorers,0.9163248889954433,2.643238090052957
U02695,1,1,1.0,0,1.0,Web Development,Beginner,2.2,0.0,0.0,160,1.0,0.0,0.0,0.0,0.0,0.0,0.0,0.0,0.0,0.0,0.0,0.0,0.0,0.0,1.0,30,Male,4,Beginner Explorers,-1.5308570178368799,0.21244900944330808
U02696,2,2,1.0,166,0.3614457831325301,Artificial Intelligence/Business,Beginner/Advanced,3.275,245.45,0.5,26,0.5,0.0,0.5,0.5,0.5,0.0,0.0,0.0,0.0,0.0,0.0,0.0,0.0,0.0,0.0,25,Female,0,Premium Explorers,1.4812999961621671,1.5056250180586943
U02697,4,4,1.0,294,0.4081632653061224,Artificial Intelligence/Project Management/Machine Learning/Marketing,Advanced,3.1475,109.26999999999998,0.75,34,0.0,0.25,0.75,0.25,0.0,0.0,0.0,0.0,0.0,0.0,0.25,0.25,0.0,0.25,0.0,22,Female,2,Power Learners,2.159835838210074,0.09672366495747986
U02698,12,8,1.5,344,1.0465116279069768,Artificial Intelligence,Advanced,3.065833333333334,149.86333333333334,0.4166666666666667,16,0.25,0.16666666666666666,0.5833333333333334,0.25,0.08333333333333333,0.08333333333333333,0.0,0.08333333333333333,0.0,0.08333333333333333,0.08333333333333333,0.0,0.0,0.16666666666666666,0.16666666666666666,18,Female,2,Power Learners,3.546754875777145,-0.21294345243302867
U02699,1,1,1.0,0,1.0,Marketing,Intermediate,4.11,0.0,0.0,117,0.0,1.0,0.0,0.0,0.0,0.0,0.0,0.0,0.0,0.0,0.0,1.0,0.0,0.0,0.0,16,Female,3,Intermediate Value Seekers,-1.7163574899040326,-2.3311188919194685
U02700,1,1,1.0,0,1.0,Web Development,Advanced,4.74,57.32,1.0,111,0.0,0.0,1.0,0.0,0.0,0.0,0.0,0.0,0.0,0.0,0.0,0.0,0.0,0.0,1.0,18,Female,1,Advanced Single-Shot Learners,-0.5529741123150461,1.154861894593448
U02701,4,4,1.0,320,0.375,Digital Marketing/Finance/Artificial Intelligence/Design,Advanced,2.9499999999999997,106.36,0.5,17,0.25,0.25,0.5,0.25,0.0,0.0,0.0,0.25,0.25,0.25,0.0,0.0,0.0,0.0,0.0,23,Female,2,Power Learners,2.1471991938335546,0.031195895588647687
U02702,2,2,1.0,55,1.090909090909091,Machine Learning/Digital Marketing,Beginner,1.635,0.0,0.0,92,1.0,0.0,0.0,0.0,0.0,0.0,0.0,0.0,0.5,0.0,0.5,0.0,0.0,0.0,0.0,15,Male,4,Beginner Explorers,0.03230463019918792,-0.6904368896973213
U02703,1,1,1.0,0,1.0,Machine Learning,Intermediate,1.73,0.0,0.0,276,0.0,1.0,0.0,0.0,0.0,0.0,0.0,0.0,0.0,0.0,1.0,0.0,0.0,0.0,0.0,30,Male,3,Intermediate Value Seekers,-2.237067309742944,-1.2040068637716967
U02704,1,1,1.0,0,1.0,Cybersecurity,Intermediate,1.91,0.0,0.0,159,0.0,1.0,0.0,0.0,0.0,1.0,0.0,0.0,0.0,0.0,0.0,0.0,0.0,0.0,0.0,23,Female,3,Intermediate Value Seekers,-1.8481243695848462,-1.27282304242143
U02705,2,2,1.0,142,0.4225352112676056,Cybersecurity/Design,Intermediate/Advanced,1.98,197.13,0.5,211,0.0,0.5,0.5,0.0,0.0,0.5,0.0,0.5,0.0,0.0,0.0,0.0,0.0,0.0,0.0,31,Male,1,Advanced Single-Shot Learners,0.3863384815608762,-0.0962193795451061
U02706,1,1,1.0,0,1.0,Web Development,Advanced,1.3,37.89,1.0,74,0.0,0.0,1.0,0.0,0.0,0.0,0.0,0.0,0.0,0.0,0.0,0.0,0.0,0.0,1.0,21,Female,1,Advanced Single-Shot Learners,-0.3953217556116319,1.409852118858302
U02707,1,1,1.0,0,1.0,Data Science,Advanced,2.57,117.68,1.0,89,0.0,0.0,1.0,0.0,0.0,0.0,1.0,0.0,0.0,0.0,0.0,0.0,0.0,0.0,0.0,19,Female,1,Advanced Single-Shot Learners,-0.37408086629784754,1.6419505169491357
U02708,1,1,1.0,0,1.0,Programming,Beginner,4.74,472.28,1.0,84,1.0,0.0,0.0,0.0,0.0,0.0,0.0,0.0,0.0,0.0,0.0,0.0,1.0,0.0,0.0,25,Male,4,Beginner Explorers,-0.15866647088795446,2.446231885820664
U02709,12,9,1.3333333333333333,351,1.0256410256410258,Cybersecurity/Machine Learning/Project Management,Beginner,2.8633333333333333,104.68166666666666,0.4166666666666667,6,0.5833333333333334,0.25,0.16666666666666666,0.08333333333333333,0.08333333333333333,0.16666666666666666,0.08333333333333333,0.08333333333333333,0.08333333333333333,0.0,0.16666666666666666,0.08333333333333333,0.0,0.16666666666666666,0.0,19,Female,2,Power Learners,3.5590762834419882,-0.4336542782464972
U02710,1,1,1.0,0,1.0,Business,Intermediate,2.69,326.02,1.0,142,0.0,1.0,0.0,0.0,1.0,0.0,0.0,0.0,0.0,0.0,0.0,0.0,0.0,0.0,0.0,23,Female,1,Advanced Single-Shot Learners,-0.3911561809299831,2.1953055728691138
U02711,2,2,1.0,63,0.9523809523809523,Cybersecurity/Marketing,Beginner/Intermediate,4.525,0.0,0.0,294,0.5,0.5,0.0,0.0,0.0,0.5,0.0,0.0,0.0,0.0,0.0,0.5,0.0,0.0,0.0,20,Male,3,Intermediate Value Seekers,-0.8745458032651823,-1.7880620596524115
U02712,2,1,2.0,20,2.0,Programming,Beginner,3.81,236.14,0.5,47,1.0,0.0,0.0,0.0,0.0,0.0,0.0,0.0,0.0,0.0,0.0,0.0,1.0,0.0,0.0,34,Female,4,Beginner Explorers,0.7098190322933844,1.343412083922926
U02713,1,1,1.0,0,1.0,Digital Marketing,Intermediate,4.66,0.0,0.0,5,0.0,1.0,0.0,0.0,0.0,0.0,0.0,0.0,1.0,0.0,0.0,0.0,0.0,0.0,0.0,32,Female,3,Intermediate Value Seekers,-1.2486175275651905,-1.2624165124616766
U02714,1,1,1.0,0,1.0,Machine Learning,Intermediate,1.73,0.0,0.0,9,0.0,1.0,0.0,0.0,0.0,0.0,0.0,0.0,0.0,0.0,1.0,0.0,0.0,0.0,0.0,17,Male,3,Intermediate Value Seekers,-1.3297178103706615,-1.5554682783421667
U02715,2,2,1.0,88,0.6818181818181819,Business/Programming,Intermediate/Advanced,2.215,0.0,0.0,6,0.0,0.5,0.5,0.0,0.5,0.0,0.0,0.0,0.0,0.0,0.0,0.0,0.5,0.0,0.0,22,Male,1,Advanced Single-Shot Learners,0.3385091187482181,-1.0874188184039564
U02716,2,2,1.0,105,0.5714285714285714,Data Science/Digital Marketing,Beginner,4.045,0.0,0.0,129,1.0,0.0,0.0,0.0,0.0,0.0,0.5,0.0,0.5,0.0,0.0,0.0,0.0,0.0,0.0,27,Female,4,Beginner Explorers,-0.042390069418489905,-0.5275539769709675
U02717,1,1,1.0,0,1.0,Business,Beginner,1.96,285.05,1.0,136,1.0,0.0,0.0,0.0,1.0,0.0,0.0,0.0,0.0,0.0,0.0,0.0,0.0,0.0,0.0,31,Male,1,Advanced Single-Shot Learners,-0.24707920553096174,3.119579326798816
U02718,1,1,1.0,0,1.0,Finance,Intermediate,4.1,0.0,0.0,1,0.0,1.0,0.0,0.0,0.0,0.0,0.0,0.0,0.0,1.0,0.0,0.0,0.0,0.0,0.0,27,Male,3,Intermediate Value Seekers,-1.3092804394983462,-1.3400918050887884
U02719,1,1,1.0,0,1.0,Cybersecurity,Intermediate,1.91,0.0,0.0,165,0.0,1.0,0.0,0.0,0.0,1.0,0.0,0.0,0.0,0.0,0.0,0.0,0.0,0.0,0.0,29,Male,3,Intermediate Value Seekers,-1.8958112816476513,-1.2641228809234497
U02720,1,1,1.0,0,1.0,Digital Marketing,Advanced,3.15,212.39,1.0,39,0.0,0.0,1.0,0.0,0.0,0.0,0.0,0.0,1.0,0.0,0.0,0.0,0.0,0.0,0.0,22,Male,1,Advanced Single-Shot Learners,-0.15597839814542921,1.3865630457952507
U02721,1,1,1.0,0,1.0,Data Science,Beginner,3.74,299.57,1.0,142,1.0,0.0,0.0,0.0,0.0,0.0,1.0,0.0,0.0,0.0,0.0,0.0,0.0,0.0,0.0,26,Male,4,Beginner Explorers,-0.4145421260034026,2.618389859983327
U02722,1,1,1.0,0,1.0,Marketing,Intermediate,4.11,0.0,0.0,12,0.0,1.0,0.0,0.0,0.0,0.0,0.0,0.0,0.0,0.0,0.0,1.0,0.0,0.0,0.0,23,Female,3,Intermediate Value Seekers,-1.3751723789493226,-2.4905591834556295
U02723,1,1,1.0,0,1.0,Project Management,Beginner,1.51,327.99,1.0,72,1.0,0.0,0.0,0.0,0.0,0.0,0.0,0.0,0.0,0.0,0.0,0.0,0.0,1.0,0.0,25,Female,4,Beginner Explorers,0.014265465176719113,3.416599022753644
U02724,1,1,1.0,0,1.0,Cybersecurity,Intermediate,1.91,0.0,0.0,319,0.0,1.0,0.0,0.0,0.0,1.0,0.0,0.0,0.0,0.0,0.0,0.0,0.0,0.0,0.0,35,Male,3,Intermediate Value Seekers,-2.417217277105209,-1.0587820606696383
U02725,1,1,1.0,0,1.0,Artificial Intelligence,Intermediate,3.11,415.51,1.0,117,0.0,1.0,0.0,1.0,0.0,0.0,0.0,0.0,0.0,0.0,0.0,0.0,0.0,0.0,0.0,23,Male,0,Premium Explorers,-0.0852955252334444,2.944789644801514
U02726,4,3,1.3333333333333333,178,0.6741573033707865,Marketing,Advanced,3.1824999999999997,0.0,0.0,184,0.25,0.25,0.5,0.0,0.0,0.0,0.25,0.0,0.0,0.25,0.0,0.5,0.0,0.0,0.0,25,Female,2,Power Learners,0.38699479717611257,-2.001700985012111
U02727,2,2,1.0,30,2.0,Cybersecurity/Machine Learning,Intermediate,3.04,197.13,0.5,324,0.0,1.0,0.0,0.0,0.0,0.5,0.0,0.0,0.0,0.0,0.5,0.0,0.0,0.0,0.0,34,Male,3,Intermediate Value Seekers,-0.12601696443638685,-0.007499514262896172
U02728,1,1,1.0,0,1.0,Design,Advanced,2.72,276.37,1.0,76,0.0,0.0,1.0,0.0,0.0,0.0,0.0,1.0,0.0,0.0,0.0,0.0,0.0,0.0,0.0,33,Female,1,Advanced Single-Shot Learners,-0.35378146067114835,0.8805811901902622
U02729,1,1,1.0,0,1.0,Cybersecurity,Intermediate,1.35,394.26,1.0,95,0.0,1.0,0.0,0.0,0.0,1.0,0.0,0.0,0.0,0.0,0.0,0.0,0.0,0.0,0.0,20,Male,3,Intermediate Value Seekers,-0.46079465360399713,1.2188847755276004
U02730,1,1,1.0,0,1.0,Data Science,Beginner,3.74,299.57,1.0,30,1.0,0.0,0.0,0.0,0.0,0.0,1.0,0.0,0.0,0.0,0.0,0.0,0.0,0.0,0.0,27,Female,4,Beginner Explorers,-0.02233465062410132,2.4488477515094935
U02731,1,1,1.0,0,1.0,Marketing,Advanced,2.01,0.0,0.0,351,0.0,0.0,1.0,0.0,0.0,0.0,0.0,0.0,0.0,0.0,0.0,1.0,0.0,0.0,0.0,26,Male,1,Advanced Single-Shot Learners,-2.3935589872440963,-1.7596300619382357
U02732,1,1,1.0,0,1.0,Finance,Intermediate,4.1,0.0,0.0,93,0.0,1.0,0.0,0.0,0.0,0.0,0.0,0.0,0.0,1.0,0.0,0.0,0.0,0.0,0.0,26,Male,3,Intermediate Value Seekers,-1.6148510014922857,-1.2093871517273513
U02733,14,9,1.5555555555555556,325,1.2923076923076922,Business,Beginner/Intermediate,3.737142857142857,107.06142857142856,0.2857142857142857,12,0.35714285714285715,0.35714285714285715,0.2857142857142857,0.07142857142857142,0.21428571428571427,0.07142857142857142,0.07142857142857142,0.14285714285714285,0.07142857142857142,0.07142857142857142,0.0,0.14285714285714285,0.14285714285714285,0.0,0.0,31,Male,2,Power Learners,3.553585818260183,-0.9721432521663198
U02734,1,1,1.0,0,1.0,Design,Beginner,4.51,0.0,0.0,173,1.0,0.0,0.0,0.0,0.0,0.0,0.0,1.0,0.0,0.0,0.0,0.0,0.0,0.0,0.0,15,Female,4,Beginner Explorers,-1.7569905089570539,-0.7261260654791881
U02735,1,1,1.0,0,1.0,Web Development,Beginner,3.32,0.0,0.0,228,1.0,0.0,0.0,0.0,0.0,0.0,0.0,0.0,0.0,0.0,0.0,0.0,0.0,0.0,1.0,34,Female,4,Beginner Explorers,-1.7729025817575421,0.1640752056401316
U02736,1,1,1.0,0,1.0,Digital Marketing,Advanced,3.15,212.39,1.0,70,0.0,0.0,1.0,0.0,0.0,0.0,0.0,0.0,1.0,0.0,0.0,0.0,0.0,0.0,0.0,15,Male,1,Advanced Single-Shot Learners,-0.2503400343279456,1.4422808347942164
U02737,1,1,1.0,0,1.0,Marketing,Intermediate,4.11,0.0,0.0,254,0.0,1.0,0.0,0.0,0.0,0.0,0.0,0.0,0.0,0.0,0.0,1.0,0.0,0.0,0.0,23,Male,3,Intermediate Value Seekers,-2.2022797166512644,-2.140554220731646
U02738,1,1,1.0,0,1.0,Marketing,Intermediate,4.11,0.0,0.0,124,0.0,1.0,0.0,0.0,0.0,0.0,0.0,0.0,0.0,0.0,0.0,1.0,0.0,0.0,0.0,16,Female,3,Intermediate Value Seekers,-1.7397056564365374,-2.3213073038416256
U02739,1,1,1.0,0,1.0,Business,Advanced,3.64,487.92,1.0,360,0.0,0.0,1.0,0.0,1.0,0.0,0.0,0.0,0.0,0.0,0.0,0.0,0.0,0.0,0.0,15,Female,1,Advanced Single-Shot Learners,-0.999895502969439,2.4962708722556575
U02740,1,1,1.0,0,1.0,Digital Marketing,Beginner,2.14,0.0,0.0,175,1.0,0.0,0.0,0.0,0.0,0.0,0.0,0.0,1.0,0.0,0.0,0.0,0.0,0.0,0.0,31,Male,4,Beginner Explorers,-1.6141705563685476,0.15010127948492483
U02741,1,1,1.0,0,1.0,Programming,Beginner,2.88,0.0,0.0,140,1.0,0.0,0.0,0.0,0.0,0.0,0.0,0.0,0.0,0.0,0.0,0.0,1.0,0.0,0.0,18,Male,4,Beginner Explorers,-1.485529405766645,0.21049287845297568
U02742,2,2,1.0,67,0.8955223880597015,Business/Programming,Beginner/Intermediate,2.1950000000000003,142.525,0.5,193,0.5,0.5,0.0,0.0,0.5,0.0,0.0,0.0,0.0,0.0,0.0,0.0,0.5,0.0,0.0,25,Female,4,Beginner Explorers,0.6001645236838818,1.2227073408308269
U02743,14,8,1.75,232,1.8103448275862069,Finance/Data Science,Intermediate,3.3321428571428577,57.17571428571428,0.2857142857142857,98,0.42857142857142855,0.5714285714285714,0.0,0.0,0.0,0.07142857142857142,0.21428571428571427,0.0,0.07142857142857142,0.21428571428571427,0.14285714285714285,0.07142857142857142,0.07142857142857142,0.14285714285714285,0.0,33,Male,2,Power Learners,3.059224584556363,-0.8203611742029068
U02744,1,1,1.0,0,1.0,Project Management,Intermediate,4.84,342.61,1.0,352,0.0,1.0,0.0,0.0,0.0,0.0,0.0,0.0,0.0,0.0,0.0,0.0,0.0,1.0,0.0,24,Female,3,Intermediate Value Seekers,-1.1543791725667183,2.56609643695486
U02745,1,1,1.0,0,1.0,Business,Advanced,3.15,0.0,0.0,276,0.0,0.0,1.0,0.0,1.0,0.0,0.0,0.0,0.0,0.0,0.0,0.0,0.0,0.0,0.0,18,Female,1,Advanced Single-Shot Learners,-1.9137348092650328,-0.11317010248468345
U02746,3,2,1.5,284,0.31690140845070425,Data Science,Advanced,2.9266666666666663,39.22666666666667,0.3333333333333333,31,0.0,0.3333333333333333,0.6666666666666666,0.0,0.0,0.0,0.6666666666666666,0.3333333333333333,0.0,0.0,0.0,0.0,0.0,0.0,0.0,28,Male,2,Power Learners,1.1216138773712467,-0.5515498919629596
U02747,3,3,1.0,144,0.625,Finance/Data Science/Cybersecurity,Beginner,2.8333333333333335,17.953333333333333,0.3333333333333333,141,0.6666666666666666,0.0,0.3333333333333333,0.0,0.0,0.3333333333333333,0.3333333333333333,0.0,0.0,0.3333333333333333,0.0,0.0,0.0,0.0,0.0,30,Male,2,Power Learners,0.8742307036914353,-0.0997828481549121
U02748,2,2,1.0,60,1.0,Artificial Intelligence/Finance,Beginner/Advanced,2.615,0.0,0.0,290,0.5,0.0,0.5,0.5,0.0,0.0,0.0,0.0,0.0,0.5,0.0,0.0,0.0,0.0,0.0,27,Female,0,Premium Explorers,-0.487703710480277,-0.06764625333555112
U02749,2,2,1.0,155,0.3870967741935484,Business/Project Management,Beginner/Advanced,3.915,0.0,0.0,46,0.5,0.0,0.5,0.0,0.5,0.0,0.0,0.0,0.0,0.0,0.0,0.0,0.0,0.5,0.0,30,Male,1,Advanced Single-Shot Learners,0.3232670702693135,-0.4790604733328514
U02750,2,2,1.0,60,1.0,Web Development/Design,Advanced,3.675,28.66,0.5,37,0.0,0.0,1.0,0.0,0.0,0.0,0.0,0.5,0.0,0.0,0.0,0.0,0.0,0.0,0.5,23,Female,1,Advanced Single-Shot Learners,0.7677385942031011,-0.501142687603421
U02751,1,1,1.0,0,1.0,Marketing,Advanced,2.01,0.0,0.0,245,0.0,0.0,1.0,0.0,0.0,0.0,0.0,0.0,0.0,0.0,0.0,1.0,0.0,0.0,0.0,24,Female,1,Advanced Single-Shot Learners,-2.017491060164287,-1.9155051790445528
U02752,1,1,1.0,0,1.0,Digital Marketing,Beginner,4.44,0.0,0.0,203,1.0,0.0,0.0,0.0,0.0,0.0,0.0,0.0,1.0,0.0,0.0,0.0,0.0,0.0,0.0,32,Female,4,Beginner Explorers,-1.7505303679844557,-0.08169747476452309
U02753,1,1,1.0,0,1.0,Finance,Beginner,2.47,53.86,1.0,261,1.0,0.0,0.0,0.0,0.0,0.0,0.0,0.0,0.0,1.0,0.0,0.0,0.0,0.0,0.0,26,Female,4,Beginner Explorers,-1.0473748356080426,2.216285740342944
U02754,13,9,1.4444444444444444,310,1.2580645161290323,Marketing/Finance/Web Development/Cybersecurity,Advanced,2.439230769230769,68.36615384615385,0.38461538461538464,46,0.3076923076923077,0.07692307692307693,0.6153846153846154,0.0,0.07692307692307693,0.15384615384615385,0.07692307692307693,0.07692307692307693,0.07692307692307693,0.15384615384615385,0.07692307692307693,0.15384615384615385,0.0,0.0,0.15384615384615385,34,Male,2,Power Learners,3.345959376304631,-1.0098880907984218
U02755,1,1,1.0,0,1.0,Finance,Beginner,4.14,0.0,0.0,95,1.0,0.0,0.0,0.0,0.0,0.0,0.0,0.0,0.0,1.0,0.0,0.0,0.0,0.0,0.0,30,Female,4,Beginner Explorers,-1.4552154595133011,-0.3504267668224849
U02756,2,2,1.0,19,2.0,Design/Business,Intermediate/Advanced,2.65,163.01,0.5,167,0.0,0.5,0.5,0.0,0.5,0.0,0.0,0.5,0.0,0.0,0.0,0.0,0.0,0.0,0.0,32,Female,1,Advanced Single-Shot Learners,0.5107748342367024,0.3854423212505466
U02757,1,1,1.0,0,1.0,Artificial Intelligence,Intermediate,3.11,415.51,1.0,309,0.0,1.0,0.0,1.0,0.0,0.0,0.0,0.0,0.0,0.0,0.0,0.0,0.0,0.0,0.0,16,Male,0,Premium Explorers,-0.7166649916635703,3.2261739595908643
U02758,2,1,2.0,37,1.6216216216216215,Data Science,Intermediate,3.31,0.0,0.0,21,0.0,1.0,0.0,0.0,0.0,0.0,1.0,0.0,0.0,0.0,0.0,0.0,0.0,0.0,0.0,25,Female,3,Intermediate Value Seekers,-0.2222674412076214,-1.176831944747291
U02759,2,2,1.0,99,0.6060606060606061,Project Management/Programming,Beginner/Intermediate,3.6500000000000004,0.0,0.0,263,0.5,0.5,0.0,0.0,0.0,0.0,0.0,0.0,0.0,0.0,0.0,0.0,0.5,0.5,0.0,20,Female,4,Beginner Explorers,-0.4930769505126252,-0.31494930810312216
U02760,3,3,1.0,123,0.7317073170731708,Artificial Intelligence/Business/Data Science,Intermediate,2.7466666666666666,124.88,0.6666666666666666,97,0.3333333333333333,0.6666666666666666,0.0,0.3333333333333333,0.3333333333333333,0.0,0.3333333333333333,0.0,0.0,0.0,0.0,0.0,0.0,0.0,0.0,31,Male,2,Power Learners,1.5324945886351184,1.2416787784707786
U02761,4,3,1.3333333333333333,223,0.5381165919282511,Cybersecurity,Beginner/Intermediate,3.5625,98.565,0.25,19,0.5,0.5,0.0,0.0,0.0,0.5,0.0,0.0,0.0,0.0,0.0,0.25,0.25,0.0,0.0,31,Female,2,Power Learners,1.6194855433221027,-0.8139130107433387
U02762,2,2,1.0,94,0.6382978723404256,Web Development/Design,Advanced,2.0100000000000002,157.13,1.0,239,0.0,0.0,1.0,0.0,0.0,0.0,0.0,0.5,0.0,0.0,0.0,0.0,0.0,0.0,0.5,21,Female,1,Advanced Single-Shot Learners,0.5822986413859376,0.9571498500051202
U02763,3,3,1.0,16,3.0,Business/Machine Learning/Artificial Intelligence,Intermediate,2.873333333333333,191.37333333333333,0.6666666666666666,75,0.3333333333333333,0.6666666666666666,0.0,0.3333333333333333,0.3333333333333333,0.0,0.0,0.0,0.0,0.0,0.3333333333333333,0.0,0.0,0.0,0.0,28,Male,2,Power Learners,1.5797812975373797,1.0851347330779593
U02764,1,1,1.0,0,1.0,Web Development,Advanced,1.3,37.89,1.0,316,0.0,0.0,1.0,0.0,0.0,0.0,0.0,0.0,0.0,0.0,0.0,0.0,0.0,0.0,1.0,32,Male,1,Advanced Single-Shot Learners,-1.2366307015080709,1.7405811995746123
U02765,1,1,1.0,0,1.0,Design,Advanced,4.45,0.0,0.0,230,0.0,0.0,1.0,0.0,0.0,0.0,0.0,1.0,0.0,0.0,0.0,0.0,0.0,0.0,0.0,21,Male,1,Advanced Single-Shot Learners,-2.0459069228129088,-1.503455097907252
U02766,1,1,1.0,0,1.0,Cybersecurity,Intermediate,3.93,0.0,0.0,16,0.0,1.0,0.0,0.0,0.0,1.0,0.0,0.0,0.0,0.0,0.0,0.0,0.0,0.0,0.0,19,Male,3,Intermediate Value Seekers,-1.4400226711057078,-1.6824662657359928
U02767,14,9,1.5555555555555556,328,1.2804878048780488,Project Management/Web Development,Beginner,2.9292857142857143,98.41785714285716,0.35714285714285715,32,0.5,0.14285714285714285,0.35714285714285715,0.0,0.07142857142857142,0.07142857142857142,0.07142857142857142,0.07142857142857142,0.14285714285714285,0.07142857142857142,0.0,0.0,0.07142857142857142,0.21428571428571427,0.21428571428571427,31,Male,2,Power Learners,3.5674894153214867,-0.39193482263915197
U02768,2,2,1.0,31,1.9354838709677418,Programming/Data Science,Beginner/Intermediate,4.17,236.14,0.5,239,0.5,0.5,0.0,0.0,0.0,0.0,0.5,0.0,0.0,0.0,0.0,0.0,0.5,0.0,0.0,34,Female,4,Beginner Explorers,0.40365923196365067,1.0161737540956657
U02769,3,1,3.0,227,0.39647577092511016,Artificial Intelligence,Intermediate,2.33,251.0666666666667,1.0,78,0.3333333333333333,0.6666666666666666,0.0,1.0,0.0,0.0,0.0,0.0,0.0,0.0,0.0,0.0,0.0,0.0,0.0,19,Male,0,Premium Explorers,1.4631709604571594,2.6789300109102316
U02770,14,8,1.75,265,1.5849056603773584,Data Science,Beginner/Advanced,2.8485714285714288,99.21571428571428,0.35714285714285715,1,0.35714285714285715,0.2857142857142857,0.35714285714285715,0.07142857142857142,0.07142857142857142,0.14285714285714285,0.2857142857142857,0.07142857142857142,0.07142857142857142,0.0,0.0,0.14285714285714285,0.0,0.0,0.14285714285714285,31,Male,2,Power Learners,3.534044879654857,-0.7837900512820065
U02771,1,1,1.0,0,1.0,Machine Learning,Advanced,3.89,0.78,1.0,227,0.0,0.0,1.0,0.0,0.0,0.0,0.0,0.0,0.0,0.0,1.0,0.0,0.0,0.0,0.0,18,Female,1,Advanced Single-Shot Learners,-1.5616069704578863,0.018041900314393233
U02772,1,1,1.0,0,1.0,Digital Marketing,Advanced,3.89,177.34,1.0,192,0.0,0.0,1.0,0.0,0.0,0.0,0.0,0.0,1.0,0.0,0.0,0.0,0.0,0.0,0.0,31,Male,1,Advanced Single-Shot Learners,-0.7216649479538992,1.4690899669470783
U02773,1,1,1.0,0,1.0,Data Science,Beginner,3.65,0.0,0.0,282,1.0,0.0,0.0,0.0,0.0,0.0,1.0,0.0,0.0,0.0,0.0,0.0,0.0,0.0,0.0,26,Male,4,Beginner Explorers,-2.017498338353826,0.3726719119317206
U02774,1,1,1.0,0,1.0,Finance,Beginner,4.14,0.0,0.0,318,1.0,0.0,0.0,0.0,0.0,0.0,0.0,0.0,0.0,1.0,0.0,0.0,0.0,0.0,0.0,19,Male,4,Beginner Explorers,-2.2047475941468035,-0.007777375444974633
U02775,12,10,1.2,267,1.348314606741573,Digital Marketing/Web Development,Beginner,3.4441666666666673,118.62583333333333,0.5,42,0.4166666666666667,0.25,0.3333333333333333,0.0,0.08333333333333333,0.0,0.08333333333333333,0.08333333333333333,0.16666666666666666,0.08333333333333333,0.08333333333333333,0.08333333333333333,0.08333333333333333,0.08333333333333333,0.16666666666666666,24,Female,2,Power Learners,3.5421984266064475,-0.4969021272694349
U02776,2,2,1.0,255,0.23529411764705882,Business/Programming,Beginner/Advanced,1.6400000000000001,0.0,0.0,36,0.5,0.0,0.5,0.0,0.5,0.0,0.0,0.0,0.0,0.0,0.0,0.0,0.5,0.0,0.0,20,Female,1,Advanced Single-Shot Learners,0.4815432632519207,-0.6115363153681541
U02777,1,1,1.0,0,1.0,Programming,Beginner,1.28,0.0,0.0,306,1.0,0.0,0.0,0.0,0.0,0.0,0.0,0.0,0.0,0.0,0.0,0.0,1.0,0.0,0.0,27,Male,4,Beginner Explorers,-2.007979069283743,0.6072145277458778
U02778,3,3,1.0,261,0.3448275862068966,Cybersecurity/Machine Learning/Finance,Beginner,3.6300000000000003,0.0,0.0,6,0.6666666666666666,0.0,0.3333333333333333,0.0,0.0,0.3333333333333333,0.0,0.0,0.0,0.3333333333333333,0.3333333333333333,0.0,0.0,0.0,0.0,29,Male,2,Power Learners,0.8097913490889131,-1.7197393080208918
U02779,3,3,1.0,100,0.8999999999999999,Artificial Intelligence/Cybersecurity/Project Management,Intermediate,3.046666666666667,269.92333333333335,0.6666666666666666,90,0.3333333333333333,0.6666666666666666,0.0,0.3333333333333333,0.0,0.3333333333333333,0.0,0.0,0.0,0.0,0.0,0.0,0.0,0.3333333333333333,0.0,19,Female,2,Power Learners,1.6156368641763745,1.202764192138348
U02780,2,2,1.0,135,0.4444444444444444,Design/Business,Beginner/Advanced,3.83,0.0,0.0,183,0.5,0.0,0.5,0.0,0.5,0.0,0.0,0.5,0.0,0.0,0.0,0.0,0.0,0.0,0.0,26,Female,1,Advanced Single-Shot Learners,-0.23139014274328285,-1.0211156667557753
U02781,3,3,1.0,192,0.46875,Business/Digital Marketing/Cybersecurity,Advanced,2.9,233.43666666666664,0.6666666666666666,3,0.0,0.3333333333333333,0.6666666666666666,0.0,0.3333333333333333,0.3333333333333333,0.0,0.0,0.3333333333333333,0.0,0.0,0.0,0.0,0.0,0.0,24,Female,2,Power Learners,1.8391572341273321,0.1922270506006958
U02782,1,1,1.0,0,1.0,Finance,Advanced,1.59,0.0,0.0,345,0.0,0.0,1.0,0.0,0.0,0.0,0.0,0.0,0.0,1.0,0.0,0.0,0.0,0.0,0.0,25,Male,1,Advanced Single-Shot Learners,-2.3069795921736356,-0.5581186198789386
U02783,1,1,1.0,0,1.0,Programming,Beginner,2.88,0.0,0.0,36,1.0,0.0,0.0,0.0,0.0,0.0,0.0,0.0,0.0,0.0,0.0,0.0,1.0,0.0,0.0,30,Female,4,Beginner Explorers,-1.134207157476132,0.032888131489004775
U02784,2,2,1.0,101,0.594059405940594,Web Development/Artificial Intelligence,Beginner/Advanced,1.935,124.05,0.5,24,0.5,0.0,0.5,0.5,0.0,0.0,0.0,0.0,0.0,0.0,0.0,0.0,0.0,0.0,0.5,23,Male,0,Premium Explorers,1.3259860888213237,1.3357428467646046
U02785,1,1,1.0,0,1.0,Artificial Intelligence,Beginner,3.64,0.0,0.0,19,1.0,0.0,0.0,1.0,0.0,0.0,0.0,0.0,0.0,0.0,0.0,0.0,0.0,0.0,0.0,25,Female,0,Premium Explorers,-0.7845549826608393,1.0999758987975692
U02786,12,9,1.3333333333333333,315,1.1428571428571428,Web Development/Machine Learning/Marketing,Beginner,3.464166666666666,115.90249999999999,0.3333333333333333,26,0.5,0.25,0.25,0.08333333333333333,0.0,0.0,0.08333333333333333,0.08333333333333333,0.0,0.08333333333333333,0.16666666666666666,0.16666666666666666,0.08333333333333333,0.08333333333333333,0.16666666666666666,25,Male,2,Power Learners,3.4239878039760456,-0.7586645355440672
U02787,1,1,1.0,0,1.0,Project Management,Advanced,1.23,346.71,1.0,60,0.0,0.0,1.0,0.0,0.0,0.0,0.0,0.0,0.0,0.0,0.0,0.0,0.0,1.0,0.0,21,Male,1,Advanced Single-Shot Learners,-0.01832323826731651,2.594979170084414
U02788,12,9,1.3333333333333333,322,1.1180124223602486,Machine Learning/Cybersecurity/Data Science,Intermediate,3.664166666666667,106.13666666666667,0.5,18,0.08333333333333333,0.5,0.4166666666666667,0.08333333333333333,0.08333333333333333,0.16666666666666666,0.16666666666666666,0.0,0.0,0.08333333333333333,0.16666666666666666,0.08333333333333333,0.0,0.08333333333333333,0.08333333333333333,20,Female,2,Power Learners,3.469301079169427,-0.8269186982948236
U02789,4,4,1.0,304,0.39473684210526316,Design/Machine Learning/Finance/Digital Marketing,Beginner/Advanced,1.8675000000000002,0.0,0.0,60,0.5,0.0,0.5,0.0,0.0,0.0,0.0,0.25,0.25,0.25,0.25,0.0,0.0,0.0,0.0,21,Male,2,Power Learners,1.1179079956762097,-1.6117741090258448
U02790,1,1,1.0,0,1.0,Web Development,Beginner,2.2,0.0,0.0,318,1.0,0.0,0.0,0.0,0.0,0.0,0.0,0.0,0.0,0.0,0.0,0.0,0.0,0.0,1.0,25,Male,4,Beginner Explorers,-2.0514032145470864,0.44267233346355933
U02791,13,10,1.3,263,1.482889733840304,Design/Web Development/Machine Learning,Beginner,3.3492307692307692,70.60692307692308,0.3076923076923077,95,0.46153846153846156,0.38461538461538464,0.15384615384615385,0.07692307692307693,0.07692307692307693,0.0,0.07692307692307693,0.15384615384615385,0.07692307692307693,0.07692307692307693,0.15384615384615385,0.0,0.07692307692307693,0.07692307692307693,0.15384615384615385,27,Male,2,Power Learners,3.2812274663071115,-0.6423159046138645
U02792,14,9,1.5555555555555556,234,1.794871794871795,Data Science/Machine Learning/Web Development/Artificial Intelligence/Digital Marketing,Beginner/Intermediate,3.134285714285714,56.83714285714286,0.2857142857142857,53,0.35714285714285715,0.35714285714285715,0.2857142857142857,0.14285714285714285,0.0,0.0,0.14285714285714285,0.07142857142857142,0.14285714285714285,0.07142857142857142,0.14285714285714285,0.07142857142857142,0.0,0.07142857142857142,0.14285714285714285,27,Female,2,Power Learners,3.406121407250808,-0.8240126117890406
U02793,14,10,1.4,308,1.3636363636363635,Business/Project Management/Finance/Marketing,Beginner,3.4285714285714284,103.56500000000001,0.35714285714285715,21,0.5,0.14285714285714285,0.35714285714285715,0.0,0.14285714285714285,0.07142857142857142,0.07142857142857142,0.07142857142857142,0.07142857142857142,0.14285714285714285,0.07142857142857142,0.14285714285714285,0.0,0.14285714285714285,0.07142857142857142,22,Female,2,Power Learners,3.6761936288485426,-0.7682301330766936
U02794,2,2,1.0,5,2.0,Machine Learning/Project Management,Intermediate,3.285,171.305,0.5,254,0.0,1.0,0.0,0.0,0.0,0.0,0.0,0.0,0.0,0.0,0.5,0.0,0.0,0.5,0.0,33,Female,3,Intermediate Value Seekers,-0.06527595471985966,0.6473872617745772
U02795,1,1,1.0,0,1.0,Data Science,Beginner,3.74,299.57,1.0,1,1.0,0.0,0.0,0.0,0.0,0.0,1.0,0.0,0.0,0.0,0.0,0.0,0.0,0.0,0.0,31,Male,4,Beginner Explorers,0.049301380556435,2.4119946784378365
U02796,1,1,1.0,0,1.0,Digital Marketing,Beginner,4.44,0.0,0.0,359,1.0,0.0,0.0,0.0,0.0,0.0,0.0,0.0,1.0,0.0,0.0,0.0,0.0,0.0,0.0,33,Male,4,Beginner Explorers,-2.292079857863176,0.14601276723617387
U02797,1,1,1.0,0,1.0,Machine Learning,Advanced,3.89,0.78,1.0,150,0.0,0.0,1.0,0.0,0.0,0.0,0.0,0.0,0.0,0.0,1.0,0.0,0.0,0.0,0.0,34,Male,1,Advanced Single-Shot Learners,-1.3453618893965087,-0.10711886877993251
U02798,1,1,1.0,0,1.0,Data Science,Intermediate,3.02,0.0,0.0,143,0.0,1.0,0.0,0.0,0.0,0.0,1.0,0.0,0.0,0.0,0.0,0.0,0.0,0.0,0.0,28,Female,3,Intermediate Value Seekers,-1.6722647521922958,-0.6441301825127945
U02799,1,1,1.0,0,1.0,Marketing,Intermediate,4.72,0.0,0.0,132,0.0,1.0,0.0,0.0,0.0,0.0,0.0,0.0,0.0,0.0,0.0,1.0,0.0,0.0,0.0,17,Male,3,Intermediate Value Seekers,-1.8039466373667494,-2.3695976879904532
U02800,1,1,1.0,0,1.0,Data Science,Beginner,3.74,299.57,1.0,25,1.0,0.0,0.0,0.0,0.0,0.0,1.0,0.0,0.0,0.0,0.0,0.0,0.0,0.0,0.0,34,Male,4,Beginner Explorers,-0.03462264199766497,2.440377350261075
U02801,3,3,1.0,67,1.3432835820895521,Digital Marketing/Machine Learning/Data Science,Beginner/Intermediate/Advanced,3.016666666666667,0.26,0.3333333333333333,188,0.3333333333333333,0.3333333333333333,0.3333333333333333,0.0,0.0,0.0,0.3333333333333333,0.0,0.3333333333333333,0.0,0.3333333333333333,0.0,0.0,0.0,0.0,15,Female,2,Power Learners,0.33762654862088914,-0.7754305638385729
U02802,1,1,1.0,0,1.0,Cybersecurity,Beginner,4.94,0.0,0.0,32,1.0,0.0,0.0,0.0,0.0,1.0,0.0,0.0,0.0,0.0,0.0,0.0,0.0,0.0,0.0,15,Female,4,Beginner Explorers,-1.3427358188487932,-0.898878557533002
U02803,2,2,1.0,237,0.2531645569620253,Design/Web Development,Advanced,3.56,0.0,0.0,22,0.0,0.0,1.0,0.0,0.0,0.0,0.0,0.5,0.0,0.0,0.0,0.0,0.0,0.0,0.5,26,Male,1,Advanced Single-Shot Learners,0.2978758204161432,-1.9076947080418758
U02804,1,1,1.0,0,1.0,Machine Learning,Intermediate,4.73,0.0,0.0,137,0.0,1.0,0.0,0.0,0.0,0.0,0.0,0.0,0.0,0.0,1.0,0.0,0.0,0.0,0.0,24,Male,3,Intermediate Value Seekers,-1.8460460862492871,-1.7254816446029195
U02805,1,1,1.0,0,1.0,Web Development,Advanced,4.74,57.32,1.0,267,0.0,0.0,1.0,0.0,0.0,0.0,0.0,0.0,0.0,0.0,0.0,0.0,0.0,0.0,1.0,16,Male,1,Advanced Single-Shot Learners,-1.09065043632254,1.3878291953235098
U02806,1,1,1.0,0,1.0,Cybersecurity,Intermediate,3.93,0.0,0.0,274,0.0,1.0,0.0,0.0,0.0,1.0,0.0,0.0,0.0,0.0,0.0,0.0,0.0,0.0,0.0,28,Male,3,Intermediate Value Seekers,-2.312188878060277,-1.3366103384835961
U02807,4,3,1.3333333333333333,90,1.3333333333333333,Digital Marketing,Advanced,3.495,139.77499999999998,0.5,194,0.25,0.25,0.5,0.0,0.0,0.25,0.0,0.0,0.5,0.0,0.0,0.0,0.0,0.25,0.0,18,Female,2,Power Learners,1.2398939787817937,0.3554514216356962
U02808,2,1,2.0,267,0.2247191011235955,Marketing,Intermediate/Advanced,4.45,0.0,0.0,60,0.0,0.5,0.5,0.0,0.0,0.0,0.0,0.0,0.0,0.0,0.0,1.0,0.0,0.0,0.0,35,Male,3,Intermediate Value Seekers,-0.33607427097082554,-2.909683853964839
U02809,2,2,1.0,98,0.6122448979591837,Finance/Artificial Intelligence,Beginner,3.8899999999999997,0.0,0.0,83,1.0,0.0,0.0,0.5,0.0,0.0,0.0,0.0,0.0,0.5,0.0,0.0,0.0,0.0,0.0,32,Male,4,Beginner Explorers,0.21152885830347057,-0.09397350822653465
U02810,1,1,1.0,0,1.0,Digital Marketing,Beginner,2.14,0.0,0.0,324,1.0,0.0,0.0,0.0,0.0,0.0,0.0,0.0,1.0,0.0,0.0,0.0,0.0,0.0,0.0,18,Female,4,Beginner Explorers,-2.0744413733497717,0.37092418150769724
U02811,1,1,1.0,0,1.0,Design,Advanced,2.61,0.0,0.0,173,0.0,0.0,1.0,0.0,0.0,0.0,0.0,1.0,0.0,0.0,0.0,0.0,0.0,0.0,0.0,21,Male,1,Advanced Single-Shot Learners,-1.806502973114993,-1.3765587321037094
U02812,1,1,1.0,0,1.0,Finance,Intermediate,2.75,119.04,1.0,320,0.0,1.0,0.0,0.0,0.0,0.0,0.0,0.0,0.0,1.0,0.0,0.0,0.0,0.0,0.0,17,Male,3,Intermediate Value Seekers,-1.3081898832213283,1.5595917837720203
U02813,1,1,1.0,0,1.0,Cybersecurity,Intermediate,1.91,0.0,0.0,273,0.0,1.0,0.0,0.0,0.0,1.0,0.0,0.0,0.0,0.0,0.0,0.0,0.0,0.0,0.0,27,Male,3,Intermediate Value Seekers,-2.2534580261397643,-1.1092393876171553
U02814,2,2,1.0,146,0.4109589041095891,Cybersecurity/Programming,Beginner,4.3950000000000005,0.0,0.0,26,1.0,0.0,0.0,0.0,0.0,0.5,0.0,0.0,0.0,0.0,0.0,0.0,0.5,0.0,0.0,27,Female,4,Beginner Explorers,0.25662816423196816,-1.037864619707068
U02815,4,3,1.3333333333333333,184,0.6521739130434783,Digital Marketing,Advanced,2.81,97.4325,0.5,101,0.0,0.0,1.0,0.0,0.0,0.0,0.0,0.25,0.5,0.25,0.0,0.0,0.0,0.0,0.0,15,Female,2,Power Learners,1.5283538648002537,-0.2844311973585775
U02816,1,1,1.0,0,1.0,Marketing,Intermediate,4.11,0.0,0.0,40,0.0,1.0,0.0,0.0,0.0,0.0,0.0,0.0,0.0,0.0,0.0,1.0,0.0,0.0,0.0,25,Male,3,Intermediate Value Seekers,-1.4910750218097935,-2.4440131906452756
U02817,1,1,1.0,0,1.0,Design,Advanced,1.52,0.0,0.0,32,0.0,0.0,1.0,0.0,0.0,0.0,0.0,1.0,0.0,0.0,0.0,0.0,0.0,0.0,0.0,33,Male,1,Advanced Single-Shot Learners,-1.3225019351462026,-1.4727193561949385
U02818,1,1,1.0,0,1.0,Machine Learning,Advanced,3.89,0.78,1.0,322,0.0,0.0,1.0,0.0,0.0,0.0,0.0,0.0,0.0,0.0,1.0,0.0,0.0,0.0,0.0,32,Male,1,Advanced Single-Shot Learners,-1.9164775850429514,0.13747057266663934
U02819,2,2,1.0,126,0.47619047619047616,Web Development/Machine Learning,Intermediate/Advanced,3.7,0.0,0.0,144,0.0,0.5,0.5,0.0,0.0,0.0,0.0,0.0,0.0,0.0,0.5,0.0,0.0,0.0,0.5,20,Female,3,Intermediate Value Seekers,-0.21727033845944438,-1.7425135261728768
U02820,1,1,1.0,0,1.0,Programming,Beginner,1.28,0.0,0.0,40,1.0,0.0,0.0,0.0,0.0,0.0,0.0,0.0,0.0,0.0,0.0,0.0,1.0,0.0,0.0,30,Male,4,Beginner Explorers,-1.1246219069197885,0.22911712205848558
U02821,11,7,1.5714285714285714,320,1.03125,Project Management,Intermediate/Advanced,3.2263636363636365,106.72363636363637,0.36363636363636365,17,0.2727272727272727,0.36363636363636365,0.36363636363636365,0.0,0.09090909090909091,0.0,0.0,0.09090909090909091,0.09090909090909091,0.18181818181818182,0.09090909090909091,0.18181818181818182,0.0,0.2727272727272727,0.0,27,Male,2,Power Learners,3.1539605072633794,-0.7649357156283872
U02822,1,1,1.0,0,1.0,Machine Learning,Intermediate,4.73,0.0,0.0,358,0.0,1.0,0.0,0.0,0.0,0.0,0.0,0.0,0.0,0.0,1.0,0.0,0.0,0.0,0.0,15,Male,3,Intermediate Value Seekers,-2.571561560590401,-1.399944616242929
U02823,2,2,1.0,198,0.30303030303030304,Digital Marketing/Cybersecurity,Intermediate,4.295,0.0,0.0,138,0.0,1.0,0.0,0.0,0.0,0.5,0.0,0.0,0.5,0.0,0.0,0.0,0.0,0.0,0.0,31,Male,3,Intermediate Value Seekers,-0.25963150908623106,-1.8473943840082967
U02824,1,1,1.0,0,1.0,Business,Intermediate,2.69,326.02,1.0,354,0.0,1.0,0.0,0.0,1.0,0.0,0.0,0.0,0.0,0.0,0.0,0.0,0.0,0.0,0.0,28,Female,1,Advanced Single-Shot Learners,-1.1047273580807433,2.48369476153484
U02825,13,8,1.625,231,1.6883116883116882,Business,Advanced,2.4292307692307693,125.84692307692308,0.5384615384615384,1,0.3076923076923077,0.3076923076923077,0.38461538461538464,0.0,0.23076923076923078,0.0,0.07692307692307693,0.07692307692307693,0.07692307692307693,0.15384615384615385,0.0,0.07692307692307693,0.15384615384615385,0.15384615384615385,0.0,34,Male,2,Power Learners,3.603116104330859,-0.23181776595615858
U02826,1,1,1.0,0,1.0,Machine Learning,Beginner,1.13,0.0,0.0,20,1.0,0.0,0.0,0.0,0.0,0.0,0.0,0.0,0.0,0.0,1.0,0.0,0.0,0.0,0.0,25,Male,4,Beginner Explorers,-1.2080514564977745,-0.608170850803806
U02827,1,1,1.0,0,1.0,Machine Learning,Intermediate,4.73,0.0,0.0,90,0.0,1.0,0.0,0.0,0.0,0.0,0.0,0.0,0.0,0.0,1.0,0.0,0.0,0.0,0.0,17,Male,3,Intermediate Value Seekers,-1.6802424382124648,-1.7790929798999169
U02828,2,2,1.0,103,0.5825242718446603,Marketing/Artificial Intelligence,Beginner/Advanced,3.7649999999999997,245.45,0.5,163,0.5,0.0,0.5,0.5,0.0,0.0,0.0,0.0,0.0,0.0,0.0,0.5,0.0,0.0,0.0,32,Female,0,Premium Explorers,0.8324213511663926,0.7199945633050359
U02829,1,1,1.0,0,1.0,Artificial Intelligence,Intermediate,2.68,89.59,1.0,324,0.0,1.0,0.0,1.0,0.0,0.0,0.0,0.0,0.0,0.0,0.0,0.0,0.0,0.0,0.0,19,Female,0,Premium Explorers,-0.9425208275862685,2.9989777582749486
U02830,1,1,1.0,0,1.0,Web Development,Advanced,2.67,0.0,0.0,233,0.0,0.0,1.0,0.0,0.0,0.0,0.0,0.0,0.0,0.0,0.0,0.0,0.0,0.0,1.0,34,Female,1,Advanced Single-Shot Learners,-1.8448985208894537,-0.6201222427177551
U02831,1,1,1.0,0,1.0,Design,Advanced,4.45,0.0,0.0,328,0.0,0.0,1.0,0.0,0.0,0.0,0.0,1.0,0.0,0.0,0.0,0.0,0.0,0.0,0.0,22,Female,1,Advanced Single-Shot Learners,-2.3541444434087504,-1.3786495640458007
U02832,11,5,2.2,288,1.1458333333333335,Machine Learning/Design,Advanced,3.0454545454545454,0.07090909090909091,0.09090909090909091,66,0.18181818181818182,0.2727272727272727,0.5454545454545454,0.0,0.09090909090909091,0.0,0.18181818181818182,0.2727272727272727,0.0,0.18181818181818182,0.2727272727272727,0.0,0.0,0.0,0.0,31,Male,2,Power Learners,1.957641871112338,-2.0886594941304275
U02833,2,2,1.0,35,1.7142857142857142,Programming/Project Management,Beginner/Intermediate,3.86,171.305,0.5,2,0.5,0.5,0.0,0.0,0.0,0.0,0.0,0.0,0.0,0.0,0.0,0.0,0.5,0.5,0.0,21,Female,2,Power Learners,1.21775864453216,0.9965381078921723
U02834,1,1,1.0,0,1.0,Data Science,Beginner,3.65,0.0,0.0,29,1.0,0.0,0.0,0.0,0.0,0.0,1.0,0.0,0.0,0.0,0.0,0.0,0.0,0.0,0.0,17,Male,4,Beginner Explorers,-1.1620093932081887,0.03382426187778287
U02835,1,1,1.0,0,1.0,Data Science,Advanced,2.57,117.68,1.0,94,0.0,0.0,1.0,0.0,0.0,0.0,1.0,0.0,0.0,0.0,0.0,0.0,0.0,0.0,0.0,31,Male,1,Advanced Single-Shot Learners,-0.42617865774131936,1.638734905548694
U02836,1,1,1.0,0,1.0,Programming,Beginner,4.74,472.28,1.0,289,1.0,0.0,0.0,0.0,0.0,0.0,0.0,0.0,0.0,0.0,0.0,0.0,1.0,0.0,0.0,17,Female,4,Beginner Explorers,-0.8121778965812609,2.736785727917237
U02837,2,2,1.0,292,0.20547945205479454,Business/Digital Marketing,Beginner/Advanced,3.795,0.0,0.0,34,0.5,0.0,0.5,0.0,0.5,0.0,0.0,0.0,0.5,0.0,0.0,0.0,0.0,0.0,0.0,31,Male,1,Advanced Single-Shot Learners,0.409246709847883,-0.9581857206266895
U02838,2,2,1.0,16,2.0,Artificial Intelligence/Project Management,Beginner/Advanced,2.8899999999999997,418.80499999999995,1.0,304,0.5,0.0,0.5,0.5,0.0,0.0,0.0,0.0,0.0,0.0,0.0,0.0,0.0,0.5,0.0,35,Male,0,Premium Explorers,0.603374962944009,3.016091428802966
U02839,4,4,1.0,90,1.3333333333333333,Design/Programming/Marketing/Cybersecurity,Advanced,2.4274999999999998,0.0,0.0,13,0.25,0.25,0.5,0.0,0.0,0.25,0.0,0.25,0.0,0.0,0.0,0.25,0.25,0.0,0.0,18,Female,2,Power Learners,1.1426024307039582,-2.117181400376514
U02840,1,1,1.0,0,1.0,Digital Marketing,Beginner,4.44,0.0,0.0,67,1.0,0.0,0.0,0.0,0.0,0.0,0.0,0.0,1.0,0.0,0.0,0.0,0.0,0.0,0.0,29,Female,4,Beginner Explorers,-1.2930356809102792,-0.2670655558332468
U02841,1,1,1.0,0,1.0,Data Science,Beginner,3.65,0.0,0.0,93,1.0,0.0,0.0,0.0,0.0,0.0,1.0,0.0,0.0,0.0,0.0,0.0,0.0,0.0,0.0,27,Female,4,Beginner Explorers,-1.3684610311169725,0.09520233460161638
U02842,2,2,1.0,217,0.2764976958525346,Business/Artificial Intelligence,Beginner/Advanced,3.275,245.45,0.5,39,0.5,0.0,0.5,0.5,0.5,0.0,0.0,0.0,0.0,0.0,0.0,0.0,0.0,0.0,0.0,20,Female,0,Premium Explorers,1.4808500117176906,1.516532436414151
U02843,14,9,1.5555555555555556,347,1.2103746397694524,Data Science,Beginner,2.5885714285714285,92.61857142857141,0.42857142857142855,11,0.5,0.35714285714285715,0.14285714285714285,0.14285714285714285,0.0,0.14285714285714285,0.21428571428571427,0.0,0.14285714285714285,0.07142857142857142,0.07142857142857142,0.07142857142857142,0.07142857142857142,0.07142857142857142,0.0,26,Male,2,Power Learners,3.649337431320895,-0.38645066699748265
U02844,12,7,1.7142857142857142,238,1.5126050420168067,Artificial Intelligence,Advanced,3.226666666666667,91.83166666666666,0.3333333333333333,44,0.3333333333333333,0.25,0.4166666666666667,0.25,0.08333333333333333,0.16666666666666666,0.08333333333333333,0.16666666666666666,0.0,0.0,0.0,0.16666666666666666,0.0,0.0,0.08333333333333333,21,Female,2,Power Learners,3.19472860860762,-0.6599725031449116
U02845,1,1,1.0,0,1.0,Design,Beginner,4.51,0.0,0.0,304,1.0,0.0,0.0,0.0,0.0,0.0,0.0,1.0,0.0,0.0,0.0,0.0,0.0,0.0,0.0,22,Male,4,Beginner Explorers,-2.222900021533567,-0.5439713269295173
U02846,1,1,1.0,0,1.0,Data Science,Beginner,3.74,299.57,1.0,207,1.0,0.0,0.0,0.0,0.0,0.0,1.0,0.0,0.0,0.0,0.0,0.0,0.0,0.0,0.0,29,Female,4,Beginner Explorers,-0.615291829241111,2.6934360585153705
U02847,1,1,1.0,0,1.0,Finance,Intermediate,4.1,0.0,0.0,244,0.0,1.0,0.0,0.0,0.0,0.0,0.0,0.0,0.0,1.0,0.0,0.0,0.0,0.0,0.0,27,Male,3,Intermediate Value Seekers,-2.1197953634124396,-0.9994895332436733
U02848,1,1,1.0,0,1.0,Cybersecurity,Intermediate,3.93,0.0,0.0,49,0.0,1.0,0.0,0.0,0.0,1.0,0.0,0.0,0.0,0.0,0.0,0.0,0.0,0.0,0.0,23,Male,3,Intermediate Value Seekers,-1.5552568202062942,-1.643221047865316
U02849,1,1,1.0,0,1.0,Programming,Beginner,2.88,0.0,0.0,204,1.0,0.0,0.0,0.0,0.0,0.0,0.0,0.0,0.0,0.0,0.0,0.0,1.0,0.0,0.0,31,Female,4,Beginner Explorers,-1.6958542095466553,0.2666138924474441
U02850,13,10,1.3,298,1.308724832214765,Digital Marketing/Project Management/Web Development,Intermediate,3.116153846153846,76.45384615384616,0.46153846153846156,52,0.15384615384615385,0.5384615384615384,0.3076923076923077,0.07692307692307693,0.07692307692307693,0.07692307692307693,0.07692307692307693,0.07692307692307693,0.15384615384615385,0.0,0.07692307692307693,0.0,0.07692307692307693,0.15384615384615385,0.15384615384615385,25,Female,2,Power Learners,3.5056684643396574,-0.5920622948643912
U02851,1,1,1.0,0,1.0,Cybersecurity,Intermediate,1.35,394.26,1.0,145,0.0,1.0,0.0,0.0,0.0,1.0,0.0,0.0,0.0,0.0,0.0,0.0,0.0,0.0,0.0,30,Male,3,Intermediate Value Seekers,-0.6404778245974053,1.2714440184143079
U02852,1,1,1.0,0,1.0,Business,Advanced,2.0,0.0,0.0,184,0.0,0.0,1.0,0.0,1.0,0.0,0.0,0.0,0.0,0.0,0.0,0.0,0.0,0.0,0.0,23,Male,1,Advanced Single-Shot Learners,-1.6024543564098055,-0.11083561750047874
U02853,1,1,1.0,0,1.0,Programming,Beginner,2.88,0.0,0.0,27,1.0,0.0,0.0,0.0,0.0,0.0,0.0,0.0,0.0,0.0,0.0,0.0,1.0,0.0,0.0,25,Male,4,Beginner Explorers,-1.117660675917644,0.03983934339927999
U02854,1,1,1.0,0,1.0,Business,Advanced,2.0,0.0,0.0,262,0.0,0.0,1.0,0.0,1.0,0.0,0.0,0.0,0.0,0.0,0.0,0.0,0.0,0.0,0.0,28,Male,1,Advanced Single-Shot Learners,-1.8690749170811884,-0.010268257753457856
U02855,1,1,1.0,0,1.0,Project Management,Beginner,1.51,327.99,1.0,348,1.0,0.0,0.0,0.0,0.0,0.0,0.0,0.0,0.0,0.0,0.0,0.0,0.0,1.0,0.0,18,Female,4,Beginner Explorers,-0.8972819996434644,3.8157223944771084
U02856,1,1,1.0,0,1.0,Programming,Beginner,4.74,472.28,1.0,267,1.0,0.0,0.0,0.0,0.0,0.0,0.0,0.0,0.0,0.0,0.0,0.0,1.0,0.0,0.0,19,Female,4,Beginner Explorers,-0.7413800552027778,2.70244460242444
U02857,12,7,1.7142857142857142,294,1.2244897959183672,Project Management,Intermediate,2.626666666666667,83.45833333333333,0.3333333333333333,65,0.16666666666666666,0.5,0.3333333333333333,0.0,0.08333333333333333,0.08333333333333333,0.16666666666666666,0.0,0.0,0.08333333333333333,0.16666666666666666,0.16666666666666666,0.0,0.25,0.0,35,Male,2,Power Learners,2.9983144018989436,-0.8305535384896499
U02858,4,4,1.0,241,0.4979253112033195,Machine Learning/Data Science/Cybersecurity/Programming,Beginner,1.9925,0.0,0.0,6,0.75,0.25,0.0,0.0,0.0,0.25,0.25,0.0,0.0,0.0,0.25,0.0,0.25,0.0,0.0,16,Female,2,Power Learners,1.3001890748949327,-1.3195695003244925
U02859,2,2,1.0,174,0.3448275862068966,Project Management/Business,Beginner/Intermediate,2.1,327.005,1.0,112,0.5,0.5,0.0,0.0,0.5,0.0,0.0,0.0,0.0,0.0,0.0,0.0,0.0,0.5,0.0,26,Female,2,Power Learners,1.3018573986742181,2.2677732554153534
U02860,1,1,1.0,0,1.0,Machine Learning,Advanced,3.89,0.78,1.0,98,0.0,0.0,1.0,0.0,0.0,0.0,0.0,0.0,0.0,0.0,1.0,0.0,0.0,0.0,0.0,17,Male,1,Advanced Single-Shot Learners,-1.1499704266466662,-0.15021495217750502
U02861,1,1,1.0,0,1.0,Project Management,Advanced,1.23,346.71,1.0,278,0.0,0.0,1.0,0.0,0.0,0.0,0.0,0.0,0.0,0.0,0.0,0.0,0.0,1.0,0.0,29,Male,1,Advanced Single-Shot Learners,-0.7557802954600213,2.8865212326589265
U02862,2,2,1.0,59,1.0169491525423728,Marketing/Programming,Beginner/Advanced,2.9299999999999997,0.0,0.0,161,0.5,0.0,0.5,0.0,0.0,0.0,0.0,0.0,0.0,0.0,0.0,0.5,0.5,0.0,0.0,27,Male,4,Beginner Explorers,-0.26682921764148126,-1.4364347753084918
U02863,1,1,1.0,0,1.0,Data Science,Beginner,3.65,0.0,0.0,330,1.0,0.0,0.0,0.0,0.0,0.0,1.0,0.0,0.0,0.0,0.0,0.0,0.0,0.0,0.0,29,Male,4,Beginner Explorers,-2.181473217590799,0.4346943143075633
U02864,1,1,1.0,0,1.0,Marketing,Advanced,2.01,0.0,0.0,168,0.0,0.0,1.0,0.0,0.0,0.0,0.0,0.0,0.0,0.0,0.0,1.0,0.0,0.0,0.0,25,Female,1,Advanced Single-Shot Learners,-1.7619522835971435,-2.0251850008106125
U02865,1,1,1.0,0,1.0,Business,Advanced,2.0,0.0,0.0,268,0.0,0.0,1.0,0.0,1.0,0.0,0.0,0.0,0.0,0.0,0.0,0.0,0.0,0.0,0.0,35,Female,1,Advanced Single-Shot Learners,-1.878197152135135,-0.024929141802385292
U02866,2,2,1.0,181,0.3314917127071823,Business/Data Science,Intermediate,3.145,163.01,0.5,133,0.0,1.0,0.0,0.0,0.5,0.0,0.5,0.0,0.0,0.0,0.0,0.0,0.0,0.0,0.0,20,Male,3,Intermediate Value Seekers,0.7881598341193098,0.6114694240738694
U02867,2,2,1.0,87,0.6896551724137931,Programming/Digital Marketing,Beginner/Advanced,3.87,88.67,0.5,88,0.5,0.0,0.5,0.0,0.0,0.0,0.0,0.0,0.5,0.0,0.0,0.0,0.5,0.0,0.0,19,Male,4,Beginner Explorers,0.8380136146353782,0.5343377341063903
U02868,2,2,1.0,61,0.9836065573770493,Machine Learning/Cybersecurity,Intermediate,1.8199999999999998,0.0,0.0,120,0.0,1.0,0.0,0.0,0.0,0.5,0.0,0.0,0.0,0.0,0.5,0.0,0.0,0.0,0.0,25,Male,3,Intermediate Value Seekers,-0.3138800443606976,-1.8489701737751008
U02869,1,1,1.0,0,1.0,Cybersecurity,Beginner,4.94,0.0,0.0,56,1.0,0.0,0.0,0.0,0.0,1.0,0.0,0.0,0.0,0.0,0.0,0.0,0.0,0.0,0.0,26,Female,4,Beginner Explorers,-1.4369882837261638,-0.8845147089880706
U02870,1,1,1.0,0,1.0,Design,Beginner,4.51,0.0,0.0,318,1.0,0.0,0.0,0.0,0.0,0.0,0.0,1.0,0.0,0.0,0.0,0.0,0.0,0.0,0.0,27,Male,4,Beginner Explorers,-2.2760516310506205,-0.5331099153227737
U02871,1,1,1.0,0,1.0,Cybersecurity,Beginner,4.94,0.0,0.0,341,1.0,0.0,0.0,0.0,0.0,1.0,0.0,0.0,0.0,0.0,0.0,0.0,0.0,0.0,0.0,19,Female,4,Beginner Explorers,-2.3785548198024244,-0.4727764383073796
U02872,2,2,1.0,107,0.5607476635514018,Project Management/Business,Intermediate/Advanced,3.995,171.305,0.5,249,0.0,0.5,0.5,0.0,0.5,0.0,0.0,0.0,0.0,0.0,0.0,0.0,0.0,0.5,0.0,21,Female,1,Advanced Single-Shot Learners,0.4323849130443361,1.0321265587038377
U02873,3,3,1.0,140,0.6428571428571428,Project Management/Finance/Business,Beginner/Intermediate/Advanced,2.64,17.953333333333333,0.3333333333333333,220,0.3333333333333333,0.3333333333333333,0.3333333333333333,0.0,0.3333333333333333,0.0,0.0,0.0,0.0,0.3333333333333333,0.0,0.0,0.0,0.3333333333333333,0.0,33,Female,2,Power Learners,0.7031535461193538,0.30879488094207874
U02874,11,7,1.5714285714285714,227,1.4537444933920705,Web Development,Advanced,3.2954545454545454,104.67181818181817,0.45454545454545453,83,0.36363636363636365,0.18181818181818182,0.45454545454545453,0.09090909090909091,0.18181818181818182,0.0,0.0,0.09090909090909091,0.0,0.0,0.18181818181818182,0.09090909090909091,0.09090909090909091,0.0,0.2727272727272727,32,Male,2,Power Learners,3.0129726497003575,-0.4044104712313329
U02875,1,1,1.0,0,1.0,Business,Beginner,1.96,285.05,1.0,24,1.0,0.0,0.0,0.0,1.0,0.0,0.0,0.0,0.0,0.0,0.0,0.0,0.0,0.0,0.0,27,Female,1,Advanced Single-Shot Learners,0.15158354630038373,2.9587989828739247
U02876,1,1,1.0,0,1.0,Design,Advanced,1.52,0.0,0.0,285,0.0,0.0,1.0,0.0,0.0,0.0,0.0,1.0,0.0,0.0,0.0,0.0,0.0,0.0,0.0,24,Female,1,Advanced Single-Shot Learners,-2.1348240189148466,-1.1131337000833694
U02877,1,1,1.0,0,1.0,Marketing,Intermediate,4.72,0.0,0.0,56,0.0,1.0,0.0,0.0,0.0,0.0,0.0,0.0,0.0,0.0,0.0,1.0,0.0,0.0,0.0,28,Male,3,Intermediate Value Seekers,-1.5646538660654805,-2.495399383414705
U02878,2,2,1.0,101,0.594059405940594,Finance/Artificial Intelligence,Intermediate,2.9299999999999997,267.275,1.0,80,0.0,1.0,0.0,0.5,0.0,0.0,0.0,0.0,0.0,0.5,0.0,0.0,0.0,0.0,0.0,23,Male,0,Premium Explorers,1.2323497083806751,1.5764620437875483
U02879,1,1,1.0,0,1.0,Finance,Beginner,4.14,0.0,0.0,301,1.0,0.0,0.0,0.0,0.0,0.0,0.0,0.0,0.0,1.0,0.0,0.0,0.0,0.0,0.0,16,Female,4,Beginner Explorers,-2.1242438719755743,-0.03715280550893022
U02880,1,1,1.0,0,1.0,Design,Advanced,2.61,0.0,0.0,132,0.0,0.0,1.0,0.0,0.0,0.0,0.0,1.0,0.0,0.0,0.0,0.0,0.0,0.0,0.0,21,Female,1,Advanced Single-Shot Learners,-1.6498215601321171,-1.444830951449634
U02881,4,3,1.3333333333333333,206,0.5825242718446603,Design,Beginner,3.5225,69.0925,0.25,30,0.5,0.25,0.25,0.0,0.0,0.0,0.0,0.5,0.25,0.0,0.0,0.0,0.0,0.0,0.25,27,Male,2,Power Learners,1.5935442504307546,-0.5606689661920191
U02882,1,1,1.0,0,1.0,Digital Marketing,Intermediate,4.66,0.0,0.0,158,0.0,1.0,0.0,0.0,0.0,0.0,0.0,0.0,1.0,0.0,0.0,0.0,0.0,0.0,0.0,33,Female,3,Intermediate Value Seekers,-1.7602327942089178,-1.0497155830986151
U02883,12,7,1.7142857142857142,296,1.2162162162162162,Business/Project Management,Beginner,3.4725,192.86250000000004,0.5833333333333334,12,0.5833333333333334,0.3333333333333333,0.08333333333333333,0.16666666666666666,0.25,0.08333333333333333,0.08333333333333333,0.0,0.0,0.08333333333333333,0.0,0.08333333333333333,0.0,0.25,0.0,16,Female,2,Power Learners,3.5522425124512615,0.40563634189771375
U02884,3,3,1.0,207,0.43478260869565216,Data Science/Machine Learning/Digital Marketing,Intermediate,4.05,0.26,0.3333333333333333,155,0.0,0.6666666666666666,0.3333333333333333,0.0,0.0,0.0,0.3333333333333333,0.0,0.3333333333333333,0.0,0.3333333333333333,0.0,0.0,0.0,0.0,31,Female,3,Intermediate Value Seekers,0.42270676626170584,-1.321038899008884
U02885,3,3,1.0,137,0.6569343065693432,Data Science/Design/Project Management,Beginner,4.333333333333333,114.20333333333333,0.3333333333333333,33,0.6666666666666666,0.3333333333333333,0.0,0.0,0.0,0.0,0.3333333333333333,0.3333333333333333,0.0,0.0,0.0,0.0,0.0,0.3333333333333333,0.0,22,Male,2,Power Learners,1.4841146151527718,0.24186835166135587
U02886,3,3,1.0,74,1.2162162162162162,Artificial Intelligence/Project Management/Business,Beginner/Intermediate/Advanced,3.5033333333333334,29.863333333333333,0.3333333333333333,152,0.3333333333333333,0.3333333333333333,0.3333333333333333,0.3333333333333333,0.3333333333333333,0.0,0.0,0.0,0.0,0.0,0.0,0.0,0.0,0.3333333333333333,0.0,35,Male,2,Power Learners,1.0484846097563831,0.745381583253013
U02887,4,4,1.0,170,0.7058823529411764,Design/Digital Marketing/Cybersecurity/Data Science,Beginner,3.5125,119.22749999999999,0.5,55,0.5,0.25,0.25,0.0,0.0,0.25,0.25,0.25,0.25,0.0,0.0,0.0,0.0,0.0,0.0,30,Male,2,Power Learners,1.8346447109073278,-0.08165002853573887
U02888,1,1,1.0,0,1.0,Data Science,Advanced,2.57,117.68,1.0,101,0.0,0.0,1.0,0.0,0.0,0.0,1.0,0.0,0.0,0.0,0.0,0.0,0.0,0.0,0.0,20,Male,1,Advanced Single-Shot Learners,-0.43532521607932695,1.6678223756342092
U02889,1,1,1.0,0,1.0,Business,Intermediate,2.69,326.02,1.0,209,0.0,1.0,0.0,0.0,1.0,0.0,0.0,0.0,0.0,0.0,0.0,0.0,0.0,0.0,0.0,28,Female,1,Advanced Single-Shot Learners,-0.6210867656217158,2.2804547227795244
U02890,2,2,1.0,260,0.23076923076923078,Digital Marketing/Cybersecurity,Intermediate,4.295,0.0,0.0,18,0.0,1.0,0.0,0.0,0.0,0.5,0.0,0.0,0.5,0.0,0.0,0.0,0.0,0.0,0.0,18,Male,3,Intermediate Value Seekers,0.19653021094074988,-2.0093032566674722
U02891,3,2,1.5,203,0.4433497536945813,Data Science,Beginner,2.7566666666666664,234.1,1.0,125,0.6666666666666666,0.0,0.3333333333333333,0.0,0.3333333333333333,0.0,0.6666666666666666,0.0,0.0,0.0,0.0,0.0,0.0,0.0,0.0,27,Female,2,Power Learners,1.4289004677799626,1.8461920193088714
U02892,1,1,1.0,0,1.0,Programming,Beginner,4.74,472.28,1.0,114,1.0,0.0,0.0,0.0,0.0,0.0,0.0,0.0,0.0,0.0,0.0,0.0,1.0,0.0,0.0,26,Female,4,Beginner Explorers,-0.24009323088232132,2.475724849783071
U02893,1,1,1.0,0,1.0,Programming,Beginner,2.88,0.0,0.0,208,1.0,0.0,0.0,0.0,0.0,0.0,0.0,0.0,0.0,0.0,0.0,0.0,1.0,0.0,0.0,22,Male,4,Beginner Explorers,-1.717504387529755,0.2987960367128667
U02894,1,1,1.0,0,1.0,Marketing,Advanced,2.01,0.0,0.0,111,0.0,0.0,1.0,0.0,0.0,0.0,0.0,0.0,0.0,0.0,0.0,1.0,0.0,0.0,0.0,15,Female,1,Advanced Single-Shot Learners,-1.5589209460712306,-2.0875558317751626
U02895,2,2,1.0,179,0.33519553072625696,Artificial Intelligence/Finance,Beginner,3.055,26.93,0.5,28,1.0,0.0,0.0,0.5,0.0,0.0,0.0,0.0,0.0,0.5,0.0,0.0,0.0,0.0,0.0,21,Female,0,Premium Explorers,1.153700938800008,1.2096889798851287
U02896,1,1,1.0,0,1.0,Data Science,Intermediate,3.6,0.0,0.0,268,0.0,1.0,0.0,0.0,0.0,0.0,1.0,0.0,0.0,0.0,0.0,0.0,0.0,0.0,0.0,30,Male,3,Intermediate Value Seekers,-2.1272411848765533,-0.5268076452057388
U02897,1,1,1.0,0,1.0,Data Science,Beginner,3.74,299.57,1.0,191,1.0,0.0,0.0,0.0,0.0,0.0,1.0,0.0,0.0,0.0,0.0,0.0,0.0,0.0,0.0,27,Male,4,Beginner Explorers,-0.5792703470213448,2.6853186236184383
U02898,4,3,1.3333333333333333,279,0.4301075268817204,Design,Advanced,3.975,154.94,0.75,4,0.0,0.25,0.75,0.0,0.0,0.0,0.0,0.5,0.0,0.0,0.25,0.0,0.0,0.25,0.0,22,Female,2,Power Learners,1.9645978386285883,-0.2217332748371117
U02899,13,8,1.625,312,1.25,Programming,Beginner,3.2446153846153853,25.23,0.07692307692307693,26,0.6153846153846154,0.23076923076923078,0.15384615384615385,0.0,0.0,0.0,0.07692307692307693,0.15384615384615385,0.07692307692307693,0.15384615384615385,0.0,0.07692307692307693,0.23076923076923078,0.15384615384615385,0.07692307692307693,28,Female,2,Power Learners,3.132545758639784,-1.1315361699045194
U02900,1,1,1.0,0,1.0,Cybersecurity,Intermediate,1.35,394.26,1.0,34,0.0,1.0,0.0,0.0,0.0,1.0,0.0,0.0,0.0,0.0,0.0,0.0,0.0,0.0,0.0,35,Male,3,Intermediate Value Seekers,-0.27669788889115937,1.1070985000595728
U02901,1,1,1.0,0,1.0,Cybersecurity,Advanced,2.38,0.0,0.0,168,0.0,0.0,1.0,0.0,0.0,1.0,0.0,0.0,0.0,0.0,0.0,0.0,0.0,0.0,0.0,30,Male,1,Advanced Single-Shot Learners,-1.8398116447851984,-1.3002823262695165
U02902,2,2,1.0,93,0.6451612903225806,Web Development/Cybersecurity,Beginner/Advanced,2.29,0.0,0.0,80,0.5,0.0,0.5,0.0,0.0,0.5,0.0,0.0,0.0,0.0,0.0,0.0,0.0,0.0,0.5,27,Male,1,Advanced Single-Shot Learners,0.03783888688701458,-1.161533215835528
U02903,1,1,1.0,0,1.0,Business,Advanced,3.64,487.92,1.0,342,0.0,0.0,1.0,0.0,1.0,0.0,0.0,0.0,0.0,0.0,0.0,0.0,0.0,0.0,0.0,27,Male,1,Advanced Single-Shot Learners,-0.9752778900918235,2.460817185742304
U02904,1,1,1.0,0,1.0,Project Management,Advanced,1.23,346.71,1.0,100,0.0,0.0,1.0,0.0,0.0,0.0,0.0,0.0,0.0,0.0,0.0,0.0,0.0,1.0,0.0,18,Male,1,Advanced Single-Shot Learners,-0.14786816686754586,2.6563024464014524
U02905,2,2,1.0,78,0.7692307692307692,Marketing/Finance,Intermediate/Advanced,2.38,59.52,0.5,212,0.0,0.5,0.5,0.0,0.0,0.0,0.0,0.0,0.0,0.5,0.0,0.5,0.0,0.0,0.0,27,Female,1,Advanced Single-Shot Learners,0.226871405224265,-0.47462289876675
U02906,3,2,1.5,273,0.32967032967032966,Finance,Beginner,3.8766666666666665,197.10666666666665,0.6666666666666666,23,0.6666666666666666,0.3333333333333333,0.0,0.0,0.0,0.0,0.0,0.0,0.0,0.6666666666666666,0.0,0.0,0.3333333333333333,0.0,0.0,24,Male,2,Power Learners,1.5147248834910034,0.6827948129299635
U02907,2,2,1.0,103,0.5825242718446603,Artificial Intelligence/Web Development,Intermediate/Advanced,2.8899999999999997,207.755,0.5,123,0.0,0.5,0.5,0.5,0.0,0.0,0.0,0.0,0.0,0.0,0.0,0.0,0.0,0.0,0.5,17,Female,0,Premium Explorers,0.9917804941141274,1.02074929268191
U02908,1,1,1.0,0,1.0,Programming,Beginner,2.88,0.0,0.0,277,1.0,0.0,0.0,0.0,0.0,0.0,0.0,0.0,0.0,0.0,0.0,0.0,1.0,0.0,0.0,34,Male,4,Beginner Explorers,-1.9631432639779223,0.37448202713414225
U02909,14,9,1.5555555555555556,304,1.381578947368421,Artificial Intelligence/Digital Marketing/Machine Learning/Finance/Business,Beginner/Intermediate,3.4785714285714286,86.09928571428573,0.2857142857142857,40,0.42857142857142855,0.42857142857142855,0.14285714285714285,0.14285714285714285,0.14285714285714285,0.07142857142857142,0.07142857142857142,0.0,0.14285714285714285,0.14285714285714285,0.14285714285714285,0.07142857142857142,0.0,0.0,0.07142857142857142,19,Female,2,Power Learners,3.4910842945851344,-0.7545371359913291
U02910,1,1,1.0,0,1.0,Business,Advanced,2.0,0.0,0.0,187,0.0,0.0,1.0,0.0,1.0,0.0,0.0,0.0,0.0,0.0,0.0,0.0,0.0,0.0,0.0,35,Female,1,Advanced Single-Shot Learners,-1.6080255108304369,-0.1384632324174237
U02911,1,1,1.0,0,1.0,Artificial Intelligence,Beginner,4.55,490.9,1.0,1,1.0,0.0,0.0,1.0,0.0,0.0,0.0,0.0,0.0,0.0,0.0,0.0,0.0,0.0,0.0,34,Female,0,Premium Explorers,0.4435685405804728,3.4993347706965383
U02912,2,2,1.0,116,0.5172413793103449,Digital Marketing/Web Development,Advanced,2.91,106.195,0.5,58,0.0,0.0,1.0,0.0,0.0,0.0,0.0,0.0,0.5,0.0,0.0,0.0,0.0,0.0,0.5,27,Male,1,Advanced Single-Shot Learners,0.9775541976514589,0.1296859382859752
U02913,1,1,1.0,0,1.0,Cybersecurity,Intermediate,1.91,0.0,0.0,306,0.0,1.0,0.0,0.0,0.0,1.0,0.0,0.0,0.0,0.0,0.0,0.0,0.0,0.0,0.0,22,Female,3,Intermediate Value Seekers,-2.3371448114770375,-1.0650273398769425
U02914,2,2,1.0,282,0.2127659574468085,Web Development/Machine Learning,Intermediate/Advanced,4.735,28.66,0.5,66,0.0,0.5,0.5,0.0,0.0,0.0,0.0,0.0,0.0,0.0,0.5,0.0,0.0,0.0,0.5,31,Female,2,Power Learners,0.7502267869705016,-0.7109422742274498
U02915,14,9,1.5555555555555556,335,1.2537313432835822,Marketing,Beginner/Intermediate,3.469285714285714,29.679285714285715,0.07142857142857142,16,0.42857142857142855,0.42857142857142855,0.14285714285714285,0.14285714285714285,0.0,0.07142857142857142,0.07142857142857142,0.0,0.07142857142857142,0.07142857142857142,0.14285714285714285,0.21428571428571427,0.14285714285714285,0.07142857142857142,0.0,33,Female,2,Power Learners,3.3113679780034886,-1.4859268513343526
U02916,15,10,1.5,301,1.495016611295681,Business/Programming/Digital Marketing/Project Management/Artificial Intelligence,Beginner,3.3833333333333333,139.5613333333333,0.4,27,0.6,0.3333333333333333,0.06666666666666667,0.13333333333333333,0.13333333333333333,0.0,0.06666666666666667,0.06666666666666667,0.13333333333333333,0.06666666666666667,0.0,0.06666666666666667,0.13333333333333333,0.13333333333333333,0.06666666666666667,20,Male,2,Power Learners,3.831151158222163,-0.16999636528200254
U02917,1,1,1.0,0,1.0,Business,Advanced,3.64,487.92,1.0,32,0.0,0.0,1.0,0.0,1.0,0.0,0.0,0.0,0.0,0.0,0.0,0.0,0.0,0.0,0.0,32,Female,1,Advanced Single-Shot Learners,0.07218493175954878,2.0067378885703335
U02918,2,2,1.0,61,0.9836065573770493,Digital Marketing/Programming,Beginner,2.8600000000000003,0.0,0.0,157,1.0,0.0,0.0,0.0,0.0,0.0,0.0,0.0,0.5,0.0,0.0,0.0,0.5,0.0,0.0,19,Female,4,Beginner Explorers,-0.11899155956758858,-0.34282986431832396
U02919,1,1,1.0,0,1.0,Finance,Advanced,1.59,0.0,0.0,226,0.0,0.0,1.0,0.0,0.0,0.0,0.0,0.0,0.0,1.0,0.0,0.0,0.0,0.0,0.0,25,Male,1,Advanced Single-Shot Learners,-1.910060761121055,-0.7249156172022665
U02920,1,1,1.0,0,1.0,Data Science,Beginner,3.65,0.0,0.0,279,1.0,0.0,0.0,0.0,0.0,0.0,1.0,0.0,0.0,0.0,0.0,0.0,0.0,0.0,0.0,17,Male,4,Beginner Explorers,-1.9958724836547879,0.3842381218007407
U02921,1,1,1.0,0,1.0,Cybersecurity,Advanced,2.38,0.0,0.0,11,0.0,0.0,1.0,0.0,0.0,1.0,0.0,0.0,0.0,0.0,0.0,0.0,0.0,0.0,0.0,16,Female,1,Advanced Single-Shot Learners,-1.2781429837693767,-1.5066136358826558
U02922,1,1,1.0,0,1.0,Programming,Intermediate,2.43,0.0,0.0,12,0.0,1.0,0.0,0.0,0.0,0.0,0.0,0.0,0.0,0.0,0.0,0.0,1.0,0.0,0.0,25,Male,3,Intermediate Value Seekers,-1.2081901173786689,-0.8090779519156791
U02923,3,2,1.5,252,0.35714285714285715,Project Management,Beginner,3.17,272.9633333333333,0.6666666666666666,39,0.6666666666666666,0.3333333333333333,0.0,0.3333333333333333,0.0,0.0,0.0,0.0,0.0,0.0,0.0,0.0,0.0,0.6666666666666666,0.0,27,Male,2,Power Learners,1.72158231659479,1.9171357203441366
U02924,1,1,1.0,0,1.0,Finance,Advanced,1.59,0.0,0.0,67,0.0,0.0,1.0,0.0,0.0,0.0,0.0,0.0,0.0,1.0,0.0,0.0,0.0,0.0,0.0,21,Female,1,Advanced Single-Shot Learners,-1.354631748285749,-0.9515737667926738
U02925,4,4,1.0,304,0.39473684210526316,Design/Data Science/Cybersecurity/Finance,Intermediate,3.0375,128.325,0.5,56,0.0,0.75,0.25,0.0,0.0,0.25,0.25,0.25,0.0,0.25,0.0,0.0,0.0,0.0,0.0,18,Female,2,Power Learners,1.8550776189958025,-0.514845266149361
U02926,1,1,1.0,0,1.0,Business,Advanced,3.15,0.0,0.0,123,0.0,0.0,1.0,0.0,1.0,0.0,0.0,0.0,0.0,0.0,0.0,0.0,0.0,0.0,0.0,24,Male,1,Advanced Single-Shot Learners,-1.431084795803801,-0.32733315589770434
U02927,15,10,1.5,326,1.3803680981595092,Business,Beginner,2.7213333333333334,124.35600000000001,0.4666666666666667,31,0.4,0.26666666666666666,0.3333333333333333,0.06666666666666667,0.2,0.0,0.13333333333333333,0.06666666666666667,0.06666666666666667,0.13333333333333333,0.06666666666666667,0.0,0.06666666666666667,0.06666666666666667,0.13333333333333333,20,Male,2,Power Learners,3.8079356115581766,-0.26005931410332195
U02928,1,1,1.0,0,1.0,Finance,Intermediate,4.1,0.0,0.0,97,0.0,1.0,0.0,0.0,0.0,0.0,0.0,0.0,0.0,1.0,0.0,0.0,0.0,0.0,0.0,26,Male,3,Intermediate Value Seekers,-1.6281928109394312,-1.2037805299685842
U02929,1,1,1.0,0,1.0,Programming,Beginner,4.74,472.28,1.0,113,1.0,0.0,0.0,0.0,0.0,0.0,0.0,0.0,0.0,0.0,0.0,0.0,1.0,0.0,0.0,16,Female,4,Beginner Explorers,-0.22384722561644663,2.491846723441263
U02930,1,1,1.0,0,1.0,Business,Beginner,1.96,285.05,1.0,197,1.0,0.0,0.0,0.0,1.0,0.0,0.0,0.0,0.0,0.0,0.0,0.0,0.0,0.0,0.0,26,Female,1,Advanced Single-Shot Learners,-0.4241586569982537,3.2030377268504
U02931,15,8,1.875,311,1.4469453376205788,Finance/Data Science,Intermediate,2.760666666666667,10.462,0.13333333333333333,29,0.3333333333333333,0.4,0.26666666666666666,0.0,0.0,0.06666666666666667,0.2,0.06666666666666667,0.06666666666666667,0.2,0.13333333333333333,0.0,0.13333333333333333,0.0,0.13333333333333333,28,Female,2,Power Learners,3.1089500832064254,-1.5200891561435919
U02932,1,1,1.0,0,1.0,Web Development,Beginner,3.32,0.0,0.0,343,1.0,0.0,0.0,0.0,0.0,0.0,0.0,0.0,0.0,0.0,0.0,0.0,0.0,0.0,1.0,17,Female,4,Beginner Explorers,-2.1345316634260274,0.355055580671095
U02933,1,1,1.0,0,1.0,Design,Advanced,4.45,0.0,0.0,187,0.0,0.0,1.0,0.0,0.0,0.0,0.0,1.0,0.0,0.0,0.0,0.0,0.0,0.0,0.0,34,Male,1,Advanced Single-Shot Learners,-1.9192661900314087,-1.58650686964125
U02934,1,1,1.0,0,1.0,Data Science,Beginner,3.74,299.57,1.0,71,1.0,0.0,0.0,0.0,0.0,0.0,1.0,0.0,0.0,0.0,0.0,0.0,0.0,0.0,0.0,29,Female,4,Beginner Explorers,-0.16167030803816118,2.5028109187172816
U02935,2,2,1.0,9,2.0,Artificial Intelligence/Business,Beginner/Intermediate,2.535,350.28,1.0,293,0.5,0.5,0.0,0.5,0.5,0.0,0.0,0.0,0.0,0.0,0.0,0.0,0.0,0.0,0.0,25,Female,0,Premium Explorers,0.5272559372505732,2.8856212317624323
U02936,2,2,1.0,234,0.25641025641025644,Design/Marketing,Intermediate/Advanced,3.665,0.0,0.0,48,0.0,0.5,0.5,0.0,0.0,0.0,0.0,0.5,0.0,0.0,0.0,0.5,0.0,0.0,0.0,35,Female,1,Advanced Single-Shot Learners,0.09328058119950046,-2.6179105886868426
U02937,13,8,1.625,312,1.25,Finance,Intermediate/Advanced,2.923076923076923,49.89076923076924,0.46153846153846156,36,0.23076923076923078,0.38461538461538464,0.38461538461538464,0.07692307692307693,0.07692307692307693,0.0,0.0,0.0,0.15384615384615385,0.23076923076923078,0.07692307692307693,0.15384615384615385,0.0,0.15384615384615385,0.07692307692307693,23,Male,2,Power Learners,3.3101797922334564,-0.714249280078654
U02938,1,1,1.0,0,1.0,Business,Advanced,2.0,0.0,0.0,1,0.0,0.0,1.0,0.0,1.0,0.0,0.0,0.0,0.0,0.0,0.0,0.0,0.0,0.0,0.0,28,Male,1,Advanced Single-Shot Learners,-0.9985218506549393,-0.3761003275130257
U02939,1,1,1.0,0,1.0,Data Science,Intermediate,3.6,0.0,0.0,118,0.0,1.0,0.0,0.0,0.0,0.0,1.0,0.0,0.0,0.0,0.0,0.0,0.0,0.0,0.0,18,Female,3,Intermediate Value Seekers,-1.5915028009740544,-0.7268320725606122
U02940,3,3,1.0,192,0.46875,Machine Learning/Project Management/Digital Marketing,Beginner,2.266666666666667,115.57,0.3333333333333333,42,0.6666666666666666,0.0,0.3333333333333333,0.0,0.0,0.0,0.0,0.0,0.3333333333333333,0.0,0.3333333333333333,0.0,0.0,0.3333333333333333,0.0,18,Female,2,Power Learners,1.5948308207527286,0.3789472797428681
U02941,12,8,1.5,319,1.1285266457680252,Web Development/Digital Marketing,Beginner,3.1641666666666666,75.625,0.4166666666666667,43,0.5,0.16666666666666666,0.3333333333333333,0.0,0.08333333333333333,0.08333333333333333,0.0,0.08333333333333333,0.25,0.08333333333333333,0.0,0.0,0.08333333333333333,0.08333333333333333,0.25,22,Male,2,Power Learners,3.2830645574474357,-0.4168953740412269
U02942,3,3,1.0,336,0.26785714285714285,Design/Machine Learning/Artificial Intelligence,Beginner/Intermediate/Advanced,3.143333333333333,138.50333333333333,0.3333333333333333,18,0.3333333333333333,0.3333333333333333,0.3333333333333333,0.3333333333333333,0.0,0.0,0.0,0.3333333333333333,0.0,0.0,0.3333333333333333,0.0,0.0,0.0,0.0,18,Male,2,Power Learners,1.7125838878668305,-0.08848451683115992
U02943,1,1,1.0,0,1.0,Marketing,Intermediate,4.11,0.0,0.0,235,0.0,1.0,0.0,0.0,0.0,0.0,0.0,0.0,0.0,0.0,0.0,1.0,0.0,0.0,0.0,19,Female,3,Intermediate Value Seekers,-2.1138140344660536,-2.1709806087651975
U02944,1,1,1.0,0,1.0,Finance,Advanced,1.59,0.0,0.0,191,0.0,0.0,1.0,0.0,0.0,0.0,0.0,0.0,0.0,1.0,0.0,0.0,0.0,0.0,0.0,23,Female,1,Advanced Single-Shot Learners,-1.7708099517280798,-0.7812731980904637
U02945,12,8,1.5,353,1.019830028328612,Web Development,Beginner,2.654166666666667,135.09666666666664,0.5833333333333334,3,0.5,0.25,0.25,0.16666666666666666,0.08333333333333333,0.0,0.08333333333333333,0.0,0.08333333333333333,0.08333333333333333,0.0,0.0,0.08333333333333333,0.16666666666666666,0.25,23,Female,2,Power Learners,3.669457326180601,0.31763336076958093
U02946,1,1,1.0,0,1.0,Marketing,Intermediate,4.72,0.0,0.0,52,0.0,1.0,0.0,0.0,0.0,0.0,0.0,0.0,0.0,0.0,0.0,1.0,0.0,0.0,0.0,18,Female,3,Intermediate Value Seekers,-1.5184736375646128,-2.494286822394148
U02947,11,9,1.2222222222222223,356,0.9269662921348314,Artificial Intelligence/Web Development,Beginner,2.8963636363636365,82.92090909090909,0.36363636363636365,7,0.45454545454545453,0.2727272727272727,0.2727272727272727,0.18181818181818182,0.09090909090909091,0.09090909090909091,0.09090909090909091,0.0,0.09090909090909091,0.09090909090909091,0.09090909090909091,0.09090909090909091,0.0,0.0,0.18181818181818182,18,Female,2,Power Learners,3.474567210032564,-0.5145062314102034
U02948,1,1,1.0,0,1.0,Data Science,Beginner,3.65,0.0,0.0,342,1.0,0.0,0.0,0.0,0.0,0.0,1.0,0.0,0.0,0.0,0.0,0.0,0.0,0.0,0.0,33,Male,4,Beginner Explorers,-2.2266628670938715,0.44450476794471167
U02949,2,2,1.0,300,0.2,Business/Data Science,Beginner/Advanced,3.6900000000000004,393.745,1.0,15,0.5,0.0,0.5,0.0,0.5,0.0,0.5,0.0,0.0,0.0,0.0,0.0,0.0,0.0,0.0,17,Female,2,Power Learners,1.6860829529838441,1.6580022986779113
U02950,4,3,1.3333333333333333,288,0.4166666666666667,Design,Advanced,3.4924999999999997,85.6525,0.25,57,0.25,0.25,0.5,0.0,0.0,0.0,0.0,0.5,0.0,0.0,0.0,0.25,0.0,0.25,0.0,35,Male,2,Power Learners,1.5229070548396182,-0.8631794198562026
U02951,1,1,1.0,0,1.0,Cybersecurity,Intermediate,3.93,0.0,0.0,33,0.0,1.0,0.0,0.0,0.0,1.0,0.0,0.0,0.0,0.0,0.0,0.0,0.0,0.0,0.0,28,Male,3,Intermediate Value Seekers,-1.508344858869756,-1.6744092994493274
U02952,2,2,1.0,154,0.3896103896103896,Design/Artificial Intelligence,Beginner,4.075,0.0,0.0,87,1.0,0.0,0.0,0.5,0.0,0.0,0.0,0.5,0.0,0.0,0.0,0.0,0.0,0.0,0.0,32,Male,4,Beginner Explorers,0.21765551893244942,-0.3703327091874666
U02953,1,1,1.0,0,1.0,Business,Beginner,1.96,285.05,1.0,136,1.0,0.0,0.0,0.0,1.0,0.0,0.0,0.0,0.0,0.0,0.0,0.0,0.0,0.0,0.0,21,Male,1,Advanced Single-Shot Learners,-0.23416865262687342,3.1371028558967
U02954,2,2,1.0,65,0.9230769230769231,Cybersecurity/Business,Advanced,3.01,243.96,0.5,129,0.0,0.0,1.0,0.0,0.5,0.5,0.0,0.0,0.0,0.0,0.0,0.0,0.0,0.0,0.0,35,Female,1,Advanced Single-Shot Learners,0.7592039132549623,0.3383165699877704
U02955,1,1,1.0,0,1.0,Web Development,Advanced,4.74,57.32,1.0,114,0.0,0.0,1.0,0.0,0.0,0.0,0.0,0.0,0.0,0.0,0.0,0.0,0.0,0.0,1.0,25,Male,1,Advanced Single-Shot Learners,-0.5919457225829008,1.1576047368625642
U02956,2,2,1.0,87,0.6896551724137931,Finance/Programming,Beginner,1.875,26.93,0.5,186,1.0,0.0,0.0,0.0,0.0,0.0,0.0,0.0,0.0,0.5,0.0,0.0,0.5,0.0,0.0,18,Male,4,Beginner Explorers,0.4089488334262919,1.0380488457838615
U02957,1,1,1.0,0,1.0,Cybersecurity,Advanced,2.38,0.0,0.0,41,0.0,0.0,1.0,0.0,0.0,1.0,0.0,0.0,0.0,0.0,0.0,0.0,0.0,0.0,0.0,31,Male,1,Advanced Single-Shot Learners,-1.417500250128735,-1.4800449200201673
U02958,12,7,1.7142857142857142,327,1.1009174311926606,Business/Cybersecurity,Beginner/Advanced,2.965833333333333,111.53416666666665,0.3333333333333333,14,0.4166666666666667,0.16666666666666666,0.4166666666666667,0.08333333333333333,0.25,0.25,0.08333333333333333,0.16666666666666666,0.0,0.08333333333333333,0.08333333333333333,0.0,0.0,0.0,0.0,33,Male,2,Power Learners,3.252924585613059,-0.622316173744368
U02959,2,2,1.0,170,0.3529411764705882,Design/Marketing,Advanced,2.85,138.185,0.5,162,0.0,0.0,1.0,0.0,0.0,0.0,0.0,0.5,0.0,0.0,0.0,0.5,0.0,0.0,0.0,29,Male,1,Advanced Single-Shot Learners,0.5653670672648876,-0.7098827981293823
U02960,1,1,1.0,0,1.0,Data Science,Beginner,3.74,299.57,1.0,280,1.0,0.0,0.0,0.0,0.0,0.0,1.0,0.0,0.0,0.0,0.0,0.0,0.0,0.0,0.0,24,Male,4,Beginner Explorers,-0.8722524413491075,2.8153230164803764
U02961,1,1,1.0,0,1.0,Data Science,Beginner,3.65,0.0,0.0,16,1.0,0.0,0.0,0.0,0.0,0.0,1.0,0.0,0.0,0.0,0.0,0.0,0.0,0.0,0.0,25,Female,4,Beginner Explorers,-1.1090490886786022,-0.009220428435077834
U02962,1,1,1.0,0,1.0,Finance,Intermediate,4.1,0.0,0.0,250,0.0,1.0,0.0,0.0,0.0,0.0,0.0,0.0,0.0,1.0,0.0,0.0,0.0,0.0,0.0,23,Male,3,Intermediate Value Seekers,-2.134643856421523,-0.9840701889663687
U02963,1,1,1.0,0,1.0,Machine Learning,Intermediate,1.73,0.0,0.0,62,0.0,1.0,0.0,0.0,0.0,0.0,0.0,0.0,0.0,0.0,1.0,0.0,0.0,0.0,0.0,18,Female,3,Intermediate Value Seekers,-1.4878599746861154,-1.4937372392668473
U02964,1,1,1.0,0,1.0,Machine Learning,Intermediate,4.73,0.0,0.0,337,0.0,1.0,0.0,0.0,0.0,0.0,0.0,0.0,0.0,0.0,1.0,0.0,0.0,0.0,0.0,33,Male,3,Intermediate Value Seekers,-2.524756056220246,-1.4609217328526487
U02965,1,1,1.0,0,1.0,Project Management,Beginner,1.51,327.99,1.0,268,1.0,0.0,0.0,0.0,0.0,0.0,0.0,0.0,0.0,0.0,0.0,0.0,0.0,1.0,0.0,16,Male,4,Beginner Explorers,-0.6477915662693687,3.7178990114398984
U02966,4,4,1.0,99,1.2121212121212122,Business/Machine Learning/Project Management/Digital Marketing,Beginner/Advanced,3.5200000000000005,0.0,0.0,135,0.5,0.0,0.5,0.0,0.25,0.0,0.0,0.0,0.25,0.0,0.25,0.0,0.0,0.25,0.0,26,Female,2,Power Learners,0.8483798568552098,-1.096040990162867
U02967,1,1,1.0,0,1.0,Marketing,Advanced,2.01,0.0,0.0,265,0.0,0.0,1.0,0.0,0.0,0.0,0.0,0.0,0.0,0.0,0.0,1.0,0.0,0.0,0.0,21,Male,1,Advanced Single-Shot Learners,-2.1002548076784215,-1.871410665202791
U02968,2,2,1.0,324,0.18518518518518517,Data Science/Digital Marketing,Beginner/Advanced,3.4450000000000003,255.98,1.0,36,0.5,0.0,0.5,0.0,0.0,0.0,0.5,0.0,0.5,0.0,0.0,0.0,0.0,0.0,0.0,34,Female,2,Power Learners,1.5050996598961577,1.3210703842161695
U02969,13,10,1.3,294,1.3265306122448979,Machine Learning/Business/Programming,Beginner,2.9207692307692312,90.59846153846154,0.38461538461538464,69,0.5384615384615384,0.07692307692307693,0.38461538461538464,0.0,0.15384615384615385,0.07692307692307693,0.07692307692307693,0.0,0.07692307692307693,0.07692307692307693,0.15384615384615385,0.07692307692307693,0.15384615384615385,0.07692307692307693,0.07692307692307693,18,Female,2,Power Learners,3.4788486851690013,-0.5081747457918815
U02970,2,2,1.0,162,0.37037037037037035,Machine Learning/Artificial Intelligence,Intermediate/Advanced,3.285,45.185,1.0,7,0.0,0.5,0.5,0.5,0.0,0.0,0.0,0.0,0.0,0.0,0.5,0.0,0.0,0.0,0.0,34,Male,0,Premium Explorers,1.2759695830141538,0.815774615948513
U02971,13,9,1.4444444444444444,332,1.1746987951807228,Artificial Intelligence,Advanced,3.0323076923076924,59.76076923076923,0.23076923076923078,26,0.23076923076923078,0.23076923076923078,0.5384615384615384,0.23076923076923078,0.15384615384615385,0.07692307692307693,0.07692307692307693,0.07692307692307693,0.07692307692307693,0.07692307692307693,0.0,0.15384615384615385,0.0,0.0,0.07692307692307693,20,Female,2,Power Learners,3.451279962181187,-0.9528512930534627
U02972,2,1,2.0,185,0.3243243243243243,Artificial Intelligence,Beginner/Intermediate,3.615,290.245,1.0,130,0.5,0.5,0.0,1.0,0.0,0.0,0.0,0.0,0.0,0.0,0.0,0.0,0.0,0.0,0.0,35,Male,0,Premium Explorers,1.022359535741709,2.835800130547256
U02973,1,1,1.0,0,1.0,Machine Learning,Beginner,1.13,0.0,0.0,108,1.0,0.0,0.0,0.0,0.0,0.0,0.0,0.0,0.0,0.0,1.0,0.0,0.0,0.0,0.0,28,Female,4,Beginner Explorers,-1.4855165640565702,-0.5008865771588497
U02974,14,9,1.5555555555555556,347,1.2103746397694524,Data Science,Beginner,3.391428571428572,86.14857142857143,0.2857142857142857,7,0.42857142857142855,0.35714285714285715,0.21428571428571427,0.14285714285714285,0.07142857142857142,0.07142857142857142,0.21428571428571427,0.14285714285714285,0.07142857142857142,0.07142857142857142,0.0,0.14285714285714285,0.0,0.07142857142857142,0.0,31,Female,2,Power Learners,3.5873411924845424,-0.8455359936775382
U02975,1,1,1.0,0,1.0,Artificial Intelligence,Beginner,3.64,0.0,0.0,277,1.0,0.0,0.0,1.0,0.0,0.0,0.0,0.0,0.0,0.0,0.0,0.0,0.0,0.0,0.0,22,Male,0,Premium Explorers,-1.6611563922801371,1.4776644072859864
U02976,16,9,1.7777777777777777,351,1.3675213675213675,Project Management/Design,Beginner/Advanced,3.145,95.42875000000001,0.3125,8,0.375,0.25,0.375,0.0,0.125,0.0625,0.0,0.1875,0.0,0.0625,0.0625,0.125,0.125,0.1875,0.0625,28,Female,2,Power Learners,3.7046653648499386,-0.9551274636165659
U02977,1,1,1.0,0,1.0,Cybersecurity,Intermediate,1.35,394.26,1.0,325,0.0,1.0,0.0,0.0,0.0,1.0,0.0,0.0,0.0,0.0,0.0,0.0,0.0,0.0,0.0,33,Male,3,Intermediate Value Seekers,-1.244732415590183,1.5184849388294723
U02978,4,4,1.0,212,0.5660377358490566,Programming/Design/Artificial Intelligence/Digital Marketing,Beginner,2.2675,62.025,0.25,84,0.75,0.0,0.25,0.25,0.0,0.0,0.0,0.25,0.25,0.0,0.0,0.0,0.25,0.0,0.0,18,Female,2,Power Learners,1.8144646083041926,0.302848980139554
U02979,1,1,1.0,0,1.0,Digital Marketing,Advanced,3.15,212.39,1.0,56,0.0,0.0,1.0,0.0,0.0,0.0,0.0,0.0,1.0,0.0,0.0,0.0,0.0,0.0,0.0,26,Male,1,Advanced Single-Shot Learners,-0.21784530945743327,1.4033817766308583
U02980,12,8,1.5,335,1.0746268656716418,Design/Finance,Beginner,2.980833333333333,67.05499999999999,0.3333333333333333,24,0.4166666666666667,0.3333333333333333,0.25,0.0,0.08333333333333333,0.0,0.08333333333333333,0.25,0.08333333333333333,0.25,0.08333333333333333,0.08333333333333333,0.0,0.08333333333333333,0.0,27,Male,2,Power Learners,3.226391962199311,-0.9131090317714836
U02981,14,9,1.5555555555555556,327,1.2844036697247705,Programming,Beginner/Advanced,2.7721428571428572,84.07142857142857,0.2857142857142857,6,0.35714285714285715,0.2857142857142857,0.35714285714285715,0.0,0.14285714285714285,0.07142857142857142,0.07142857142857142,0.07142857142857142,0.0,0.14285714285714285,0.07142857142857142,0.0,0.21428571428571427,0.07142857142857142,0.14285714285714285,23,Male,2,Power Learners,3.5774575151505315,-0.7759570990716228
U02982,1,1,1.0,0,1.0,Project Management,Beginner,4.68,0.0,0.0,243,1.0,0.0,0.0,0.0,0.0,0.0,0.0,0.0,0.0,0.0,0.0,0.0,0.0,1.0,0.0,20,Female,4,Beginner Explorers,-1.784996868039906,0.8401040896674989
U02983,1,1,1.0,0,1.0,Finance,Intermediate,4.1,0.0,0.0,266,0.0,1.0,0.0,0.0,0.0,0.0,0.0,0.0,0.0,1.0,0.0,0.0,0.0,0.0,0.0,35,Female,3,Intermediate Value Seekers,-2.183575891545377,-0.9934762831673198
U02984,14,9,1.5555555555555556,336,1.25,Project Management,Intermediate/Advanced,3.5157142857142856,112.43071428571429,0.2857142857142857,28,0.2857142857142857,0.35714285714285715,0.35714285714285715,0.07142857142857142,0.07142857142857142,0.0,0.07142857142857142,0.14285714285714285,0.0,0.07142857142857142,0.14285714285714285,0.07142857142857142,0.0,0.21428571428571427,0.14285714285714285,35,Female,2,Power Learners,3.5304519972769386,-0.8638328644688398
U02985,1,1,1.0,0,1.0,Machine Learning,Advanced,3.89,0.78,1.0,91,0.0,0.0,1.0,0.0,0.0,0.0,0.0,0.0,0.0,0.0,1.0,0.0,0.0,0.0,0.0,35,Male,1,Advanced Single-Shot Learners,-1.1498612553415206,-0.19156889263153898
U02986,2,2,1.0,133,0.45112781954887216,Project Management/Artificial Intelligence,Beginner/Intermediate,3.02,295.355,1.0,94,0.5,0.5,0.0,0.5,0.0,0.0,0.0,0.0,0.0,0.0,0.0,0.0,0.0,0.5,0.0,16,Male,0,Premium Explorers,1.393916698120634,2.5529526199918724
U02987,1,1,1.0,0,1.0,Programming,Beginner,3.85,0.0,0.0,43,1.0,0.0,0.0,0.0,0.0,0.0,0.0,0.0,0.0,0.0,0.0,0.0,1.0,0.0,0.0,26,Male,4,Beginner Explorers,-1.1982997679769658,-0.04850119861130734
U02988,1,1,1.0,0,1.0,Marketing,Intermediate,4.72,0.0,0.0,2,0.0,1.0,0.0,0.0,0.0,0.0,0.0,0.0,0.0,0.0,0.0,1.0,0.0,0.0,0.0,17,Male,3,Intermediate Value Seekers,-1.370337830334518,-2.551812895150391
U02989,11,8,1.375,329,1.0030395136778116,Project Management/Cybersecurity/Finance,Intermediate,3.4227272727272724,88.08272727272727,0.45454545454545453,1,0.36363636363636365,0.45454545454545453,0.18181818181818182,0.09090909090909091,0.0,0.18181818181818182,0.09090909090909091,0.0,0.09090909090909091,0.18181818181818182,0.0,0.09090909090909091,0.0,0.18181818181818182,0.09090909090909091,22,Male,2,Power Learners,3.343601719585821,-0.5106261169018268
U02990,2,2,1.0,220,0.27272727272727276,Programming/Finance,Beginner/Advanced,3.165,236.14,0.5,97,0.5,0.0,0.5,0.0,0.0,0.0,0.0,0.0,0.0,0.5,0.0,0.0,0.5,0.0,0.0,22,Male,2,Power Learners,1.0232655773324024,0.668035243186645
U02991,1,1,1.0,0,1.0,Programming,Beginner,1.28,0.0,0.0,65,1.0,0.0,0.0,0.0,0.0,0.0,0.0,0.0,0.0,0.0,0.0,0.0,1.0,0.0,0.0,27,Female,4,Beginner Explorers,-1.184207183943588,0.25861122046158697
U02992,12,8,1.5,346,1.0404624277456647,Business/Data Science/Programming/Cybersecurity,Intermediate,3.1683333333333334,159.48166666666665,0.4166666666666667,3,0.4166666666666667,0.5,0.08333333333333333,0.0,0.16666666666666666,0.16666666666666666,0.16666666666666666,0.0,0.0,0.08333333333333333,0.08333333333333333,0.08333333333333333,0.16666666666666666,0.08333333333333333,0.0,24,Female,2,Power Learners,3.4742846506887783,-0.514110126570789
U02993,1,1,1.0,0,1.0,Finance,Advanced,1.59,0.0,0.0,124,0.0,0.0,1.0,0.0,0.0,0.0,0.0,0.0,0.0,1.0,0.0,0.0,0.0,0.0,0.0,20,Female,1,Advanced Single-Shot Learners,-1.543461477617165,-0.8699270538204511
U02994,14,9,1.5555555555555556,324,1.2962962962962963,Business/Data Science,Beginner,2.6828571428571424,76.38857142857144,0.35714285714285715,19,0.5714285714285714,0.14285714285714285,0.2857142857142857,0.14285714285714285,0.21428571428571427,0.0,0.21428571428571427,0.07142857142857142,0.0,0.07142857142857142,0.07142857142857142,0.0,0.07142857142857142,0.07142857142857142,0.07142857142857142,31,Female,2,Power Learners,3.6519108875930746,-0.21769161975455933
U02995,1,1,1.0,0,1.0,Web Development,Advanced,1.3,37.89,1.0,132,0.0,0.0,1.0,0.0,0.0,0.0,0.0,0.0,0.0,0.0,0.0,0.0,0.0,0.0,1.0,16,Male,1,Advanced Single-Shot Learners,-0.6022505822928326,1.5107142452279296
U02996,1,1,1.0,0,1.0,Finance,Beginner,4.14,0.0,0.0,40,1.0,0.0,0.0,0.0,0.0,0.0,0.0,0.0,0.0,1.0,0.0,0.0,0.0,0.0,0.0,32,Male,4,Beginner Explorers,-1.294275556345501,-0.42021817550655277
U02997,1,1,1.0,0,1.0,Machine Learning,Advanced,1.81,0.0,0.0,125,0.0,0.0,1.0,0.0,0.0,0.0,0.0,0.0,0.0,0.0,1.0,0.0,0.0,0.0,0.0,21,Female,1,Advanced Single-Shot Learners,-1.62412370186184,-1.4054714210685182
U02998,1,1,1.0,0,1.0,Web Development,Advanced,1.3,37.89,1.0,53,0.0,0.0,1.0,0.0,0.0,0.0,0.0,0.0,0.0,0.0,0.0,0.0,0.0,0.0,1.0,33,Male,1,Advanced Single-Shot Learners,-0.3606977856486574,1.370193466025872
U02999,1,1,1.0,0,1.0,Web Development,Advanced,1.3,37.89,1.0,113,0.0,0.0,1.0,0.0,0.0,0.0,0.0,0.0,0.0,0.0,0.0,0.0,0.0,0.0,1.0,20,Male,1,Advanced Single-Shot Learners,-0.5440412085805263,1.4770733802346314
U03000,1,1,1.0,0,1.0,Cybersecurity,Intermediate,1.35,394.26,1.0,328,0.0,1.0,0.0,0.0,0.0,1.0,0.0,0.0,0.0,0.0,0.0,0.0,0.0,0.0,0.0,15,Male,3,Intermediate Value Seekers,-1.231499777448183,1.5542322575247394
